target_gene,minimum_coverage_fraction,common_denominator_n,selected_common_contexts,background_gene_id,background_gene_symbol,n_contexts,contexts,n_loss,loss_fraction,n_gain,gain_fraction,median_logFC,mean_logFC,mean_matching_distance,maximum_matching_distance,denominator_aligned
MAOB,0.5,6,KICH;KIRC;KIRP;LUAD;LUSC;PRAD,ENSG00000003056,M6PR,6,KICH;KIRC;KIRP;LUAD;LUSC;PRAD,0,0,0,0,0.21632963990276466,0.15099142179010935,0.7238548491000804,0.8193477242807011,TRUE
MAOB,0.5,6,KICH;KIRC;KIRP;LUAD;LUSC;PRAD,ENSG00000004455,AK2,6,KICH;KIRC;KIRP;LUAD;LUSC;PRAD,1,0.16666666666666666,0,0,-0.02026735540310083,-0.0826034080228479,0.565670854093019,0.7297846467083454,TRUE
MAOB,0.5,6,KICH;KIRC;KIRP;LUAD;LUSC;PRAD,ENSG00000004478,FKBP4,6,KICH;KIRC;KIRP;LUAD;LUSC;PRAD,1,0.16666666666666666,2,0.3333333333333333,0.3206050695817624,0.3908470683801478,0.7471561268319618,0.8034661889900503,TRUE
MAOB,0.5,6,KICH;KIRC;KIRP;LUAD;LUSC;PRAD,ENSG00000004487,KDM1A,6,KICH;KIRC;KIRP;LUAD;LUSC;PRAD,0,0,2,0.3333333333333333,0.18782451238701148,0.29454602323529006,0.5304668648237376,0.8386977543675088,TRUE
MAOB,0.5,6,KICH;KIRC;KIRP;LUAD;LUSC;PRAD,ENSG00000005194,CIAPIN1,6,KICH;KIRC;KIRP;LUAD;LUSC;PRAD,0,0,1,0.16666666666666666,0.2645202775529744,0.26637576325957946,0.6845526630323334,0.892469884090177,TRUE
MAOB,0.5,6,KICH;KIRC;KIRP;LUAD;LUSC;PRAD,ENSG00000014641,MDH1,6,KICH;KIRC;KIRP;LUAD;LUSC;PRAD,1,0.16666666666666666,1,0.16666666666666666,-0.17003758425729654,-0.04566324534350923,0.7132193080589722,0.8210522524069789,TRUE
MAOB,0.5,6,KICH;KIRC;KIRP;LUAD;LUSC;PRAD,ENSG00000019144,PHLDB1,6,KICH;KIRC;KIRP;LUAD;LUSC;PRAD,2,0.3333333333333333,0,0,-0.4469318357390783,-0.6867348761458333,0.7262327072981172,0.8963867432784817,TRUE
MAOB,0.5,6,KICH;KIRC;KIRP;LUAD;LUSC;PRAD,ENSG00000033627,ATP6V0A1,6,KICH;KIRC;KIRP;LUAD;LUSC;PRAD,2,0.3333333333333333,1,0.16666666666666666,-0.2038336591127955,-0.16387991406900299,0.46639949117514323,0.5252185249303624,TRUE
MAOB,0.5,6,KICH;KIRC;KIRP;LUAD;LUSC;PRAD,ENSG00000041357,PSMA4,6,KICH;KIRC;KIRP;LUAD;LUSC;PRAD,0,0,1,0.16666666666666666,0.2999434204936196,0.32691163561572995,0.8727511922439362,0.9977615198831676,TRUE
MAOB,0.5,6,KICH;KIRC;KIRP;LUAD;LUSC;PRAD,ENSG00000042445,RETSAT,6,KICH;KIRC;KIRP;LUAD;LUSC;PRAD,0,0,0,0,-0.05710481606161631,-0.08388978042127107,0.4955005418617008,0.5662068439004899,TRUE
MAOB,0.5,6,KICH;KIRC;KIRP;LUAD;LUSC;PRAD,ENSG00000042753,AP2S1,6,KICH;KIRC;KIRP;LUAD;LUSC;PRAD,0,0,1,0.16666666666666666,0.44799714775763766,0.48016597386635645,0.6689022815706591,0.8362817211918745,TRUE
MAOB,0.5,6,KICH;KIRC;KIRP;LUAD;LUSC;PRAD,ENSG00000050405,LIMA1,6,KICH;KIRC;KIRP;LUAD;LUSC;PRAD,0,0,2,0.3333333333333333,-0.1637360194772956,0.1977358649108331,0.5845672116087001,0.7896425333370292,TRUE
MAOB,0.5,6,KICH;KIRC;KIRP;LUAD;LUSC;PRAD,ENSG00000059573,ALDH18A1,6,KICH;KIRC;KIRP;LUAD;LUSC;PRAD,0,0,3,0.5,0.6182883950040594,0.7535216978364242,0.8402541392424794,0.9885368473658456,TRUE
MAOB,0.5,6,KICH;KIRC;KIRP;LUAD;LUSC;PRAD,ENSG00000064726,BTBD1,6,KICH;KIRC;KIRP;LUAD;LUSC;PRAD,0,0,1,0.16666666666666666,0.08526735740026535,0.16499472104167517,0.5511848274726638,0.7894707220485138,TRUE
MAOB,0.5,6,KICH;KIRC;KIRP;LUAD;LUSC;PRAD,ENSG00000065150,IPO5,6,KICH;KIRC;KIRP;LUAD;LUSC;PRAD,0,0,0,0,-0.12276760762301861,-0.011276824996163505,0.5863938449371391,0.6876957443226246,TRUE
MAOB,0.5,6,KICH;KIRC;KIRP;LUAD;LUSC;PRAD,ENSG00000065427,KARS1,6,KICH;KIRC;KIRP;LUAD;LUSC;PRAD,0,0,0,0,0.4009975652429151,0.3844456784538165,0.8079779635227284,0.8595855269124022,TRUE
MAOB,0.5,6,KICH;KIRC;KIRP;LUAD;LUSC;PRAD,ENSG00000066322,ELOVL1,6,KICH;KIRC;KIRP;LUAD;LUSC;PRAD,0,0,0,0,0.0022877998827778925,0.0421506160412806,0.4942056427130858,0.5823844579986651,TRUE
MAOB,0.5,6,KICH;KIRC;KIRP;LUAD;LUSC;PRAD,ENSG00000068400,GRIPAP1,6,KICH;KIRC;KIRP;LUAD;LUSC;PRAD,0,0,0,0,0.11525576470456278,0.14711654514103878,0.6197776640119865,0.8407085367308013,TRUE
MAOB,0.5,6,KICH;KIRC;KIRP;LUAD;LUSC;PRAD,ENSG00000071462,BUD23,6,KICH;KIRC;KIRP;LUAD;LUSC;PRAD,0,0,2,0.3333333333333333,0.451592104929311,0.40323013427159843,0.6965713010666705,0.9045131753215254,TRUE
MAOB,0.5,6,KICH;KIRC;KIRP;LUAD;LUSC;PRAD,ENSG00000071894,CPSF1,6,KICH;KIRC;KIRP;LUAD;LUSC;PRAD,0,0,3,0.5,0.5826430771459599,0.5086333414932824,0.6802626119993864,0.8641819856727864,TRUE
MAOB,0.5,6,KICH;KIRC;KIRP;LUAD;LUSC;PRAD,ENSG00000072310,SREBF1,6,KICH;KIRC;KIRP;LUAD;LUSC;PRAD,0,0,4,0.6666666666666666,0.671300710957963,0.7409853523028864,0.7332119238027938,0.8637275690802774,TRUE
MAOB,0.5,6,KICH;KIRC;KIRP;LUAD;LUSC;PRAD,ENSG00000074695,LMAN1,6,KICH;KIRC;KIRP;LUAD;LUSC;PRAD,0,0,3,0.5,0.493443707289858,0.43937892048864147,0.6461799970424522,0.8220164700424079,TRUE
MAOB,0.5,6,KICH;KIRC;KIRP;LUAD;LUSC;PRAD,ENSG00000074842,MYDGF,6,KICH;KIRC;KIRP;LUAD;LUSC;PRAD,0,0,3,0.5,0.6221227698511717,0.6537920133142601,0.7553981598942353,0.8540584124980908,TRUE
MAOB,0.5,6,KICH;KIRC;KIRP;LUAD;LUSC;PRAD,ENSG00000074964,ARHGEF10L,6,KICH;KIRC;KIRP;LUAD;LUSC;PRAD,0,0,0,0,-0.5045257690167448,-0.41136506102569154,0.7028268353342505,0.826940686102652,TRUE
MAOB,0.5,6,KICH;KIRC;KIRP;LUAD;LUSC;PRAD,ENSG00000076043,REXO2,6,KICH;KIRC;KIRP;LUAD;LUSC;PRAD,0,0,2,0.3333333333333333,0.21838986728138227,0.18735408262968428,0.7622000351785913,0.9619424984775584,TRUE
MAOB,0.5,6,KICH;KIRC;KIRP;LUAD;LUSC;PRAD,ENSG00000078618,NRDC,6,KICH;KIRC;KIRP;LUAD;LUSC;PRAD,0,0,0,0,0.41288766849971426,0.40735511397921537,0.8427809807603018,0.9404505287165642,TRUE
MAOB,0.5,6,KICH;KIRC;KIRP;LUAD;LUSC;PRAD,ENSG00000078902,TOLLIP,6,KICH;KIRC;KIRP;LUAD;LUSC;PRAD,0,0,1,0.16666666666666666,-0.1483322012760312,-0.048801778392791734,0.6083321107308469,0.7002130872804706,TRUE
MAOB,0.5,6,KICH;KIRC;KIRP;LUAD;LUSC;PRAD,ENSG00000079432,CIC,6,KICH;KIRC;KIRP;LUAD;LUSC;PRAD,0,0,1,0.16666666666666666,0.2825834631342278,0.25388338345727524,0.6879055339332295,0.8409535586855719,TRUE
MAOB,0.5,6,KICH;KIRC;KIRP;LUAD;LUSC;PRAD,ENSG00000082996,RNF13,6,KICH;KIRC;KIRP;LUAD;LUSC;PRAD,1,0.16666666666666666,0,0,0.04707766410234815,-0.08328095547266519,0.6269398344952872,0.7325177412717915,TRUE
MAOB,0.5,6,KICH;KIRC;KIRP;LUAD;LUSC;PRAD,ENSG00000084733,RAB10,6,KICH;KIRC;KIRP;LUAD;LUSC;PRAD,0,0,1,0.16666666666666666,0.2708241875188959,0.35535130884061084,0.4665806689955233,0.5954882824226424,TRUE
MAOB,0.5,6,KICH;KIRC;KIRP;LUAD;LUSC;PRAD,ENSG00000086666,ZFAND6,6,KICH;KIRC;KIRP;LUAD;LUSC;PRAD,0,0,0,0,-0.07268445572560638,-0.03770968016066627,0.8158162843245087,0.9297642949085416,TRUE
MAOB,0.5,6,KICH;KIRC;KIRP;LUAD;LUSC;PRAD,ENSG00000087087,SRRT,6,KICH;KIRC;KIRP;LUAD;LUSC;PRAD,0,0,1,0.16666666666666666,0.1099071186392964,0.25127681174412697,0.5487518281125371,0.8790640260073727,TRUE
MAOB,0.5,6,KICH;KIRC;KIRP;LUAD;LUSC;PRAD,ENSG00000089006,SNX5,6,KICH;KIRC;KIRP;LUAD;LUSC;PRAD,0,0,0,0,-0.18166092431570016,-0.1501354652667842,0.6867506232649325,0.7441264231158232,TRUE
MAOB,0.5,6,KICH;KIRC;KIRP;LUAD;LUSC;PRAD,ENSG00000090013,BLVRB,6,KICH;KIRC;KIRP;LUAD;LUSC;PRAD,0,0,1,0.16666666666666666,0.10010089752845512,0.11416551401433225,0.7750046568370421,0.8605561695368944,TRUE
MAOB,0.5,6,KICH;KIRC;KIRP;LUAD;LUSC;PRAD,ENSG00000090238,YPEL3,6,KICH;KIRC;KIRP;LUAD;LUSC;PRAD,1,0.16666666666666666,0,0,-0.1945496084366825,-0.18430843603671615,0.7776640119476022,0.926365891973989,TRUE
MAOB,0.5,6,KICH;KIRC;KIRP;LUAD;LUSC;PRAD,ENSG00000090372,STRN4,6,KICH;KIRC;KIRP;LUAD;LUSC;PRAD,0,0,0,0,0.32745141790126603,0.3478499677031055,0.6063948221924627,0.7591679076555824,TRUE
MAOB,0.5,6,KICH;KIRC;KIRP;LUAD;LUSC;PRAD,ENSG00000090581,GNPTG,6,KICH;KIRC;KIRP;LUAD;LUSC;PRAD,0,0,0,0,0.20673150645849941,0.1837434275898877,0.8289095557705135,0.9001555346333472,TRUE
MAOB,0.5,6,KICH;KIRC;KIRP;LUAD;LUSC;PRAD,ENSG00000090621,PABPC4,6,KICH;KIRC;KIRP;LUAD;LUSC;PRAD,0,0,3,0.5,0.5722398440259593,0.5692115905423544,0.736570524706584,0.8794377384172165,TRUE
MAOB,0.5,6,KICH;KIRC;KIRP;LUAD;LUSC;PRAD,ENSG00000095787,WAC,6,KICH;KIRC;KIRP;LUAD;LUSC;PRAD,0,0,0,0,0.03576623402319584,-0.0269521546163031,0.6590250480715327,0.7273216929865053,TRUE
MAOB,0.5,6,KICH;KIRC;KIRP;LUAD;LUSC;PRAD,ENSG00000097007,ABL1,6,KICH;KIRC;KIRP;LUAD;LUSC;PRAD,0,0,0,0,0.09484737587289703,0.12549212202034415,0.8580920595851189,0.9596397418613228,TRUE
MAOB,0.5,6,KICH;KIRC;KIRP;LUAD;LUSC;PRAD,ENSG00000099797,TECR,6,KICH;KIRC;KIRP;LUAD;LUSC;PRAD,0,0,1,0.16666666666666666,-0.09045945930671667,0.07143367662026114,0.7234945194832124,0.7662590135662953,TRUE
MAOB,0.5,6,KICH;KIRC;KIRP;LUAD;LUSC;PRAD,ENSG00000099814,CEP170B,6,KICH;KIRC;KIRP;LUAD;LUSC;PRAD,1,0.16666666666666666,2,0.3333333333333333,0.22229039923657656,0.21591344782132477,0.6368185535203222,0.8260707299731547,TRUE
MAOB,0.5,6,KICH;KIRC;KIRP;LUAD;LUSC;PRAD,ENSG00000099821,POLRMT,6,KICH;KIRC;KIRP;LUAD;LUSC;PRAD,0,0,1,0.16666666666666666,0.20881852843566806,0.32222039626583177,0.7228147010908228,0.8819794692024508,TRUE
MAOB,0.5,6,KICH;KIRC;KIRP;LUAD;LUSC;PRAD,ENSG00000099864,PALM,6,KICH;KIRC;KIRP;LUAD;LUSC;PRAD,5,0.8333333333333334,0,0,-1.561934809807216,-1.330896130065219,0.603218130489367,0.6456923475327497,TRUE
MAOB,0.5,6,KICH;KIRC;KIRP;LUAD;LUSC;PRAD,ENSG00000099956,SMARCB1,6,KICH;KIRC;KIRP;LUAD;LUSC;PRAD,0,0,1,0.16666666666666666,0.3370652634140945,0.41254080015987354,0.7615221935343247,0.8404890837698011,TRUE
MAOB,0.5,6,KICH;KIRC;KIRP;LUAD;LUSC;PRAD,ENSG00000100029,PES1,6,KICH;KIRC;KIRP;LUAD;LUSC;PRAD,0,0,1,0.16666666666666666,0.40173097995731566,0.4641397565492257,0.8949742129555587,1.004529173053628,TRUE
MAOB,0.5,6,KICH;KIRC;KIRP;LUAD;LUSC;PRAD,ENSG00000100225,FBXO7,6,KICH;KIRC;KIRP;LUAD;LUSC;PRAD,0,0,1,0.16666666666666666,-0.21606935057723492,-0.12773905556898524,0.5838460014780118,0.7936374786699502,TRUE
MAOB,0.5,6,KICH;KIRC;KIRP;LUAD;LUSC;PRAD,ENSG00000100241,SBF1,6,KICH;KIRC;KIRP;LUAD;LUSC;PRAD,0,0,1,0.16666666666666666,0.47002858442718043,0.5122571965177439,0.660614976395138,0.8595906458882236,TRUE
MAOB,0.5,6,KICH;KIRC;KIRP;LUAD;LUSC;PRAD,ENSG00000100401,RANGAP1,6,KICH;KIRC;KIRP;LUAD;LUSC;PRAD,0,0,1,0.16666666666666666,0.34254234226731106,0.379998786771514,0.4139818503922062,0.543666903697951,TRUE
MAOB,0.5,6,KICH;KIRC;KIRP;LUAD;LUSC;PRAD,ENSG00000100412,ACO2,6,KICH;KIRC;KIRP;LUAD;LUSC;PRAD,1,0.16666666666666666,1,0.16666666666666666,-0.08245562712735678,0.06012122180293758,0.64158929871565,0.763386911234664,TRUE
MAOB,0.5,6,KICH;KIRC;KIRP;LUAD;LUSC;PRAD,ENSG00000100567,PSMA3,6,KICH;KIRC;KIRP;LUAD;LUSC;PRAD,0,0,1,0.16666666666666666,0.21859818993695374,0.25606125341275865,0.6785277421807444,0.8113301895056808,TRUE
MAOB,0.5,6,KICH;KIRC;KIRP;LUAD;LUSC;PRAD,ENSG00000100632,ERH,6,KICH;KIRC;KIRP;LUAD;LUSC;PRAD,0,0,1,0.16666666666666666,0.31152928660363993,0.3035916865291207,0.6103568036925928,0.8478483912260556,TRUE
MAOB,0.5,6,KICH;KIRC;KIRP;LUAD;LUSC;PRAD,ENSG00000100883,SRP54,6,KICH;KIRC;KIRP;LUAD;LUSC;PRAD,0,0,1,0.16666666666666666,0.2801275410516249,0.2373457026334706,0.819165757516951,0.9882705181986888,TRUE
MAOB,0.5,6,KICH;KIRC;KIRP;LUAD;LUSC;PRAD,ENSG00000101152,DNAJC5,6,KICH;KIRC;KIRP;LUAD;LUSC;PRAD,0,0,1,0.16666666666666666,0.29567514762421254,0.3349538828754754,0.5163983541887858,0.594839393989036,TRUE
MAOB,0.5,6,KICH;KIRC;KIRP;LUAD;LUSC;PRAD,ENSG00000101310,SEC23B,6,KICH;KIRC;KIRP;LUAD;LUSC;PRAD,0,0,0,0,0.15968421750936768,0.1878808689072318,0.7000011125897486,0.7289721025330357,TRUE
MAOB,0.5,6,KICH;KIRC;KIRP;LUAD;LUSC;PRAD,ENSG00000101474,APMAP,6,KICH;KIRC;KIRP;LUAD;LUSC;PRAD,0,0,2,0.3333333333333333,0.4193979661212538,0.3986774453576098,0.45919582891022453,0.8066025589013854,TRUE
MAOB,0.5,6,KICH;KIRC;KIRP;LUAD;LUSC;PRAD,ENSG00000102038,SMARCA1,6,KICH;KIRC;KIRP;LUAD;LUSC;PRAD,2,0.3333333333333333,0,0,-0.2894912548933989,-0.3008735290186936,0.762219935276439,0.9693861266222148,TRUE
MAOB,0.5,6,KICH;KIRC;KIRP;LUAD;LUSC;PRAD,ENSG00000102054,RBBP7,6,KICH;KIRC;KIRP;LUAD;LUSC;PRAD,0,0,1,0.16666666666666666,0.2948211138367312,0.2209148861358034,0.6097033998381033,0.7545896549672192,TRUE
MAOB,0.5,6,KICH;KIRC;KIRP;LUAD;LUSC;PRAD,ENSG00000102225,CDK16,6,KICH;KIRC;KIRP;LUAD;LUSC;PRAD,0,0,3,0.5,0.41019085909906494,0.433474671550232,0.42788597561703373,0.4884994240508257,TRUE
MAOB,0.5,6,KICH;KIRC;KIRP;LUAD;LUSC;PRAD,ENSG00000102226,USP11,6,KICH;KIRC;KIRP;LUAD;LUSC;PRAD,1,0.16666666666666666,0,0,-0.34057904461142385,-0.2977957767612247,0.8881962015589958,0.9386502414654408,TRUE
MAOB,0.5,6,KICH;KIRC;KIRP;LUAD;LUSC;PRAD,ENSG00000102241,HTATSF1,6,KICH;KIRC;KIRP;LUAD;LUSC;PRAD,0,0,0,0,0.09291806755249771,0.04755746363578177,0.7061025721718004,0.8917702651647811,TRUE
MAOB,0.5,6,KICH;KIRC;KIRP;LUAD;LUSC;PRAD,ENSG00000102409,BEX4,6,KICH;KIRC;KIRP;LUAD;LUSC;PRAD,5,0.8333333333333334,0,0,-0.8448214271512551,-0.8130324784742683,0.6827099988586214,0.793835429060703,TRUE
MAOB,0.5,6,KICH;KIRC;KIRP;LUAD;LUSC;PRAD,ENSG00000103018,CYB5B,6,KICH;KIRC;KIRP;LUAD;LUSC;PRAD,0,0,0,0,0.01226242546443128,0.031748056856351875,0.6270640960963496,0.6932083027501335,TRUE
MAOB,0.5,6,KICH;KIRC;KIRP;LUAD;LUSC;PRAD,ENSG00000103197,TSC2,6,KICH;KIRC;KIRP;LUAD;LUSC;PRAD,0,0,1,0.16666666666666666,0.09091587128460887,0.13720055607044362,0.6687498501643492,0.7682119785628033,TRUE
MAOB,0.5,6,KICH;KIRC;KIRP;LUAD;LUSC;PRAD,ENSG00000104324,CPQ,6,KICH;KIRC;KIRP;LUAD;LUSC;PRAD,4,0.6666666666666666,1,0.16666666666666666,-0.6247294432144158,-0.4854238330979977,0.7042878573577716,0.7706089084816172,TRUE
MAOB,0.5,6,KICH;KIRC;KIRP;LUAD;LUSC;PRAD,ENSG00000104812,GYS1,6,KICH;KIRC;KIRP;LUAD;LUSC;PRAD,0,0,3,0.5,0.5803387392104947,0.5933426841690567,0.6882000325816793,0.8044497373288926,TRUE
MAOB,0.5,6,KICH;KIRC;KIRP;LUAD;LUSC;PRAD,ENSG00000104973,MED25,6,KICH;KIRC;KIRP;LUAD;LUSC;PRAD,0,0,0,0,0.11126582919087362,0.0946411256667766,0.5834596274367575,0.8607354877815283,TRUE
MAOB,0.5,6,KICH;KIRC;KIRP;LUAD;LUSC;PRAD,ENSG00000105063,PPP6R1,6,KICH;KIRC;KIRP;LUAD;LUSC;PRAD,0,0,1,0.16666666666666666,0.33298877994510007,0.3369176223215509,0.520840236177254,0.7016974995640533,TRUE
MAOB,0.5,6,KICH;KIRC;KIRP;LUAD;LUSC;PRAD,ENSG00000105202,FBL,6,KICH;KIRC;KIRP;LUAD;LUSC;PRAD,0,0,3,0.5,0.49006871216559666,0.5444680618027765,0.7407802015286782,0.8426910237937216,TRUE
MAOB,0.5,6,KICH;KIRC;KIRP;LUAD;LUSC;PRAD,ENSG00000105254,TBCB,6,KICH;KIRC;KIRP;LUAD;LUSC;PRAD,0,0,0,0,0.16591028169786437,0.13572907548192048,0.7879857962128176,0.9194614348589394,TRUE
MAOB,0.5,6,KICH;KIRC;KIRP;LUAD;LUSC;PRAD,ENSG00000105443,CYTH2,6,KICH;KIRC;KIRP;LUAD;LUSC;PRAD,0,0,0,0,0.1277691339929633,0.14423704398616183,0.6907105292469019,0.8188746221371397,TRUE
MAOB,0.5,6,KICH;KIRC;KIRP;LUAD;LUSC;PRAD,ENSG00000105953,OGDH,6,KICH;KIRC;KIRP;LUAD;LUSC;PRAD,0,0,1,0.16666666666666666,-0.3353218839031835,-0.059021591957005376,0.7880073067645316,0.901292419733856,TRUE
MAOB,0.5,6,KICH;KIRC;KIRP;LUAD;LUSC;PRAD,ENSG00000106105,GARS1,6,KICH;KIRC;KIRP;LUAD;LUSC;PRAD,0,0,4,0.6666666666666666,0.9270390790009618,0.806231818462203,0.7174496468992112,0.8432642141983595,TRUE
MAOB,0.5,6,KICH;KIRC;KIRP;LUAD;LUSC;PRAD,ENSG00000106367,AP1S1,6,KICH;KIRC;KIRP;LUAD;LUSC;PRAD,0,0,2,0.3333333333333333,0.3922215938776617,0.5236846295075576,0.8172315359504503,0.88475898893598,TRUE
MAOB,0.5,6,KICH;KIRC;KIRP;LUAD;LUSC;PRAD,ENSG00000106723,SPIN1,6,KICH;KIRC;KIRP;LUAD;LUSC;PRAD,0,0,0,0,-0.15980177547091906,-0.17038257000835844,0.7383803718732874,0.8127631536316928,TRUE
MAOB,0.5,6,KICH;KIRC;KIRP;LUAD;LUSC;PRAD,ENSG00000106803,SEC61B,6,KICH;KIRC;KIRP;LUAD;LUSC;PRAD,0,0,0,0,0.24967596654949753,0.28567169096921746,0.8486586178032789,0.958359970540968,TRUE
MAOB,0.5,6,KICH;KIRC;KIRP;LUAD;LUSC;PRAD,ENSG00000107745,MICU1,6,KICH;KIRC;KIRP;LUAD;LUSC;PRAD,0,0,0,0,-0.10912641394218946,-0.13520270197472523,0.4714498743612239,0.7993499397119916,TRUE
MAOB,0.5,6,KICH;KIRC;KIRP;LUAD;LUSC;PRAD,ENSG00000108100,CCNY,6,KICH;KIRC;KIRP;LUAD;LUSC;PRAD,0,0,0,0,-0.18659551088144158,-0.14314913276361105,0.8395840983728479,0.9694459027729656,TRUE
MAOB,0.5,6,KICH;KIRC;KIRP;LUAD;LUSC;PRAD,ENSG00000108424,KPNB1,6,KICH;KIRC;KIRP;LUAD;LUSC;PRAD,0,0,3,0.5,0.5013547117773287,0.47282883738004067,0.7315031115011835,0.7962459214261984,TRUE
MAOB,0.5,6,KICH;KIRC;KIRP;LUAD;LUSC;PRAD,ENSG00000108509,CAMTA2,6,KICH;KIRC;KIRP;LUAD;LUSC;PRAD,2,0.3333333333333333,0,0,-0.060344979824069445,-0.2447472697120909,0.7769536350184283,0.9981765657359696,TRUE
MAOB,0.5,6,KICH;KIRC;KIRP;LUAD;LUSC;PRAD,ENSG00000108561,C1QBP,6,KICH;KIRC;KIRP;LUAD;LUSC;PRAD,0,0,2,0.3333333333333333,0.3170331992809193,0.28676070557573363,0.5240435611383567,0.6886228924395902,TRUE
MAOB,0.5,6,KICH;KIRC;KIRP;LUAD;LUSC;PRAD,ENSG00000108799,EZH1,6,KICH;KIRC;KIRP;LUAD;LUSC;PRAD,2,0.3333333333333333,0,0,-0.45473075767868204,-0.45442146546429873,0.749816519970472,0.8535604102463382,TRUE
MAOB,0.5,6,KICH;KIRC;KIRP;LUAD;LUSC;PRAD,ENSG00000108829,LRRC59,6,KICH;KIRC;KIRP;LUAD;LUSC;PRAD,0,0,3,0.5,0.5591000631251811,0.5845831246009254,0.5702820632953569,0.6906139041668654,TRUE
MAOB,0.5,6,KICH;KIRC;KIRP;LUAD;LUSC;PRAD,ENSG00000108848,LUC7L3,6,KICH;KIRC;KIRP;LUAD;LUSC;PRAD,0,0,0,0,0.1140214027687204,0.03909309365276553,0.683269123590055,0.8723680258797043,TRUE
MAOB,0.5,6,KICH;KIRC;KIRP;LUAD;LUSC;PRAD,ENSG00000109814,UGDH,6,KICH;KIRC;KIRP;LUAD;LUSC;PRAD,0,0,3,0.5,0.4481126756290239,0.49019300282273265,0.828032066855513,0.98744105622778,TRUE
MAOB,0.5,6,KICH;KIRC;KIRP;LUAD;LUSC;PRAD,ENSG00000109919,MTCH2,6,KICH;KIRC;KIRP;LUAD;LUSC;PRAD,1,0.16666666666666666,2,0.3333333333333333,0.20857775872513934,0.18267392643254393,0.649872148294328,0.7023752955647914,TRUE
MAOB,0.5,6,KICH;KIRC;KIRP;LUAD;LUSC;PRAD,ENSG00000111269,CREBL2,6,KICH;KIRC;KIRP;LUAD;LUSC;PRAD,1,0.16666666666666666,0,0,-0.05915983516409136,-0.20783907905752172,0.4468619010435402,0.5590863679627586,TRUE
MAOB,0.5,6,KICH;KIRC;KIRP;LUAD;LUSC;PRAD,ENSG00000112695,COX7A2,6,KICH;KIRC;KIRP;LUAD;LUSC;PRAD,0,0,1,0.16666666666666666,0.17634504948643265,0.180035520938159,0.7808261442579524,0.9989237746478896,TRUE
MAOB,0.5,6,KICH;KIRC;KIRP;LUAD;LUSC;PRAD,ENSG00000112983,BRD8,6,KICH;KIRC;KIRP;LUAD;LUSC;PRAD,0,0,0,0,0.07679712512604464,0.02905229420103093,0.7534665168613506,0.9496334541844068,TRUE
MAOB,0.5,6,KICH;KIRC;KIRP;LUAD;LUSC;PRAD,ENSG00000113328,CCNG1,6,KICH;KIRC;KIRP;LUAD;LUSC;PRAD,1,0.16666666666666666,0,0,0.1543263182951282,0.0810672521782432,0.48412279537872366,0.5545177957249714,TRUE
MAOB,0.5,6,KICH;KIRC;KIRP;LUAD;LUSC;PRAD,ENSG00000113387,SUB1,6,KICH;KIRC;KIRP;LUAD;LUSC;PRAD,0,0,1,0.16666666666666666,0.015342853851721665,0.15479990281249312,0.42053220906614824,0.5145499609343634,TRUE
MAOB,0.5,6,KICH;KIRC;KIRP;LUAD;LUSC;PRAD,ENSG00000113583,C5orf15,6,KICH;KIRC;KIRP;LUAD;LUSC;PRAD,1,0.16666666666666666,1,0.16666666666666666,0.14377583155025886,0.05882201048203276,0.772484761495638,0.821893982832793,TRUE
MAOB,0.5,6,KICH;KIRC;KIRP;LUAD;LUSC;PRAD,ENSG00000113643,RARS1,6,KICH;KIRC;KIRP;LUAD;LUSC;PRAD,0,0,1,0.16666666666666666,0.45030952138362884,0.44361071499828386,0.6305656438651063,0.9345896635023808,TRUE
MAOB,0.5,6,KICH;KIRC;KIRP;LUAD;LUSC;PRAD,ENSG00000113758,DBN1,6,KICH;KIRC;KIRP;LUAD;LUSC;PRAD,1,0.16666666666666666,3,0.5,0.5589259603829739,0.4750615490437874,0.8007108080713127,0.8367283626817305,TRUE
MAOB,0.5,6,KICH;KIRC;KIRP;LUAD;LUSC;PRAD,ENSG00000114686,MRPL3,6,KICH;KIRC;KIRP;LUAD;LUSC;PRAD,0,0,3,0.5,0.4837041616435399,0.5809496967907511,0.6627622397631725,0.7943867114367236,TRUE
MAOB,0.5,6,KICH;KIRC;KIRP;LUAD;LUSC;PRAD,ENSG00000114738,MAPKAPK3,6,KICH;KIRC;KIRP;LUAD;LUSC;PRAD,2,0.3333333333333333,1,0.16666666666666666,0.15995754088602154,0.0860268629256811,0.8734562483372819,0.899854715226697,TRUE
MAOB,0.5,6,KICH;KIRC;KIRP;LUAD;LUSC;PRAD,ENSG00000114850,SSR3,6,KICH;KIRC;KIRP;LUAD;LUSC;PRAD,0,0,0,0,0.2717852751251117,0.18167952078072508,0.5806740003956585,0.7630147255668215,TRUE
MAOB,0.5,6,KICH;KIRC;KIRP;LUAD;LUSC;PRAD,ENSG00000114978,MOB1A,6,KICH;KIRC;KIRP;LUAD;LUSC;PRAD,0,0,0,0,-0.05621788369858633,-0.05337898919275217,0.4773216229003713,0.7422067521991295,TRUE
MAOB,0.5,6,KICH;KIRC;KIRP;LUAD;LUSC;PRAD,ENSG00000115233,PSMD14,6,KICH;KIRC;KIRP;LUAD;LUSC;PRAD,0,0,2,0.3333333333333333,0.3281464064068718,0.4569788348097699,0.725680358541604,0.953462794707972,TRUE
MAOB,0.5,6,KICH;KIRC;KIRP;LUAD;LUSC;PRAD,ENSG00000115484,CCT4,6,KICH;KIRC;KIRP;LUAD;LUSC;PRAD,0,0,2,0.3333333333333333,0.1776877343048843,0.3966457756051803,0.766092119769365,0.8254610907149647,TRUE
MAOB,0.5,6,KICH;KIRC;KIRP;LUAD;LUSC;PRAD,ENSG00000115685,PPP1R7,6,KICH;KIRC;KIRP;LUAD;LUSC;PRAD,0,0,0,0,-0.02391995279719111,-0.05454471270935651,0.4691486574118513,0.7618662054214552,TRUE
MAOB,0.5,6,KICH;KIRC;KIRP;LUAD;LUSC;PRAD,ENSG00000115866,DARS1,6,KICH;KIRC;KIRP;LUAD;LUSC;PRAD,0,0,4,0.6666666666666666,0.6206014943390541,0.5131902321634053,0.43939329463489213,0.5957224539553275,TRUE
MAOB,0.5,6,KICH;KIRC;KIRP;LUAD;LUSC;PRAD,ENSG00000116171,SCP2,6,KICH;KIRC;KIRP;LUAD;LUSC;PRAD,2,0.3333333333333333,0,0,-0.3181841095385083,-0.3102820305970764,0.5838492547260536,0.752631828057311,TRUE
MAOB,0.5,6,KICH;KIRC;KIRP;LUAD;LUSC;PRAD,ENSG00000116221,MRPL37,6,KICH;KIRC;KIRP;LUAD;LUSC;PRAD,0,0,3,0.5,0.49031319347580615,0.4870164838238859,0.7697383746290684,0.809015382813197,TRUE
MAOB,0.5,6,KICH;KIRC;KIRP;LUAD;LUSC;PRAD,ENSG00000116473,RAP1A,6,KICH;KIRC;KIRP;LUAD;LUSC;PRAD,2,0.3333333333333333,0,0,-0.4564403415439716,-0.4821043644380933,0.7964980827786321,0.9528318188340336,TRUE
MAOB,0.5,6,KICH;KIRC;KIRP;LUAD;LUSC;PRAD,ENSG00000116478,HDAC1,6,KICH;KIRC;KIRP;LUAD;LUSC;PRAD,1,0.16666666666666666,2,0.3333333333333333,0.06436500885450733,0.102948061989853,0.5295090528793776,0.7824594808374262,TRUE
MAOB,0.5,6,KICH;KIRC;KIRP;LUAD;LUSC;PRAD,ENSG00000116698,SMG7,6,KICH;KIRC;KIRP;LUAD;LUSC;PRAD,0,0,1,0.16666666666666666,0.4021534011719957,0.4241435740605817,0.8670912396243751,0.9521325119661646,TRUE
MAOB,0.5,6,KICH;KIRC;KIRP;LUAD;LUSC;PRAD,ENSG00000116729,WLS,6,KICH;KIRC;KIRP;LUAD;LUSC;PRAD,3,0.5,0,0,-0.5961484409442636,-0.7372794523623746,0.5520979106801046,0.599396913153418,TRUE
MAOB,0.5,6,KICH;KIRC;KIRP;LUAD;LUSC;PRAD,ENSG00000116898,MRPS15,6,KICH;KIRC;KIRP;LUAD;LUSC;PRAD,0,0,0,0,0.21152905405427314,0.21636647833224634,0.5712782459838692,0.729782471302877,TRUE
MAOB,0.5,6,KICH;KIRC;KIRP;LUAD;LUSC;PRAD,ENSG00000117305,HMGCL,6,KICH;KIRC;KIRP;LUAD;LUSC;PRAD,1,0.16666666666666666,0,0,-0.4375137540153347,-0.358218730332522,0.8600681524981096,0.9189734760558864,TRUE
MAOB,0.5,6,KICH;KIRC;KIRP;LUAD;LUSC;PRAD,ENSG00000118046,STK11,6,KICH;KIRC;KIRP;LUAD;LUSC;PRAD,0,0,1,0.16666666666666666,0.06336401130950667,0.17089161102616163,0.7240198342940521,0.961155586113058,TRUE
MAOB,0.5,6,KICH;KIRC;KIRP;LUAD;LUSC;PRAD,ENSG00000119333,DYNC2I2,6,KICH;KIRC;KIRP;LUAD;LUSC;PRAD,1,0.16666666666666666,0,0,0.05025332253860937,-0.00834343743136679,0.6973748332028782,0.9036992946997068,TRUE
MAOB,0.5,6,KICH;KIRC;KIRP;LUAD;LUSC;PRAD,ENSG00000119669,IRF2BPL,6,KICH;KIRC;KIRP;LUAD;LUSC;PRAD,2,0.3333333333333333,0,0,-0.032863202655219984,-0.3293222315289979,0.8139456790511973,0.9424984613628108,TRUE
MAOB,0.5,6,KICH;KIRC;KIRP;LUAD;LUSC;PRAD,ENSG00000119844,AFTPH,6,KICH;KIRC;KIRP;LUAD;LUSC;PRAD,1,0.16666666666666666,0,0,-0.043302933247299516,-0.0788623667018085,0.7732102198370655,0.8508675203040551,TRUE
MAOB,0.5,6,KICH;KIRC;KIRP;LUAD;LUSC;PRAD,ENSG00000120694,HSPH1,6,KICH;KIRC;KIRP;LUAD;LUSC;PRAD,1,0.16666666666666666,2,0.3333333333333333,0.2572600544959381,0.14551066270567556,0.7888683795103176,0.8868307034846616,TRUE
MAOB,0.5,6,KICH;KIRC;KIRP;LUAD;LUSC;PRAD,ENSG00000120992,LYPLA1,6,KICH;KIRC;KIRP;LUAD;LUSC;PRAD,1,0.16666666666666666,3,0.5,0.5513467970850958,0.33050986605214,0.792913281489966,0.8748247273388848,TRUE
MAOB,0.5,6,KICH;KIRC;KIRP;LUAD;LUSC;PRAD,ENSG00000121057,AKAP1,6,KICH;KIRC;KIRP;LUAD;LUSC;PRAD,0,0,1,0.16666666666666666,0.2954060620380106,0.245102032245125,0.7871472290621534,0.9833917906749888,TRUE
MAOB,0.5,6,KICH;KIRC;KIRP;LUAD;LUSC;PRAD,ENSG00000122490,SLC66A2,6,KICH;KIRC;KIRP;LUAD;LUSC;PRAD,0,0,0,0,-0.24099389744073027,-0.2247031813875009,0.765946179045322,0.9215392729647374,TRUE
MAOB,0.5,6,KICH;KIRC;KIRP;LUAD;LUSC;PRAD,ENSG00000122565,CBX3,6,KICH;KIRC;KIRP;LUAD;LUSC;PRAD,0,0,3,0.5,0.6414118643196199,0.6608544926356802,0.4607062751932406,0.5731362134396133,TRUE
MAOB,0.5,6,KICH;KIRC;KIRP;LUAD;LUSC;PRAD,ENSG00000122642,FKBP9,6,KICH;KIRC;KIRP;LUAD;LUSC;PRAD,0,0,0,0,0.2641181036563312,0.21407846027572308,0.5988763876133133,0.8026331108369708,TRUE
MAOB,0.5,6,KICH;KIRC;KIRP;LUAD;LUSC;PRAD,ENSG00000123159,GIPC1,6,KICH;KIRC;KIRP;LUAD;LUSC;PRAD,1,0.16666666666666666,0,0,0.03391869447488518,0.00885616414979127,0.5285298736432213,0.7857271903245991,TRUE
MAOB,0.5,6,KICH;KIRC;KIRP;LUAD;LUSC;PRAD,ENSG00000123933,MXD4,6,KICH;KIRC;KIRP;LUAD;LUSC;PRAD,2,0.3333333333333333,0,0,0.05131764208065154,-0.15241131851298312,0.5131387239671839,0.8116017992645376,TRUE
MAOB,0.5,6,KICH;KIRC;KIRP;LUAD;LUSC;PRAD,ENSG00000123992,DNPEP,6,KICH;KIRC;KIRP;LUAD;LUSC;PRAD,0,0,0,0,0.17144256753809017,0.1618293920446712,0.7137816892161598,0.7909803520391548,TRUE
MAOB,0.5,6,KICH;KIRC;KIRP;LUAD;LUSC;PRAD,ENSG00000124181,PLCG1,6,KICH;KIRC;KIRP;LUAD;LUSC;PRAD,0,0,0,0,0.19963295758147992,0.26420324398090844,0.8524569097130368,0.9801695167732912,TRUE
MAOB,0.5,6,KICH;KIRC;KIRP;LUAD;LUSC;PRAD,ENSG00000124207,CSE1L,6,KICH;KIRC;KIRP;LUAD;LUSC;PRAD,0,0,2,0.3333333333333333,0.06413084266818109,0.34973788588897764,0.6869997852371882,0.9648288948273008,TRUE
MAOB,0.5,6,KICH;KIRC;KIRP;LUAD;LUSC;PRAD,ENSG00000124226,RNF114,6,KICH;KIRC;KIRP;LUAD;LUSC;PRAD,0,0,0,0,-0.05378002945832959,-0.023788939549708617,0.5246844120509786,0.5805936285065221,TRUE
MAOB,0.5,6,KICH;KIRC;KIRP;LUAD;LUSC;PRAD,ENSG00000124562,SNRPC,6,KICH;KIRC;KIRP;LUAD;LUSC;PRAD,0,0,2,0.3333333333333333,0.2803291454277213,0.29426220914431717,0.8604579074636032,1.0047432226885615,TRUE
MAOB,0.5,6,KICH;KIRC;KIRP;LUAD;LUSC;PRAD,ENSG00000124702,KLHDC3,6,KICH;KIRC;KIRP;LUAD;LUSC;PRAD,1,0.16666666666666666,0,0,-0.10997590095432283,-0.1512822082201604,0.5271099670894773,0.5812871453584358,TRUE
MAOB,0.5,6,KICH;KIRC;KIRP;LUAD;LUSC;PRAD,ENSG00000124795,DEK,6,KICH;KIRC;KIRP;LUAD;LUSC;PRAD,0,0,1,0.16666666666666666,0.1472698813270622,0.17636868235828526,0.6927673981394619,0.9017807771407632,TRUE
MAOB,0.5,6,KICH;KIRC;KIRP;LUAD;LUSC;PRAD,ENSG00000125107,CNOT1,6,KICH;KIRC;KIRP;LUAD;LUSC;PRAD,0,0,0,0,0.22148259324129543,0.21183832623774537,0.6594691313669576,0.7578207680915819,TRUE
MAOB,0.5,6,KICH;KIRC;KIRP;LUAD;LUSC;PRAD,ENSG00000125166,GOT2,6,KICH;KIRC;KIRP;LUAD;LUSC;PRAD,1,0.16666666666666666,3,0.5,0.39719273552099865,0.24569860171907343,0.6471779850330129,0.7405073083039003,TRUE
MAOB,0.5,6,KICH;KIRC;KIRP;LUAD;LUSC;PRAD,ENSG00000125505,MBOAT7,6,KICH;KIRC;KIRP;LUAD;LUSC;PRAD,0,0,2,0.3333333333333333,0.48872233283917543,0.35667219643246395,0.7616954090383754,0.8493536585284593,TRUE
MAOB,0.5,6,KICH;KIRC;KIRP;LUAD;LUSC;PRAD,ENSG00000125648,SLC25A23,6,KICH;KIRC;KIRP;LUAD;LUSC;PRAD,1,0.16666666666666666,1,0.16666666666666666,-0.2261025201929282,-0.10838419473735561,0.45044660225131744,0.7831782863316965,TRUE
MAOB,0.5,6,KICH;KIRC;KIRP;LUAD;LUSC;PRAD,ENSG00000125818,PSMF1,6,KICH;KIRC;KIRP;LUAD;LUSC;PRAD,0,0,0,0,0.2539939129880646,0.19601629123041142,0.5825199963903147,0.6606396444682499,TRUE
MAOB,0.5,6,KICH;KIRC;KIRP;LUAD;LUSC;PRAD,ENSG00000125841,NRSN2,6,KICH;KIRC;KIRP;LUAD;LUSC;PRAD,1,0.16666666666666666,0,0,0.3663718726111457,0.12651821093928636,0.7410085556907344,0.9015437365243846,TRUE
MAOB,0.5,6,KICH;KIRC;KIRP;LUAD;LUSC;PRAD,ENSG00000125977,EIF2S2,6,KICH;KIRC;KIRP;LUAD;LUSC;PRAD,0,0,1,0.16666666666666666,0.3196422597170744,0.36009416192229243,0.5942883361611615,0.7532201978953512,TRUE
MAOB,0.5,6,KICH;KIRC;KIRP;LUAD;LUSC;PRAD,ENSG00000126067,PSMB2,6,KICH;KIRC;KIRP;LUAD;LUSC;PRAD,0,0,2,0.3333333333333333,0.3974185176402504,0.3277255653847119,0.8153086879162872,0.9788820854412456,TRUE
MAOB,0.5,6,KICH;KIRC;KIRP;LUAD;LUSC;PRAD,ENSG00000126457,PRMT1,6,KICH;KIRC;KIRP;LUAD;LUSC;PRAD,0,0,1,0.16666666666666666,0.2938676233881269,0.3281644352869595,0.5186327629161369,0.6148099162548416,TRUE
MAOB,0.5,6,KICH;KIRC;KIRP;LUAD;LUSC;PRAD,ENSG00000127824,TUBA4A,6,KICH;KIRC;KIRP;LUAD;LUSC;PRAD,1,0.16666666666666666,3,0.5,0.2215263794990682,0.05798371661504912,0.5236158105370861,0.8025640215438828,TRUE
MAOB,0.5,6,KICH;KIRC;KIRP;LUAD;LUSC;PRAD,ENSG00000128185,DGCR6L,6,KICH;KIRC;KIRP;LUAD;LUSC;PRAD,0,0,0,0,-0.0244487769162704,-0.015612398065063838,0.6068042928670112,0.775754478710563,TRUE
MAOB,0.5,6,KICH;KIRC;KIRP;LUAD;LUSC;PRAD,ENSG00000128309,MPST,6,KICH;KIRC;KIRP;LUAD;LUSC;PRAD,1,0.16666666666666666,0,0,-0.0733518616331458,-0.051287518410947974,0.5218015140075376,0.7258355755848042,TRUE
MAOB,0.5,6,KICH;KIRC;KIRP;LUAD;LUSC;PRAD,ENSG00000128590,DNAJB9,6,KICH;KIRC;KIRP;LUAD;LUSC;PRAD,1,0.16666666666666666,1,0.16666666666666666,0.15297159619662157,0.14716577169864278,0.8066924371022283,0.8855250061158755,TRUE
MAOB,0.5,6,KICH;KIRC;KIRP;LUAD;LUSC;PRAD,ENSG00000128928,IVD,6,KICH;KIRC;KIRP;LUAD;LUSC;PRAD,4,0.6666666666666666,1,0.16666666666666666,-0.6177823195238221,-0.2695367323487269,0.62694140739405,0.839998314890474,TRUE
MAOB,0.5,6,KICH;KIRC;KIRP;LUAD;LUSC;PRAD,ENSG00000129083,COPB1,6,KICH;KIRC;KIRP;LUAD;LUSC;PRAD,0,0,0,0,0.2902846387448193,0.2804689579438836,0.5367672772539577,0.6561436541648946,TRUE
MAOB,0.5,6,KICH;KIRC;KIRP;LUAD;LUSC;PRAD,ENSG00000129187,DCTD,6,KICH;KIRC;KIRP;LUAD;LUSC;PRAD,0,0,0,0,0.19987741464573316,0.1595187565685079,0.8858006831073513,0.9460913928927106,TRUE
MAOB,0.5,6,KICH;KIRC;KIRP;LUAD;LUSC;PRAD,ENSG00000129515,SNX6,6,KICH;KIRC;KIRP;LUAD;LUSC;PRAD,0,0,0,0,0.08211333826211356,0.12699550565762305,0.7108095662507067,0.8924423501795835,TRUE
MAOB,0.5,6,KICH;KIRC;KIRP;LUAD;LUSC;PRAD,ENSG00000129925,PGAP6,6,KICH;KIRC;KIRP;LUAD;LUSC;PRAD,1,0.16666666666666666,2,0.3333333333333333,0.46112391212146453,0.3818841429205839,0.8013542964994582,0.8879045374618152,TRUE
MAOB,0.5,6,KICH;KIRC;KIRP;LUAD;LUSC;PRAD,ENSG00000130340,SNX9,6,KICH;KIRC;KIRP;LUAD;LUSC;PRAD,0,0,1,0.16666666666666666,-0.10052025015492391,0.10397282008517478,0.9068103003076744,0.9912013011319092,TRUE
MAOB,0.5,6,KICH;KIRC;KIRP;LUAD;LUSC;PRAD,ENSG00000130520,LSM4,6,KICH;KIRC;KIRP;LUAD;LUSC;PRAD,0,0,1,0.16666666666666666,0.36283356629349506,0.3431804915042319,0.8464738168505765,0.9446196368971947,TRUE
MAOB,0.5,6,KICH;KIRC;KIRP;LUAD;LUSC;PRAD,ENSG00000130560,UBAC1,6,KICH;KIRC;KIRP;LUAD;LUSC;PRAD,0,0,2,0.3333333333333333,-0.0038383604424642517,0.18641750139036578,0.7327453874999317,0.9857224408429632,TRUE
MAOB,0.5,6,KICH;KIRC;KIRP;LUAD;LUSC;PRAD,ENSG00000130733,YIPF2,6,KICH;KIRC;KIRP;LUAD;LUSC;PRAD,0,0,1,0.16666666666666666,0.35469442680247865,0.36426350879278474,0.7086630256769881,0.927559391536208,TRUE
MAOB,0.5,6,KICH;KIRC;KIRP;LUAD;LUSC;PRAD,ENSG00000130741,EIF2S3,6,KICH;KIRC;KIRP;LUAD;LUSC;PRAD,0,0,2,0.3333333333333333,0.4082843294864764,0.3601369841119459,0.5691254301557175,0.8135466217155088,TRUE
MAOB,0.5,6,KICH;KIRC;KIRP;LUAD;LUSC;PRAD,ENSG00000131016,AKAP12,6,KICH;KIRC;KIRP;LUAD;LUSC;PRAD,4,0.6666666666666666,0,0,-0.9703636607809674,-1.2683974234625253,0.6385705176808125,0.810936215863331,TRUE
MAOB,0.5,6,KICH;KIRC;KIRP;LUAD;LUSC;PRAD,ENSG00000131473,ACLY,6,KICH;KIRC;KIRP;LUAD;LUSC;PRAD,1,0.16666666666666666,2,0.3333333333333333,0.53318384757575,0.5813422398405937,0.4912509365206035,0.6255673207168394,TRUE
MAOB,0.5,6,KICH;KIRC;KIRP;LUAD;LUSC;PRAD,ENSG00000131669,NINJ1,6,KICH;KIRC;KIRP;LUAD;LUSC;PRAD,0,0,0,0,-0.02615304952905554,-0.06400690714321788,0.683171404291127,0.8089219423736708,TRUE
MAOB,0.5,6,KICH;KIRC;KIRP;LUAD;LUSC;PRAD,ENSG00000131828,PDHA1,6,KICH;KIRC;KIRP;LUAD;LUSC;PRAD,1,0.16666666666666666,1,0.16666666666666666,0.0404230405585026,-0.0011302725785261546,0.7056776587711581,0.8160187339056671,TRUE
MAOB,0.5,6,KICH;KIRC;KIRP;LUAD;LUSC;PRAD,ENSG00000132153,DHX30,6,KICH;KIRC;KIRP;LUAD;LUSC;PRAD,0,0,0,0,0.03995933096150036,0.010092856560158715,0.7645902070325804,0.8902174445546783,TRUE
MAOB,0.5,6,KICH;KIRC;KIRP;LUAD;LUSC;PRAD,ENSG00000133065,SLC41A1,6,KICH;KIRC;KIRP;LUAD;LUSC;PRAD,1,0.16666666666666666,0,0,-0.34109238457159413,-0.3302882114930118,0.8521047189189701,0.9749695222142486,TRUE
MAOB,0.5,6,KICH;KIRC;KIRP;LUAD;LUSC;PRAD,ENSG00000133275,CSNK1G2,6,KICH;KIRC;KIRP;LUAD;LUSC;PRAD,0,0,2,0.3333333333333333,0.2771786162805357,0.3788923993735764,0.5508923711060196,0.7119682396069219,TRUE
MAOB,0.5,6,KICH;KIRC;KIRP;LUAD;LUSC;PRAD,ENSG00000133935,ERG28,6,KICH;KIRC;KIRP;LUAD;LUSC;PRAD,1,0.16666666666666666,1,0.16666666666666666,-0.022496839682479404,-0.053219303030831173,0.7464150456050112,0.9722751187765282,TRUE
MAOB,0.5,6,KICH;KIRC;KIRP;LUAD;LUSC;PRAD,ENSG00000134046,MBD2,6,KICH;KIRC;KIRP;LUAD;LUSC;PRAD,0,0,0,0,2.4356348245040127e-6,0.02031633407732345,0.8735204860267806,0.9746858167106962,TRUE
MAOB,0.5,6,KICH;KIRC;KIRP;LUAD;LUSC;PRAD,ENSG00000134910,STT3A,6,KICH;KIRC;KIRP;LUAD;LUSC;PRAD,0,0,2,0.3333333333333333,0.48244871826598745,0.4985738990008653,0.755078528816144,0.9112439377439406,TRUE
MAOB,0.5,6,KICH;KIRC;KIRP;LUAD;LUSC;PRAD,ENSG00000135108,FBXO21,6,KICH;KIRC;KIRP;LUAD;LUSC;PRAD,2,0.3333333333333333,0,0,-0.1471497270828791,-0.3586993379974036,0.7781385474216937,0.8224242554351442,TRUE
MAOB,0.5,6,KICH;KIRC;KIRP;LUAD;LUSC;PRAD,ENSG00000135503,ACVR1B,6,KICH;KIRC;KIRP;LUAD;LUSC;PRAD,1,0.16666666666666666,0,0,-0.01756310864833555,-0.05363530407474073,0.7614974634381263,0.8196107155690567,TRUE
MAOB,0.5,6,KICH;KIRC;KIRP;LUAD;LUSC;PRAD,ENSG00000135720,DYNC1LI2,6,KICH;KIRC;KIRP;LUAD;LUSC;PRAD,0,0,0,0,-0.12426111844139966,-0.15024106069693738,0.6771366381464641,0.9260947269406996,TRUE
MAOB,0.5,6,KICH;KIRC;KIRP;LUAD;LUSC;PRAD,ENSG00000135924,DNAJB2,6,KICH;KIRC;KIRP;LUAD;LUSC;PRAD,0,0,0,0,-0.18192561737830149,-0.1759236575503457,0.7426606393901655,0.8147953337141295,TRUE
MAOB,0.5,6,KICH;KIRC;KIRP;LUAD;LUSC;PRAD,ENSG00000136295,TTYH3,6,KICH;KIRC;KIRP;LUAD;LUSC;PRAD,0,0,5,0.8333333333333334,1.2764178541837996,1.152410431830722,0.7677286156812069,0.8470655468418927,TRUE
MAOB,0.5,6,KICH;KIRC;KIRP;LUAD;LUSC;PRAD,ENSG00000136628,EPRS1,6,KICH;KIRC;KIRP;LUAD;LUSC;PRAD,0,0,2,0.3333333333333333,0.26474467450258143,0.43314743817835477,0.7299186142105663,0.8897206329403373,TRUE
MAOB,0.5,6,KICH;KIRC;KIRP;LUAD;LUSC;PRAD,ENSG00000136813,ECPAS,6,KICH;KIRC;KIRP;LUAD;LUSC;PRAD,0,0,0,0,0.15519034884472688,0.12807653225065094,0.6151873816428257,0.792925940208534,TRUE
MAOB,0.5,6,KICH;KIRC;KIRP;LUAD;LUSC;PRAD,ENSG00000136848,DAB2IP,6,KICH;KIRC;KIRP;LUAD;LUSC;PRAD,3,0.5,1,0.16666666666666666,-0.6322392294197803,-0.34717449123868366,0.7099947498877089,0.8635014003675678,TRUE
MAOB,0.5,6,KICH;KIRC;KIRP;LUAD;LUSC;PRAD,ENSG00000137106,GRHPR,6,KICH;KIRC;KIRP;LUAD;LUSC;PRAD,3,0.5,0,0,-0.2905359107904331,-0.3189862406610923,0.7506545220577892,0.8181919862047317,TRUE
MAOB,0.5,6,KICH;KIRC;KIRP;LUAD;LUSC;PRAD,ENSG00000137161,CNPY3,6,KICH;KIRC;KIRP;LUAD;LUSC;PRAD,1,0.16666666666666666,2,0.3333333333333333,0.21981170576259723,0.2856071965814876,0.7827004572194053,0.8432182892649078,TRUE
MAOB,0.5,6,KICH;KIRC;KIRP;LUAD;LUSC;PRAD,ENSG00000138029,HADHB,6,KICH;KIRC;KIRP;LUAD;LUSC;PRAD,0,0,0,0,0.022009730828939922,-0.1344845069501969,0.621248600315778,0.8553480032239649,TRUE
MAOB,0.5,6,KICH;KIRC;KIRP;LUAD;LUSC;PRAD,ENSG00000138078,PREPL,6,KICH;KIRC;KIRP;LUAD;LUSC;PRAD,1,0.16666666666666666,0,0,-0.31746008459721164,-0.39374960796208214,0.7891681661695478,0.8292071560445228,TRUE
MAOB,0.5,6,KICH;KIRC;KIRP;LUAD;LUSC;PRAD,ENSG00000138095,LRPPRC,6,KICH;KIRC;KIRP;LUAD;LUSC;PRAD,0,0,2,0.3333333333333333,0.24575464137920505,0.2568188620660921,0.6871412348849668,0.7577949496056885,TRUE
MAOB,0.5,6,KICH;KIRC;KIRP;LUAD;LUSC;PRAD,ENSG00000138363,ATIC,6,KICH;KIRC;KIRP;LUAD;LUSC;PRAD,0,0,3,0.5,0.4526608302031596,0.46155682370884443,0.5672665070273047,0.7560063985953337,TRUE
MAOB,0.5,6,KICH;KIRC;KIRP;LUAD;LUSC;PRAD,ENSG00000138385,SSB,6,KICH;KIRC;KIRP;LUAD;LUSC;PRAD,1,0.16666666666666666,1,0.16666666666666666,-0.02092389631718045,0.04845837597292307,0.7026302027359793,0.956628900851158,TRUE
MAOB,0.5,6,KICH;KIRC;KIRP;LUAD;LUSC;PRAD,ENSG00000138448,ITGAV,6,KICH;KIRC;KIRP;LUAD;LUSC;PRAD,0,0,2,0.3333333333333333,0.04212287873282108,0.20730842221904025,0.755098239645174,0.8149442135304392,TRUE
MAOB,0.5,6,KICH;KIRC;KIRP;LUAD;LUSC;PRAD,ENSG00000138768,USO1,6,KICH;KIRC;KIRP;LUAD;LUSC;PRAD,0,0,1,0.16666666666666666,0.2140306684083193,0.2784028230349616,0.4766144128734198,0.6740586984382959,TRUE
MAOB,0.5,6,KICH;KIRC;KIRP;LUAD;LUSC;PRAD,ENSG00000139433,GLTP,6,KICH;KIRC;KIRP;LUAD;LUSC;PRAD,2,0.3333333333333333,2,0.3333333333333333,-0.19844025438672275,-0.04970395542212141,0.7727807309456827,0.8420233385489793,TRUE
MAOB,0.5,6,KICH;KIRC;KIRP;LUAD;LUSC;PRAD,ENSG00000139684,ESD,6,KICH;KIRC;KIRP;LUAD;LUSC;PRAD,0,0,0,0,-0.3127285298720561,-0.20004408718628214,0.7218320084255908,0.7711116561872166,TRUE
MAOB,0.5,6,KICH;KIRC;KIRP;LUAD;LUSC;PRAD,ENSG00000140350,ANP32A,6,KICH;KIRC;KIRP;LUAD;LUSC;PRAD,0,0,0,0,0.10128915151071667,0.15699681424512277,0.6433440367100194,0.7582603287583569,TRUE
MAOB,0.5,6,KICH;KIRC;KIRP;LUAD;LUSC;PRAD,ENSG00000140374,ETFA,6,KICH;KIRC;KIRP;LUAD;LUSC;PRAD,0,0,0,0,0.2785466142234042,0.09790665517689728,0.7272717098977143,0.7982320895889061,TRUE
MAOB,0.5,6,KICH;KIRC;KIRP;LUAD;LUSC;PRAD,ENSG00000140474,ULK3,6,KICH;KIRC;KIRP;LUAD;LUSC;PRAD,0,0,2,0.3333333333333333,0.39912448666282396,0.3422597082540234,0.6887524464673057,0.9093954391416584,TRUE
MAOB,0.5,6,KICH;KIRC;KIRP;LUAD;LUSC;PRAD,ENSG00000140941,MAP1LC3B,6,KICH;KIRC;KIRP;LUAD;LUSC;PRAD,1,0.16666666666666666,1,0.16666666666666666,-0.0852625080807837,-0.0484678258765755,0.6828606592642819,0.8027288809437384,TRUE
MAOB,0.5,6,KICH;KIRC;KIRP;LUAD;LUSC;PRAD,ENSG00000140995,DEF8,6,KICH;KIRC;KIRP;LUAD;LUSC;PRAD,0,0,1,0.16666666666666666,-0.14574159525148545,0.0603495369410686,0.7144904745686658,0.876848762793933,TRUE
MAOB,0.5,6,KICH;KIRC;KIRP;LUAD;LUSC;PRAD,ENSG00000141644,MBD1,6,KICH;KIRC;KIRP;LUAD;LUSC;PRAD,0,0,0,0,0.07859499478378468,0.10484984418484115,0.7517181252278143,0.9360805678169184,TRUE
MAOB,0.5,6,KICH;KIRC;KIRP;LUAD;LUSC;PRAD,ENSG00000141985,SH3GL1,6,KICH;KIRC;KIRP;LUAD;LUSC;PRAD,0,0,3,0.5,0.6047574662312041,0.5013655430156806,0.77991068508306,0.9953424968500882,TRUE
MAOB,0.5,6,KICH;KIRC;KIRP;LUAD;LUSC;PRAD,ENSG00000142188,TMEM50B,6,KICH;KIRC;KIRP;LUAD;LUSC;PRAD,4,0.6666666666666666,0,0,-0.8806655240213176,-0.7612907185429835,0.7103625620877172,0.8472401143211744,TRUE
MAOB,0.5,6,KICH;KIRC;KIRP;LUAD;LUSC;PRAD,ENSG00000142546,NOSIP,6,KICH;KIRC;KIRP;LUAD;LUSC;PRAD,0,0,0,0,0.008977523825786262,0.06304081112963532,0.6552599856635568,0.9327078245283686,TRUE
MAOB,0.5,6,KICH;KIRC;KIRP;LUAD;LUSC;PRAD,ENSG00000142864,SERBP1,6,KICH;KIRC;KIRP;LUAD;LUSC;PRAD,1,0.16666666666666666,1,0.16666666666666666,0.19130452619110172,0.13052880062579555,0.5904896784256288,0.7995174219477331,TRUE
MAOB,0.5,6,KICH;KIRC;KIRP;LUAD;LUSC;PRAD,ENSG00000143158,MPC2,6,KICH;KIRC;KIRP;LUAD;LUSC;PRAD,1,0.16666666666666666,1,0.16666666666666666,-0.0017161955108617524,0.0448929108565991,0.7640654278386915,0.8386946157104774,TRUE
MAOB,0.5,6,KICH;KIRC;KIRP;LUAD;LUSC;PRAD,ENSG00000143653,SCCPDH,6,KICH;KIRC;KIRP;LUAD;LUSC;PRAD,2,0.3333333333333333,0,0,-0.149264367537093,-0.3369635453534367,0.7284377030622905,0.7880882744858657,TRUE
MAOB,0.5,6,KICH;KIRC;KIRP;LUAD;LUSC;PRAD,ENSG00000143862,ARL8A,6,KICH;KIRC;KIRP;LUAD;LUSC;PRAD,0,0,0,0,0.06949561206739055,0.050395040941278245,0.8093918518353035,0.936045576877341,TRUE
MAOB,0.5,6,KICH;KIRC;KIRP;LUAD;LUSC;PRAD,ENSG00000144567,RETREG2,6,KICH;KIRC;KIRP;LUAD;LUSC;PRAD,0,0,0,0,0.19596830372289453,0.19344016390258345,0.3677305378740816,0.5233717340970456,TRUE
MAOB,0.5,6,KICH;KIRC;KIRP;LUAD;LUSC;PRAD,ENSG00000145293,ENOPH1,6,KICH;KIRC;KIRP;LUAD;LUSC;PRAD,0,0,3,0.5,0.5060263792676842,0.42019232244738247,0.7629828437177117,1.0070620247559188,TRUE
MAOB,0.5,6,KICH;KIRC;KIRP;LUAD;LUSC;PRAD,ENSG00000146223,RPL7L1,6,KICH;KIRC;KIRP;LUAD;LUSC;PRAD,0,0,1,0.16666666666666666,0.21242167471092513,0.163141887820543,0.8487375950404648,0.9273967054605108,TRUE
MAOB,0.5,6,KICH;KIRC;KIRP;LUAD;LUSC;PRAD,ENSG00000146540,C7orf50,6,KICH;KIRC;KIRP;LUAD;LUSC;PRAD,0,0,0,0,0.08349298167272007,0.06618970330931499,0.8235301451276762,0.908342975813307,TRUE
MAOB,0.5,6,KICH;KIRC;KIRP;LUAD;LUSC;PRAD,ENSG00000146701,MDH2,6,KICH;KIRC;KIRP;LUAD;LUSC;PRAD,0,0,3,0.5,0.5415645047851234,0.5032558489667753,0.7283962104035544,0.8416537003180743,TRUE
MAOB,0.5,6,KICH;KIRC;KIRP;LUAD;LUSC;PRAD,ENSG00000146729,NIPSNAP2,6,KICH;KIRC;KIRP;LUAD;LUSC;PRAD,1,0.16666666666666666,1,0.16666666666666666,0.2777529275929429,0.16909220004115,0.3960929252817059,0.4826107581405326,TRUE
MAOB,0.5,6,KICH;KIRC;KIRP;LUAD;LUSC;PRAD,ENSG00000146731,CCT6A,6,KICH;KIRC;KIRP;LUAD;LUSC;PRAD,0,0,3,0.5,0.5345581115001132,0.6515630268476188,0.807348920044032,0.8807688374699411,TRUE
MAOB,0.5,6,KICH;KIRC;KIRP;LUAD;LUSC;PRAD,ENSG00000146834,MEPCE,6,KICH;KIRC;KIRP;LUAD;LUSC;PRAD,0,0,1,0.16666666666666666,0.04681866484298828,0.13729638414703607,0.4489760686084725,0.5351355472562073,TRUE
MAOB,0.5,6,KICH;KIRC;KIRP;LUAD;LUSC;PRAD,ENSG00000147274,RBMX,6,KICH;KIRC;KIRP;LUAD;LUSC;PRAD,0,0,0,0,0.2551342533531744,0.2669831762529571,0.6062106263929382,0.7399239072650776,TRUE
MAOB,0.5,6,KICH;KIRC;KIRP;LUAD;LUSC;PRAD,ENSG00000147684,NDUFB9,6,KICH;KIRC;KIRP;LUAD;LUSC;PRAD,1,0.16666666666666666,2,0.3333333333333333,0.3326442898804844,0.25703611013607697,0.8302878893459331,0.9293152330234936,TRUE
MAOB,0.5,6,KICH;KIRC;KIRP;LUAD;LUSC;PRAD,ENSG00000148218,ALAD,6,KICH;KIRC;KIRP;LUAD;LUSC;PRAD,5,0.8333333333333334,0,0,-0.9695652890754809,-0.9538962400253193,0.5562521755288549,0.7262727891078474,TRUE
MAOB,0.5,6,KICH;KIRC;KIRP;LUAD;LUSC;PRAD,ENSG00000148484,RSU1,6,KICH;KIRC;KIRP;LUAD;LUSC;PRAD,2,0.3333333333333333,0,0,-0.40861385939448935,-0.298225437998518,0.7851353433457778,0.9237017926989122,TRUE
MAOB,0.5,6,KICH;KIRC;KIRP;LUAD;LUSC;PRAD,ENSG00000148700,ADD3,6,KICH;KIRC;KIRP;LUAD;LUSC;PRAD,3,0.5,0,0,-0.6415743817946682,-0.6666058322462992,0.44060654627018286,0.7162693802323935,TRUE
MAOB,0.5,6,KICH;KIRC;KIRP;LUAD;LUSC;PRAD,ENSG00000149091,DGKZ,6,KICH;KIRC;KIRP;LUAD;LUSC;PRAD,0,0,3,0.5,0.4218431951886891,0.46278035145192803,0.725478538110951,0.9946504068518076,TRUE
MAOB,0.5,6,KICH;KIRC;KIRP;LUAD;LUSC;PRAD,ENSG00000149100,EIF3M,6,KICH;KIRC;KIRP;LUAD;LUSC;PRAD,0,0,0,0,0.20299803996132243,0.2343036504630338,0.7518111919589188,0.8575835181179146,TRUE
MAOB,0.5,6,KICH;KIRC;KIRP;LUAD;LUSC;PRAD,ENSG00000149187,CELF1,6,KICH;KIRC;KIRP;LUAD;LUSC;PRAD,0,0,0,0,0.22910851273002264,0.22140188289584228,0.8142030995107711,0.9289421329391896,TRUE
MAOB,0.5,6,KICH;KIRC;KIRP;LUAD;LUSC;PRAD,ENSG00000149218,ENDOD1,6,KICH;KIRC;KIRP;LUAD;LUSC;PRAD,0,0,1,0.16666666666666666,0.3048140764755002,0.4030622835979685,0.6948770756673304,0.8921290397838386,TRUE
MAOB,0.5,6,KICH;KIRC;KIRP;LUAD;LUSC;PRAD,ENSG00000149269,PAK1,6,KICH;KIRC;KIRP;LUAD;LUSC;PRAD,1,0.16666666666666666,3,0.5,0.38244536839302634,0.5192929317410939,0.8210864332626782,0.9100103601058251,TRUE
MAOB,0.5,6,KICH;KIRC;KIRP;LUAD;LUSC;PRAD,ENSG00000149428,HYOU1,6,KICH;KIRC;KIRP;LUAD;LUSC;PRAD,0,0,3,0.5,0.5597196760924411,0.5376723723625683,0.5736005003905937,0.6900415639201914,TRUE
MAOB,0.5,6,KICH;KIRC;KIRP;LUAD;LUSC;PRAD,ENSG00000150753,CCT5,6,KICH;KIRC;KIRP;LUAD;LUSC;PRAD,0,0,2,0.3333333333333333,0.405221561346242,0.6855560863046691,0.4812825024383257,0.6017184785057406,TRUE
MAOB,0.5,6,KICH;KIRC;KIRP;LUAD;LUSC;PRAD,ENSG00000151135,TMEM263,6,KICH;KIRC;KIRP;LUAD;LUSC;PRAD,0,0,2,0.3333333333333333,0.2652950526236241,0.33387079490846044,0.7852332123198569,0.9485631799456046,TRUE
MAOB,0.5,6,KICH;KIRC;KIRP;LUAD;LUSC;PRAD,ENSG00000151348,EXT2,6,KICH;KIRC;KIRP;LUAD;LUSC;PRAD,0,0,0,0,0.18006229890556852,0.23508361218957113,0.752470035111645,0.9353512019944964,TRUE
MAOB,0.5,6,KICH;KIRC;KIRP;LUAD;LUSC;PRAD,ENSG00000151491,EPS8,6,KICH;KIRC;KIRP;LUAD;LUSC;PRAD,2,0.3333333333333333,2,0.3333333333333333,0.3945264074742147,0.3402363815606222,0.6972496411354634,0.8422365113404755,TRUE
MAOB,0.5,6,KICH;KIRC;KIRP;LUAD;LUSC;PRAD,ENSG00000151929,BAG3,6,KICH;KIRC;KIRP;LUAD;LUSC;PRAD,0,0,0,0,-0.15043679709959656,-0.08759206065508526,0.603513796593947,0.6948076585736148,TRUE
MAOB,0.5,6,KICH;KIRC;KIRP;LUAD;LUSC;PRAD,ENSG00000152642,GPD1L,6,KICH;KIRC;KIRP;LUAD;LUSC;PRAD,5,0.8333333333333334,1,0.16666666666666666,-0.9303559765796748,-0.8523427941047049,0.7245120064683986,0.7801920191559062,TRUE
MAOB,0.5,6,KICH;KIRC;KIRP;LUAD;LUSC;PRAD,ENSG00000156171,DRAM2,6,KICH;KIRC;KIRP;LUAD;LUSC;PRAD,0,0,0,0,-3.600492209180281e-4,-0.024651460194237904,0.8014954288623025,1.0175660392672017,TRUE
MAOB,0.5,6,KICH;KIRC;KIRP;LUAD;LUSC;PRAD,ENSG00000156261,CCT8,6,KICH;KIRC;KIRP;LUAD;LUSC;PRAD,0,0,2,0.3333333333333333,0.3215911709530045,0.3754598229993375,0.44250598838132327,0.5912981439429523,TRUE
MAOB,0.5,6,KICH;KIRC;KIRP;LUAD;LUSC;PRAD,ENSG00000156860,FBRS,6,KICH;KIRC;KIRP;LUAD;LUSC;PRAD,0,0,2,0.3333333333333333,0.3140069468500573,0.37057143877753834,0.5751031271203825,0.7240173781345168,TRUE
MAOB,0.5,6,KICH;KIRC;KIRP;LUAD;LUSC;PRAD,ENSG00000157020,SEC13,6,KICH;KIRC;KIRP;LUAD;LUSC;PRAD,0,0,0,0,0.09229216786649769,0.14837770800864883,0.5206262353141446,0.6243194787773528,TRUE
MAOB,0.5,6,KICH;KIRC;KIRP;LUAD;LUSC;PRAD,ENSG00000157593,SLC35B2,6,KICH;KIRC;KIRP;LUAD;LUSC;PRAD,0,0,2,0.3333333333333333,0.4585648593105655,0.3322849489369843,0.5628209870751246,0.736710118798577,TRUE
MAOB,0.5,6,KICH;KIRC;KIRP;LUAD;LUSC;PRAD,ENSG00000158042,MRPL17,6,KICH;KIRC;KIRP;LUAD;LUSC;PRAD,0,0,3,0.5,0.5685091379990073,0.5301740961766467,0.8351469074596489,1.0139610445175402,TRUE
MAOB,0.5,6,KICH;KIRC;KIRP;LUAD;LUSC;PRAD,ENSG00000158669,GPAT4,6,KICH;KIRC;KIRP;LUAD;LUSC;PRAD,0,0,2,0.3333333333333333,0.3459428844116519,0.4187449493650931,0.8229935863696818,0.942327268817358,TRUE
MAOB,0.5,6,KICH;KIRC;KIRP;LUAD;LUSC;PRAD,ENSG00000158856,DMTN,6,KICH;KIRC;KIRP;LUAD;LUSC;PRAD,2,0.3333333333333333,1,0.16666666666666666,-0.3492624629296397,-0.26371519380718345,0.8610355979115222,0.9625768100648084,TRUE
MAOB,0.5,6,KICH;KIRC;KIRP;LUAD;LUSC;PRAD,ENSG00000159228,CBR1,6,KICH;KIRC;KIRP;LUAD;LUSC;PRAD,1,0.16666666666666666,1,0.16666666666666666,-0.15020145463853463,0.024586312516850464,0.8944181252316472,0.9571817074552864,TRUE
MAOB,0.5,6,KICH;KIRC;KIRP;LUAD;LUSC;PRAD,ENSG00000159348,CYB5R1,6,KICH;KIRC;KIRP;LUAD;LUSC;PRAD,0,0,0,0,-0.20019451953251743,-0.18548511490999842,0.738717803610302,0.8712736840776854,TRUE
MAOB,0.5,6,KICH;KIRC;KIRP;LUAD;LUSC;PRAD,ENSG00000160685,ZBTB7B,6,KICH;KIRC;KIRP;LUAD;LUSC;PRAD,0,0,0,0,0.3621775992325964,0.3030188654503107,0.7316947992560651,1.0046087628757587,TRUE
MAOB,0.5,6,KICH;KIRC;KIRP;LUAD;LUSC;PRAD,ENSG00000161204,ABCF3,6,KICH;KIRC;KIRP;LUAD;LUSC;PRAD,0,0,1,0.16666666666666666,0.12095152065874462,0.23783663996834584,0.7596563113927169,0.822542828908161,TRUE
MAOB,0.5,6,KICH;KIRC;KIRP;LUAD;LUSC;PRAD,ENSG00000161671,EMC10,6,KICH;KIRC;KIRP;LUAD;LUSC;PRAD,0,0,0,0,0.12091376212053803,0.07823540546312976,0.8332851096781742,0.8655789525718708,TRUE
MAOB,0.5,6,KICH;KIRC;KIRP;LUAD;LUSC;PRAD,ENSG00000162337,LRP5,6,KICH;KIRC;KIRP;LUAD;LUSC;PRAD,0,0,0,0,0.05352221731811255,0.031248795474659044,0.7324192692580003,0.7841480381436787,TRUE
MAOB,0.5,6,KICH;KIRC;KIRP;LUAD;LUSC;PRAD,ENSG00000162407,PLPP3,6,KICH;KIRC;KIRP;LUAD;LUSC;PRAD,4,0.6666666666666666,0,0,-0.9045153196489863,-0.6835153701037467,0.5597084132132084,0.8774204643849693,TRUE
MAOB,0.5,6,KICH;KIRC;KIRP;LUAD;LUSC;PRAD,ENSG00000162729,IGSF8,6,KICH;KIRC;KIRP;LUAD;LUSC;PRAD,1,0.16666666666666666,0,0,0.041345925650171644,0.02197586732763166,0.392637984283914,0.5445652077999271,TRUE
MAOB,0.5,6,KICH;KIRC;KIRP;LUAD;LUSC;PRAD,ENSG00000163001,CFAP36,6,KICH;KIRC;KIRP;LUAD;LUSC;PRAD,1,0.16666666666666666,0,0,-0.08687681994200114,-0.30643140910998895,0.7030892384138776,0.9020608670927196,TRUE
MAOB,0.5,6,KICH;KIRC;KIRP;LUAD;LUSC;PRAD,ENSG00000163069,SGCB,6,KICH;KIRC;KIRP;LUAD;LUSC;PRAD,4,0.6666666666666666,1,0.16666666666666666,-0.6701831883066818,-0.40083958330742564,0.7902792933248185,0.8813119281858208,TRUE
MAOB,0.5,6,KICH;KIRC;KIRP;LUAD;LUSC;PRAD,ENSG00000163636,PSMD6,6,KICH;KIRC;KIRP;LUAD;LUSC;PRAD,1,0.16666666666666666,0,0,0.035018955550564515,-0.09961642526442333,0.5268930264971537,0.6983407925905243,TRUE
MAOB,0.5,6,KICH;KIRC;KIRP;LUAD;LUSC;PRAD,ENSG00000163812,ZDHHC3,6,KICH;KIRC;KIRP;LUAD;LUSC;PRAD,2,0.3333333333333333,1,0.16666666666666666,-0.4154685061386786,-0.3497457746450414,0.7861538972076577,0.8841583791053911,TRUE
MAOB,0.5,6,KICH;KIRC;KIRP;LUAD;LUSC;PRAD,ENSG00000163930,BAP1,6,KICH;KIRC;KIRP;LUAD;LUSC;PRAD,0,0,1,0.16666666666666666,0.15466473257193292,0.1080355904692891,0.33209088433751677,0.41351203849779167,TRUE
MAOB,0.5,6,KICH;KIRC;KIRP;LUAD;LUSC;PRAD,ENSG00000164346,NSA2,6,KICH;KIRC;KIRP;LUAD;LUSC;PRAD,0,0,1,0.16666666666666666,0.13114732865360368,0.1573782010360335,0.8288123452124132,0.9404670160210844,TRUE
MAOB,0.5,6,KICH;KIRC;KIRP;LUAD;LUSC;PRAD,ENSG00000164880,INTS1,6,KICH;KIRC;KIRP;LUAD;LUSC;PRAD,0,0,2,0.3333333333333333,0.45205167565910565,0.46134624390296053,0.8317229410758543,0.8724251625156887,TRUE
MAOB,0.5,6,KICH;KIRC;KIRP;LUAD;LUSC;PRAD,ENSG00000165527,ARF6,6,KICH;KIRC;KIRP;LUAD;LUSC;PRAD,0,0,0,0,0.26457300010495355,0.17233361341915138,0.4596689753619142,0.7758998806990978,TRUE
MAOB,0.5,6,KICH;KIRC;KIRP;LUAD;LUSC;PRAD,ENSG00000165801,ARHGEF40,6,KICH;KIRC;KIRP;LUAD;LUSC;PRAD,3,0.5,0,0,-0.4333714941507205,-0.41808076316913545,0.7949500540815527,0.9987353983467492,TRUE
MAOB,0.5,6,KICH;KIRC;KIRP;LUAD;LUSC;PRAD,ENSG00000165802,NSMF,6,KICH;KIRC;KIRP;LUAD;LUSC;PRAD,0,0,3,0.5,0.6279972585278489,0.5292145553152563,0.6699364170653115,0.8498800355065457,TRUE
MAOB,0.5,6,KICH;KIRC;KIRP;LUAD;LUSC;PRAD,ENSG00000165943,MOAP1,6,KICH;KIRC;KIRP;LUAD;LUSC;PRAD,3,0.5,0,0,-0.5666640331575918,-0.5391303178142118,0.4338768704960798,0.6355078589399014,TRUE
MAOB,0.5,6,KICH;KIRC;KIRP;LUAD;LUSC;PRAD,ENSG00000166197,NOLC1,6,KICH;KIRC;KIRP;LUAD;LUSC;PRAD,0,0,2,0.3333333333333333,0.28357487074089804,0.2758326737596532,0.6485172741047158,0.892432471608094,TRUE
MAOB,0.5,6,KICH;KIRC;KIRP;LUAD;LUSC;PRAD,ENSG00000166226,CCT2,6,KICH;KIRC;KIRP;LUAD;LUSC;PRAD,0,0,2,0.3333333333333333,0.359943551101105,0.39199169544019014,0.3653499655046882,0.4469867278164477,TRUE
MAOB,0.5,6,KICH;KIRC;KIRP;LUAD;LUSC;PRAD,ENSG00000166313,APBB1,6,KICH;KIRC;KIRP;LUAD;LUSC;PRAD,3,0.5,0,0,-0.5939301391454697,-0.8338522515166319,0.6899578453505976,0.8547198989703971,TRUE
MAOB,0.5,6,KICH;KIRC;KIRP;LUAD;LUSC;PRAD,ENSG00000166619,BLCAP,6,KICH;KIRC;KIRP;LUAD;LUSC;PRAD,1,0.16666666666666666,2,0.3333333333333333,-0.13761626232463375,0.08093933009370452,0.8032711105309136,0.8370774205247955,TRUE
MAOB,0.5,6,KICH;KIRC;KIRP;LUAD;LUSC;PRAD,ENSG00000166848,TERF2IP,6,KICH;KIRC;KIRP;LUAD;LUSC;PRAD,0,0,0,0,-0.13384890121557141,-0.12050780529061406,0.5276523535307991,0.8126661215849716,TRUE
MAOB,0.5,6,KICH;KIRC;KIRP;LUAD;LUSC;PRAD,ENSG00000166925,TSC22D4,6,KICH;KIRC;KIRP;LUAD;LUSC;PRAD,0,0,1,0.16666666666666666,0.13071067798138847,0.18259474002997936,0.4503485030600838,0.6637121677454876,TRUE
MAOB,0.5,6,KICH;KIRC;KIRP;LUAD;LUSC;PRAD,ENSG00000166987,MBD6,6,KICH;KIRC;KIRP;LUAD;LUSC;PRAD,0,0,0,0,0.3330655730672586,0.2950227626282406,0.5519646985289224,0.8401094683164941,TRUE
MAOB,0.5,6,KICH;KIRC;KIRP;LUAD;LUSC;PRAD,ENSG00000167074,TEF,6,KICH;KIRC;KIRP;LUAD;LUSC;PRAD,4,0.6666666666666666,0,0,-0.7145143864763448,-0.7007283729858471,0.8838994553396704,0.948754653805844,TRUE
MAOB,0.5,6,KICH;KIRC;KIRP;LUAD;LUSC;PRAD,ENSG00000167110,GOLGA2,6,KICH;KIRC;KIRP;LUAD;LUSC;PRAD,0,0,1,0.16666666666666666,0.3135806252820298,0.344112758349895,0.7401818679634049,0.8208051444667388,TRUE
MAOB,0.5,6,KICH;KIRC;KIRP;LUAD;LUSC;PRAD,ENSG00000167778,SPRYD3,6,KICH;KIRC;KIRP;LUAD;LUSC;PRAD,0,0,0,0,-0.2847855633258277,-0.14750007467470655,0.8408089170181308,0.9496796298292436,TRUE
MAOB,0.5,6,KICH;KIRC;KIRP;LUAD;LUSC;PRAD,ENSG00000168439,STIP1,6,KICH;KIRC;KIRP;LUAD;LUSC;PRAD,0,0,3,0.5,0.46324735297849645,0.4852299130605929,0.6281049949375683,0.691987375808666,TRUE
MAOB,0.5,6,KICH;KIRC;KIRP;LUAD;LUSC;PRAD,ENSG00000168488,ATXN2L,6,KICH;KIRC;KIRP;LUAD;LUSC;PRAD,0,0,3,0.5,0.6382183162781326,0.7161951855449458,0.7297806020634978,0.8592520279686017,TRUE
MAOB,0.5,6,KICH;KIRC;KIRP;LUAD;LUSC;PRAD,ENSG00000168958,MFF,6,KICH;KIRC;KIRP;LUAD;LUSC;PRAD,0,0,0,0,-0.1288586678626793,0.0021242319527797647,0.42282006029622976,0.4992912793510728,TRUE
MAOB,0.5,6,KICH;KIRC;KIRP;LUAD;LUSC;PRAD,ENSG00000169439,SDC2,6,KICH;KIRC;KIRP;LUAD;LUSC;PRAD,3,0.5,1,0.16666666666666666,-0.5203562237110877,-0.30945789112816563,0.46866247322024196,0.5653679945983185,TRUE
MAOB,0.5,6,KICH;KIRC;KIRP;LUAD;LUSC;PRAD,ENSG00000170027,YWHAG,6,KICH;KIRC;KIRP;LUAD;LUSC;PRAD,0,0,3,0.5,0.5784122994372224,0.6155446006840859,0.6623485055072812,0.802582219461354,TRUE
MAOB,0.5,6,KICH;KIRC;KIRP;LUAD;LUSC;PRAD,ENSG00000170266,GLB1,6,KICH;KIRC;KIRP;LUAD;LUSC;PRAD,1,0.16666666666666666,0,0,0.1441516309389778,-0.012430052829907792,0.74368338836863,0.8678834013309017,TRUE
MAOB,0.5,6,KICH;KIRC;KIRP;LUAD;LUSC;PRAD,ENSG00000170515,PA2G4,6,KICH;KIRC;KIRP;LUAD;LUSC;PRAD,0,0,2,0.3333333333333333,0.5142666695571958,0.5740148666366158,0.5861195296074179,0.8011247871096957,TRUE
MAOB,0.5,6,KICH;KIRC;KIRP;LUAD;LUSC;PRAD,ENSG00000170540,ARL6IP1,6,KICH;KIRC;KIRP;LUAD;LUSC;PRAD,0,0,2,0.3333333333333333,0.3582658641628475,0.3476527021013945,0.5552607754384635,0.6695333877306804,TRUE
MAOB,0.5,6,KICH;KIRC;KIRP;LUAD;LUSC;PRAD,ENSG00000171490,RSL1D1,6,KICH;KIRC;KIRP;LUAD;LUSC;PRAD,0,0,2,0.3333333333333333,0.5084878047023418,0.4891309563695098,0.8223474859272341,0.9729930580788242,TRUE
MAOB,0.5,6,KICH;KIRC;KIRP;LUAD;LUSC;PRAD,ENSG00000171603,CLSTN1,6,KICH;KIRC;KIRP;LUAD;LUSC;PRAD,1,0.16666666666666666,2,0.3333333333333333,0.15884683739674116,0.24180464287774434,0.6763849999248559,0.841375928222509,TRUE
MAOB,0.5,6,KICH;KIRC;KIRP;LUAD;LUSC;PRAD,ENSG00000172380,GNG12,6,KICH;KIRC;KIRP;LUAD;LUSC;PRAD,0,0,0,0,-0.14946280718962912,-0.17342072459225225,0.49758318253515205,0.6233441855317243,TRUE
MAOB,0.5,6,KICH;KIRC;KIRP;LUAD;LUSC;PRAD,ENSG00000172493,AFF1,6,KICH;KIRC;KIRP;LUAD;LUSC;PRAD,1,0.16666666666666666,0,0,-0.23731733659191379,-0.23783303818970797,0.6261363376658018,0.7201873567875907,TRUE
MAOB,0.5,6,KICH;KIRC;KIRP;LUAD;LUSC;PRAD,ENSG00000172831,CES2,6,KICH;KIRC;KIRP;LUAD;LUSC;PRAD,0,0,1,0.16666666666666666,-0.03463463113912532,0.09240960043858831,0.8159923042270659,0.8751204126507715,TRUE
MAOB,0.5,6,KICH;KIRC;KIRP;LUAD;LUSC;PRAD,ENSG00000173402,DAG1,6,KICH;KIRC;KIRP;LUAD;LUSC;PRAD,1,0.16666666666666666,0,0,-0.0024698455960374703,-0.06518569282083668,0.5826582663042004,0.7732678928903814,TRUE
MAOB,0.5,6,KICH;KIRC;KIRP;LUAD;LUSC;PRAD,ENSG00000173418,NAA20,6,KICH;KIRC;KIRP;LUAD;LUSC;PRAD,0,0,1,0.16666666666666666,0.10857347333166106,0.22085006354601616,0.5555392679864534,0.7215882039299563,TRUE
MAOB,0.5,6,KICH;KIRC;KIRP;LUAD;LUSC;PRAD,ENSG00000173473,SMARCC1,6,KICH;KIRC;KIRP;LUAD;LUSC;PRAD,1,0.16666666666666666,2,0.3333333333333333,0.24880803695553075,0.17147534924415647,0.7516802163390652,0.8963131349725159,TRUE
MAOB,0.5,6,KICH;KIRC;KIRP;LUAD;LUSC;PRAD,ENSG00000173848,NET1,6,KICH;KIRC;KIRP;LUAD;LUSC;PRAD,2,0.3333333333333333,2,0.3333333333333333,0.19130537066880443,0.03948282411503796,0.7677369864603245,0.99055758145551,TRUE
MAOB,0.5,6,KICH;KIRC;KIRP;LUAD;LUSC;PRAD,ENSG00000174574,AKIRIN1,6,KICH;KIRC;KIRP;LUAD;LUSC;PRAD,3,0.5,0,0,-0.46546478956351234,-0.5139150582127465,0.4991266271541507,0.5647304953833369,TRUE
MAOB,0.5,6,KICH;KIRC;KIRP;LUAD;LUSC;PRAD,ENSG00000174684,B4GAT1,6,KICH;KIRC;KIRP;LUAD;LUSC;PRAD,3,0.5,0,0,-0.4069986657580835,-0.39290511837618175,0.5616724326042116,0.7792691494952012,TRUE
MAOB,0.5,6,KICH;KIRC;KIRP;LUAD;LUSC;PRAD,ENSG00000174780,SRP72,6,KICH;KIRC;KIRP;LUAD;LUSC;PRAD,0,0,0,0,0.3346274742788865,0.31100738140547013,0.7960637644837453,1.0087373394032149,TRUE
MAOB,0.5,6,KICH;KIRC;KIRP;LUAD;LUSC;PRAD,ENSG00000175416,CLTB,6,KICH;KIRC;KIRP;LUAD;LUSC;PRAD,0,0,0,0,-0.041580743322387384,-0.03166334894494129,0.5853796093740731,0.7219073371070669,TRUE
MAOB,0.5,6,KICH;KIRC;KIRP;LUAD;LUSC;PRAD,ENSG00000175550,DRAP1,6,KICH;KIRC;KIRP;LUAD;LUSC;PRAD,0,0,1,0.16666666666666666,0.44640499906458453,0.3982169257538827,0.8295048780893798,0.991214331267126,TRUE
MAOB,0.5,6,KICH;KIRC;KIRP;LUAD;LUSC;PRAD,ENSG00000175727,MLXIP,6,KICH;KIRC;KIRP;LUAD;LUSC;PRAD,0,0,0,0,0.029293180592540366,0.057986282380362075,0.7832692989534014,0.9020328049438728,TRUE
MAOB,0.5,6,KICH;KIRC;KIRP;LUAD;LUSC;PRAD,ENSG00000175756,AURKAIP1,6,KICH;KIRC;KIRP;LUAD;LUSC;PRAD,0,0,0,0,0.1719868524714506,0.13785055652225786,0.5564865108896739,0.7581621249032079,TRUE
MAOB,0.5,6,KICH;KIRC;KIRP;LUAD;LUSC;PRAD,ENSG00000176171,BNIP3,6,KICH;KIRC;KIRP;LUAD;LUSC;PRAD,0,0,3,0.5,0.6499987861592076,0.5605951848217594,0.6875550873647734,0.7549261535518607,TRUE
MAOB,0.5,6,KICH;KIRC;KIRP;LUAD;LUSC;PRAD,ENSG00000176871,WSB2,6,KICH;KIRC;KIRP;LUAD;LUSC;PRAD,0,0,0,0,0.3017315375983435,0.27181037040615696,0.5082722433790153,0.6407597161085242,TRUE
MAOB,0.5,6,KICH;KIRC;KIRP;LUAD;LUSC;PRAD,ENSG00000177889,UBE2N,6,KICH;KIRC;KIRP;LUAD;LUSC;PRAD,0,0,0,0,0.0891003840567698,0.10471858042426116,0.47881679821275613,0.650258743884125,TRUE
MAOB,0.5,6,KICH;KIRC;KIRP;LUAD;LUSC;PRAD,ENSG00000178057,NDUFAF3,6,KICH;KIRC;KIRP;LUAD;LUSC;PRAD,0,0,0,0,0.007732946886146175,-0.07082431368796627,0.8595907240005428,0.989745742361081,TRUE
MAOB,0.5,6,KICH;KIRC;KIRP;LUAD;LUSC;PRAD,ENSG00000178467,P4HTM,6,KICH;KIRC;KIRP;LUAD;LUSC;PRAD,1,0.16666666666666666,0,0,-0.0773550486887262,-0.12941297991373077,0.8171127691744746,0.9841890715489257,TRUE
MAOB,0.5,6,KICH;KIRC;KIRP;LUAD;LUSC;PRAD,ENSG00000178741,COX5A,6,KICH;KIRC;KIRP;LUAD;LUSC;PRAD,1,0.16666666666666666,2,0.3333333333333333,0.40838574802227284,0.3798990071015714,0.6947344352626106,0.961403495579762,TRUE
MAOB,0.5,6,KICH;KIRC;KIRP;LUAD;LUSC;PRAD,ENSG00000178927,CYBC1,6,KICH;KIRC;KIRP;LUAD;LUSC;PRAD,0,0,3,0.5,0.6025666648348758,0.5435437811898486,0.795444777435594,0.8986503322252454,TRUE
MAOB,0.5,6,KICH;KIRC;KIRP;LUAD;LUSC;PRAD,ENSG00000179051,RCC2,6,KICH;KIRC;KIRP;LUAD;LUSC;PRAD,0,0,2,0.3333333333333333,0.5514190279827954,0.6126169970126822,0.7743651300608446,0.9887411668168952,TRUE
MAOB,0.5,6,KICH;KIRC;KIRP;LUAD;LUSC;PRAD,ENSG00000179195,ZNF664,6,KICH;KIRC;KIRP;LUAD;LUSC;PRAD,0,0,1,0.16666666666666666,0.0059203394064352086,0.18272870918148335,0.702064484636234,0.8574763851384993,TRUE
MAOB,0.5,6,KICH;KIRC;KIRP;LUAD;LUSC;PRAD,ENSG00000179222,MAGED1,6,KICH;KIRC;KIRP;LUAD;LUSC;PRAD,0,0,2,0.3333333333333333,0.37821538413096245,0.3880131424668603,0.5264751260585074,0.6822669216653904,TRUE
MAOB,0.5,6,KICH;KIRC;KIRP;LUAD;LUSC;PRAD,ENSG00000179262,RAD23A,6,KICH;KIRC;KIRP;LUAD;LUSC;PRAD,0,0,2,0.3333333333333333,0.4998357059793543,0.3794166977209241,0.7406506479150393,0.7889151570270727,TRUE
MAOB,0.5,6,KICH;KIRC;KIRP;LUAD;LUSC;PRAD,ENSG00000179526,SHARPIN,6,KICH;KIRC;KIRP;LUAD;LUSC;PRAD,0,0,1,0.16666666666666666,0.42888089254957507,0.46764732532700914,0.7138751961330284,0.8897452665518306,TRUE
MAOB,0.5,6,KICH;KIRC;KIRP;LUAD;LUSC;PRAD,ENSG00000179889,PDXDC1,6,KICH;KIRC;KIRP;LUAD;LUSC;PRAD,0,0,2,0.3333333333333333,0.3677049271552979,0.3540803230199725,0.5864006201053364,0.7852237361594505,TRUE
MAOB,0.5,6,KICH;KIRC;KIRP;LUAD;LUSC;PRAD,ENSG00000180398,MCFD2,6,KICH;KIRC;KIRP;LUAD;LUSC;PRAD,0,0,0,0,0.04323028105545999,0.1374000448844263,0.5294478696389867,0.6128171653826984,TRUE
MAOB,0.5,6,KICH;KIRC;KIRP;LUAD;LUSC;PRAD,ENSG00000180879,SSR4,6,KICH;KIRC;KIRP;LUAD;LUSC;PRAD,0,0,2,0.3333333333333333,0.4509548838850872,0.5391054541369612,0.5445314299710049,0.73182250380868,TRUE
MAOB,0.5,6,KICH;KIRC;KIRP;LUAD;LUSC;PRAD,ENSG00000182952,HMGN4,6,KICH;KIRC;KIRP;LUAD;LUSC;PRAD,0,0,0,0,-0.0022291153060902402,-0.11900566087671002,0.8628198263382112,0.9384996772639804,TRUE
MAOB,0.5,6,KICH;KIRC;KIRP;LUAD;LUSC;PRAD,ENSG00000183020,AP2A2,6,KICH;KIRC;KIRP;LUAD;LUSC;PRAD,0,0,0,0,-0.34292764394931763,-0.23222806247005695,0.4561629529309701,0.5729760957189075,TRUE
MAOB,0.5,6,KICH;KIRC;KIRP;LUAD;LUSC;PRAD,ENSG00000183864,TOB2,6,KICH;KIRC;KIRP;LUAD;LUSC;PRAD,1,0.16666666666666666,0,0,-0.3918517863847657,-0.40667220742964105,0.5996953134319376,0.6394314350789194,TRUE
MAOB,0.5,6,KICH;KIRC;KIRP;LUAD;LUSC;PRAD,ENSG00000184432,COPB2,6,KICH;KIRC;KIRP;LUAD;LUSC;PRAD,0,0,2,0.3333333333333333,0.2591178370142531,0.3748888336523134,0.5476925569987116,0.6325484474463834,TRUE
MAOB,0.5,6,KICH;KIRC;KIRP;LUAD;LUSC;PRAD,ENSG00000184867,ARMCX2,6,KICH;KIRC;KIRP;LUAD;LUSC;PRAD,1,0.16666666666666666,0,0,-0.31599712064777763,-0.31190312115624946,0.759894374136139,0.8606890998884743,TRUE
MAOB,0.5,6,KICH;KIRC;KIRP;LUAD;LUSC;PRAD,ENSG00000185000,DGAT1,6,KICH;KIRC;KIRP;LUAD;LUSC;PRAD,0,0,2,0.3333333333333333,0.18665264108621266,0.20491557639522234,0.7557850688795447,0.9706182890746066,TRUE
MAOB,0.5,6,KICH;KIRC;KIRP;LUAD;LUSC;PRAD,ENSG00000185033,SEMA4B,6,KICH;KIRC;KIRP;LUAD;LUSC;PRAD,0,0,3,0.5,0.5843478363786352,0.8248831686882189,0.6222499714524268,0.8508385196951238,TRUE
MAOB,0.5,6,KICH;KIRC;KIRP;LUAD;LUSC;PRAD,ENSG00000185122,HSF1,6,KICH;KIRC;KIRP;LUAD;LUSC;PRAD,0,0,2,0.3333333333333333,0.39317569544787057,0.49975459023757374,0.7487008134266749,0.8135703632738772,TRUE
MAOB,0.5,6,KICH;KIRC;KIRP;LUAD;LUSC;PRAD,ENSG00000186660,ZFP91,6,KICH;KIRC;KIRP;LUAD;LUSC;PRAD,0,0,1,0.16666666666666666,0.1066939433228046,0.19363688067373622,0.6289037896228336,0.915789449966704,TRUE
MAOB,0.5,6,KICH;KIRC;KIRP;LUAD;LUSC;PRAD,ENSG00000186815,TPCN1,6,KICH;KIRC;KIRP;LUAD;LUSC;PRAD,1,0.16666666666666666,0,0,-0.1603916834610264,-0.2724231691809652,0.5209234811322561,0.5700161333930788,TRUE
MAOB,0.5,6,KICH;KIRC;KIRP;LUAD;LUSC;PRAD,ENSG00000186918,ZNF395,6,KICH;KIRC;KIRP;LUAD;LUSC;PRAD,0,0,1,0.16666666666666666,0.24258877523746702,0.4454442807489026,0.8231211817570722,1.008114711274806,TRUE
MAOB,0.5,6,KICH;KIRC;KIRP;LUAD;LUSC;PRAD,ENSG00000188186,LAMTOR4,6,KICH;KIRC;KIRP;LUAD;LUSC;PRAD,0,0,0,0,0.17974257297165683,0.14960036605936447,0.7882155154375434,0.9168417943557996,TRUE
MAOB,0.5,6,KICH;KIRC;KIRP;LUAD;LUSC;PRAD,ENSG00000189077,TMEM120A,6,KICH;KIRC;KIRP;LUAD;LUSC;PRAD,0,0,0,0,-0.01925898975665869,-0.056551672310439983,0.5201054721436793,0.633169923481974,TRUE
MAOB,0.5,6,KICH;KIRC;KIRP;LUAD;LUSC;PRAD,ENSG00000189241,TSPYL1,6,KICH;KIRC;KIRP;LUAD;LUSC;PRAD,3,0.5,0,0,-0.5382912334199458,-0.5217166539880977,0.40736798028800014,0.6147056299848505,TRUE
MAOB,0.5,6,KICH;KIRC;KIRP;LUAD;LUSC;PRAD,ENSG00000196305,IARS1,6,KICH;KIRC;KIRP;LUAD;LUSC;PRAD,0,0,2,0.3333333333333333,0.29950061434060765,0.42739749316273407,0.6258022083841526,0.7711184466309297,TRUE
MAOB,0.5,6,KICH;KIRC;KIRP;LUAD;LUSC;PRAD,ENSG00000196365,LONP1,6,KICH;KIRC;KIRP;LUAD;LUSC;PRAD,0,0,2,0.3333333333333333,0.3457535598771434,0.5308249231072076,0.403640747653656,0.4621119826882349,TRUE
MAOB,0.5,6,KICH;KIRC;KIRP;LUAD;LUSC;PRAD,ENSG00000196642,RABL6,6,KICH;KIRC;KIRP;LUAD;LUSC;PRAD,0,0,1,0.16666666666666666,0.19000031190926575,0.2291821366142715,0.6720612729313101,0.7953047999842513,TRUE
MAOB,0.5,6,KICH;KIRC;KIRP;LUAD;LUSC;PRAD,ENSG00000196704,AMZ2,6,KICH;KIRC;KIRP;LUAD;LUSC;PRAD,0,0,3,0.5,0.5241273056122909,0.40076401293150293,0.6547138758764747,0.8235473462549275,TRUE
MAOB,0.5,6,KICH;KIRC;KIRP;LUAD;LUSC;PRAD,ENSG00000197157,SND1,6,KICH;KIRC;KIRP;LUAD;LUSC;PRAD,0,0,5,0.8333333333333334,0.6628949760062484,0.6470826231254868,0.7197626494465856,0.82099435968818,TRUE
MAOB,0.5,6,KICH;KIRC;KIRP;LUAD;LUSC;PRAD,ENSG00000198176,TFDP1,6,KICH;KIRC;KIRP;LUAD;LUSC;PRAD,0,0,2,0.3333333333333333,-0.005837838796985226,0.20534856034131221,0.6634750458951731,0.8711526952729156,TRUE
MAOB,0.5,6,KICH;KIRC;KIRP;LUAD;LUSC;PRAD,ENSG00000198612,COPS8,6,KICH;KIRC;KIRP;LUAD;LUSC;PRAD,0,0,0,0,0.07766065477323668,0.0893233603244527,0.7505653005474076,0.91144920151604,TRUE
MAOB,0.5,6,KICH;KIRC;KIRP;LUAD;LUSC;PRAD,ENSG00000198728,LDB1,6,KICH;KIRC;KIRP;LUAD;LUSC;PRAD,0,0,0,0,-0.08834083235544365,-0.03832383347137282,0.740867092581492,0.8793909436457052,TRUE
MAOB,0.5,6,KICH;KIRC;KIRP;LUAD;LUSC;PRAD,ENSG00000198833,UBE2J1,6,KICH;KIRC;KIRP;LUAD;LUSC;PRAD,1,0.16666666666666666,0,0,0.11165523942212828,0.014440159348493168,0.7615328648638993,0.9756745431041216,TRUE
MAOB,0.5,6,KICH;KIRC;KIRP;LUAD;LUSC;PRAD,ENSG00000198856,OSTC,6,KICH;KIRC;KIRP;LUAD;LUSC;PRAD,0,0,3,0.5,0.4816113096915844,0.4751649446078206,0.5791844640322723,0.8079177799459435,TRUE
MAOB,0.5,6,KICH;KIRC;KIRP;LUAD;LUSC;PRAD,ENSG00000198918,RPL39,6,KICH;KIRC;KIRP;LUAD;LUSC;PRAD,0,0,1,0.16666666666666666,0.5341791605470447,0.5746726042245425,0.7874489431790119,0.9858012332135556,TRUE
MAOB,0.5,6,KICH;KIRC;KIRP;LUAD;LUSC;PRAD,ENSG00000203485,INF2,6,KICH;KIRC;KIRP;LUAD;LUSC;PRAD,2,0.3333333333333333,2,0.3333333333333333,-0.31676348156107487,-0.053026661168725696,0.7212556323087906,0.8672668277844257,TRUE
MAOB,0.5,6,KICH;KIRC;KIRP;LUAD;LUSC;PRAD,ENSG00000204356,NELFE,6,KICH;KIRC;KIRP;LUAD;LUSC;PRAD,0,0,0,0,0.41524004961987493,0.2038558294938888,0.46867897459762087,0.6445141692876024,TRUE
MAOB,0.5,6,KICH;KIRC;KIRP;LUAD;LUSC;PRAD,ENSG00000204394,VARS1,6,KICH;KIRC;KIRP;LUAD;LUSC;PRAD,0,0,4,0.6666666666666666,0.6674775834399722,0.6475048415230436,0.7112076202888308,0.9068793137732396,TRUE
MAOB,0.5,6,KICH;KIRC;KIRP;LUAD;LUSC;PRAD,ENSG00000205581,HMGN1,6,KICH;KIRC;KIRP;LUAD;LUSC;PRAD,0,0,1,0.16666666666666666,0.08443376832259802,0.1519109798623438,0.6840447258187543,0.8683672039463782,TRUE
MAOB,0.5,6,KICH;KIRC;KIRP;LUAD;LUSC;PRAD,ENSG00000213585,VDAC1,6,KICH;KIRC;KIRP;LUAD;LUSC;PRAD,0,0,3,0.5,0.5850253925816138,0.586623939646585,0.7153184249423163,0.924297873294924,TRUE
MAOB,0.5,6,KICH;KIRC;KIRP;LUAD;LUSC;PRAD,ENSG00000213722,DDAH2,6,KICH;KIRC;KIRP;LUAD;LUSC;PRAD,1,0.16666666666666666,0,0,-0.38322764285733557,-0.35050125929871845,0.6591264884240136,0.8333898099199559,TRUE
MAOB,0.5,6,KICH;KIRC;KIRP;LUAD;LUSC;PRAD,ENSG00000220205,VAMP2,6,KICH;KIRC;KIRP;LUAD;LUSC;PRAD,5,0.8333333333333334,0,0,-0.8731454720380789,-0.8940278366401955,0.637556463196944,0.7108183943156546,TRUE
MAOB,0.5,6,KICH;KIRC;KIRP;LUAD;LUSC;PRAD,ENSG00000243147,MRPL33,6,KICH;KIRC;KIRP;LUAD;LUSC;PRAD,2,0.3333333333333333,0,0,-0.2201688317773712,-0.3936155810366177,0.7098528686822717,0.9568705349307488,TRUE
MAOB,0.5,6,KICH;KIRC;KIRP;LUAD;LUSC;PRAD,ENSG00000253719,ATXN7L3B,6,KICH;KIRC;KIRP;LUAD;LUSC;PRAD,0,0,0,0,0.1144670569630808,0.040787289952543875,0.8350562250696787,0.876343703379133,TRUE
MAOB,0.5,6,KICH;KIRC;KIRP;LUAD;LUSC;PRAD,ENSG00000255112,CHMP1B,6,KICH;KIRC;KIRP;LUAD;LUSC;PRAD,0,0,0,0,-0.13719325995656487,-0.17893785087419778,0.774352842541985,0.9233996914810052,TRUE
MAOB,0.5,6,KICH;KIRC;KIRP;LUAD;LUSC;PRAD,ENSG00000264364,DYNLL2,6,KICH;KIRC;KIRP;LUAD;LUSC;PRAD,1,0.16666666666666666,0,0,0.08438844739161144,-0.09629627146967842,0.6419131304353796,0.8101194526729176,TRUE
MAOB,0.5,6,KICH;KIRC;KIRP;LUAD;LUSC;PRAD,ENSG00000265354,TIMM23,6,KICH;KIRC;KIRP;LUAD;LUSC;PRAD,0,0,2,0.3333333333333333,0.07753450141415914,0.20733217011337815,0.7147214854723692,0.8396273160663027,TRUE
MAOB,0.6,8,BRCA;COAD;KICH;KIRC;KIRP;LUAD;LUSC;PRAD,ENSG00000003056,M6PR,8,BRCA;COAD;KICH;KIRC;KIRP;LUAD;LUSC;PRAD,0,0,0,0,0.2698828653081772,0.21417833187584,0.7003121948384042,0.8193477242807011,TRUE
MAOB,0.6,8,BRCA;COAD;KICH;KIRC;KIRP;LUAD;LUSC;PRAD,ENSG00000004487,KDM1A,8,BRCA;COAD;KICH;KIRC;KIRP;LUAD;LUSC;PRAD,0,0,3,0.375,0.35796279381095963,0.3867934703233974,0.5401053879763221,0.8386977543675088,TRUE
MAOB,0.6,8,BRCA;COAD;KICH;KIRC;KIRP;LUAD;LUSC;PRAD,ENSG00000019144,PHLDB1,8,BRCA;COAD;KICH;KIRC;KIRP;LUAD;LUSC;PRAD,3,0.375,0,0,-0.5281360451894989,-0.7247588691693646,0.7494760294009138,1.0051066422284065,TRUE
MAOB,0.6,8,BRCA;COAD;KICH;KIRC;KIRP;LUAD;LUSC;PRAD,ENSG00000042753,AP2S1,8,BRCA;COAD;KICH;KIRC;KIRP;LUAD;LUSC;PRAD,0,0,2,0.25,0.44799714775763766,0.5156321717332165,0.6954399341596822,0.8586763189560094,TRUE
MAOB,0.6,8,BRCA;COAD;KICH;KIRC;KIRP;LUAD;LUSC;PRAD,ENSG00000064726,BTBD1,8,BRCA;COAD;KICH;KIRC;KIRP;LUAD;LUSC;PRAD,0,0,1,0.125,0.0834557035031215,0.12955701686396415,0.5916924943665186,0.8137154283975808,TRUE
MAOB,0.6,8,BRCA;COAD;KICH;KIRC;KIRP;LUAD;LUSC;PRAD,ENSG00000065150,IPO5,8,BRCA;COAD;KICH;KIRC;KIRP;LUAD;LUSC;PRAD,0,0,1,0.125,-0.12276760762301861,0.09979852134335752,0.6034085429387791,0.9097566880678798,TRUE
MAOB,0.6,8,BRCA;COAD;KICH;KIRC;KIRP;LUAD;LUSC;PRAD,ENSG00000066322,ELOVL1,8,BRCA;COAD;KICH;KIRC;KIRP;LUAD;LUSC;PRAD,0,0,0,0,0.0022877998827778925,0.05924565007240511,0.5480683918402083,0.9146355858960732,TRUE
MAOB,0.6,8,BRCA;COAD;KICH;KIRC;KIRP;LUAD;LUSC;PRAD,ENSG00000071462,BUD23,8,BRCA;COAD;KICH;KIRC;KIRP;LUAD;LUSC;PRAD,0,0,4,0.5,0.6015359720821312,0.5060125513445557,0.7302146122652788,0.930731625058475,TRUE
MAOB,0.6,8,BRCA;COAD;KICH;KIRC;KIRP;LUAD;LUSC;PRAD,ENSG00000071894,CPSF1,8,BRCA;COAD;KICH;KIRC;KIRP;LUAD;LUSC;PRAD,0,0,4,0.5,0.5826430771459599,0.562370067161617,0.7008990863502221,0.8641819856727864,TRUE
MAOB,0.6,8,BRCA;COAD;KICH;KIRC;KIRP;LUAD;LUSC;PRAD,ENSG00000074695,LMAN1,8,BRCA;COAD;KICH;KIRC;KIRP;LUAD;LUSC;PRAD,0,0,3,0.375,0.44830165801476074,0.39387388102855375,0.6491871209206733,0.8556391185194624,TRUE
MAOB,0.6,8,BRCA;COAD;KICH;KIRC;KIRP;LUAD;LUSC;PRAD,ENSG00000074842,MYDGF,8,BRCA;COAD;KICH;KIRC;KIRP;LUAD;LUSC;PRAD,0,0,5,0.625,0.7324002273482634,0.6984296136379787,0.7610180852081567,0.8540584124980908,TRUE
MAOB,0.6,8,BRCA;COAD;KICH;KIRC;KIRP;LUAD;LUSC;PRAD,ENSG00000079432,CIC,8,BRCA;COAD;KICH;KIRC;KIRP;LUAD;LUSC;PRAD,0,0,1,0.125,0.1394079151760328,0.17863157610175506,0.6918722171234231,0.8409535586855719,TRUE
MAOB,0.6,8,BRCA;COAD;KICH;KIRC;KIRP;LUAD;LUSC;PRAD,ENSG00000082996,RNF13,8,BRCA;COAD;KICH;KIRC;KIRP;LUAD;LUSC;PRAD,1,0.125,0,0,-0.07206980693291874,-0.08594634754872167,0.6073367238859433,0.7325177412717915,TRUE
MAOB,0.6,8,BRCA;COAD;KICH;KIRC;KIRP;LUAD;LUSC;PRAD,ENSG00000086666,ZFAND6,8,BRCA;COAD;KICH;KIRC;KIRP;LUAD;LUSC;PRAD,0,0,0,0,-0.07268445572560638,-0.05083946266705128,0.8373484778394827,0.9297642949085416,TRUE
MAOB,0.6,8,BRCA;COAD;KICH;KIRC;KIRP;LUAD;LUSC;PRAD,ENSG00000087087,SRRT,8,BRCA;COAD;KICH;KIRC;KIRP;LUAD;LUSC;PRAD,0,0,2,0.25,0.33907925568714625,0.3272557626981171,0.5872639231044445,0.8790640260073727,TRUE
MAOB,0.6,8,BRCA;COAD;KICH;KIRC;KIRP;LUAD;LUSC;PRAD,ENSG00000089006,SNX5,8,BRCA;COAD;KICH;KIRC;KIRP;LUAD;LUSC;PRAD,0,0,0,0,-0.13517594487045181,-0.0973763627719612,0.7019213983352262,0.9055854841792184,TRUE
MAOB,0.6,8,BRCA;COAD;KICH;KIRC;KIRP;LUAD;LUSC;PRAD,ENSG00000090013,BLVRB,8,BRCA;COAD;KICH;KIRC;KIRP;LUAD;LUSC;PRAD,0,0,1,0.125,0.14930189089296994,0.12703181936338637,0.7948411257127526,0.8867272778232239,TRUE
MAOB,0.6,8,BRCA;COAD;KICH;KIRC;KIRP;LUAD;LUSC;PRAD,ENSG00000090238,YPEL3,8,BRCA;COAD;KICH;KIRC;KIRP;LUAD;LUSC;PRAD,1,0.125,0,0,-0.23184517827028525,-0.21141806131612892,0.7439495454952384,0.926365891973989,TRUE
MAOB,0.6,8,BRCA;COAD;KICH;KIRC;KIRP;LUAD;LUSC;PRAD,ENSG00000090372,STRN4,8,BRCA;COAD;KICH;KIRC;KIRP;LUAD;LUSC;PRAD,0,0,0,0,0.3307152016649101,0.3503549100314575,0.640379539811592,0.7601951763231461,TRUE
MAOB,0.6,8,BRCA;COAD;KICH;KIRC;KIRP;LUAD;LUSC;PRAD,ENSG00000090621,PABPC4,8,BRCA;COAD;KICH;KIRC;KIRP;LUAD;LUSC;PRAD,0,0,4,0.5,0.5666226719585232,0.506678279737238,0.7312536419638225,0.8794377384172165,TRUE
MAOB,0.6,8,BRCA;COAD;KICH;KIRC;KIRP;LUAD;LUSC;PRAD,ENSG00000099864,PALM,8,BRCA;COAD;KICH;KIRC;KIRP;LUAD;LUSC;PRAD,7,0.875,0,0,-1.645973117757638,-1.4096653769883236,0.5759435444685215,0.6456923475327497,TRUE
MAOB,0.6,8,BRCA;COAD;KICH;KIRC;KIRP;LUAD;LUSC;PRAD,ENSG00000100225,FBXO7,8,BRCA;COAD;KICH;KIRC;KIRP;LUAD;LUSC;PRAD,0,0,1,0.125,-0.17768878528480242,-0.13684254716410071,0.5979162143014214,0.8101196434291479,TRUE
MAOB,0.6,8,BRCA;COAD;KICH;KIRC;KIRP;LUAD;LUSC;PRAD,ENSG00000100401,RANGAP1,8,BRCA;COAD;KICH;KIRC;KIRP;LUAD;LUSC;PRAD,0,0,3,0.375,0.5021071231741427,0.5069726179280422,0.5363153332654257,0.9530220491924728,TRUE
MAOB,0.6,8,BRCA;COAD;KICH;KIRC;KIRP;LUAD;LUSC;PRAD,ENSG00000100567,PSMA3,8,BRCA;COAD;KICH;KIRC;KIRP;LUAD;LUSC;PRAD,0,0,1,0.125,0.339459937463807,0.29983170123726943,0.6792135210362298,0.8113301895056808,TRUE
MAOB,0.6,8,BRCA;COAD;KICH;KIRC;KIRP;LUAD;LUSC;PRAD,ENSG00000100632,ERH,8,BRCA;COAD;KICH;KIRC;KIRP;LUAD;LUSC;PRAD,0,0,3,0.375,0.4623336567854159,0.40363413541757587,0.6348726169454699,0.8478483912260556,TRUE
MAOB,0.6,8,BRCA;COAD;KICH;KIRC;KIRP;LUAD;LUSC;PRAD,ENSG00000101474,APMAP,8,BRCA;COAD;KICH;KIRC;KIRP;LUAD;LUSC;PRAD,0,0,3,0.375,0.4193979661212538,0.41500914419763274,0.5298944693336669,0.8066025589013854,TRUE
MAOB,0.6,8,BRCA;COAD;KICH;KIRC;KIRP;LUAD;LUSC;PRAD,ENSG00000102038,SMARCA1,8,BRCA;COAD;KICH;KIRC;KIRP;LUAD;LUSC;PRAD,3,0.375,0,0,-0.4448229616650196,-0.38884422564780124,0.7778116071978181,0.9693861266222148,TRUE
MAOB,0.6,8,BRCA;COAD;KICH;KIRC;KIRP;LUAD;LUSC;PRAD,ENSG00000102225,CDK16,8,BRCA;COAD;KICH;KIRC;KIRP;LUAD;LUSC;PRAD,0,0,4,0.5,0.5335081184076425,0.4584830332645846,0.5103720537867749,0.8047952587497065,TRUE
MAOB,0.6,8,BRCA;COAD;KICH;KIRC;KIRP;LUAD;LUSC;PRAD,ENSG00000102241,HTATSF1,8,BRCA;COAD;KICH;KIRC;KIRP;LUAD;LUSC;PRAD,0,0,0,0,0.198716205144996,0.08534714901308532,0.6880488839813508,0.8917702651647811,TRUE
MAOB,0.6,8,BRCA;COAD;KICH;KIRC;KIRP;LUAD;LUSC;PRAD,ENSG00000103197,TSC2,8,BRCA;COAD;KICH;KIRC;KIRP;LUAD;LUSC;PRAD,0,0,1,0.125,0.09091587128460887,0.1475370685943098,0.70649887121673,0.865100986170317,TRUE
MAOB,0.6,8,BRCA;COAD;KICH;KIRC;KIRP;LUAD;LUSC;PRAD,ENSG00000104324,CPQ,8,BRCA;COAD;KICH;KIRC;KIRP;LUAD;LUSC;PRAD,6,0.75,1,0.125,-0.6492413434014414,-0.5746587116060135,0.725101379704298,0.8479376601437064,TRUE
MAOB,0.6,8,BRCA;COAD;KICH;KIRC;KIRP;LUAD;LUSC;PRAD,ENSG00000104812,GYS1,8,BRCA;COAD;KICH;KIRC;KIRP;LUAD;LUSC;PRAD,0,0,3,0.375,0.265934145590056,0.4326535372909415,0.7114995461858258,0.8773321872459944,TRUE
MAOB,0.6,8,BRCA;COAD;KICH;KIRC;KIRP;LUAD;LUSC;PRAD,ENSG00000105443,CYTH2,8,BRCA;COAD;KICH;KIRC;KIRP;LUAD;LUSC;PRAD,0,0,0,0,0.2760331605666776,0.19520668118030973,0.7192515141626064,0.8275906000077392,TRUE
MAOB,0.6,8,BRCA;COAD;KICH;KIRC;KIRP;LUAD;LUSC;PRAD,ENSG00000106105,GARS1,8,BRCA;COAD;KICH;KIRC;KIRP;LUAD;LUSC;PRAD,0,0,6,0.75,0.9986591718505192,0.8612775150386042,0.7484759393259489,0.859090042898365,TRUE
MAOB,0.6,8,BRCA;COAD;KICH;KIRC;KIRP;LUAD;LUSC;PRAD,ENSG00000106723,SPIN1,8,BRCA;COAD;KICH;KIRC;KIRP;LUAD;LUSC;PRAD,0,0,0,0,-0.12368061069997557,-0.13499762825037637,0.7712464884279663,0.909775895715233,TRUE
MAOB,0.6,8,BRCA;COAD;KICH;KIRC;KIRP;LUAD;LUSC;PRAD,ENSG00000106803,SEC61B,8,BRCA;COAD;KICH;KIRC;KIRP;LUAD;LUSC;PRAD,0,0,0,0,0.24967596654949753,0.2912202348447423,0.833084630582034,0.958359970540968,TRUE
MAOB,0.6,8,BRCA;COAD;KICH;KIRC;KIRP;LUAD;LUSC;PRAD,ENSG00000107745,MICU1,8,BRCA;COAD;KICH;KIRC;KIRP;LUAD;LUSC;PRAD,0,0,0,0,-0.10912641394218946,-0.10539891946406578,0.5390553809365621,0.8496854068761283,TRUE
MAOB,0.6,8,BRCA;COAD;KICH;KIRC;KIRP;LUAD;LUSC;PRAD,ENSG00000108100,CCNY,8,BRCA;COAD;KICH;KIRC;KIRP;LUAD;LUSC;PRAD,0,0,0,0,-0.11612728314502219,-0.1131071479479048,0.8292299575698312,0.9694459027729656,TRUE
MAOB,0.6,8,BRCA;COAD;KICH;KIRC;KIRP;LUAD;LUSC;PRAD,ENSG00000108509,CAMTA2,8,BRCA;COAD;KICH;KIRC;KIRP;LUAD;LUSC;PRAD,3,0.375,0,0,-0.2860229749797766,-0.34461409645804275,0.7790224199083456,0.9981765657359696,TRUE
MAOB,0.6,8,BRCA;COAD;KICH;KIRC;KIRP;LUAD;LUSC;PRAD,ENSG00000108561,C1QBP,8,BRCA;COAD;KICH;KIRC;KIRP;LUAD;LUSC;PRAD,0,0,3,0.375,0.42867911806317677,0.35749973320079087,0.5841282173907946,0.8347706893528285,TRUE
MAOB,0.6,8,BRCA;COAD;KICH;KIRC;KIRP;LUAD;LUSC;PRAD,ENSG00000108799,EZH1,8,BRCA;COAD;KICH;KIRC;KIRP;LUAD;LUSC;PRAD,3,0.375,0,0,-0.45473075767868204,-0.5390646960922387,0.7396447456184051,0.8535604102463382,TRUE
MAOB,0.6,8,BRCA;COAD;KICH;KIRC;KIRP;LUAD;LUSC;PRAD,ENSG00000108848,LUC7L3,8,BRCA;COAD;KICH;KIRC;KIRP;LUAD;LUSC;PRAD,0,0,0,0,0.1140214027687204,0.06230508681657649,0.6918199379443025,0.8723680258797043,TRUE
MAOB,0.6,8,BRCA;COAD;KICH;KIRC;KIRP;LUAD;LUSC;PRAD,ENSG00000111269,CREBL2,8,BRCA;COAD;KICH;KIRC;KIRP;LUAD;LUSC;PRAD,1,0.125,0,0,-0.29525912804996995,-0.28394964867348815,0.47618534946319957,0.6935396531921247,TRUE
MAOB,0.6,8,BRCA;COAD;KICH;KIRC;KIRP;LUAD;LUSC;PRAD,ENSG00000112983,BRD8,8,BRCA;COAD;KICH;KIRC;KIRP;LUAD;LUSC;PRAD,0,0,0,0,0.11232874822959116,0.07677258491917054,0.7420162913141143,0.9496334541844068,TRUE
MAOB,0.6,8,BRCA;COAD;KICH;KIRC;KIRP;LUAD;LUSC;PRAD,ENSG00000113387,SUB1,8,BRCA;COAD;KICH;KIRC;KIRP;LUAD;LUSC;PRAD,0,0,1,0.125,0.05046498315055049,0.16682466659862866,0.4643132534610462,0.8780775186501881,TRUE
MAOB,0.6,8,BRCA;COAD;KICH;KIRC;KIRP;LUAD;LUSC;PRAD,ENSG00000113643,RARS1,8,BRCA;COAD;KICH;KIRC;KIRP;LUAD;LUSC;PRAD,0,0,1,0.125,0.45030952138362884,0.44634833682645714,0.6342576713679473,0.9345896635023808,TRUE
MAOB,0.6,8,BRCA;COAD;KICH;KIRC;KIRP;LUAD;LUSC;PRAD,ENSG00000113758,DBN1,8,BRCA;COAD;KICH;KIRC;KIRP;LUAD;LUSC;PRAD,1,0.125,3,0.375,0.40692546663346724,0.4580275284412073,0.821927070439608,0.9140294795577136,TRUE
MAOB,0.6,8,BRCA;COAD;KICH;KIRC;KIRP;LUAD;LUSC;PRAD,ENSG00000114686,MRPL3,8,BRCA;COAD;KICH;KIRC;KIRP;LUAD;LUSC;PRAD,0,0,5,0.625,0.7065863279404885,0.6327007138571304,0.6841462964685854,0.8046243606419468,TRUE
MAOB,0.6,8,BRCA;COAD;KICH;KIRC;KIRP;LUAD;LUSC;PRAD,ENSG00000115685,PPP1R7,8,BRCA;COAD;KICH;KIRC;KIRP;LUAD;LUSC;PRAD,0,0,0,0,0.0016342124176255404,-0.0016915181473740118,0.5479008956604152,1.023156321712128,TRUE
MAOB,0.6,8,BRCA;COAD;KICH;KIRC;KIRP;LUAD;LUSC;PRAD,ENSG00000115866,DARS1,8,BRCA;COAD;KICH;KIRC;KIRP;LUAD;LUSC;PRAD,0,0,5,0.625,0.6206014943390541,0.48520766444576485,0.45144472033912025,0.5957224539553275,TRUE
MAOB,0.6,8,BRCA;COAD;KICH;KIRC;KIRP;LUAD;LUSC;PRAD,ENSG00000116221,MRPL37,8,BRCA;COAD;KICH;KIRC;KIRP;LUAD;LUSC;PRAD,0,0,3,0.375,0.5311664946275145,0.4980539865247931,0.8067088654972905,0.9644842331439608,TRUE
MAOB,0.6,8,BRCA;COAD;KICH;KIRC;KIRP;LUAD;LUSC;PRAD,ENSG00000116898,MRPS15,8,BRCA;COAD;KICH;KIRC;KIRP;LUAD;LUSC;PRAD,0,0,0,0,0.24627044855916813,0.2349644251070822,0.5980378121488407,0.8516071465521194,TRUE
MAOB,0.6,8,BRCA;COAD;KICH;KIRC;KIRP;LUAD;LUSC;PRAD,ENSG00000119669,IRF2BPL,8,BRCA;COAD;KICH;KIRC;KIRP;LUAD;LUSC;PRAD,2,0.25,0,0,-0.17752588697236643,-0.29137314538984005,0.8085271498165693,0.9424984613628108,TRUE
MAOB,0.6,8,BRCA;COAD;KICH;KIRC;KIRP;LUAD;LUSC;PRAD,ENSG00000122490,SLC66A2,8,BRCA;COAD;KICH;KIRC;KIRP;LUAD;LUSC;PRAD,1,0.125,0,0,-0.37253563131233813,-0.3541843228364997,0.8012439483403875,0.9215392729647374,TRUE
MAOB,0.6,8,BRCA;COAD;KICH;KIRC;KIRP;LUAD;LUSC;PRAD,ENSG00000122565,CBX3,8,BRCA;COAD;KICH;KIRC;KIRP;LUAD;LUSC;PRAD,0,0,5,0.625,0.866076194677106,0.7430708667890186,0.49704639216325236,0.8137928809838019,TRUE
MAOB,0.6,8,BRCA;COAD;KICH;KIRC;KIRP;LUAD;LUSC;PRAD,ENSG00000122642,FKBP9,8,BRCA;COAD;KICH;KIRC;KIRP;LUAD;LUSC;PRAD,0,0,1,0.125,0.2641181036563312,0.23538330102625094,0.6259860982161614,0.8026331108369708,TRUE
MAOB,0.6,8,BRCA;COAD;KICH;KIRC;KIRP;LUAD;LUSC;PRAD,ENSG00000123933,MXD4,8,BRCA;COAD;KICH;KIRC;KIRP;LUAD;LUSC;PRAD,2,0.25,0,0,-0.17671316975766124,-0.1942979657434245,0.5196667613161965,0.8116017992645376,TRUE
MAOB,0.6,8,BRCA;COAD;KICH;KIRC;KIRP;LUAD;LUSC;PRAD,ENSG00000124181,PLCG1,8,BRCA;COAD;KICH;KIRC;KIRP;LUAD;LUSC;PRAD,0,0,1,0.125,0.19963295758147992,0.31462945324044256,0.8215561353372417,0.9801695167732912,TRUE
MAOB,0.6,8,BRCA;COAD;KICH;KIRC;KIRP;LUAD;LUSC;PRAD,ENSG00000124207,CSE1L,8,BRCA;COAD;KICH;KIRC;KIRP;LUAD;LUSC;PRAD,0,0,4,0.5,0.44557942182819166,0.548128395943837,0.6730781050430018,0.9648288948273008,TRUE
MAOB,0.6,8,BRCA;COAD;KICH;KIRC;KIRP;LUAD;LUSC;PRAD,ENSG00000124226,RNF114,8,BRCA;COAD;KICH;KIRC;KIRP;LUAD;LUSC;PRAD,0,0,1,0.125,0.011439951206307461,0.13993428820349268,0.5698051596186431,0.7651164098079889,TRUE
MAOB,0.6,8,BRCA;COAD;KICH;KIRC;KIRP;LUAD;LUSC;PRAD,ENSG00000124702,KLHDC3,8,BRCA;COAD;KICH;KIRC;KIRP;LUAD;LUSC;PRAD,1,0.125,0,0,-0.022515307431948725,-0.09608893236491488,0.5895720282092265,0.8251705034671394,TRUE
MAOB,0.6,8,BRCA;COAD;KICH;KIRC;KIRP;LUAD;LUSC;PRAD,ENSG00000125977,EIF2S2,8,BRCA;COAD;KICH;KIRC;KIRP;LUAD;LUSC;PRAD,0,0,2,0.25,0.41933772845591333,0.4576584283027674,0.6053229984556019,0.7532201978953512,TRUE
MAOB,0.6,8,BRCA;COAD;KICH;KIRC;KIRP;LUAD;LUSC;PRAD,ENSG00000126457,PRMT1,8,BRCA;COAD;KICH;KIRC;KIRP;LUAD;LUSC;PRAD,0,0,2,0.25,0.3143394272976332,0.4794720055077347,0.5625701964801721,0.7417229482421951,TRUE
MAOB,0.6,8,BRCA;COAD;KICH;KIRC;KIRP;LUAD;LUSC;PRAD,ENSG00000128928,IVD,8,BRCA;COAD;KICH;KIRC;KIRP;LUAD;LUSC;PRAD,4,0.5,1,0.125,-0.41712340877257714,-0.24149577999071525,0.6972389809308148,0.9424315339333804,TRUE
MAOB,0.6,8,BRCA;COAD;KICH;KIRC;KIRP;LUAD;LUSC;PRAD,ENSG00000129515,SNX6,8,BRCA;COAD;KICH;KIRC;KIRP;LUAD;LUSC;PRAD,0,0,0,0,0.08211333826211356,0.03980064869214591,0.7247848035721299,0.8924423501795835,TRUE
MAOB,0.6,8,BRCA;COAD;KICH;KIRC;KIRP;LUAD;LUSC;PRAD,ENSG00000131473,ACLY,8,BRCA;COAD;KICH;KIRC;KIRP;LUAD;LUSC;PRAD,1,0.125,4,0.5,0.5679449690236436,0.6107304179562512,0.517217797622809,0.8765773062496003,TRUE
MAOB,0.6,8,BRCA;COAD;KICH;KIRC;KIRP;LUAD;LUSC;PRAD,ENSG00000131669,NINJ1,8,BRCA;COAD;KICH;KIRC;KIRP;LUAD;LUSC;PRAD,0,0,0,0,-0.0154446584624432,0.057707608456382294,0.6433470144679867,0.8089219423736708,TRUE
MAOB,0.6,8,BRCA;COAD;KICH;KIRC;KIRP;LUAD;LUSC;PRAD,ENSG00000132153,DHX30,8,BRCA;COAD;KICH;KIRC;KIRP;LUAD;LUSC;PRAD,0,0,1,0.125,0.11520185175810724,0.1333525219799807,0.7940954298957011,0.9640542707256576,TRUE
MAOB,0.6,8,BRCA;COAD;KICH;KIRC;KIRP;LUAD;LUSC;PRAD,ENSG00000133275,CSNK1G2,8,BRCA;COAD;KICH;KIRC;KIRP;LUAD;LUSC;PRAD,0,0,3,0.375,0.2904673849002989,0.4186625517017151,0.5842371361757392,0.875382000158216,TRUE
MAOB,0.6,8,BRCA;COAD;KICH;KIRC;KIRP;LUAD;LUSC;PRAD,ENSG00000136628,EPRS1,8,BRCA;COAD;KICH;KIRC;KIRP;LUAD;LUSC;PRAD,0,0,3,0.375,0.3702533608660752,0.49851171781694187,0.7321507535254141,0.9135534758622806,TRUE
MAOB,0.6,8,BRCA;COAD;KICH;KIRC;KIRP;LUAD;LUSC;PRAD,ENSG00000136813,ECPAS,8,BRCA;COAD;KICH;KIRC;KIRP;LUAD;LUSC;PRAD,0,0,0,0,0.03243710425373673,0.08392554294767109,0.6344314337876605,0.8854995592628927,TRUE
MAOB,0.6,8,BRCA;COAD;KICH;KIRC;KIRP;LUAD;LUSC;PRAD,ENSG00000137106,GRHPR,8,BRCA;COAD;KICH;KIRC;KIRP;LUAD;LUSC;PRAD,3,0.375,0,0,-0.03126997095889564,-0.20745390430960764,0.7898248509186534,0.911657568089832,TRUE
MAOB,0.6,8,BRCA;COAD;KICH;KIRC;KIRP;LUAD;LUSC;PRAD,ENSG00000137161,CNPY3,8,BRCA;COAD;KICH;KIRC;KIRP;LUAD;LUSC;PRAD,1,0.125,4,0.5,0.42113284845682336,0.3822245336660579,0.7377120984319598,0.8432182892649078,TRUE
MAOB,0.6,8,BRCA;COAD;KICH;KIRC;KIRP;LUAD;LUSC;PRAD,ENSG00000138363,ATIC,8,BRCA;COAD;KICH;KIRC;KIRP;LUAD;LUSC;PRAD,0,0,5,0.625,0.8588651210912113,0.5843418608482802,0.5938002636452128,0.7560063985953337,TRUE
MAOB,0.6,8,BRCA;COAD;KICH;KIRC;KIRP;LUAD;LUSC;PRAD,ENSG00000138385,SSB,8,BRCA;COAD;KICH;KIRC;KIRP;LUAD;LUSC;PRAD,1,0.125,2,0.25,0.09624202820280278,0.1456688006827822,0.682212043130972,0.956628900851158,TRUE
MAOB,0.6,8,BRCA;COAD;KICH;KIRC;KIRP;LUAD;LUSC;PRAD,ENSG00000138448,ITGAV,8,BRCA;COAD;KICH;KIRC;KIRP;LUAD;LUSC;PRAD,0,0,2,0.25,0.12630044646083835,0.23508958359322585,0.7694392580770879,0.9105675807242944,TRUE
MAOB,0.6,8,BRCA;COAD;KICH;KIRC;KIRP;LUAD;LUSC;PRAD,ENSG00000138768,USO1,8,BRCA;COAD;KICH;KIRC;KIRP;LUAD;LUSC;PRAD,0,0,1,0.125,0.14737597216410556,0.21755616698064661,0.5197819056878276,0.7173143250804852,TRUE
MAOB,0.6,8,BRCA;COAD;KICH;KIRC;KIRP;LUAD;LUSC;PRAD,ENSG00000141644,MBD1,8,BRCA;COAD;KICH;KIRC;KIRP;LUAD;LUSC;PRAD,0,0,0,0,-0.010253063901944035,0.025261423266930573,0.7736142219152551,0.960373379318184,TRUE
MAOB,0.6,8,BRCA;COAD;KICH;KIRC;KIRP;LUAD;LUSC;PRAD,ENSG00000141985,SH3GL1,8,BRCA;COAD;KICH;KIRC;KIRP;LUAD;LUSC;PRAD,0,0,5,0.625,0.6373443941011165,0.5353602557870396,0.7882557053690711,0.9953424968500882,TRUE
MAOB,0.6,8,BRCA;COAD;KICH;KIRC;KIRP;LUAD;LUSC;PRAD,ENSG00000142188,TMEM50B,8,BRCA;COAD;KICH;KIRC;KIRP;LUAD;LUSC;PRAD,4,0.5,0,0,-0.629343877434291,-0.615967748353034,0.7254904829869726,0.8472401143211744,TRUE
MAOB,0.6,8,BRCA;COAD;KICH;KIRC;KIRP;LUAD;LUSC;PRAD,ENSG00000143862,ARL8A,8,BRCA;COAD;KICH;KIRC;KIRP;LUAD;LUSC;PRAD,0,0,0,0,0.08539095373546843,0.17002530495466925,0.8066754745397207,0.9494916813255306,TRUE
MAOB,0.6,8,BRCA;COAD;KICH;KIRC;KIRP;LUAD;LUSC;PRAD,ENSG00000146729,NIPSNAP2,8,BRCA;COAD;KICH;KIRC;KIRP;LUAD;LUSC;PRAD,1,0.125,1,0.125,0.16459623879632718,0.14425927641857483,0.46730286866720044,0.83933331011479,TRUE
MAOB,0.6,8,BRCA;COAD;KICH;KIRC;KIRP;LUAD;LUSC;PRAD,ENSG00000146834,MEPCE,8,BRCA;COAD;KICH;KIRC;KIRP;LUAD;LUSC;PRAD,0,0,1,0.125,0.13573547664101535,0.18161098976090612,0.5077935534612389,0.8328492996491853,TRUE
MAOB,0.6,8,BRCA;COAD;KICH;KIRC;KIRP;LUAD;LUSC;PRAD,ENSG00000148218,ALAD,8,BRCA;COAD;KICH;KIRC;KIRP;LUAD;LUSC;PRAD,7,0.875,0,0,-0.777086531891672,-0.8785051966884104,0.6227100563350907,0.8588472030785478,TRUE
MAOB,0.6,8,BRCA;COAD;KICH;KIRC;KIRP;LUAD;LUSC;PRAD,ENSG00000149091,DGKZ,8,BRCA;COAD;KICH;KIRC;KIRP;LUAD;LUSC;PRAD,0,0,4,0.5,0.4218431951886891,0.45269337953385946,0.7623850318478905,0.9946504068518076,TRUE
MAOB,0.6,8,BRCA;COAD;KICH;KIRC;KIRP;LUAD;LUSC;PRAD,ENSG00000149100,EIF3M,8,BRCA;COAD;KICH;KIRC;KIRP;LUAD;LUSC;PRAD,0,0,1,0.125,0.20299803996132243,0.27082695889505853,0.7709426936101542,0.9222662132850352,TRUE
MAOB,0.6,8,BRCA;COAD;KICH;KIRC;KIRP;LUAD;LUSC;PRAD,ENSG00000149187,CELF1,8,BRCA;COAD;KICH;KIRC;KIRP;LUAD;LUSC;PRAD,0,0,0,0,0.1866991961655846,0.1972550131822574,0.833002442265964,0.9289421329391896,TRUE
MAOB,0.6,8,BRCA;COAD;KICH;KIRC;KIRP;LUAD;LUSC;PRAD,ENSG00000151348,EXT2,8,BRCA;COAD;KICH;KIRC;KIRP;LUAD;LUSC;PRAD,0,0,0,0,0.18006229890556852,0.2114165893915051,0.7467745410532063,0.9353512019944964,TRUE
MAOB,0.6,8,BRCA;COAD;KICH;KIRC;KIRP;LUAD;LUSC;PRAD,ENSG00000151929,BAG3,8,BRCA;COAD;KICH;KIRC;KIRP;LUAD;LUSC;PRAD,0,0,0,0,0.02800082715647317,-0.049127507771886444,0.6395807603575564,0.7664248883947833,TRUE
MAOB,0.6,8,BRCA;COAD;KICH;KIRC;KIRP;LUAD;LUSC;PRAD,ENSG00000156171,DRAM2,8,BRCA;COAD;KICH;KIRC;KIRP;LUAD;LUSC;PRAD,0,0,0,0,-0.05376627220076073,-0.05776019868648864,0.7797463440122574,1.0175660392672017,TRUE
MAOB,0.6,8,BRCA;COAD;KICH;KIRC;KIRP;LUAD;LUSC;PRAD,ENSG00000156261,CCT8,8,BRCA;COAD;KICH;KIRC;KIRP;LUAD;LUSC;PRAD,0,0,3,0.375,0.46614606609016074,0.43201995197298193,0.49486598071121685,0.8732862257721176,TRUE
MAOB,0.6,8,BRCA;COAD;KICH;KIRC;KIRP;LUAD;LUSC;PRAD,ENSG00000156860,FBRS,8,BRCA;COAD;KICH;KIRC;KIRP;LUAD;LUSC;PRAD,0,0,2,0.25,0.3140069468500573,0.32134732277969424,0.6575540110637362,0.9801911500009984,TRUE
MAOB,0.6,8,BRCA;COAD;KICH;KIRC;KIRP;LUAD;LUSC;PRAD,ENSG00000157020,SEC13,8,BRCA;COAD;KICH;KIRC;KIRP;LUAD;LUSC;PRAD,0,0,1,0.125,0.27727355861735004,0.2644745788986125,0.5753899279259199,0.8432058242022697,TRUE
MAOB,0.6,8,BRCA;COAD;KICH;KIRC;KIRP;LUAD;LUSC;PRAD,ENSG00000157593,SLC35B2,8,BRCA;COAD;KICH;KIRC;KIRP;LUAD;LUSC;PRAD,0,0,3,0.375,0.5372118653622968,0.4080779128186473,0.6113448624926217,0.976476166282134,TRUE
MAOB,0.6,8,BRCA;COAD;KICH;KIRC;KIRP;LUAD;LUSC;PRAD,ENSG00000158669,GPAT4,8,BRCA;COAD;KICH;KIRC;KIRP;LUAD;LUSC;PRAD,0,0,2,0.25,0.3459428844116519,0.40772009751337557,0.8405501406159,0.982155209084846,TRUE
MAOB,0.6,8,BRCA;COAD;KICH;KIRC;KIRP;LUAD;LUSC;PRAD,ENSG00000159348,CYB5R1,8,BRCA;COAD;KICH;KIRC;KIRP;LUAD;LUSC;PRAD,0,0,0,0,-0.17849127542443005,-0.07669321898137665,0.7709367150141737,0.9178926513762792,TRUE
MAOB,0.6,8,BRCA;COAD;KICH;KIRC;KIRP;LUAD;LUSC;PRAD,ENSG00000162729,IGSF8,8,BRCA;COAD;KICH;KIRC;KIRP;LUAD;LUSC;PRAD,1,0.125,1,0.125,0.2968311899017808,0.1680163379433529,0.49910997096556575,0.9605711425610672,TRUE
MAOB,0.6,8,BRCA;COAD;KICH;KIRC;KIRP;LUAD;LUSC;PRAD,ENSG00000163636,PSMD6,8,BRCA;COAD;KICH;KIRC;KIRP;LUAD;LUSC;PRAD,1,0.125,0,0,0.046963633939730215,-0.007945033001178953,0.5522530758681545,0.7603897391950281,TRUE
MAOB,0.6,8,BRCA;COAD;KICH;KIRC;KIRP;LUAD;LUSC;PRAD,ENSG00000163930,BAP1,8,BRCA;COAD;KICH;KIRC;KIRP;LUAD;LUSC;PRAD,0,0,1,0.125,0.08674835776868327,0.08783380050735087,0.43196413474647305,0.775191664228703,TRUE
MAOB,0.6,8,BRCA;COAD;KICH;KIRC;KIRP;LUAD;LUSC;PRAD,ENSG00000165801,ARHGEF40,8,BRCA;COAD;KICH;KIRC;KIRP;LUAD;LUSC;PRAD,4,0.5,0,0,-0.508791436046286,-0.5233876081677059,0.7710595096541725,0.9987353983467492,TRUE
MAOB,0.6,8,BRCA;COAD;KICH;KIRC;KIRP;LUAD;LUSC;PRAD,ENSG00000166197,NOLC1,8,BRCA;COAD;KICH;KIRC;KIRP;LUAD;LUSC;PRAD,0,0,4,0.5,0.5235162193454724,0.4254417798200186,0.6506917967794468,0.892432471608094,TRUE
MAOB,0.6,8,BRCA;COAD;KICH;KIRC;KIRP;LUAD;LUSC;PRAD,ENSG00000166226,CCT2,8,BRCA;COAD;KICH;KIRC;KIRP;LUAD;LUSC;PRAD,0,0,4,0.5,0.5328369327650283,0.519131263151906,0.4295873168201451,0.8625075173968418,TRUE
MAOB,0.6,8,BRCA;COAD;KICH;KIRC;KIRP;LUAD;LUSC;PRAD,ENSG00000166848,TERF2IP,8,BRCA;COAD;KICH;KIRC;KIRP;LUAD;LUSC;PRAD,0,0,0,0,-0.13384890121557141,-0.12764929420417742,0.565946429285165,0.8126661215849716,TRUE
MAOB,0.6,8,BRCA;COAD;KICH;KIRC;KIRP;LUAD;LUSC;PRAD,ENSG00000166987,MBD6,8,BRCA;COAD;KICH;KIRC;KIRP;LUAD;LUSC;PRAD,0,0,0,0,0.26771751867286125,0.24091292844533058,0.5692828566921695,0.8401094683164941,TRUE
MAOB,0.6,8,BRCA;COAD;KICH;KIRC;KIRP;LUAD;LUSC;PRAD,ENSG00000167110,GOLGA2,8,BRCA;COAD;KICH;KIRC;KIRP;LUAD;LUSC;PRAD,0,0,1,0.125,0.3135806252820298,0.2992890358918891,0.7489542048613551,0.8485565592813091,TRUE
MAOB,0.6,8,BRCA;COAD;KICH;KIRC;KIRP;LUAD;LUSC;PRAD,ENSG00000167778,SPRYD3,8,BRCA;COAD;KICH;KIRC;KIRP;LUAD;LUSC;PRAD,0,0,0,0,-0.16093034316809882,-0.09019383647118799,0.8614793766273506,0.9814167120692878,TRUE
MAOB,0.6,8,BRCA;COAD;KICH;KIRC;KIRP;LUAD;LUSC;PRAD,ENSG00000168488,ATXN2L,8,BRCA;COAD;KICH;KIRC;KIRP;LUAD;LUSC;PRAD,0,0,4,0.5,0.5768131858564565,0.6752268436429857,0.7414997985692238,0.8592520279686017,TRUE
MAOB,0.6,8,BRCA;COAD;KICH;KIRC;KIRP;LUAD;LUSC;PRAD,ENSG00000168958,MFF,8,BRCA;COAD;KICH;KIRC;KIRP;LUAD;LUSC;PRAD,0,0,0,0,-0.015515308663938878,0.01840384244293213,0.47569553236712026,0.8502990873949493,TRUE
MAOB,0.6,8,BRCA;COAD;KICH;KIRC;KIRP;LUAD;LUSC;PRAD,ENSG00000169439,SDC2,8,BRCA;COAD;KICH;KIRC;KIRP;LUAD;LUSC;PRAD,4,0.5,1,0.125,-0.5420713861843438,-0.368624847530569,0.5436637533308537,0.8746067162094626,TRUE
MAOB,0.6,8,BRCA;COAD;KICH;KIRC;KIRP;LUAD;LUSC;PRAD,ENSG00000170515,PA2G4,8,BRCA;COAD;KICH;KIRC;KIRP;LUAD;LUSC;PRAD,0,0,3,0.375,0.5142666695571958,0.579595949479115,0.6037463268956105,0.8011247871096957,TRUE
MAOB,0.6,8,BRCA;COAD;KICH;KIRC;KIRP;LUAD;LUSC;PRAD,ENSG00000173418,NAA20,8,BRCA;COAD;KICH;KIRC;KIRP;LUAD;LUSC;PRAD,0,0,3,0.375,0.18058143989708236,0.3709397414420331,0.5911004041694341,0.8522214342164097,TRUE
MAOB,0.6,8,BRCA;COAD;KICH;KIRC;KIRP;LUAD;LUSC;PRAD,ENSG00000174574,AKIRIN1,8,BRCA;COAD;KICH;KIRC;KIRP;LUAD;LUSC;PRAD,3,0.375,0,0,-0.3236155924647236,-0.4282605117854052,0.5847560842980892,0.9113746431418364,TRUE
MAOB,0.6,8,BRCA;COAD;KICH;KIRC;KIRP;LUAD;LUSC;PRAD,ENSG00000174780,SRP72,8,BRCA;COAD;KICH;KIRC;KIRP;LUAD;LUSC;PRAD,0,0,0,0,0.3523058532702249,0.3427023304632018,0.7801701289960692,1.0087373394032149,TRUE
MAOB,0.6,8,BRCA;COAD;KICH;KIRC;KIRP;LUAD;LUSC;PRAD,ENSG00000175756,AURKAIP1,8,BRCA;COAD;KICH;KIRC;KIRP;LUAD;LUSC;PRAD,0,0,0,0,0.1719868524714506,0.16694398785740144,0.6518991336106148,0.9963311404316112,TRUE
MAOB,0.6,8,BRCA;COAD;KICH;KIRC;KIRP;LUAD;LUSC;PRAD,ENSG00000177889,UBE2N,8,BRCA;COAD;KICH;KIRC;KIRP;LUAD;LUSC;PRAD,0,0,1,0.125,0.21007910491109758,0.1913151179813522,0.5675284090628556,0.8985994183888804,TRUE
MAOB,0.6,8,BRCA;COAD;KICH;KIRC;KIRP;LUAD;LUSC;PRAD,ENSG00000178927,CYBC1,8,BRCA;COAD;KICH;KIRC;KIRP;LUAD;LUSC;PRAD,0,0,4,0.5,0.6025666648348758,0.5245701493588606,0.7804486081304525,0.8986503322252454,TRUE
MAOB,0.6,8,BRCA;COAD;KICH;KIRC;KIRP;LUAD;LUSC;PRAD,ENSG00000179051,RCC2,8,BRCA;COAD;KICH;KIRC;KIRP;LUAD;LUSC;PRAD,0,0,4,0.5,0.7537144898769478,0.704884119629023,0.7548511613840366,0.9887411668168952,TRUE
MAOB,0.6,8,BRCA;COAD;KICH;KIRC;KIRP;LUAD;LUSC;PRAD,ENSG00000179222,MAGED1,8,BRCA;COAD;KICH;KIRC;KIRP;LUAD;LUSC;PRAD,0,0,3,0.375,0.37821538413096245,0.4232372877769759,0.603952322670206,0.9003033937177317,TRUE
MAOB,0.6,8,BRCA;COAD;KICH;KIRC;KIRP;LUAD;LUSC;PRAD,ENSG00000179526,SHARPIN,8,BRCA;COAD;KICH;KIRC;KIRP;LUAD;LUSC;PRAD,0,0,2,0.25,0.4373256761050648,0.49213349282007646,0.7508174544672884,1.0182102715116832,TRUE
MAOB,0.6,8,BRCA;COAD;KICH;KIRC;KIRP;LUAD;LUSC;PRAD,ENSG00000180398,MCFD2,8,BRCA;COAD;KICH;KIRC;KIRP;LUAD;LUSC;PRAD,0,0,0,0,0.04323028105545999,0.11973320213552632,0.5332560806047316,0.6128171653826984,TRUE
MAOB,0.6,8,BRCA;COAD;KICH;KIRC;KIRP;LUAD;LUSC;PRAD,ENSG00000183020,AP2A2,8,BRCA;COAD;KICH;KIRC;KIRP;LUAD;LUSC;PRAD,0,0,0,0,-0.2191383261448934,-0.2007602800182141,0.5361741407719621,0.8441143115775012,TRUE
MAOB,0.6,8,BRCA;COAD;KICH;KIRC;KIRP;LUAD;LUSC;PRAD,ENSG00000183864,TOB2,8,BRCA;COAD;KICH;KIRC;KIRP;LUAD;LUSC;PRAD,1,0.125,0,0,-0.32812620126422154,-0.35934775987353695,0.6360139721559634,0.8724734273010305,TRUE
MAOB,0.6,8,BRCA;COAD;KICH;KIRC;KIRP;LUAD;LUSC;PRAD,ENSG00000185122,HSF1,8,BRCA;COAD;KICH;KIRC;KIRP;LUAD;LUSC;PRAD,0,0,3,0.375,0.41526990025175187,0.5140741599979746,0.7786019424215018,0.9002059083858118,TRUE
MAOB,0.6,8,BRCA;COAD;KICH;KIRC;KIRP;LUAD;LUSC;PRAD,ENSG00000186660,ZFP91,8,BRCA;COAD;KICH;KIRC;KIRP;LUAD;LUSC;PRAD,1,0.125,1,0.125,0.1066939433228046,0.0664239165353273,0.649775797465021,0.915789449966704,TRUE
MAOB,0.6,8,BRCA;COAD;KICH;KIRC;KIRP;LUAD;LUSC;PRAD,ENSG00000186815,TPCN1,8,BRCA;COAD;KICH;KIRC;KIRP;LUAD;LUSC;PRAD,1,0.125,0,0,-0.27187033242479464,-0.3013605750848771,0.5651365088694198,0.8064884878301599,TRUE
MAOB,0.6,8,BRCA;COAD;KICH;KIRC;KIRP;LUAD;LUSC;PRAD,ENSG00000186918,ZNF395,8,BRCA;COAD;KICH;KIRC;KIRP;LUAD;LUSC;PRAD,1,0.125,1,0.125,0.028811730113402566,0.2382750111505516,0.8069962486583879,1.008114711274806,TRUE
MAOB,0.6,8,BRCA;COAD;KICH;KIRC;KIRP;LUAD;LUSC;PRAD,ENSG00000189077,TMEM120A,8,BRCA;COAD;KICH;KIRC;KIRP;LUAD;LUSC;PRAD,1,0.125,0,0,-0.04645062078730852,-0.18141929538376422,0.5674213858554363,0.8067392969436125,TRUE
MAOB,0.6,8,BRCA;COAD;KICH;KIRC;KIRP;LUAD;LUSC;PRAD,ENSG00000189241,TSPYL1,8,BRCA;COAD;KICH;KIRC;KIRP;LUAD;LUSC;PRAD,3,0.375,0,0,-0.43505294489320667,-0.46363050017467156,0.504716764214875,0.8864341664746065,TRUE
MAOB,0.6,8,BRCA;COAD;KICH;KIRC;KIRP;LUAD;LUSC;PRAD,ENSG00000196305,IARS1,8,BRCA;COAD;KICH;KIRC;KIRP;LUAD;LUSC;PRAD,0,0,4,0.5,0.4831142947925527,0.5479186476765174,0.6637975587310898,0.8171943222922533,TRUE
MAOB,0.6,8,BRCA;COAD;KICH;KIRC;KIRP;LUAD;LUSC;PRAD,ENSG00000196365,LONP1,8,BRCA;COAD;KICH;KIRC;KIRP;LUAD;LUSC;PRAD,0,0,3,0.375,0.418933892272879,0.5880845765862973,0.4971560650290379,0.8621505705203443,TRUE
MAOB,0.6,8,BRCA;COAD;KICH;KIRC;KIRP;LUAD;LUSC;PRAD,ENSG00000196704,AMZ2,8,BRCA;COAD;KICH;KIRC;KIRP;LUAD;LUSC;PRAD,0,0,3,0.375,0.497394442974068,0.4249216204421442,0.6548459170811277,0.915367626884957,TRUE
MAOB,0.6,8,BRCA;COAD;KICH;KIRC;KIRP;LUAD;LUSC;PRAD,ENSG00000198176,TFDP1,8,BRCA;COAD;KICH;KIRC;KIRP;LUAD;LUSC;PRAD,0,0,3,0.375,0.3008417088482964,0.3449404621407896,0.7081333950502398,0.8711526952729156,TRUE
MAOB,0.6,8,BRCA;COAD;KICH;KIRC;KIRP;LUAD;LUSC;PRAD,ENSG00000198612,COPS8,8,BRCA;COAD;KICH;KIRC;KIRP;LUAD;LUSC;PRAD,0,0,0,0,0.24308185553071077,0.1782086504636067,0.7496486641851071,0.91144920151604,TRUE
MAOB,0.6,8,BRCA;COAD;KICH;KIRC;KIRP;LUAD;LUSC;PRAD,ENSG00000198856,OSTC,8,BRCA;COAD;KICH;KIRC;KIRP;LUAD;LUSC;PRAD,0,0,4,0.5,0.4816113096915844,0.492611931300002,0.5912941590983383,0.8079177799459435,TRUE
MAOB,0.6,8,BRCA;COAD;KICH;KIRC;KIRP;LUAD;LUSC;PRAD,ENSG00000204356,NELFE,8,BRCA;COAD;KICH;KIRC;KIRP;LUAD;LUSC;PRAD,0,0,0,0,0.39663583839861827,0.23012317712944866,0.5013464439198717,0.6853064199378887,TRUE
MAOB,0.6,8,BRCA;COAD;KICH;KIRC;KIRP;LUAD;LUSC;PRAD,ENSG00000204394,VARS1,8,BRCA;COAD;KICH;KIRC;KIRP;LUAD;LUSC;PRAD,0,0,5,0.625,0.6674775834399722,0.7015152926598968,0.7266139071647609,0.9068793137732396,TRUE
MAOB,0.6,8,BRCA;COAD;KICH;KIRC;KIRP;LUAD;LUSC;PRAD,ENSG00000220205,VAMP2,8,BRCA;COAD;KICH;KIRC;KIRP;LUAD;LUSC;PRAD,7,0.875,0,0,-1.0168423887762659,-0.9579952440659892,0.6756565915852097,0.794611350372422,TRUE
MAOB,0.6,8,BRCA;COAD;KICH;KIRC;KIRP;LUAD;LUSC;PRAD,ENSG00000265354,TIMM23,8,BRCA;COAD;KICH;KIRC;KIRP;LUAD;LUSC;PRAD,0,0,3,0.375,0.2616449576311035,0.29344964689426795,0.7337642003143443,1.0242258387372944,TRUE
MAOB,0.7,9,BRCA;COAD;ESCA;KICH;KIRC;KIRP;LUAD;LUSC;PRAD,ENSG00000003056,M6PR,9,BRCA;COAD;ESCA;KICH;KIRC;KIRP;LUAD;LUSC;PRAD,0,0,0,0,0.2399520017641532,0.21574439494476683,0.716754042381833,0.8482888227292638,TRUE
MAOB,0.7,9,BRCA;COAD;ESCA;KICH;KIRC;KIRP;LUAD;LUSC;PRAD,ENSG00000004487,KDM1A,9,BRCA;COAD;ESCA;KICH;KIRC;KIRP;LUAD;LUSC;PRAD,0,0,3,0.3333333333333333,0.4475227242228756,0.40828750540102643,0.5844945561911798,0.9396079019100416,TRUE
MAOB,0.7,9,BRCA;COAD;ESCA;KICH;KIRC;KIRP;LUAD;LUSC;PRAD,ENSG00000019144,PHLDB1,9,BRCA;COAD;ESCA;KICH;KIRC;KIRP;LUAD;LUSC;PRAD,3,0.3333333333333333,0,0,-0.5486857227688378,-0.7051951862359728,0.7480155709288712,1.0051066422284065,TRUE
MAOB,0.7,9,BRCA;COAD;ESCA;KICH;KIRC;KIRP;LUAD;LUSC;PRAD,ENSG00000065150,IPO5,9,BRCA;COAD;ESCA;KICH;KIRC;KIRP;LUAD;LUSC;PRAD,0,0,1,0.1111111111111111,-0.09499169896646932,0.08782875460062245,0.6420613335774434,0.951283658686759,TRUE
MAOB,0.7,9,BRCA;COAD;ESCA;KICH;KIRC;KIRP;LUAD;LUSC;PRAD,ENSG00000066322,ELOVL1,9,BRCA;COAD;ESCA;KICH;KIRC;KIRP;LUAD;LUSC;PRAD,0,0,0,0,0.09062629254414184,0.06860836303875655,0.5898036290072263,0.9236855263433708,TRUE
MAOB,0.7,9,BRCA;COAD;ESCA;KICH;KIRC;KIRP;LUAD;LUSC;PRAD,ENSG00000082996,RNF13,9,BRCA;COAD;ESCA;KICH;KIRC;KIRP;LUAD;LUSC;PRAD,1,0.1111111111111111,0,0,-0.06256495275414045,-0.07990576692572007,0.657951738782966,1.0628718579591472,TRUE
MAOB,0.7,9,BRCA;COAD;ESCA;KICH;KIRC;KIRP;LUAD;LUSC;PRAD,ENSG00000087087,SRRT,9,BRCA;COAD;ESCA;KICH;KIRC;KIRP;LUAD;LUSC;PRAD,0,0,3,0.3333333333333333,0.4836951131907166,0.36106691723936646,0.6368652091126635,1.0336754971784157,TRUE
MAOB,0.7,9,BRCA;COAD;ESCA;KICH;KIRC;KIRP;LUAD;LUSC;PRAD,ENSG00000090013,BLVRB,9,BRCA;COAD;ESCA;KICH;KIRC;KIRP;LUAD;LUSC;PRAD,0,0,1,0.1111111111111111,-0.00135087511474925,0.08331478356944703,0.8095745559351678,0.9274419977144902,TRUE
MAOB,0.7,9,BRCA;COAD;ESCA;KICH;KIRC;KIRP;LUAD;LUSC;PRAD,ENSG00000090238,YPEL3,9,BRCA;COAD;ESCA;KICH;KIRC;KIRP;LUAD;LUSC;PRAD,1,0.1111111111111111,0,0,-0.1968309086720273,-0.2021436890976707,0.7854279022540882,1.117254756324887,TRUE
MAOB,0.7,9,BRCA;COAD;ESCA;KICH;KIRC;KIRP;LUAD;LUSC;PRAD,ENSG00000090372,STRN4,9,BRCA;COAD;ESCA;KICH;KIRC;KIRP;LUAD;LUSC;PRAD,0,0,0,0,0.3333932584801874,0.3700250951763571,0.6553213622810993,0.7748559420371577,TRUE
MAOB,0.7,9,BRCA;COAD;ESCA;KICH;KIRC;KIRP;LUAD;LUSC;PRAD,ENSG00000099864,PALM,9,BRCA;COAD;ESCA;KICH;KIRC;KIRP;LUAD;LUSC;PRAD,8,0.8888888888888888,0,0,-1.5241835458487305,-1.3598191502964367,0.6266192427024113,1.03202482857353,TRUE
MAOB,0.7,9,BRCA;COAD;ESCA;KICH;KIRC;KIRP;LUAD;LUSC;PRAD,ENSG00000100225,FBXO7,9,BRCA;COAD;ESCA;KICH;KIRC;KIRP;LUAD;LUSC;PRAD,0,0,1,0.1111111111111111,-0.16671641906788365,-0.12799068621454684,0.6448426426503859,1.0202540694421018,TRUE
MAOB,0.7,9,BRCA;COAD;ESCA;KICH;KIRC;KIRP;LUAD;LUSC;PRAD,ENSG00000100567,PSMA3,9,BRCA;COAD;ESCA;KICH;KIRC;KIRP;LUAD;LUSC;PRAD,0,0,2,0.2222222222222222,0.3462850443665534,0.3371206473142677,0.7009821150680795,0.8751308673228769,TRUE
MAOB,0.7,9,BRCA;COAD;ESCA;KICH;KIRC;KIRP;LUAD;LUSC;PRAD,ENSG00000100632,ERH,9,BRCA;COAD;ESCA;KICH;KIRC;KIRP;LUAD;LUSC;PRAD,0,0,4,0.4444444444444444,0.5549105620859635,0.43641703018284567,0.6704775463732809,0.955316981795769,TRUE
MAOB,0.7,9,BRCA;COAD;ESCA;KICH;KIRC;KIRP;LUAD;LUSC;PRAD,ENSG00000102038,SMARCA1,9,BRCA;COAD;ESCA;KICH;KIRC;KIRP;LUAD;LUSC;PRAD,3,0.3333333333333333,0,0,-0.47679711493181914,-0.39861676890158104,0.7593549001751743,0.9693861266222148,TRUE
MAOB,0.7,9,BRCA;COAD;ESCA;KICH;KIRC;KIRP;LUAD;LUSC;PRAD,ENSG00000104324,CPQ,9,BRCA;COAD;ESCA;KICH;KIRC;KIRP;LUAD;LUSC;PRAD,7,0.7777777777777778,1,0.1111111111111111,-0.6537832193180965,-0.6579402405497697,0.7604483512913801,1.043224123988037,TRUE
MAOB,0.7,9,BRCA;COAD;ESCA;KICH;KIRC;KIRP;LUAD;LUSC;PRAD,ENSG00000104812,GYS1,9,BRCA;COAD;ESCA;KICH;KIRC;KIRP;LUAD;LUSC;PRAD,0,0,3,0.3333333333333333,0.2553927118826592,0.3994494714300591,0.7034978086600057,0.8773321872459944,TRUE
MAOB,0.7,9,BRCA;COAD;ESCA;KICH;KIRC;KIRP;LUAD;LUSC;PRAD,ENSG00000106723,SPIN1,9,BRCA;COAD;ESCA;KICH;KIRC;KIRP;LUAD;LUSC;PRAD,0,0,0,0,-0.11080437955210644,-0.13230948950612414,0.8128499274520732,1.145677439644929,TRUE
MAOB,0.7,9,BRCA;COAD;ESCA;KICH;KIRC;KIRP;LUAD;LUSC;PRAD,ENSG00000107745,MICU1,9,BRCA;COAD;ESCA;KICH;KIRC;KIRP;LUAD;LUSC;PRAD,0,0,0,0,-0.11536176226373328,-0.10650590199736217,0.6065482280173917,1.146491004664029,TRUE
MAOB,0.7,9,BRCA;COAD;ESCA;KICH;KIRC;KIRP;LUAD;LUSC;PRAD,ENSG00000108509,CAMTA2,9,BRCA;COAD;ESCA;KICH;KIRC;KIRP;LUAD;LUSC;PRAD,3,0.3333333333333333,0,0,-0.4571023496684012,-0.3627498660117976,0.7747660719827835,0.9981765657359696,TRUE
MAOB,0.7,9,BRCA;COAD;ESCA;KICH;KIRC;KIRP;LUAD;LUSC;PRAD,ENSG00000108561,C1QBP,9,BRCA;COAD;ESCA;KICH;KIRC;KIRP;LUAD;LUSC;PRAD,0,0,4,0.4444444444444444,0.4700327026087649,0.3908260729568554,0.6247257813427344,0.9495062929582524,TRUE
MAOB,0.7,9,BRCA;COAD;ESCA;KICH;KIRC;KIRP;LUAD;LUSC;PRAD,ENSG00000108799,EZH1,9,BRCA;COAD;ESCA;KICH;KIRC;KIRP;LUAD;LUSC;PRAD,3,0.3333333333333333,0,0,-0.50054769027935,-0.5399506610381726,0.7371557973213955,0.8535604102463382,TRUE
MAOB,0.7,9,BRCA;COAD;ESCA;KICH;KIRC;KIRP;LUAD;LUSC;PRAD,ENSG00000108848,LUC7L3,9,BRCA;COAD;ESCA;KICH;KIRC;KIRP;LUAD;LUSC;PRAD,0,0,0,0,0.09366756516011798,0.056188280191113466,0.699052319419536,0.8723680258797043,TRUE
MAOB,0.7,9,BRCA;COAD;ESCA;KICH;KIRC;KIRP;LUAD;LUSC;PRAD,ENSG00000112983,BRD8,9,BRCA;COAD;ESCA;KICH;KIRC;KIRP;LUAD;LUSC;PRAD,0,0,0,0,0.08054433096649481,0.058957571775701406,0.7714219241127673,1.0066669865019922,TRUE
MAOB,0.7,9,BRCA;COAD;ESCA;KICH;KIRC;KIRP;LUAD;LUSC;PRAD,ENSG00000113758,DBN1,9,BRCA;COAD;ESCA;KICH;KIRC;KIRP;LUAD;LUSC;PRAD,1,0.1111111111111111,3,0.3333333333333333,0.37477153251066553,0.3478718771509489,0.8150962448092292,0.9140294795577136,TRUE
MAOB,0.7,9,BRCA;COAD;ESCA;KICH;KIRC;KIRP;LUAD;LUSC;PRAD,ENSG00000114686,MRPL3,9,BRCA;COAD;ESCA;KICH;KIRC;KIRP;LUAD;LUSC;PRAD,0,0,5,0.5555555555555556,0.6419929676139956,0.6233988882540572,0.7361306412776103,1.1520053997498096,TRUE
MAOB,0.7,9,BRCA;COAD;ESCA;KICH;KIRC;KIRP;LUAD;LUSC;PRAD,ENSG00000115685,PPP1R7,9,BRCA;COAD;ESCA;KICH;KIRC;KIRP;LUAD;LUSC;PRAD,0,0,0,0,-0.01066576015272721,-0.028653346459805776,0.5818269592262908,1.023156321712128,TRUE
MAOB,0.7,9,BRCA;COAD;ESCA;KICH;KIRC;KIRP;LUAD;LUSC;PRAD,ENSG00000115866,DARS1,9,BRCA;COAD;ESCA;KICH;KIRC;KIRP;LUAD;LUSC;PRAD,0,0,5,0.5555555555555556,0.5893024771559356,0.45706234727813994,0.4543146165298354,0.5957224539553275,TRUE
MAOB,0.7,9,BRCA;COAD;ESCA;KICH;KIRC;KIRP;LUAD;LUSC;PRAD,ENSG00000116898,MRPS15,9,BRCA;COAD;ESCA;KICH;KIRC;KIRP;LUAD;LUSC;PRAD,0,0,0,0,0.2333837956967639,0.2133817255297445,0.6319463412212472,0.9032145738004986,TRUE
MAOB,0.7,9,BRCA;COAD;ESCA;KICH;KIRC;KIRP;LUAD;LUSC;PRAD,ENSG00000119669,IRF2BPL,9,BRCA;COAD;ESCA;KICH;KIRC;KIRP;LUAD;LUSC;PRAD,2,0.2222222222222222,0,0,-0.189124209908474,-0.3100936427108431,0.8307769914029002,1.008775724093548,TRUE
MAOB,0.7,9,BRCA;COAD;ESCA;KICH;KIRC;KIRP;LUAD;LUSC;PRAD,ENSG00000122642,FKBP9,9,BRCA;COAD;ESCA;KICH;KIRC;KIRP;LUAD;LUSC;PRAD,0,0,1,0.1111111111111111,0.1956992244026728,0.23055983271990071,0.6274226142578139,0.8026331108369708,TRUE
MAOB,0.7,9,BRCA;COAD;ESCA;KICH;KIRC;KIRP;LUAD;LUSC;PRAD,ENSG00000123933,MXD4,9,BRCA;COAD;ESCA;KICH;KIRC;KIRP;LUAD;LUSC;PRAD,3,0.3333333333333333,0,0,-0.2570783700459461,-0.2488951091048003,0.5651348329137174,0.9288794056938844,TRUE
MAOB,0.7,9,BRCA;COAD;ESCA;KICH;KIRC;KIRP;LUAD;LUSC;PRAD,ENSG00000124181,PLCG1,9,BRCA;COAD;ESCA;KICH;KIRC;KIRP;LUAD;LUSC;PRAD,0,0,2,0.2222222222222222,0.26224590061057723,0.34629825548959675,0.8281982569404982,0.9801695167732912,TRUE
MAOB,0.7,9,BRCA;COAD;ESCA;KICH;KIRC;KIRP;LUAD;LUSC;PRAD,ENSG00000124207,CSE1L,9,BRCA;COAD;ESCA;KICH;KIRC;KIRP;LUAD;LUSC;PRAD,0,0,5,0.5555555555555556,0.7325175535487581,0.5760326387218098,0.7184114751554453,1.081078436054994,TRUE
MAOB,0.7,9,BRCA;COAD;ESCA;KICH;KIRC;KIRP;LUAD;LUSC;PRAD,ENSG00000124702,KLHDC3,9,BRCA;COAD;ESCA;KICH;KIRC;KIRP;LUAD;LUSC;PRAD,1,0.1111111111111111,0,0,-0.01767013343039008,-0.07992922018801278,0.6218432931807446,0.8800134129528895,TRUE
MAOB,0.7,9,BRCA;COAD;ESCA;KICH;KIRC;KIRP;LUAD;LUSC;PRAD,ENSG00000125977,EIF2S2,9,BRCA;COAD;ESCA;KICH;KIRC;KIRP;LUAD;LUSC;PRAD,0,0,2,0.2222222222222222,0.4773912080979643,0.4598509593911226,0.6255902182507403,0.7877279766118479,TRUE
MAOB,0.7,9,BRCA;COAD;ESCA;KICH;KIRC;KIRP;LUAD;LUSC;PRAD,ENSG00000126457,PRMT1,9,BRCA;COAD;ESCA;KICH;KIRC;KIRP;LUAD;LUSC;PRAD,0,0,3,0.3333333333333333,0.3323558776855374,0.5412267077360504,0.5983821136026422,0.884877450582402,TRUE
MAOB,0.7,9,BRCA;COAD;ESCA;KICH;KIRC;KIRP;LUAD;LUSC;PRAD,ENSG00000131669,NINJ1,9,BRCA;COAD;ESCA;KICH;KIRC;KIRP;LUAD;LUSC;PRAD,0,0,0,0,-0.00946406623007346,0.09637236758227907,0.6877293138465478,1.0427877088750368,TRUE
MAOB,0.7,9,BRCA;COAD;ESCA;KICH;KIRC;KIRP;LUAD;LUSC;PRAD,ENSG00000132153,DHX30,9,BRCA;COAD;ESCA;KICH;KIRC;KIRP;LUAD;LUSC;PRAD,0,0,1,0.1111111111111111,0.05728439813730122,0.10894153439922329,0.8320709993413314,1.1358755549063737,TRUE
MAOB,0.7,9,BRCA;COAD;ESCA;KICH;KIRC;KIRP;LUAD;LUSC;PRAD,ENSG00000137106,GRHPR,9,BRCA;COAD;ESCA;KICH;KIRC;KIRP;LUAD;LUSC;PRAD,3,0.3333333333333333,0,0,-0.0729182022445974,-0.20989275761021878,0.8259451589898313,1.1149076235592554,TRUE
MAOB,0.7,9,BRCA;COAD;ESCA;KICH;KIRC;KIRP;LUAD;LUSC;PRAD,ENSG00000138363,ATIC,9,BRCA;COAD;ESCA;KICH;KIRC;KIRP;LUAD;LUSC;PRAD,0,0,6,0.6666666666666666,0.9365450965795864,0.6251369935944988,0.6194631904864029,0.8247666052159239,TRUE
MAOB,0.7,9,BRCA;COAD;ESCA;KICH;KIRC;KIRP;LUAD;LUSC;PRAD,ENSG00000138385,SSB,9,BRCA;COAD;ESCA;KICH;KIRC;KIRP;LUAD;LUSC;PRAD,1,0.1111111111111111,3,0.3333333333333333,0.17683266544634016,0.19890803568258458,0.7189412860176748,1.012775229111298,TRUE
MAOB,0.7,9,BRCA;COAD;ESCA;KICH;KIRC;KIRP;LUAD;LUSC;PRAD,ENSG00000141985,SH3GL1,9,BRCA;COAD;ESCA;KICH;KIRC;KIRP;LUAD;LUSC;PRAD,0,0,5,0.5555555555555556,0.6056709349349964,0.529042681006356,0.7970120063009485,0.9953424968500882,TRUE
MAOB,0.7,9,BRCA;COAD;ESCA;KICH;KIRC;KIRP;LUAD;LUSC;PRAD,ENSG00000142188,TMEM50B,9,BRCA;COAD;ESCA;KICH;KIRC;KIRP;LUAD;LUSC;PRAD,5,0.5555555555555556,0,0,-0.7335676259256662,-0.6290344014166598,0.7284045959800977,0.8472401143211744,TRUE
MAOB,0.7,9,BRCA;COAD;ESCA;KICH;KIRC;KIRP;LUAD;LUSC;PRAD,ENSG00000143862,ARL8A,9,BRCA;COAD;ESCA;KICH;KIRC;KIRP;LUAD;LUSC;PRAD,0,0,0,0,0.07571174925753653,0.14156464406478747,0.8440745658109491,1.1432672959807764,TRUE
MAOB,0.7,9,BRCA;COAD;ESCA;KICH;KIRC;KIRP;LUAD;LUSC;PRAD,ENSG00000146729,NIPSNAP2,9,BRCA;COAD;ESCA;KICH;KIRC;KIRP;LUAD;LUSC;PRAD,1,0.1111111111111111,1,0.1111111111111111,0.07176285186192358,0.10690072465372573,0.4777107461967597,0.83933331011479,TRUE
MAOB,0.7,9,BRCA;COAD;ESCA;KICH;KIRC;KIRP;LUAD;LUSC;PRAD,ENSG00000146834,MEPCE,9,BRCA;COAD;ESCA;KICH;KIRC;KIRP;LUAD;LUSC;PRAD,0,0,1,0.1111111111111111,0.1542057460517525,0.19888650667857097,0.5708634544586637,1.0754226624380614,TRUE
MAOB,0.7,9,BRCA;COAD;ESCA;KICH;KIRC;KIRP;LUAD;LUSC;PRAD,ENSG00000149187,CELF1,9,BRCA;COAD;ESCA;KICH;KIRC;KIRP;LUAD;LUSC;PRAD,0,0,0,0,0.1657000006861403,0.1889869923677129,0.8622641016425538,1.096357376655273,TRUE
MAOB,0.7,9,BRCA;COAD;ESCA;KICH;KIRC;KIRP;LUAD;LUSC;PRAD,ENSG00000151348,EXT2,9,BRCA;COAD;ESCA;KICH;KIRC;KIRP;LUAD;LUSC;PRAD,0,0,0,0,0.1849192593633778,0.2147557868373437,0.7681361488368287,0.9390290111058074,TRUE
MAOB,0.7,9,BRCA;COAD;ESCA;KICH;KIRC;KIRP;LUAD;LUSC;PRAD,ENSG00000151929,BAG3,9,BRCA;COAD;ESCA;KICH;KIRC;KIRP;LUAD;LUSC;PRAD,0,0,0,0,-0.00535312054216607,-0.10703551432413172,0.6547750690130535,0.7763295382570302,TRUE
MAOB,0.7,9,BRCA;COAD;ESCA;KICH;KIRC;KIRP;LUAD;LUSC;PRAD,ENSG00000156261,CCT8,9,BRCA;COAD;ESCA;KICH;KIRC;KIRP;LUAD;LUSC;PRAD,0,0,3,0.3333333333333333,0.3701484265658409,0.40834734858106714,0.5542738177366389,1.029536513940015,TRUE
MAOB,0.7,9,BRCA;COAD;ESCA;KICH;KIRC;KIRP;LUAD;LUSC;PRAD,ENSG00000156860,FBRS,9,BRCA;COAD;ESCA;KICH;KIRC;KIRP;LUAD;LUSC;PRAD,0,0,2,0.2222222222222222,0.221287955076684,0.31022961525713755,0.6961771963578955,1.0051626787111705,TRUE
MAOB,0.7,9,BRCA;COAD;ESCA;KICH;KIRC;KIRP;LUAD;LUSC;PRAD,ENSG00000157020,SEC13,9,BRCA;COAD;ESCA;KICH;KIRC;KIRP;LUAD;LUSC;PRAD,0,0,1,0.1111111111111111,0.10896531843684452,0.238721166124501,0.6338833587558127,1.1018308053949544,TRUE
MAOB,0.7,9,BRCA;COAD;ESCA;KICH;KIRC;KIRP;LUAD;LUSC;PRAD,ENSG00000163636,PSMD6,9,BRCA;COAD;ESCA;KICH;KIRC;KIRP;LUAD;LUSC;PRAD,1,0.1111111111111111,0,0,0.04203521885932103,-0.023360472099835303,0.5697548782389049,0.7603897391950281,TRUE
MAOB,0.7,9,BRCA;COAD;ESCA;KICH;KIRC;KIRP;LUAD;LUSC;PRAD,ENSG00000163930,BAP1,9,BRCA;COAD;ESCA;KICH;KIRC;KIRP;LUAD;LUSC;PRAD,0,0,1,0.1111111111111111,0.03583943223894337,0.05666002036106261,0.5076451337436758,1.113093125721298,TRUE
MAOB,0.7,9,BRCA;COAD;ESCA;KICH;KIRC;KIRP;LUAD;LUSC;PRAD,ENSG00000166197,NOLC1,9,BRCA;COAD;ESCA;KICH;KIRC;KIRP;LUAD;LUSC;PRAD,0,0,4,0.4444444444444444,0.5547614570951549,0.43981063285058924,0.7045392153136786,1.1353185635875338,TRUE
MAOB,0.7,9,BRCA;COAD;ESCA;KICH;KIRC;KIRP;LUAD;LUSC;PRAD,ENSG00000166226,CCT2,9,BRCA;COAD;ESCA;KICH;KIRC;KIRP;LUAD;LUSC;PRAD,0,0,5,0.5555555555555556,0.6949855338015325,0.5471344684214634,0.464613229211244,0.8625075173968418,TRUE
MAOB,0.7,9,BRCA;COAD;ESCA;KICH;KIRC;KIRP;LUAD;LUSC;PRAD,ENSG00000166987,MBD6,9,BRCA;COAD;ESCA;KICH;KIRC;KIRP;LUAD;LUSC;PRAD,0,0,0,0,0.25862805629831825,0.24288127598455142,0.628997481253791,1.1067144777467628,TRUE
MAOB,0.7,9,BRCA;COAD;ESCA;KICH;KIRC;KIRP;LUAD;LUSC;PRAD,ENSG00000167778,SPRYD3,9,BRCA;COAD;ESCA;KICH;KIRC;KIRP;LUAD;LUSC;PRAD,1,0.1111111111111111,0,0,-0.23914217302368312,-0.17400034621558533,0.8521664080521557,0.9814167120692878,TRUE
MAOB,0.7,9,BRCA;COAD;ESCA;KICH;KIRC;KIRP;LUAD;LUSC;PRAD,ENSG00000168958,MFF,9,BRCA;COAD;ESCA;KICH;KIRC;KIRP;LUAD;LUSC;PRAD,0,0,0,0,0.01584239622392413,0.02122030310776031,0.5006102768189785,0.8502990873949493,TRUE
MAOB,0.7,9,BRCA;COAD;ESCA;KICH;KIRC;KIRP;LUAD;LUSC;PRAD,ENSG00000169439,SDC2,9,BRCA;COAD;ESCA;KICH;KIRC;KIRP;LUAD;LUSC;PRAD,5,0.5555555555555556,1,0.1111111111111111,-0.6266973638144793,-0.39781719908502916,0.5435269749098399,0.8746067162094626,TRUE
MAOB,0.7,9,BRCA;COAD;ESCA;KICH;KIRC;KIRP;LUAD;LUSC;PRAD,ENSG00000170515,PA2G4,9,BRCA;COAD;ESCA;KICH;KIRC;KIRP;LUAD;LUSC;PRAD,0,0,4,0.4444444444444444,0.5401912454602918,0.5825220198501317,0.6367947845339968,0.901182445641088,TRUE
MAOB,0.7,9,BRCA;COAD;ESCA;KICH;KIRC;KIRP;LUAD;LUSC;PRAD,ENSG00000174574,AKIRIN1,9,BRCA;COAD;ESCA;KICH;KIRC;KIRP;LUAD;LUSC;PRAD,3,0.3333333333333333,0,0,-0.25938395338818826,-0.397819940705758,0.5847477184110984,0.9113746431418364,TRUE
MAOB,0.7,9,BRCA;COAD;ESCA;KICH;KIRC;KIRP;LUAD;LUSC;PRAD,ENSG00000175756,AURKAIP1,9,BRCA;COAD;ESCA;KICH;KIRC;KIRP;LUAD;LUSC;PRAD,0,0,0,0,0.16607930345617689,0.12568736345578466,0.6722225767404204,0.9963311404316112,TRUE
MAOB,0.7,9,BRCA;COAD;ESCA;KICH;KIRC;KIRP;LUAD;LUSC;PRAD,ENSG00000177889,UBE2N,9,BRCA;COAD;ESCA;KICH;KIRC;KIRP;LUAD;LUSC;PRAD,0,0,1,0.1111111111111111,0.2737216835103424,0.2004714030401289,0.630079251076867,1.130485987188958,TRUE
MAOB,0.7,9,BRCA;COAD;ESCA;KICH;KIRC;KIRP;LUAD;LUSC;PRAD,ENSG00000179526,SHARPIN,9,BRCA;COAD;ESCA;KICH;KIRC;KIRP;LUAD;LUSC;PRAD,0,0,2,0.2222222222222222,0.387665652500367,0.42656175026417126,0.7539463545646107,1.0182102715116832,TRUE
MAOB,0.7,9,BRCA;COAD;ESCA;KICH;KIRC;KIRP;LUAD;LUSC;PRAD,ENSG00000180398,MCFD2,9,BRCA;COAD;ESCA;KICH;KIRC;KIRP;LUAD;LUSC;PRAD,0,0,0,0,-0.0116560351821031,0.09567787115624177,0.5910305029107205,1.0532258813586317,TRUE
MAOB,0.7,9,BRCA;COAD;ESCA;KICH;KIRC;KIRP;LUAD;LUSC;PRAD,ENSG00000183020,AP2A2,9,BRCA;COAD;ESCA;KICH;KIRC;KIRP;LUAD;LUSC;PRAD,0,0,0,0,-0.31018663976699723,-0.21313951558222036,0.5887435043332937,1.0092984128239462,TRUE
MAOB,0.7,9,BRCA;COAD;ESCA;KICH;KIRC;KIRP;LUAD;LUSC;PRAD,ENSG00000183864,TOB2,9,BRCA;COAD;ESCA;KICH;KIRC;KIRP;LUAD;LUSC;PRAD,1,0.1111111111111111,0,0,-0.3407120566066822,-0.37343969737768085,0.6537690693074403,0.8724734273010305,TRUE
MAOB,0.7,9,BRCA;COAD;ESCA;KICH;KIRC;KIRP;LUAD;LUSC;PRAD,ENSG00000185122,HSF1,9,BRCA;COAD;ESCA;KICH;KIRC;KIRP;LUAD;LUSC;PRAD,0,0,3,0.3333333333333333,0.4061420116474772,0.46281513467518365,0.7812264645910413,0.9002059083858118,TRUE
MAOB,0.7,9,BRCA;COAD;ESCA;KICH;KIRC;KIRP;LUAD;LUSC;PRAD,ENSG00000186660,ZFP91,9,BRCA;COAD;ESCA;KICH;KIRC;KIRP;LUAD;LUSC;PRAD,1,0.1111111111111111,1,0.1111111111111111,0.1531237585953729,0.0760572323197768,0.6725173477528235,0.915789449966704,TRUE
MAOB,0.7,9,BRCA;COAD;ESCA;KICH;KIRC;KIRP;LUAD;LUSC;PRAD,ENSG00000186815,TPCN1,9,BRCA;COAD;ESCA;KICH;KIRC;KIRP;LUAD;LUSC;PRAD,1,0.1111111111111111,0,0,-0.2396325286723576,-0.2661576564882788,0.6096184057296526,0.9654735806115154,TRUE
MAOB,0.7,9,BRCA;COAD;ESCA;KICH;KIRC;KIRP;LUAD;LUSC;PRAD,ENSG00000186918,ZNF395,9,BRCA;COAD;ESCA;KICH;KIRC;KIRP;LUAD;LUSC;PRAD,1,0.1111111111111111,1,0.1111111111111111,-0.0713018470737131,0.1792401967910512,0.8017289900342612,1.008114711274806,TRUE
MAOB,0.7,9,BRCA;COAD;ESCA;KICH;KIRC;KIRP;LUAD;LUSC;PRAD,ENSG00000189077,TMEM120A,9,BRCA;COAD;ESCA;KICH;KIRC;KIRP;LUAD;LUSC;PRAD,1,0.1111111111111111,0,0,-0.05387399315730245,-0.18965845856856725,0.6325462503695017,1.1535451664820242,TRUE
MAOB,0.7,9,BRCA;COAD;ESCA;KICH;KIRC;KIRP;LUAD;LUSC;PRAD,ENSG00000189241,TSPYL1,9,BRCA;COAD;ESCA;KICH;KIRC;KIRP;LUAD;LUSC;PRAD,4,0.4444444444444444,0,0,-0.4373683993275925,-0.47815241398967906,0.5546052026963693,0.9537127105483234,TRUE
MAOB,0.7,9,BRCA;COAD;ESCA;KICH;KIRC;KIRP;LUAD;LUSC;PRAD,ENSG00000196365,LONP1,9,BRCA;COAD;ESCA;KICH;KIRC;KIRP;LUAD;LUSC;PRAD,0,0,3,0.3333333333333333,0.36522275063068743,0.5276140846722897,0.563951302156146,1.0983131991730104,TRUE
MAOB,0.7,9,BRCA;COAD;ESCA;KICH;KIRC;KIRP;LUAD;LUSC;PRAD,ENSG00000196704,AMZ2,9,BRCA;COAD;ESCA;KICH;KIRC;KIRP;LUAD;LUSC;PRAD,0,0,3,0.3333333333333333,0.4283777202291013,0.3985627954928825,0.6996866990801355,1.058412955072198,TRUE
MAOB,0.7,9,BRCA;COAD;ESCA;KICH;KIRC;KIRP;LUAD;LUSC;PRAD,ENSG00000198612,COPS8,9,BRCA;COAD;ESCA;KICH;KIRC;KIRP;LUAD;LUSC;PRAD,0,0,0,0,0.1458233723164784,0.17461028622503688,0.7862521764563869,1.0790802746266246,TRUE
MAOB,0.7,9,BRCA;COAD;ESCA;KICH;KIRC;KIRP;LUAD;LUSC;PRAD,ENSG00000204356,NELFE,9,BRCA;COAD;ESCA;KICH;KIRC;KIRP;LUAD;LUSC;PRAD,0,0,0,0,0.3810443460081299,0.21962381531310457,0.5568790461199155,1.0011398637202658,TRUE
MAOB,0.7,9,BRCA;COAD;ESCA;KICH;KIRC;KIRP;LUAD;LUSC;PRAD,ENSG00000265354,TIMM23,9,BRCA;COAD;ESCA;KICH;KIRC;KIRP;LUAD;LUSC;PRAD,0,0,3,0.3333333333333333,0.10704159898297468,0.2727376415707909,0.7549891050290692,1.0242258387372944,TRUE
MAOB,0.8,10,BRCA;COAD;ESCA;KICH;KIRC;KIRP;LUAD;LUSC;PRAD;STAD,ENSG00000004487,KDM1A,10,BRCA;COAD;ESCA;KICH;KIRC;KIRP;LUAD;LUSC;PRAD;STAD,0,0,3,0.3,0.41468854256149745,0.4056441909509357,0.6301708206378519,1.0412572006579008,TRUE
MAOB,0.8,10,BRCA;COAD;ESCA;KICH;KIRC;KIRP;LUAD;LUSC;PRAD;STAD,ENSG00000019144,PHLDB1,10,BRCA;COAD;ESCA;KICH;KIRC;KIRP;LUAD;LUSC;PRAD;STAD,3,0.3,0,0,-0.522058607897599,-0.6430206812567993,0.7314631222670859,1.0051066422284065,TRUE
MAOB,0.8,10,BRCA;COAD;ESCA;KICH;KIRC;KIRP;LUAD;LUSC;PRAD;STAD,ENSG00000082996,RNF13,10,BRCA;COAD;ESCA;KICH;KIRC;KIRP;LUAD;LUSC;PRAD;STAD,1,0.1,0,0,-0.07206980693291874,-0.08279481347925641,0.6798909178734672,1.0628718579591472,TRUE
MAOB,0.8,10,BRCA;COAD;ESCA;KICH;KIRC;KIRP;LUAD;LUSC;PRAD;STAD,ENSG00000090238,YPEL3,10,BRCA;COAD;ESCA;KICH;KIRC;KIRP;LUAD;LUSC;PRAD;STAD,1,0.1,0,0,-0.23184517827028525,-0.22652112682870848,0.8014517313425294,1.117254756324887,TRUE
MAOB,0.8,10,BRCA;COAD;ESCA;KICH;KIRC;KIRP;LUAD;LUSC;PRAD;STAD,ENSG00000090372,STRN4,10,BRCA;COAD;ESCA;KICH;KIRC;KIRP;LUAD;LUSC;PRAD;STAD,0,0,0,0,0.35786973701651364,0.37558057857632365,0.700361551062817,1.105723250098276,TRUE
MAOB,0.8,10,BRCA;COAD;ESCA;KICH;KIRC;KIRP;LUAD;LUSC;PRAD;STAD,ENSG00000099864,PALM,10,BRCA;COAD;ESCA;KICH;KIRC;KIRP;LUAD;LUSC;PRAD;STAD,9,0.9,0,0,-1.4369962391041038,-1.329465763791663,0.6724910719061347,1.0853375347396454,TRUE
MAOB,0.8,10,BRCA;COAD;ESCA;KICH;KIRC;KIRP;LUAD;LUSC;PRAD;STAD,ENSG00000102038,SMARCA1,10,BRCA;COAD;ESCA;KICH;KIRC;KIRP;LUAD;LUSC;PRAD;STAD,4,0.4,0,0,-0.5288756750945905,-0.4504915895585189,0.7888701946097273,1.054507844520705,TRUE
MAOB,0.8,10,BRCA;COAD;ESCA;KICH;KIRC;KIRP;LUAD;LUSC;PRAD;STAD,ENSG00000104812,GYS1,10,BRCA;COAD;ESCA;KICH;KIRC;KIRP;LUAD;LUSC;PRAD;STAD,0,0,3,0.3,0.21375725783052227,0.34471285828615883,0.7437682664021783,1.1062023860817327,TRUE
MAOB,0.8,10,BRCA;COAD;ESCA;KICH;KIRC;KIRP;LUAD;LUSC;PRAD;STAD,ENSG00000106723,SPIN1,10,BRCA;COAD;ESCA;KICH;KIRC;KIRP;LUAD;LUSC;PRAD;STAD,0,0,0,0,-0.09905057115473043,-0.11789999995960053,0.8184565199357269,1.145677439644929,TRUE
MAOB,0.8,10,BRCA;COAD;ESCA;KICH;KIRC;KIRP;LUAD;LUSC;PRAD;STAD,ENSG00000108509,CAMTA2,10,BRCA;COAD;ESCA;KICH;KIRC;KIRP;LUAD;LUSC;PRAD;STAD,3,0.3,0,0,-0.44461270094898847,-0.3696871846335754,0.8033069677887019,1.0601750300419686,TRUE
MAOB,0.8,10,BRCA;COAD;ESCA;KICH;KIRC;KIRP;LUAD;LUSC;PRAD;STAD,ENSG00000108799,EZH1,10,BRCA;COAD;ESCA;KICH;KIRC;KIRP;LUAD;LUSC;PRAD;STAD,4,0.4,0,0,-0.5237930354424962,-0.5619293288500077,0.7444146785690933,0.8535604102463382,TRUE
MAOB,0.8,10,BRCA;COAD;ESCA;KICH;KIRC;KIRP;LUAD;LUSC;PRAD;STAD,ENSG00000112983,BRD8,10,BRCA;COAD;ESCA;KICH;KIRC;KIRP;LUAD;LUSC;PRAD;STAD,0,0,0,0,0.07029505998753492,0.059066393498988776,0.805465143616078,1.1118541191458735,TRUE
MAOB,0.8,10,BRCA;COAD;ESCA;KICH;KIRC;KIRP;LUAD;LUSC;PRAD;STAD,ENSG00000115685,PPP1R7,10,BRCA;COAD;ESCA;KICH;KIRC;KIRP;LUAD;LUSC;PRAD;STAD,0,0,0,0,-0.02391995279719111,-0.0461068065999774,0.6148207129914003,1.023156321712128,TRUE
MAOB,0.8,10,BRCA;COAD;ESCA;KICH;KIRC;KIRP;LUAD;LUSC;PRAD;STAD,ENSG00000115866,DARS1,10,BRCA;COAD;ESCA;KICH;KIRC;KIRP;LUAD;LUSC;PRAD;STAD,0,0,5,0.5,0.410601143546538,0.4213212279745682,0.5140937736166685,1.0521061873981663,TRUE
MAOB,0.8,10,BRCA;COAD;ESCA;KICH;KIRC;KIRP;LUAD;LUSC;PRAD;STAD,ENSG00000119669,IRF2BPL,10,BRCA;COAD;ESCA;KICH;KIRC;KIRP;LUAD;LUSC;PRAD;STAD,2,0.2,0,0,-0.19192721536145582,-0.3254952940473561,0.835629527956754,1.008775724093548,TRUE
MAOB,0.8,10,BRCA;COAD;ESCA;KICH;KIRC;KIRP;LUAD;LUSC;PRAD;STAD,ENSG00000124181,PLCG1,10,BRCA;COAD;ESCA;KICH;KIRC;KIRP;LUAD;LUSC;PRAD;STAD,0,0,2,0.2,0.28476932457455073,0.3423977047944895,0.8220604050759674,0.9801695167732912,TRUE
MAOB,0.8,10,BRCA;COAD;ESCA;KICH;KIRC;KIRP;LUAD;LUSC;PRAD;STAD,ENSG00000124207,CSE1L,10,BRCA;COAD;ESCA;KICH;KIRC;KIRP;LUAD;LUSC;PRAD;STAD,0,0,6,0.6,0.765892067247175,0.6017338202616833,0.7428394178535285,1.081078436054994,TRUE
MAOB,0.8,10,BRCA;COAD;ESCA;KICH;KIRC;KIRP;LUAD;LUSC;PRAD;STAD,ENSG00000126457,PRMT1,10,BRCA;COAD;ESCA;KICH;KIRC;KIRP;LUAD;LUSC;PRAD;STAD,0,0,3,0.3,0.36246826479968147,0.5331471590760207,0.6260415325024166,0.884877450582402,TRUE
MAOB,0.8,10,BRCA;COAD;ESCA;KICH;KIRC;KIRP;LUAD;LUSC;PRAD;STAD,ENSG00000131669,NINJ1,10,BRCA;COAD;ESCA;KICH;KIRC;KIRP;LUAD;LUSC;PRAD;STAD,0,0,0,0,-0.004565865862726736,0.08676836427451315,0.6898817531669778,1.0427877088750368,TRUE
MAOB,0.8,10,BRCA;COAD;ESCA;KICH;KIRC;KIRP;LUAD;LUSC;PRAD;STAD,ENSG00000132153,DHX30,10,BRCA;COAD;ESCA;KICH;KIRC;KIRP;LUAD;LUSC;PRAD;STAD,0,0,1,0.1,0.11520185175810724,0.1275201196825062,0.8523195156903252,1.1358755549063737,TRUE
MAOB,0.8,10,BRCA;COAD;ESCA;KICH;KIRC;KIRP;LUAD;LUSC;PRAD;STAD,ENSG00000138363,ATIC,10,BRCA;COAD;ESCA;KICH;KIRC;KIRP;LUAD;LUSC;PRAD;STAD,0,0,7,0.7,0.8825721928982754,0.6454832231567453,0.6649177642559075,1.074008928181449,TRUE
MAOB,0.8,10,BRCA;COAD;ESCA;KICH;KIRC;KIRP;LUAD;LUSC;PRAD;STAD,ENSG00000138385,SSB,10,BRCA;COAD;ESCA;KICH;KIRC;KIRP;LUAD;LUSC;PRAD;STAD,1,0.1,3,0.3,0.2920805866102154,0.22582149194454754,0.7348598362893639,1.012775229111298,TRUE
MAOB,0.8,10,BRCA;COAD;ESCA;KICH;KIRC;KIRP;LUAD;LUSC;PRAD;STAD,ENSG00000141985,SH3GL1,10,BRCA;COAD;ESCA;KICH;KIRC;KIRP;LUAD;LUSC;PRAD;STAD,0,0,5,0.5,0.561346317677023,0.4792211978431732,0.8084826220453297,0.9953424968500882,TRUE
MAOB,0.8,10,BRCA;COAD;ESCA;KICH;KIRC;KIRP;LUAD;LUSC;PRAD;STAD,ENSG00000143862,ARL8A,10,BRCA;COAD;ESCA;KICH;KIRC;KIRP;LUAD;LUSC;PRAD;STAD,0,0,0,0,0.08539095373546843,0.14205276928214147,0.8514268996859059,1.1432672959807764,TRUE
MAOB,0.8,10,BRCA;COAD;ESCA;KICH;KIRC;KIRP;LUAD;LUSC;PRAD;STAD,ENSG00000146834,MEPCE,10,BRCA;COAD;ESCA;KICH;KIRC;KIRP;LUAD;LUSC;PRAD;STAD,0,0,1,0.1,0.15656794112397887,0.19699954504895958,0.5949310330913941,1.0754226624380614,TRUE
MAOB,0.8,10,BRCA;COAD;ESCA;KICH;KIRC;KIRP;LUAD;LUSC;PRAD;STAD,ENSG00000149187,CELF1,10,BRCA;COAD;ESCA;KICH;KIRC;KIRP;LUAD;LUSC;PRAD;STAD,0,0,0,0,0.1660610132083203,0.18673049570399164,0.8721404594475706,1.096357376655273,TRUE
MAOB,0.8,10,BRCA;COAD;ESCA;KICH;KIRC;KIRP;LUAD;LUSC;PRAD;STAD,ENSG00000151348,EXT2,10,BRCA;COAD;ESCA;KICH;KIRC;KIRP;LUAD;LUSC;PRAD;STAD,0,0,0,0,0.18006229890556852,0.20069874957249992,0.7853233939805214,0.9400086002737568,TRUE
MAOB,0.8,10,BRCA;COAD;ESCA;KICH;KIRC;KIRP;LUAD;LUSC;PRAD;STAD,ENSG00000156860,FBRS,10,BRCA;COAD;ESCA;KICH;KIRC;KIRP;LUAD;LUSC;PRAD;STAD,0,0,2,0.2,0.21027061184770085,0.2991319805932956,0.7326232835389237,1.0606380681681775,TRUE
MAOB,0.8,10,BRCA;COAD;ESCA;KICH;KIRC;KIRP;LUAD;LUSC;PRAD;STAD,ENSG00000163930,BAP1,10,BRCA;COAD;ESCA;KICH;KIRC;KIRP;LUAD;LUSC;PRAD;STAD,0,0,1,0.1,0.05200868461636268,0.057811812024334545,0.5527630611358599,1.113093125721298,TRUE
MAOB,0.8,10,BRCA;COAD;ESCA;KICH;KIRC;KIRP;LUAD;LUSC;PRAD;STAD,ENSG00000166197,NOLC1,10,BRCA;COAD;ESCA;KICH;KIRC;KIRP;LUAD;LUSC;PRAD;STAD,0,0,5,0.5,0.6057059646309672,0.4662641409542669,0.7332848857354312,1.1353185635875338,TRUE
MAOB,0.8,10,BRCA;COAD;ESCA;KICH;KIRC;KIRP;LUAD;LUSC;PRAD;STAD,ENSG00000168958,MFF,10,BRCA;COAD;ESCA;KICH;KIRC;KIRP;LUAD;LUSC;PRAD;STAD,0,0,0,0,-0.015515308663938878,0.0134888383275549,0.5356651617101224,0.8511591257304165,TRUE
MAOB,0.8,10,BRCA;COAD;ESCA;KICH;KIRC;KIRP;LUAD;LUSC;PRAD;STAD,ENSG00000169439,SDC2,10,BRCA;COAD;ESCA;KICH;KIRC;KIRP;LUAD;LUSC;PRAD;STAD,6,0.6,1,0.1,-0.6290266876675947,-0.4291015741203368,0.5621044288531195,0.8746067162094626,TRUE
MAOB,0.8,10,BRCA;COAD;ESCA;KICH;KIRC;KIRP;LUAD;LUSC;PRAD;STAD,ENSG00000177889,UBE2N,10,BRCA;COAD;ESCA;KICH;KIRC;KIRP;LUAD;LUSC;PRAD;STAD,0,0,1,0.1,0.19737485162088145,0.1914644737413426,0.637076661571035,1.130485987188958,TRUE
MAOB,0.8,10,BRCA;COAD;ESCA;KICH;KIRC;KIRP;LUAD;LUSC;PRAD;STAD,ENSG00000180398,MCFD2,10,BRCA;COAD;ESCA;KICH;KIRC;KIRP;LUAD;LUSC;PRAD;STAD,0,0,0,0,-0.054210405930068914,0.06006208341291027,0.6156155607664612,1.0532258813586317,TRUE
MAOB,0.8,10,BRCA;COAD;ESCA;KICH;KIRC;KIRP;LUAD;LUSC;PRAD;STAD,ENSG00000183020,AP2A2,10,BRCA;COAD;ESCA;KICH;KIRC;KIRP;LUAD;LUSC;PRAD;STAD,0,0,0,0,-0.2191383261448934,-0.18656092599152838,0.6116235156186309,1.0092984128239462,TRUE
MAOB,0.8,10,BRCA;COAD;ESCA;KICH;KIRC;KIRP;LUAD;LUSC;PRAD;STAD,ENSG00000186660,ZFP91,10,BRCA;COAD;ESCA;KICH;KIRC;KIRP;LUAD;LUSC;PRAD;STAD,1,0.1,1,0.1,0.10544214430919788,0.07281942184851248,0.674662582947627,0.915789449966704,TRUE
MAOB,0.8,10,BRCA;COAD;ESCA;KICH;KIRC;KIRP;LUAD;LUSC;PRAD;STAD,ENSG00000186815,TPCN1,10,BRCA;COAD;ESCA;KICH;KIRC;KIRP;LUAD;LUSC;PRAD;STAD,1,0.1,0,0,-0.12815387970858935,-0.23859433486519982,0.5883117694712321,0.9654735806115154,TRUE
MAOB,0.8,10,BRCA;COAD;ESCA;KICH;KIRC;KIRP;LUAD;LUSC;PRAD;STAD,ENSG00000196365,LONP1,10,BRCA;COAD;ESCA;KICH;KIRC;KIRP;LUAD;LUSC;PRAD;STAD,0,0,3,0.3,0.36757343074586624,0.5118450872911652,0.616999191622345,1.0983131991730104,TRUE
MAOB,0.8,10,BRCA;COAD;ESCA;KICH;KIRC;KIRP;LUAD;LUSC;PRAD;STAD,ENSG00000196704,AMZ2,10,BRCA;COAD;ESCA;KICH;KIRC;KIRP;LUAD;LUSC;PRAD;STAD,0,0,3,0.3,0.4097588836373739,0.33647097646243956,0.6936354811598285,1.058412955072198,TRUE
MAOB,0.8,10,BRCA;COAD;ESCA;KICH;KIRC;KIRP;LUAD;LUSC;PRAD;STAD,ENSG00000198612,COPS8,10,BRCA;COAD;ESCA;KICH;KIRC;KIRP;LUAD;LUSC;PRAD;STAD,0,0,0,0,0.12626167912896258,0.16254006834078022,0.7595160506262743,1.0790802746266246,TRUE
MAOB,0.9,11,BRCA;COAD;ESCA;KICH;KIRC;KIRP;LIHC;LUAD;LUSC;PRAD;STAD,ENSG00000102038,SMARCA1,11,BRCA;COAD;ESCA;KICH;KIRC;KIRP;LIHC;LUAD;LUSC;PRAD;STAD,4,0.36363636363636365,0,0,-0.5211635430384505,-0.45691631260214904,0.8554625416689762,1.5213860122614653,TRUE
MAOB,0.9,11,BRCA;COAD;ESCA;KICH;KIRC;KIRP;LIHC;LUAD;LUSC;PRAD;STAD,ENSG00000131669,NINJ1,11,BRCA;COAD;ESCA;KICH;KIRC;KIRP;LIHC;LUAD;LUSC;PRAD;STAD,0,0,0,0,3.3233450461998707e-4,0.08162826331512095,0.7386690080098499,1.226541556438571,TRUE
MAOB,0.9,11,BRCA;COAD;ESCA;KICH;KIRC;KIRP;LIHC;LUAD;LUSC;PRAD;STAD,ENSG00000149187,CELF1,11,BRCA;COAD;ESCA;KICH;KIRC;KIRP;LIHC;LUAD;LUSC;PRAD;STAD,0,0,0,0,0.1657000006861403,0.14261779784540085,0.9300460650951021,1.509102121570418,TRUE
MAOB,0.9,11,BRCA;COAD;ESCA;KICH;KIRC;KIRP;LIHC;LUAD;LUSC;PRAD;STAD,ENSG00000169439,SDC2,11,BRCA;COAD;ESCA;KICH;KIRC;KIRP;LIHC;LUAD;LUSC;PRAD;STAD,6,0.5454545454545454,1,0.09090909090909091,-0.6266973638144793,-0.3996610422638728,0.5445605473601256,0.8746067162094626,TRUE
MAOB,0.9,11,BRCA;COAD;ESCA;KICH;KIRC;KIRP;LIHC;LUAD;LUSC;PRAD;STAD,ENSG00000180398,MCFD2,11,BRCA;COAD;ESCA;KICH;KIRC;KIRP;LIHC;LUAD;LUSC;PRAD;STAD,0,0,0,0,-0.08366687312465469,0.046995814636767996,0.6547966964235498,1.0532258813586317,TRUE
MAOB,0.9,11,BRCA;COAD;ESCA;KICH;KIRC;KIRP;LIHC;LUAD;LUSC;PRAD;STAD,ENSG00000196365,LONP1,11,BRCA;COAD;ESCA;KICH;KIRC;KIRP;LIHC;LUAD;LUSC;PRAD;STAD,0,0,3,0.2727272727272727,0.36522275063068743,0.4743511234452411,0.6608568176692293,1.099433078138074,TRUE
CYP3A4,0.5,4,BRCA;KICH;KIRC;KIRP,ENSG00000005471,ABCB4,4,BRCA;KICH;KIRC;KIRP,1,0.25,2,0.5,1.0543517153781827,0.7246721034335109,0.9438948466732073,0.9745462473263352,TRUE
CYP3A4,0.5,4,BRCA;KICH;KIRC;KIRP,ENSG00000005981,ASB4,4,BRCA;KICH;KIRC;KIRP,4,1,0,0,-2.349677720268385,-2.285403300672476,0.7044734430527341,0.9130262902731862,TRUE
CYP3A4,0.5,4,BRCA;KICH;KIRC;KIRP,ENSG00000011590,ZBTB32,4,BRCA;KICH;KIRC;KIRP,0,0,2,0.5,0.5761202730110546,0.5631196465406654,0.6945652952292521,0.9643622692782994,TRUE
CYP3A4,0.5,4,BRCA;KICH;KIRC;KIRP,ENSG00000013293,SLC7A14,4,BRCA;KICH;KIRC;KIRP,4,1,0,0,-3.493820319597993,-3.598470133875339,0.862732680700373,0.9413565709752566,TRUE
CYP3A4,0.5,4,BRCA;KICH;KIRC;KIRP,ENSG00000015520,NPC1L1,4,BRCA;KICH;KIRC;KIRP,1,0.25,0,0,-0.41824847673468757,-0.8767915833369839,0.41923125247327586,0.7567594950556157,TRUE
CYP3A4,0.5,4,BRCA;KICH;KIRC;KIRP,ENSG00000039600,SOX30,4,BRCA;KICH;KIRC;KIRP,3,0.75,0,0,-2.0877143880128086,-1.9833350870553663,0.6435999574060436,0.7659443976987373,TRUE
CYP3A4,0.5,4,BRCA;KICH;KIRC;KIRP,ENSG00000042781,USH2A,4,BRCA;KICH;KIRC;KIRP,2,0.5,0,0,-0.8511297427997953,-0.8295572675055497,0.7847068265847821,0.8959757013842319,TRUE
CYP3A4,0.5,4,BRCA;KICH;KIRC;KIRP,ENSG00000042832,TG,4,BRCA;KICH;KIRC;KIRP,2,0.5,2,0.5,0.14135531728936773,0.5060064631482399,0.8286869034908302,0.8838649324404504,TRUE
CYP3A4,0.5,4,BRCA;KICH;KIRC;KIRP,ENSG00000049249,TNFRSF9,4,BRCA;KICH;KIRC;KIRP,0,0,3,0.75,2.3447789779827417,2.2913523824612105,0.6532845549111161,0.7369978420458366,TRUE
CYP3A4,0.5,4,BRCA;KICH;KIRC;KIRP,ENSG00000051180,RAD51,4,BRCA;KICH;KIRC;KIRP,0,0,4,1,1.7442099083385652,1.6918469813699635,0.9382739501625593,0.9835566385176798,TRUE
CYP3A4,0.5,4,BRCA;KICH;KIRC;KIRP,ENSG00000051341,POLQ,4,BRCA;KICH;KIRC;KIRP,0,0,4,1,2.4859999781874187,2.4031592041030536,0.863121035093238,1.0700347435358526,TRUE
CYP3A4,0.5,4,BRCA;KICH;KIRC;KIRP,ENSG00000054938,CHRDL2,4,BRCA;KICH;KIRC;KIRP,2,0.5,1,0.25,-0.5227816007400918,-0.39133393645171677,0.9299375088264078,0.96902404119119,TRUE
CYP3A4,0.5,4,BRCA;KICH;KIRC;KIRP,ENSG00000057593,F7,4,BRCA;KICH;KIRC;KIRP,2,0.5,2,0.5,0.22015013886219525,-0.012557632021809428,0.34501533285447794,0.5959937386430071,TRUE
CYP3A4,0.5,4,BRCA;KICH;KIRC;KIRP,ENSG00000066405,CLDN18,4,BRCA;KICH;KIRC;KIRP,2,0.5,0,0,-0.7885336869512372,-1.2738498880144689,0.676609864255403,0.801768792196454,TRUE
CYP3A4,0.5,4,BRCA;KICH;KIRC;KIRP,ENSG00000070019,GUCY2C,4,BRCA;KICH;KIRC;KIRP,1,0.25,1,0.25,0.06823855552730543,0.047331028905442774,0.6016852320683859,0.8001651927800424,TRUE
CYP3A4,0.5,4,BRCA;KICH;KIRC;KIRP,ENSG00000072571,HMMR,4,BRCA;KICH;KIRC;KIRP,0,0,4,1,1.7435640173601392,2.015966785259229,0.51129381149513,1.0124602164469554,TRUE
CYP3A4,0.5,4,BRCA;KICH;KIRC;KIRP,ENSG00000073861,TBX21,4,BRCA;KICH;KIRC;KIRP,0,0,3,0.75,0.6969725708857449,0.894013796993921,0.7435750350429378,0.8242450315101874,TRUE
CYP3A4,0.5,4,BRCA;KICH;KIRC;KIRP,ENSG00000074966,TXK,4,BRCA;KICH;KIRC;KIRP,2,0.5,1,0.25,-0.5691620675490876,-0.4035487049797206,0.9613165842335286,1.0873690083319838,TRUE
CYP3A4,0.5,4,BRCA;KICH;KIRC;KIRP,ENSG00000075218,GTSE1,4,BRCA;KICH;KIRC;KIRP,0,0,4,1,2.6332736969756287,2.644235894993531,0.803305329192131,0.8588106329813829,TRUE
CYP3A4,0.5,4,BRCA;KICH;KIRC;KIRP,ENSG00000077327,SPAG6,4,BRCA;KICH;KIRC;KIRP,2,0.5,1,0.25,-1.056727843983087,-0.898534635937571,0.4578506499402965,0.5461415330630864,TRUE
CYP3A4,0.5,4,BRCA;KICH;KIRC;KIRP,ENSG00000078589,P2RY10,4,BRCA;KICH;KIRC;KIRP,0,0,3,0.75,0.7905132113156096,1.0887303284808671,0.5679817671828825,0.9738790747313854,TRUE
CYP3A4,0.5,4,BRCA;KICH;KIRC;KIRP,ENSG00000079112,CDH17,4,BRCA;KICH;KIRC;KIRP,3,0.75,1,0.25,-0.7162148281566021,0.5216458151902587,0.4632635517284757,0.7089550512747406,TRUE
CYP3A4,0.5,4,BRCA;KICH;KIRC;KIRP,ENSG00000079263,SP140,4,BRCA;KICH;KIRC;KIRP,0,0,3,0.75,0.8965763827056872,0.8299990088882653,0.9343064219819422,0.9776560538211648,TRUE
CYP3A4,0.5,4,BRCA;KICH;KIRC;KIRP,ENSG00000080224,EPHA6,4,BRCA;KICH;KIRC;KIRP,2,0.5,1,0.25,-0.7865477689702732,-0.4665854672947727,1.0250666979058938,1.1433052089444946,TRUE
CYP3A4,0.5,4,BRCA;KICH;KIRC;KIRP,ENSG00000081842,PCDHA6,4,BRCA;KICH;KIRC;KIRP,3,0.75,0,0,-1.5119722419473782,-1.445871315454767,0.7105721234631294,0.763800824931751,TRUE
CYP3A4,0.5,4,BRCA;KICH;KIRC;KIRP,ENSG00000084110,HAL,4,BRCA;KICH;KIRC;KIRP,1,0.25,1,0.25,0.1772506518911543,-0.031186242642698384,0.6152775001855575,0.9508445351340769,TRUE
CYP3A4,0.5,4,BRCA;KICH;KIRC;KIRP,ENSG00000084453,SLCO1A2,4,BRCA;KICH;KIRC;KIRP,4,1,0,0,-3.6732747902961576,-4.434912154958853,0.8151294834202447,1.0280325031876945,TRUE
CYP3A4,0.5,4,BRCA;KICH;KIRC;KIRP,ENSG00000085840,ORC1,4,BRCA;KICH;KIRC;KIRP,0,0,3,0.75,1.2474507500973187,1.0326409910368728,0.8044322898622749,1.0261864508088223,TRUE
CYP3A4,0.5,4,BRCA;KICH;KIRC;KIRP,ENSG00000086967,MYBPC2,4,BRCA;KICH;KIRC;KIRP,0,0,2,0.5,0.38725075039657353,0.38356676693319675,0.597319145161059,0.6735021755800202,TRUE
CYP3A4,0.5,4,BRCA;KICH;KIRC;KIRP,ENSG00000089012,SIRPG,4,BRCA;KICH;KIRC;KIRP,0,0,3,0.75,1.3385271114117656,1.666466173415745,0.7140374244883161,0.839926580178497,TRUE
CYP3A4,0.5,4,BRCA;KICH;KIRC;KIRP,ENSG00000089101,CFAP61,4,BRCA;KICH;KIRC;KIRP,2,0.5,1,0.25,-0.8208915264077221,-0.9926062563823218,0.5076425303576988,0.7877097973547001,TRUE
CYP3A4,0.5,4,BRCA;KICH;KIRC;KIRP,ENSG00000089723,OTUB2,4,BRCA;KICH;KIRC;KIRP,0,0,3,0.75,0.7888674239529736,0.6401646895979578,0.6782655956100153,1.0137513908724205,TRUE
CYP3A4,0.5,4,BRCA;KICH;KIRC;KIRP,ENSG00000091181,IL5RA,4,BRCA;KICH;KIRC;KIRP,3,0.75,0,0,-1.904388361133014,-2.2354174912377593,0.9127525374128385,0.979364620673506,TRUE
CYP3A4,0.5,4,BRCA;KICH;KIRC;KIRP,ENSG00000091536,MYO15A,4,BRCA;KICH;KIRC;KIRP,0,0,0,0,-0.0014589537630623102,-0.024569446544920225,1.0616615815782409,1.1224275398854011,TRUE
CYP3A4,0.5,4,BRCA;KICH;KIRC;KIRP,ENSG00000092853,CLSPN,4,BRCA;KICH;KIRC;KIRP,0,0,4,1,2.2790167151621934,2.2097468417885606,0.8264260841718535,0.9144562943833178,TRUE
CYP3A4,0.5,4,BRCA;KICH;KIRC;KIRP,ENSG00000093009,CDC45,4,BRCA;KICH;KIRC;KIRP,0,0,4,1,2.732671038632164,2.502693293593456,0.7916372153054734,0.9991613255580688,TRUE
CYP3A4,0.5,4,BRCA;KICH;KIRC;KIRP,ENSG00000095627,TDRD1,4,BRCA;KICH;KIRC;KIRP,3,0.75,0,0,-3.6040982452396944,-3.0926542879618246,0.7421516205169669,0.8346680365406092,TRUE
CYP3A4,0.5,4,BRCA;KICH;KIRC;KIRP,ENSG00000095777,MYO3A,4,BRCA;KICH;KIRC;KIRP,2,0.5,2,0.5,0.47944098738021473,0.5665720621971058,0.5091617256474926,0.6080599287541858,TRUE
CYP3A4,0.5,4,BRCA;KICH;KIRC;KIRP,ENSG00000099985,OSM,4,BRCA;KICH;KIRC;KIRP,0,0,4,1,1.3766240006851844,1.3296983604076433,0.623172091486786,0.7001862369588293,TRUE
CYP3A4,0.5,4,BRCA;KICH;KIRC;KIRP,ENSG00000101115,SALL4,4,BRCA;KICH;KIRC;KIRP,0,0,2,0.5,1.4502353595525181,1.4293902730303887,0.6315255155315052,0.987770585012235,TRUE
CYP3A4,0.5,4,BRCA;KICH;KIRC;KIRP,ENSG00000101162,TUBB1,4,BRCA;KICH;KIRC;KIRP,2,0.5,0,0,-0.483948963226587,-0.4463608901274556,0.7107347804101614,0.9559449274148124,TRUE
CYP3A4,0.5,4,BRCA;KICH;KIRC;KIRP,ENSG00000101307,SIRPB1,4,BRCA;KICH;KIRC;KIRP,0,0,3,0.75,1.8217209196152528,1.755668023824208,0.6144681946085722,0.717410420416109,TRUE
CYP3A4,0.5,4,BRCA;KICH;KIRC;KIRP,ENSG00000101425,BPI,4,BRCA;KICH;KIRC;KIRP,4,1,0,0,-3.225281174045689,-3.196775334493484,0.27804623131546335,0.32387585761707655,TRUE
CYP3A4,0.5,4,BRCA;KICH;KIRC;KIRP,ENSG00000101916,TLR8,4,BRCA;KICH;KIRC;KIRP,0,0,3,0.75,1.1956460427839983,1.3667896740892675,0.9399282180366076,1.0268954121403342,TRUE
CYP3A4,0.5,4,BRCA;KICH;KIRC;KIRP,ENSG00000102245,CD40LG,4,BRCA;KICH;KIRC;KIRP,1,0.25,2,0.5,0.07298359258770337,0.35611222010323285,0.8752984877343115,1.0251196745037,TRUE
CYP3A4,0.5,4,BRCA;KICH;KIRC;KIRP,ENSG00000102387,TAF7L,4,BRCA;KICH;KIRC;KIRP,2,0.5,1,0.25,-0.7503675341512737,-0.14328307215069502,0.5818909554624901,0.8498980240949997,TRUE
CYP3A4,0.5,4,BRCA;KICH;KIRC;KIRP,ENSG00000103313,MEFV,4,BRCA;KICH;KIRC;KIRP,0,0,1,0.25,0.33516691705410806,0.6876593538394138,0.586618567659895,0.8301347747182608,TRUE
CYP3A4,0.5,4,BRCA;KICH;KIRC;KIRP,ENSG00000103569,AQP9,4,BRCA;KICH;KIRC;KIRP,0,0,3,0.75,1.656981391571765,1.5705783374494615,0.7062224683400207,0.8679950565183222,TRUE
CYP3A4,0.5,4,BRCA;KICH;KIRC;KIRP,ENSG00000104237,RP1,4,BRCA;KICH;KIRC;KIRP,3,0.75,1,0.25,-1.4801763740167262,-1.0307998838007224,0.8117508070425344,1.0794787732499451,TRUE
CYP3A4,0.5,4,BRCA;KICH;KIRC;KIRP,ENSG00000104901,DKKL1,4,BRCA;KICH;KIRC;KIRP,1,0.25,0,0,0.12165396095452137,-0.1102281692453713,0.781619180432039,1.133403744700956,TRUE
CYP3A4,0.5,4,BRCA;KICH;KIRC;KIRP,ENSG00000104974,LILRA1,4,BRCA;KICH;KIRC;KIRP,0,0,2,0.5,0.7684075605749183,0.7812693714260949,0.6353394726551501,0.7106965768698558,TRUE
CYP3A4,0.5,4,BRCA;KICH;KIRC;KIRP,ENSG00000105479,CCDC114,4,BRCA;KICH;KIRC;KIRP,2,0.5,2,0.5,0.12165255057631108,0.236805581952033,0.6588025741347425,0.701600511489275,TRUE
CYP3A4,0.5,4,BRCA;KICH;KIRC;KIRP,ENSG00000105672,ETV2,4,BRCA;KICH;KIRC;KIRP,1,0.25,0,0,-0.3088619870799127,-0.36489931915540474,0.8372227214800161,0.8816936650189142,TRUE
CYP3A4,0.5,4,BRCA;KICH;KIRC;KIRP,ENSG00000106336,FBXO24,4,BRCA;KICH;KIRC;KIRP,1,0.25,1,0.25,-0.06323546145328272,-0.07172851611936018,0.8884293563714563,1.139620879164457,TRUE
CYP3A4,0.5,4,BRCA;KICH;KIRC;KIRP,ENSG00000107014,RLN2,4,BRCA;KICH;KIRC;KIRP,2,0.5,0,0,-0.7555352479649775,-0.9484483959252799,0.7769044431601089,0.9023438298167984,TRUE
CYP3A4,0.5,4,BRCA;KICH;KIRC;KIRP,ENSG00000107018,RLN1,4,BRCA;KICH;KIRC;KIRP,2,0.5,0,0,-0.8372551780091219,-0.7127229023895912,0.6927962914680622,1.062245114185413,TRUE
CYP3A4,0.5,4,BRCA;KICH;KIRC;KIRP,ENSG00000107105,ELAVL2,4,BRCA;KICH;KIRC;KIRP,0,0,3,0.75,1.5449553263263216,1.9562865232197997,0.930891065957807,1.0545525358869103,TRUE
CYP3A4,0.5,4,BRCA;KICH;KIRC;KIRP,ENSG00000108576,SLC6A4,4,BRCA;KICH;KIRC;KIRP,2,0.5,2,0.5,-0.8052395524042376,-0.5894854697598857,0.4086388553455814,0.4486153432684607,TRUE
CYP3A4,0.5,4,BRCA;KICH;KIRC;KIRP,ENSG00000109101,FOXN1,4,BRCA;KICH;KIRC;KIRP,3,0.75,0,0,-2.0358742382296966,-1.8691957349486477,0.5418579032682351,0.6802808754541457,TRUE
CYP3A4,0.5,4,BRCA;KICH;KIRC;KIRP,ENSG00000109163,GNRHR,4,BRCA;KICH;KIRC;KIRP,0,0,1,0.25,0.1008535129003623,0.3264146751352175,0.9071732375973789,1.0985122586912877,TRUE
CYP3A4,0.5,4,BRCA;KICH;KIRC;KIRP,ENSG00000109805,NCAPG,4,BRCA;KICH;KIRC;KIRP,0,0,4,1,2.480135577725393,2.6058096385295317,0.8602715669382945,0.9628772871995164,TRUE
CYP3A4,0.5,4,BRCA;KICH;KIRC;KIRP,ENSG00000110944,IL23A,4,BRCA;KICH;KIRC;KIRP,0,0,0,0,0.30506745600178187,0.19598972550378096,0.9303260437591772,0.9566505830530048,TRUE
CYP3A4,0.5,4,BRCA;KICH;KIRC;KIRP,ENSG00000111837,MAK,4,BRCA;KICH;KIRC;KIRP,0,0,0,0,-0.08883278583926389,-0.11019755518131139,0.7901917053156402,0.9542443011816844,TRUE
CYP3A4,0.5,4,BRCA;KICH;KIRC;KIRP,ENSG00000111981,ULBP1,4,BRCA;KICH;KIRC;KIRP,1,0.25,1,0.25,0.14721231295779805,0.530351346054424,0.6901694536015478,0.9527267484322256,TRUE
CYP3A4,0.5,4,BRCA;KICH;KIRC;KIRP,ENSG00000112706,IMPG1,4,BRCA;KICH;KIRC;KIRP,1,0.25,0,0,-0.37627796087605975,-0.27142308518457214,0.9096571814688631,0.9622400192789944,TRUE
CYP3A4,0.5,4,BRCA;KICH;KIRC;KIRP,ENSG00000112742,TTK,4,BRCA;KICH;KIRC;KIRP,0,0,4,1,2.28356313349403,2.2982039433308152,0.7183610951526771,1.037046493755232,TRUE
CYP3A4,0.5,4,BRCA;KICH;KIRC;KIRP,ENSG00000112984,KIF20A,4,BRCA;KICH;KIRC;KIRP,0,0,4,1,2.786431984753734,2.7544362853814484,0.6808427776223029,1.0209565321370098,TRUE
CYP3A4,0.5,4,BRCA;KICH;KIRC;KIRP,ENSG00000114113,RBP2,4,BRCA;KICH;KIRC;KIRP,3,0.75,1,0.25,-4.271573514301326,-3.108811393628179,0.9515604237697934,1.0515451519777008,TRUE
CYP3A4,0.5,4,BRCA;KICH;KIRC;KIRP,ENSG00000114248,LRRC31,4,BRCA;KICH;KIRC;KIRP,0,0,3,0.75,1.373536015061842,1.4610507599674718,0.5422773539000785,0.8569149948384868,TRUE
CYP3A4,0.5,4,BRCA;KICH;KIRC;KIRP,ENSG00000114656,CFAP92,4,BRCA;KICH;KIRC;KIRP,0,0,1,0.25,-0.39246623478415843,-0.06985581859433104,0.8553893538363655,0.953040427064394,TRUE
CYP3A4,0.5,4,BRCA;KICH;KIRC;KIRP,ENSG00000116329,OPRD1,4,BRCA;KICH;KIRC;KIRP,0,0,4,1,1.4667957011434483,1.4799390613444188,0.9400667212569769,1.0924800683829297,TRUE
CYP3A4,0.5,4,BRCA;KICH;KIRC;KIRP,ENSG00000117090,SLAMF1,4,BRCA;KICH;KIRC;KIRP,1,0.25,1,0.25,0.0954617258054041,0.2535502345284696,0.4238366803553064,0.9880986905817916,TRUE
CYP3A4,0.5,4,BRCA;KICH;KIRC;KIRP,ENSG00000117560,FASLG,4,BRCA;KICH;KIRC;KIRP,0,0,3,0.75,1.3949179773759723,1.6238679399940148,0.9111534751353396,1.1672448935774002,TRUE
CYP3A4,0.5,4,BRCA;KICH;KIRC;KIRP,ENSG00000117650,NEK2,4,BRCA;KICH;KIRC;KIRP,0,0,4,1,2.6256152031719764,2.8696255603498755,0.8241349474229119,1.0604000394904012,TRUE
CYP3A4,0.5,4,BRCA;KICH;KIRC;KIRP,ENSG00000118557,PMFBP1,4,BRCA;KICH;KIRC;KIRP,0,0,2,0.5,0.8925152843988562,0.7464203913175489,0.7712783526034955,0.992936102117874,TRUE
CYP3A4,0.5,4,BRCA;KICH;KIRC;KIRP,ENSG00000119547,ONECUT2,4,BRCA;KICH;KIRC;KIRP,1,0.25,3,0.75,1.7026610368040596,1.2796985983723341,0.7081883373108311,0.9034883671942886,TRUE
CYP3A4,0.5,4,BRCA;KICH;KIRC;KIRP,ENSG00000120051,CFAP58,4,BRCA;KICH;KIRC;KIRP,1,0.25,1,0.25,0.12743406675737018,0.005758270531743229,0.8280520650376629,0.8871943229454303,TRUE
CYP3A4,0.5,4,BRCA;KICH;KIRC;KIRP,ENSG00000120215,MLANA,4,BRCA;KICH;KIRC;KIRP,1,0.25,0,0,0.07209901269039991,-0.11015206117323034,0.6498282090490402,0.724025905176008,TRUE
CYP3A4,0.5,4,BRCA;KICH;KIRC;KIRP,ENSG00000121380,BCL2L14,4,BRCA;KICH;KIRC;KIRP,1,0.25,0,0,-0.3754953481215314,-0.4681311342244246,0.7038700869684139,1.0023601821659005,TRUE
CYP3A4,0.5,4,BRCA;KICH;KIRC;KIRP,ENSG00000121621,KIF18A,4,BRCA;KICH;KIRC;KIRP,0,0,3,0.75,1.6328586189626377,1.564990263455428,0.6966099160843499,0.8716274461391725,TRUE
CYP3A4,0.5,4,BRCA;KICH;KIRC;KIRP,ENSG00000121895,TMEM156,4,BRCA;KICH;KIRC;KIRP,0,0,2,0.5,0.6519523828037654,0.7720029362568039,0.622360853377728,1.0300081976037587,TRUE
CYP3A4,0.5,4,BRCA;KICH;KIRC;KIRP,ENSG00000122188,LAX1,4,BRCA;KICH;KIRC;KIRP,1,0.25,2,0.5,0.36568494181397737,0.47356305812650845,0.9933845474046126,1.0545920973022498,TRUE
CYP3A4,0.5,4,BRCA;KICH;KIRC;KIRP,ENSG00000122223,CD244,4,BRCA;KICH;KIRC;KIRP,1,0.25,3,0.75,1.1542814120929097,0.9790728190336939,0.8022201059233025,0.9137906273618258,TRUE
CYP3A4,0.5,4,BRCA;KICH;KIRC;KIRP,ENSG00000122432,SPATA1,4,BRCA;KICH;KIRC;KIRP,1,0.25,0,0,-0.2650575302471794,-0.44974758764067574,0.9107383624032069,1.040018281212156,TRUE
CYP3A4,0.5,4,BRCA;KICH;KIRC;KIRP,ENSG00000122735,DNAI1,4,BRCA;KICH;KIRC;KIRP,2,0.5,2,0.5,-0.17303154860381642,-0.5213113083979686,0.9163689027122751,1.1209346403508005,TRUE
CYP3A4,0.5,4,BRCA;KICH;KIRC;KIRP,ENSG00000123219,CENPK,4,BRCA;KICH;KIRC;KIRP,0,0,4,1,1.893388609797118,1.6428747916689472,0.8714824737901382,0.9757419856016964,TRUE
CYP3A4,0.5,4,BRCA;KICH;KIRC;KIRP,ENSG00000123405,NFE2,4,BRCA;KICH;KIRC;KIRP,1,0.25,1,0.25,0.4148638098575393,0.24117388382711288,0.5793443455376275,0.7903647860088042,TRUE
CYP3A4,0.5,4,BRCA;KICH;KIRC;KIRP,ENSG00000123485,HJURP,4,BRCA;KICH;KIRC;KIRP,0,0,4,1,3.1303459510585903,2.914223515611003,0.7106784896993362,0.9337691155901304,TRUE
CYP3A4,0.5,4,BRCA;KICH;KIRC;KIRP,ENSG00000123500,COL10A1,4,BRCA;KICH;KIRC;KIRP,1,0.25,1,0.25,-0.39198763098275374,1.5530543146830826,0.6847582205354823,0.7973693272021924,TRUE
CYP3A4,0.5,4,BRCA;KICH;KIRC;KIRP,ENSG00000124256,ZBP1,4,BRCA;KICH;KIRC;KIRP,0,0,3,0.75,1.0152694825544217,1.1504273131249834,0.7882735121414646,0.9232525937570903,TRUE
CYP3A4,0.5,4,BRCA;KICH;KIRC;KIRP,ENSG00000124731,TREM1,4,BRCA;KICH;KIRC;KIRP,1,0.25,3,0.75,1.6406040866605414,1.3410572924728879,0.4103626020259946,0.7385442062410417,TRUE
CYP3A4,0.5,4,BRCA;KICH;KIRC;KIRP,ENSG00000125046,SSUH2,4,BRCA;KICH;KIRC;KIRP,3,0.75,0,0,-2.23681336877303,-1.9158676708735731,0.44844787269591896,0.8484724230265361,TRUE
CYP3A4,0.5,4,BRCA;KICH;KIRC;KIRP,ENSG00000125531,FNDC11,4,BRCA;KICH;KIRC;KIRP,3,0.75,0,0,-1.5773747077319107,-1.6437352782279804,0.5335155147520267,0.5867025137981162,TRUE
CYP3A4,0.5,4,BRCA;KICH;KIRC;KIRP,ENSG00000125726,CD70,4,BRCA;KICH;KIRC;KIRP,0,0,2,0.5,2.4950715509497616,3.1666843369360302,0.8192259943590738,1.0772476073605881,TRUE
CYP3A4,0.5,4,BRCA;KICH;KIRC;KIRP,ENSG00000126733,DACH2,4,BRCA;KICH;KIRC;KIRP,4,1,0,0,-4.91757860945172,-4.247981841204717,0.9151962793363195,1.0309321342671671,TRUE
CYP3A4,0.5,4,BRCA;KICH;KIRC;KIRP,ENSG00000126787,DLGAP5,4,BRCA;KICH;KIRC;KIRP,0,0,4,1,3.01685530588691,3.0644265524136767,0.7353473966661224,0.9842440789059984,TRUE
CYP3A4,0.5,4,BRCA;KICH;KIRC;KIRP,ENSG00000126838,PZP,4,BRCA;KICH;KIRC;KIRP,3,0.75,0,0,-1.4718435535711019,-1.0958769771915704,0.8881938561481032,1.0953917786842262,TRUE
CYP3A4,0.5,4,BRCA;KICH;KIRC;KIRP,ENSG00000127325,BEST3,4,BRCA;KICH;KIRC;KIRP,1,0.25,2,0.5,0.6428697350362351,0.2753849785257545,0.5831228836642752,0.7412466821058445,TRUE
CYP3A4,0.5,4,BRCA;KICH;KIRC;KIRP,ENSG00000128383,APOBEC3A,4,BRCA;KICH;KIRC;KIRP,1,0.25,2,0.5,0.49983738996136684,0.30757113147646076,0.5392760316092624,0.8145333946818742,TRUE
CYP3A4,0.5,4,BRCA;KICH;KIRC;KIRP,ENSG00000129195,PIMREG,4,BRCA;KICH;KIRC;KIRP,0,0,4,1,2.7584763175720894,2.4791033451734585,0.8409382992877942,1.1473648295349597,TRUE
CYP3A4,0.5,4,BRCA;KICH;KIRC;KIRP,ENSG00000129214,SHBG,4,BRCA;KICH;KIRC;KIRP,4,1,0,0,-1.7180457317875077,-1.6245378643710946,0.8694948276689478,0.9030307894460428,TRUE
CYP3A4,0.5,4,BRCA;KICH;KIRC;KIRP,ENSG00000129810,SGO1,4,BRCA;KICH;KIRC;KIRP,0,0,4,1,1.32698404985641,1.7535843744613215,0.7152295623914493,0.9741407706264414,TRUE
CYP3A4,0.5,4,BRCA;KICH;KIRC;KIRP,ENSG00000130377,ACSBG2,4,BRCA;KICH;KIRC;KIRP,4,1,0,0,-1.6686308829992407,-1.684304304695468,0.40191363871701974,0.41595691380136646,TRUE
CYP3A4,0.5,4,BRCA;KICH;KIRC;KIRP,ENSG00000130812,ANGPTL6,4,BRCA;KICH;KIRC;KIRP,2,0.5,1,0.25,-0.6452315619705484,-0.8515129527378076,0.8791963858119659,1.0426523802530925,TRUE
CYP3A4,0.5,4,BRCA;KICH;KIRC;KIRP,ENSG00000130943,PKDREJ,4,BRCA;KICH;KIRC;KIRP,2,0.5,0,0,-0.8110976493903451,-0.9763299807644661,0.7939692043026183,0.8733380889625119,TRUE
CYP3A4,0.5,4,BRCA;KICH;KIRC;KIRP,ENSG00000131044,TTLL9,4,BRCA;KICH;KIRC;KIRP,2,0.5,0,0,-0.2990023146249699,-0.33056612805701324,0.8924347114578997,0.9609230706241192,TRUE
CYP3A4,0.5,4,BRCA;KICH;KIRC;KIRP,ENSG00000131379,C3orf20,4,BRCA;KICH;KIRC;KIRP,3,0.75,0,0,-0.8265942957825354,-0.8149891017047667,0.8116640449976343,0.94538991209582,TRUE
CYP3A4,0.5,4,BRCA;KICH;KIRC;KIRP,ENSG00000132517,SLC52A1,4,BRCA;KICH;KIRC;KIRP,1,0.25,2,0.5,0.33780146223323176,0.21224130693169255,0.5900745304211554,0.7297627127400466,TRUE
CYP3A4,0.5,4,BRCA;KICH;KIRC;KIRP,ENSG00000133454,MYO18B,4,BRCA;KICH;KIRC;KIRP,3,0.75,0,0,-2.25805676224115,-1.8528313105775984,0.5950522899668893,0.7579358736312954,TRUE
CYP3A4,0.5,4,BRCA;KICH;KIRC;KIRP,ENSG00000133665,DYDC2,4,BRCA;KICH;KIRC;KIRP,2,0.5,1,0.25,-0.8166990944721184,-0.588759405444095,0.719573414571736,1.1052945150986762,TRUE
CYP3A4,0.5,4,BRCA;KICH;KIRC;KIRP,ENSG00000134115,CNTN6,4,BRCA;KICH;KIRC;KIRP,1,0.25,1,0.25,0.12084066033818833,0.8000780906732083,0.6058265387342218,0.8168859782686079,TRUE
CYP3A4,0.5,4,BRCA;KICH;KIRC;KIRP,ENSG00000134376,CRB1,4,BRCA;KICH;KIRC;KIRP,4,1,0,0,-0.8940361518560319,-1.0778974682059963,0.9287298560649453,0.9614526369625132,TRUE
CYP3A4,0.5,4,BRCA;KICH;KIRC;KIRP,ENSG00000135116,HRK,4,BRCA;KICH;KIRC;KIRP,2,0.5,2,0.5,0.9911857869607914,1.0242737410078384,0.98363749277986,1.079053738336667,TRUE
CYP3A4,0.5,4,BRCA;KICH;KIRC;KIRP,ENSG00000135436,FAM186B,4,BRCA;KICH;KIRC;KIRP,0,0,1,0.25,0.04522052217284475,0.252990462629561,0.5558624060443559,0.6430470539327632,TRUE
CYP3A4,0.5,4,BRCA;KICH;KIRC;KIRP,ENSG00000135451,TROAP,4,BRCA;KICH;KIRC;KIRP,0,0,4,1,3.0800017547612097,3.0423073953364614,0.9333422236236059,1.1568920794965658,TRUE
CYP3A4,0.5,4,BRCA;KICH;KIRC;KIRP,ENSG00000135960,EDAR,4,BRCA;KICH;KIRC;KIRP,3,0.75,0,0,-2.1685303367071107,-2.6277822228347354,0.8132844203243548,0.8873208292172579,TRUE
CYP3A4,0.5,4,BRCA;KICH;KIRC;KIRP,ENSG00000136449,MYCBPAP,4,BRCA;KICH;KIRC;KIRP,2,0.5,0,0,-0.5915014839770665,-0.6157674959724044,0.6194874465383813,0.6386120832873194,TRUE
CYP3A4,0.5,4,BRCA;KICH;KIRC;KIRP,ENSG00000136573,BLK,4,BRCA;KICH;KIRC;KIRP,2,0.5,1,0.25,-0.23999479096420248,-0.270084577319578,0.8144683299062963,1.11361886553748,TRUE
CYP3A4,0.5,4,BRCA;KICH;KIRC;KIRP,ENSG00000137270,GCM1,4,BRCA;KICH;KIRC;KIRP,3,0.75,1,0.25,-2.2215917516890538,-2.1765858919654786,0.8379445232132838,0.9400693631654816,TRUE
CYP3A4,0.5,4,BRCA;KICH;KIRC;KIRP,ENSG00000137766,UNC13C,4,BRCA;KICH;KIRC;KIRP,3,0.75,1,0.25,-3.2226408607962105,-2.5626849638976825,0.8405875073030211,1.034215719551584,TRUE
CYP3A4,0.5,4,BRCA;KICH;KIRC;KIRP,ENSG00000138180,CEP55,4,BRCA;KICH;KIRC;KIRP,0,0,4,1,3.020648878290143,2.8771118257033117,0.9544226560045914,1.0837165796074812,TRUE
CYP3A4,0.5,4,BRCA;KICH;KIRC;KIRP,ENSG00000139151,PLCZ1,4,BRCA;KICH;KIRC;KIRP,3,0.75,0,0,-3.4111895225088014,-2.6411534674802604,0.8298003962724967,1.0165507897198491,TRUE
CYP3A4,0.5,4,BRCA;KICH;KIRC;KIRP,ENSG00000139351,SYCP3,4,BRCA;KICH;KIRC;KIRP,1,0.25,1,0.25,-0.07391284222750286,0.11149365732212974,0.7345421380109837,0.9816472173808488,TRUE
CYP3A4,0.5,4,BRCA;KICH;KIRC;KIRP,ENSG00000139547,RDH16,4,BRCA;KICH;KIRC;KIRP,0,0,1,0.25,-0.09486327841556366,0.26190328139512953,0.9790195976251411,1.1012553303433463,TRUE
CYP3A4,0.5,4,BRCA;KICH;KIRC;KIRP,ENSG00000139572,GPR84,4,BRCA;KICH;KIRC;KIRP,0,0,4,1,2.039986230601996,1.8583701052263435,0.8502789793440498,1.1275496307324828,TRUE
CYP3A4,0.5,4,BRCA;KICH;KIRC;KIRP,ENSG00000139973,SYT16,4,BRCA;KICH;KIRC;KIRP,2,0.5,1,0.25,-0.8097072283740752,-0.1969239814099819,0.7460786069356086,0.9712850547092776,TRUE
CYP3A4,0.5,4,BRCA;KICH;KIRC;KIRP,ENSG00000140279,DUOX2,4,BRCA;KICH;KIRC;KIRP,3,0.75,0,0,-1.4002208659589588,-1.5270064439467559,0.7108160826664028,0.9711521931261732,TRUE
CYP3A4,0.5,4,BRCA;KICH;KIRC;KIRP,ENSG00000140986,RPL3L,4,BRCA;KICH;KIRC;KIRP,1,0.25,0,0,-0.08524732975305366,-0.4013515850003981,0.7520414791606892,0.8823187474367321,TRUE
CYP3A4,0.5,4,BRCA;KICH;KIRC;KIRP,ENSG00000141161,UNC45B,4,BRCA;KICH;KIRC;KIRP,3,0.75,0,0,-1.399868023403606,-1.4533240478251583,0.5191641967992185,0.6148495317920706,TRUE
CYP3A4,0.5,4,BRCA;KICH;KIRC;KIRP,ENSG00000141294,LRRC46,4,BRCA;KICH;KIRC;KIRP,0,0,2,0.5,0.682194846392115,0.7013385304364164,0.7189730356607317,0.9336162454570412,TRUE
CYP3A4,0.5,4,BRCA;KICH;KIRC;KIRP,ENSG00000141665,FBXO15,4,BRCA;KICH;KIRC;KIRP,1,0.25,0,0,-0.3579732031577616,-0.93053918939049,0.812616434143802,0.9575475475230548,TRUE
CYP3A4,0.5,4,BRCA;KICH;KIRC;KIRP,ENSG00000141668,CBLN2,4,BRCA;KICH;KIRC;KIRP,3,0.75,1,0.25,-2.8331162447185587,-1.9592469053095853,0.5401041651165158,0.7772232389039156,TRUE
CYP3A4,0.5,4,BRCA;KICH;KIRC;KIRP,ENSG00000142405,NLRP12,4,BRCA;KICH;KIRC;KIRP,0,0,3,0.75,1.2141147481111028,0.9716408337741008,0.7124606707119403,1.0035414852090212,TRUE
CYP3A4,0.5,4,BRCA;KICH;KIRC;KIRP,ENSG00000142621,FHAD1,4,BRCA;KICH;KIRC;KIRP,1,0.25,1,0.25,0.08108221086247494,-0.16782539798757556,0.5293802255742538,0.9109914813552688,TRUE
CYP3A4,0.5,4,BRCA;KICH;KIRC;KIRP,ENSG00000143199,ADCY10,4,BRCA;KICH;KIRC;KIRP,0,0,1,0.25,0.22509718470533258,0.4093387745281474,0.7869016864457767,1.050851919887551,TRUE
CYP3A4,0.5,4,BRCA;KICH;KIRC;KIRP,ENSG00000143297,FCRL5,4,BRCA;KICH;KIRC;KIRP,1,0.25,1,0.25,-0.362799360299068,0.02167107088921086,0.6813833375462205,0.8719729809520016,TRUE
CYP3A4,0.5,4,BRCA;KICH;KIRC;KIRP,ENSG00000143450,OAZ3,4,BRCA;KICH;KIRC;KIRP,1,0.25,1,0.25,0.2890812261928074,0.0060691260148947185,0.6982645470767577,0.8316031959987001,TRUE
CYP3A4,0.5,4,BRCA;KICH;KIRC;KIRP,ENSG00000143473,KCNH1,4,BRCA;KICH;KIRC;KIRP,1,0.25,1,0.25,-0.026278964018176587,0.083867613313654,0.9382280834624258,1.096813456118537,TRUE
CYP3A4,0.5,4,BRCA;KICH;KIRC;KIRP,ENSG00000143631,FLG,4,BRCA;KICH;KIRC;KIRP,3,0.75,0,0,-1.2107925130641435,-0.9200007633305478,0.6118983451687346,0.7203356413818198,TRUE
CYP3A4,0.5,4,BRCA;KICH;KIRC;KIRP,ENSG00000143768,LEFTY2,4,BRCA;KICH;KIRC;KIRP,4,1,0,0,-2.4564236434291664,-2.3761096478576498,0.8762955001400552,0.9456799222927522,TRUE
CYP3A4,0.5,4,BRCA;KICH;KIRC;KIRP,ENSG00000144395,CCDC150,4,BRCA;KICH;KIRC;KIRP,1,0.25,2,0.5,0.7139589040320651,0.13117865526362904,0.5988470237383261,0.6137443702354772,TRUE
CYP3A4,0.5,4,BRCA;KICH;KIRC;KIRP,ENSG00000144852,NR1I2,4,BRCA;KICH;KIRC;KIRP,2,0.5,2,0.5,-0.022071944686363143,-0.22000108256432238,0.8318412783092036,1.0134009381855118,TRUE
CYP3A4,0.5,4,BRCA;KICH;KIRC;KIRP,ENSG00000145113,MUC4,4,BRCA;KICH;KIRC;KIRP,2,0.5,1,0.25,-0.8850467164436444,-0.4878133931805465,0.828602537798701,0.9692064915216568,TRUE
CYP3A4,0.5,4,BRCA;KICH;KIRC;KIRP,ENSG00000145491,ROPN1L,4,BRCA;KICH;KIRC;KIRP,1,0.25,3,0.75,0.6602002203602962,0.20730824376105775,0.5455465239457761,0.6861398692992988,TRUE
CYP3A4,0.5,4,BRCA;KICH;KIRC;KIRP,ENSG00000145700,ANKRD31,4,BRCA;KICH;KIRC;KIRP,0,0,0,0,-0.09308184901352859,-0.07545979681475472,0.7562101551966239,0.8832211761031713,TRUE
CYP3A4,0.5,4,BRCA;KICH;KIRC;KIRP,ENSG00000145864,GABRB2,4,BRCA;KICH;KIRC;KIRP,3,0.75,0,0,-2.937310321260094,-2.2734933234677697,0.7071334224469417,0.8135488626408789,TRUE
CYP3A4,0.5,4,BRCA;KICH;KIRC;KIRP,ENSG00000146285,SCML4,4,BRCA;KICH;KIRC;KIRP,1,0.25,1,0.25,-0.27621922594137827,-0.16922126267376808,0.6690390560009875,1.01615112094423,TRUE
CYP3A4,0.5,4,BRCA;KICH;KIRC;KIRP,ENSG00000146410,MTFR2,4,BRCA;KICH;KIRC;KIRP,0,0,4,1,1.833489591367907,1.813646178193662,0.8618575677791314,1.091443676852454,TRUE
CYP3A4,0.5,4,BRCA;KICH;KIRC;KIRP,ENSG00000147082,CCNB3,4,BRCA;KICH;KIRC;KIRP,1,0.25,0,0,0.09281270954256562,-0.10717409014070614,0.6485165656774919,0.6983693372727581,TRUE
CYP3A4,0.5,4,BRCA;KICH;KIRC;KIRP,ENSG00000147536,GINS4,4,BRCA;KICH;KIRC;KIRP,0,0,3,0.75,1.1351147846749896,1.0725748290794836,0.859744641879519,1.0049195909778503,TRUE
CYP3A4,0.5,4,BRCA;KICH;KIRC;KIRP,ENSG00000147724,FAM135B,4,BRCA;KICH;KIRC;KIRP,0,0,3,0.75,0.954906535942111,0.696152591065471,0.7961166640384804,1.022129844755758,TRUE
CYP3A4,0.5,4,BRCA;KICH;KIRC;KIRP,ENSG00000148483,TMEM236,4,BRCA;KICH;KIRC;KIRP,3,0.75,0,0,-0.8683975471996093,-0.6691768942077971,0.6559191082874019,0.8109173132405783,TRUE
CYP3A4,0.5,4,BRCA;KICH;KIRC;KIRP,ENSG00000148677,ANKRD1,4,BRCA;KICH;KIRC;KIRP,1,0.25,1,0.25,0.33175370825962264,0.11484435627329592,0.5377755537583768,0.6551290295871287,TRUE
CYP3A4,0.5,4,BRCA;KICH;KIRC;KIRP,ENSG00000149646,CNBD2,4,BRCA;KICH;KIRC;KIRP,3,0.75,0,0,-0.8916174312597638,-0.6329686678247538,0.4724346876492084,0.5415978862491316,TRUE
CYP3A4,0.5,4,BRCA;KICH;KIRC;KIRP,ENSG00000149948,HMGA2,4,BRCA;KICH;KIRC;KIRP,0,0,3,0.75,1.437377669750182,1.2871744814825257,0.7795021291041723,0.9850529893239092,TRUE
CYP3A4,0.5,4,BRCA;KICH;KIRC;KIRP,ENSG00000150628,SPATA4,4,BRCA;KICH;KIRC;KIRP,3,0.75,0,0,-0.708808039411311,-1.296379097875676,0.6453616664075879,0.9933180886704468,TRUE
CYP3A4,0.5,4,BRCA;KICH;KIRC;KIRP,ENSG00000150667,FSIP1,4,BRCA;KICH;KIRC;KIRP,1,0.25,1,0.25,-0.542466777906564,-0.5167002841567505,0.6416468120777608,1.00378630276614,TRUE
CYP3A4,0.5,4,BRCA;KICH;KIRC;KIRP,ENSG00000150681,RGS18,4,BRCA;KICH;KIRC;KIRP,0,0,2,0.5,0.4955615049385046,0.709211091251736,0.851260498793102,0.9132110352866006,TRUE
CYP3A4,0.5,4,BRCA;KICH;KIRC;KIRP,ENSG00000151790,TDO2,4,BRCA;KICH;KIRC;KIRP,0,0,3,0.75,0.9435934059287387,1.418594640273123,0.46117342225482494,0.9504138536617706,TRUE
CYP3A4,0.5,4,BRCA;KICH;KIRC;KIRP,ENSG00000152253,SPC25,4,BRCA;KICH;KIRC;KIRP,0,0,4,1,2.0390990184870237,1.8843235462501342,0.775161114651564,0.9381617416785508,TRUE
CYP3A4,0.5,4,BRCA;KICH;KIRC;KIRP,ENSG00000152463,OLAH,4,BRCA;KICH;KIRC;KIRP,4,1,0,0,-1.92096745209576,-2.340871157721032,0.76799860077215365,0.9298265645289248,TRUE
CYP3A4,0.5,4,BRCA;KICH;KIRC;KIRP,ENSG00000152822,GRM1,4,BRCA;KICH;KIRC;KIRP,2,0.5,0,0,-2.1783005523558643,-2.215594807742091,0.8969176142509995,1.104701508841312,TRUE
CYP3A4,0.5,4,BRCA;KICH;KIRC;KIRP,ENSG00000153165,RGPD3,4,BRCA;KICH;KIRC;KIRP,2,0.5,0,0,-0.8324079575269347,-0.7738720033412353,0.5824766166788947,0.6117912631378541,TRUE
CYP3A4,0.5,4,BRCA;KICH;KIRC;KIRP,ENSG00000153347,FAM81B,4,BRCA;KICH;KIRC;KIRP,1,0.25,0,0,-0.26544309234607233,-1.4898011665044057,0.685612709887068,0.8235932407808078,TRUE
CYP3A4,0.5,4,BRCA;KICH;KIRC;KIRP,ENSG00000154479,CCDC173,4,BRCA;KICH;KIRC;KIRP,1,0.25,0,0,-0.18950684404686563,-1.0249484994922244,0.766210332788769,0.946184264145694,TRUE
CYP3A4,0.5,4,BRCA;KICH;KIRC;KIRP,ENSG00000154839,SKA1,4,BRCA;KICH;KIRC;KIRP,0,0,4,1,2.3905546291375614,2.4920489894244953,0.8659444490128793,1.1685849993568085,TRUE
CYP3A4,0.5,4,BRCA;KICH;KIRC;KIRP,ENSG00000155530,LRGUK,4,BRCA;KICH;KIRC;KIRP,0,0,2,0.5,0.5038600292296259,0.4547523680419104,0.5418136781450681,0.845647090041772,TRUE
CYP3A4,0.5,4,BRCA;KICH;KIRC;KIRP,ENSG00000155749,FLACC1,4,BRCA;KICH;KIRC;KIRP,3,0.75,0,0,-0.9891391667286198,-0.9483686788591887,0.9295245545527329,1.0213141708660094,TRUE
CYP3A4,0.5,4,BRCA;KICH;KIRC;KIRP,ENSG00000155754,C2CD6,4,BRCA;KICH;KIRC;KIRP,2,0.5,0,0,-0.5561634920279241,-0.883082027895629,0.8238582822601239,1.0189977077662309,TRUE
CYP3A4,0.5,4,BRCA;KICH;KIRC;KIRP,ENSG00000155875,SAXO1,4,BRCA;KICH;KIRC;KIRP,0,0,1,0.25,-0.2345520654201091,0.22185054005437366,0.6658761188105982,0.8632874775481155,TRUE
CYP3A4,0.5,4,BRCA;KICH;KIRC;KIRP,ENSG00000156006,NAT2,4,BRCA;KICH;KIRC;KIRP,3,0.75,1,0.25,-1.645663667588174,-1.840332114841074,0.3672636453510573,0.6590300390039203,TRUE
CYP3A4,0.5,4,BRCA;KICH;KIRC;KIRP,ENSG00000156738,MS4A1,4,BRCA;KICH;KIRC;KIRP,2,0.5,1,0.25,-0.13402892623183926,-0.018347846603833207,0.8279798687077666,0.8576922313397527,TRUE
CYP3A4,0.5,4,BRCA;KICH;KIRC;KIRP,ENSG00000156970,BUB1B,4,BRCA;KICH;KIRC;KIRP,0,0,4,1,1.7931678378484441,2.006803640402028,0.7131071922895893,0.9558654681382576,TRUE
CYP3A4,0.5,4,BRCA;KICH;KIRC;KIRP,ENSG00000157017,GHRL,4,BRCA;KICH;KIRC;KIRP,0,0,0,0,-0.06060436906060791,-0.03846108603987449,0.8966036113539817,0.9793420057216184,TRUE
CYP3A4,0.5,4,BRCA;KICH;KIRC;KIRP,ENSG00000157653,C9orf43,4,BRCA;KICH;KIRC;KIRP,3,0.75,0,0,-0.8581327147867557,-0.8747941233095153,0.41295480999288253,0.5543219791170346,TRUE
CYP3A4,0.5,4,BRCA;KICH;KIRC;KIRP,ENSG00000157856,DRC1,4,BRCA;KICH;KIRC;KIRP,2,0.5,0,0,-1.2427746385508383,-1.4041233488874418,0.7280545989101331,1.005477106952086,TRUE
CYP3A4,0.5,4,BRCA;KICH;KIRC;KIRP,ENSG00000158055,GRHL3,4,BRCA;KICH;KIRC;KIRP,2,0.5,1,0.25,-0.7245179858860045,-0.4705018036671609,0.511935787466303,0.9996528083451016,TRUE
CYP3A4,0.5,4,BRCA;KICH;KIRC;KIRP,ENSG00000158486,DNAH3,4,BRCA;KICH;KIRC;KIRP,1,0.25,2,0.5,0.4653898031259759,0.4826402609385352,0.8091706068876691,0.99498207492175,TRUE
CYP3A4,0.5,4,BRCA;KICH;KIRC;KIRP,ENSG00000158488,CD1E,4,BRCA;KICH;KIRC;KIRP,1,0.25,1,0.25,0.08204472267135157,0.05343309563948524,0.9626769536199353,1.0276249479781685,TRUE
CYP3A4,0.5,4,BRCA;KICH;KIRC;KIRP,ENSG00000159708,LRRC36,4,BRCA;KICH;KIRC;KIRP,1,0.25,2,0.5,0.7812347766106087,0.37438097730776126,0.7470050577512786,0.8592090975498479,TRUE
CYP3A4,0.5,4,BRCA;KICH;KIRC;KIRP,ENSG00000159958,TNFRSF13C,4,BRCA;KICH;KIRC;KIRP,0,0,1,0.25,0.3178608248401654,0.48072841025748714,0.946961593700431,1.0152708854217969,TRUE
CYP3A4,0.5,4,BRCA;KICH;KIRC;KIRP,ENSG00000160185,UBASH3A,4,BRCA;KICH;KIRC;KIRP,0,0,2,0.5,0.5823356008378636,1.0092444975869899,0.7178140169540254,0.797648557213483,TRUE
CYP3A4,0.5,4,BRCA;KICH;KIRC;KIRP,ENSG00000160207,HSF2BP,4,BRCA;KICH;KIRC;KIRP,0,0,1,0.25,0.158153731228069,0.28270497110480963,0.7002615913112308,0.8944902145268042,TRUE
CYP3A4,0.5,4,BRCA;KICH;KIRC;KIRP,ENSG00000160221,GATD3A,4,BRCA;KICH;KIRC;KIRP,2,0.5,0,0,-0.5271978101542293,-0.5088416153092366,0.697034201123093,0.8611223338439107,TRUE
CYP3A4,0.5,4,BRCA;KICH;KIRC;KIRP,ENSG00000160856,FCRL3,4,BRCA;KICH;KIRC;KIRP,0,0,2,0.5,0.6889192991198535,1.1507449010164654,0.5921048550300867,0.8522667411341669,TRUE
CYP3A4,0.5,4,BRCA;KICH;KIRC;KIRP,ENSG00000161040,FBXL13,4,BRCA;KICH;KIRC;KIRP,1,0.25,0,0,0.18413199514939857,-0.2502671996931072,0.5405833915087629,0.7525437569121262,TRUE
CYP3A4,0.5,4,BRCA;KICH;KIRC;KIRP,ENSG00000161640,SIGLEC11,4,BRCA;KICH;KIRC;KIRP,3,0.75,0,0,-0.8431759637304401,-1.19649558238313,0.696258492749414,0.8061502560990427,TRUE
CYP3A4,0.5,4,BRCA;KICH;KIRC;KIRP,ENSG00000161944,ASGR2,4,BRCA;KICH;KIRC;KIRP,2,0.5,0,0,-0.5414428700202073,-0.6538451396198557,0.3259430078673877,0.46603909688593054,TRUE
CYP3A4,0.5,4,BRCA;KICH;KIRC;KIRP,ENSG00000162039,MEIOB,4,BRCA;KICH;KIRC;KIRP,3,0.75,0,0,-0.8025918750561869,-0.7318178657098782,0.6682812023612281,0.9482119698003972,TRUE
CYP3A4,0.5,4,BRCA;KICH;KIRC;KIRP,ENSG00000162490,DRAXIN,4,BRCA;KICH;KIRC;KIRP,2,0.5,2,0.5,-0.07894606786284919,0.6530987541479935,0.8551834221644572,0.9881706161619294,TRUE
CYP3A4,0.5,4,BRCA;KICH;KIRC;KIRP,ENSG00000162643,DNAI3,4,BRCA;KICH;KIRC;KIRP,1,0.25,0,0,0.0038034941321202637,-0.3181426686525018,0.5252046949785151,0.6465864986879025,TRUE
CYP3A4,0.5,4,BRCA;KICH;KIRC;KIRP,ENSG00000162669,HFM1,4,BRCA;KICH;KIRC;KIRP,4,1,0,0,-2.1554629129034835,-2.22712870706744,0.9511146995657088,1.0334261681228374,TRUE
CYP3A4,0.5,4,BRCA;KICH;KIRC;KIRP,ENSG00000162747,FCGR3B,4,BRCA;KICH;KIRC;KIRP,0,0,2,0.5,0.1410632182574872,0.29009929588363975,0.48674718273143286,0.6311299899829489,TRUE
CYP3A4,0.5,4,BRCA;KICH;KIRC;KIRP,ENSG00000163116,STPG2,4,BRCA;KICH;KIRC;KIRP,2,0.5,0,0,-0.8254484731624953,-0.8340422571995422,0.8316172814334568,0.8726334964639846,TRUE
CYP3A4,0.5,4,BRCA;KICH;KIRC;KIRP,ENSG00000163157,TMOD4,4,BRCA;KICH;KIRC;KIRP,1,0.25,0,0,-0.36965273718855535,-0.27446066710839967,0.9995688101012179,1.106979040426299,TRUE
CYP3A4,0.5,4,BRCA;KICH;KIRC;KIRP,ENSG00000163380,LMOD3,4,BRCA;KICH;KIRC;KIRP,1,0.25,1,0.25,0.27589666888954656,0.1364280100429287,0.9484249714416497,1.1554139627382622,TRUE
CYP3A4,0.5,4,BRCA;KICH;KIRC;KIRP,ENSG00000163464,CXCR1,4,BRCA;KICH;KIRC;KIRP,0,0,1,0.25,-0.29889088608394004,0.008468539404255515,0.44585043907223293,0.7605059578134609,TRUE
CYP3A4,0.5,4,BRCA;KICH;KIRC;KIRP,ENSG00000163467,TSACC,4,BRCA;KICH;KIRC;KIRP,2,0.5,1,0.25,-0.20146153525269317,0.05807574076090731,0.7985981834680402,0.952106355457804,TRUE
CYP3A4,0.5,4,BRCA;KICH;KIRC;KIRP,ENSG00000163492,CCDC141,4,BRCA;KICH;KIRC;KIRP,2,0.5,1,0.25,-0.3146393851829305,-0.18283905524733407,0.9727794862205119,1.0916948005600469,TRUE
CYP3A4,0.5,4,BRCA;KICH;KIRC;KIRP,ENSG00000163508,EOMES,4,BRCA;KICH;KIRC;KIRP,0,0,3,0.75,0.9858704183049389,1.418488487827148,0.5997171888951142,0.7432394378761087,TRUE
CYP3A4,0.5,4,BRCA;KICH;KIRC;KIRP,ENSG00000163576,EFHB,4,BRCA;KICH;KIRC;KIRP,3,0.75,1,0.25,-0.7276520149138701,-0.9032993860609123,0.5529873393754069,0.8581821824887499,TRUE
CYP3A4,0.5,4,BRCA;KICH;KIRC;KIRP,ENSG00000163689,CFAP20DC,4,BRCA;KICH;KIRC;KIRP,1,0.25,3,0.75,1.754397447024314,0.9094682146140067,0.5061122637421829,0.6973710000161719,TRUE
CYP3A4,0.5,4,BRCA;KICH;KIRC;KIRP,ENSG00000163792,TCF23,4,BRCA;KICH;KIRC;KIRP,2,0.5,0,0,-0.8751937733556808,-0.8606316661794484,0.7673902600522674,1.0065050226109806,TRUE
CYP3A4,0.5,4,BRCA;KICH;KIRC;KIRP,ENSG00000164037,SLC9B1,4,BRCA;KICH;KIRC;KIRP,3,0.75,0,0,-0.7457507069210769,-0.6599192234612735,0.7684811831255836,0.9190978291612748,TRUE
CYP3A4,0.5,4,BRCA;KICH;KIRC;KIRP,ENSG00000164404,GDF9,4,BRCA;KICH;KIRC;KIRP,3,0.75,1,0.25,-0.9782575971961631,-0.6666631690201292,0.6907343389579037,0.8846483470233181,TRUE
CYP3A4,0.5,4,BRCA;KICH;KIRC;KIRP,ENSG00000164483,SAMD3,4,BRCA;KICH;KIRC;KIRP,0,0,2,0.5,0.523371053229172,0.8842257564826395,0.8886469853623743,1.0009582214403945,TRUE
CYP3A4,0.5,4,BRCA;KICH;KIRC;KIRP,ENSG00000164756,SLC30A8,4,BRCA;KICH;KIRC;KIRP,3,0.75,1,0.25,-4.301072058305684,-2.2412615469099277,0.742534350628814,0.7776970715254381,TRUE
CYP3A4,0.5,4,BRCA;KICH;KIRC;KIRP,ENSG00000164893,SLC7A13,4,BRCA;KICH;KIRC;KIRP,3,0.75,1,0.25,-5.528163876667946,-4.25944740230592,0.9836982145284314,1.1409118860755016,TRUE
CYP3A4,0.5,4,BRCA;KICH;KIRC;KIRP,ENSG00000165023,DIRAS2,4,BRCA;KICH;KIRC;KIRP,2,0.5,2,0.5,0.19282999272848544,0.510791018364406,0.9302455653794827,1.003368414036349,TRUE
CYP3A4,0.5,4,BRCA;KICH;KIRC;KIRP,ENSG00000165091,TMC1,4,BRCA;KICH;KIRC;KIRP,4,1,0,0,-2.0925198893998953,-1.9856714206167227,0.7584140298222013,0.9081240552832276,TRUE
CYP3A4,0.5,4,BRCA;KICH;KIRC;KIRP,ENSG00000165164,CFAP47,4,BRCA;KICH;KIRC;KIRP,1,0.25,1,0.25,0.00363257299490171,0.07367947536134523,0.5890002217280011,0.8804562838473772,TRUE
CYP3A4,0.5,4,BRCA;KICH;KIRC;KIRP,ENSG00000165304,MELK,4,BRCA;KICH;KIRC;KIRP,0,0,4,1,3.186861033336081,3.163503124094007,0.7057956797028505,0.8981086166818886,TRUE
CYP3A4,0.5,4,BRCA;KICH;KIRC;KIRP,ENSG00000165309,ARMC3,4,BRCA;KICH;KIRC;KIRP,1,0.25,2,0.5,0.16326478994345878,-0.5029528599994635,0.5571648946403763,0.8799099201301478,TRUE
CYP3A4,0.5,4,BRCA;KICH;KIRC;KIRP,ENSG00000165325,DEUP1,4,BRCA;KICH;KIRC;KIRP,3,0.75,1,0.25,-1.6732781982442886,-1.6276646123426342,0.48582882461122345,0.6568813715902736,TRUE
CYP3A4,0.5,4,BRCA;KICH;KIRC;KIRP,ENSG00000165409,TSHR,4,BRCA;KICH;KIRC;KIRP,3,0.75,1,0.25,-0.7940615505839113,-0.3061146200678974,0.9570423848912983,1.1314892817752304,TRUE
CYP3A4,0.5,4,BRCA;KICH;KIRC;KIRP,ENSG00000165480,SKA3,4,BRCA;KICH;KIRC;KIRP,0,0,4,1,2.183804550176123,2.133527207062736,0.7520840942916245,0.8897532204817542,TRUE
CYP3A4,0.5,4,BRCA;KICH;KIRC;KIRP,ENSG00000165555,NOXRED1,4,BRCA;KICH;KIRC;KIRP,1,0.25,0,0,-0.2174339331116436,-0.24866781296126808,0.5669452992879892,0.5978016248152388,TRUE
CYP3A4,0.5,4,BRCA;KICH;KIRC;KIRP,ENSG00000165863,C10orf82,4,BRCA;KICH;KIRC;KIRP,3,0.75,0,0,-1.9416135747947127,-1.841458127297995,0.7409958984892937,0.8371534296223473,TRUE
CYP3A4,0.5,4,BRCA;KICH;KIRC;KIRP,ENSG00000165899,OTOGL,4,BRCA;KICH;KIRC;KIRP,3,0.75,0,0,-2.22503522583459,-2.202335003933821,0.6990014962357461,0.8569458439649001,TRUE
CYP3A4,0.5,4,BRCA;KICH;KIRC;KIRP,ENSG00000165985,C1QL3,4,BRCA;KICH;KIRC;KIRP,2,0.5,0,0,-0.6550228335698756,-0.49009322123580396,0.8159916592172767,0.8454809810253594,TRUE
CYP3A4,0.5,4,BRCA;KICH;KIRC;KIRP,ENSG00000166153,DEPDC4,4,BRCA;KICH;KIRC;KIRP,2,0.5,0,0,-0.4015390917111953,-0.6514797375285775,0.7159822969324809,0.8828594844999542,TRUE
CYP3A4,0.5,4,BRCA;KICH;KIRC;KIRP,ENSG00000166246,C16orf71,4,BRCA;KICH;KIRC;KIRP,1,0.25,1,0.25,0.08954184546271252,0.15675058305214445,0.8072554520171255,1.0349182763857,TRUE
CYP3A4,0.5,4,BRCA;KICH;KIRC;KIRP,ENSG00000166323,C11orf65,4,BRCA;KICH;KIRC;KIRP,1,0.25,0,0,-0.42826354555309676,-0.33908312991949663,0.4770229368879346,0.5609839420857459,TRUE
CYP3A4,0.5,4,BRCA;KICH;KIRC;KIRP,ENSG00000166359,WDR88,4,BRCA;KICH;KIRC;KIRP,1,0.25,0,0,-0.3792001086336261,-0.5728435601156852,0.8030813356439537,0.8628430567789245,TRUE
CYP3A4,0.5,4,BRCA;KICH;KIRC;KIRP,ENSG00000166596,CFAP52,4,BRCA;KICH;KIRC;KIRP,1,0.25,1,0.25,0.0672549943536542,-0.18947993969973514,0.5036830618639914,0.6548748443379904,TRUE
CYP3A4,0.5,4,BRCA;KICH;KIRC;KIRP,ENSG00000166796,LDHC,4,BRCA;KICH;KIRC;KIRP,3,0.75,0,0,-1.7739854185955028,-1.6687763943117508,0.6292360055883932,0.7701617663513188,TRUE
CYP3A4,0.5,4,BRCA;KICH;KIRC;KIRP,ENSG00000166800,LDHAL6A,4,BRCA;KICH;KIRC;KIRP,4,1,0,0,-0.760546431854593,-0.7597232266041511,0.7355477163782759,0.9753575476168362,TRUE
CYP3A4,0.5,4,BRCA;KICH;KIRC;KIRP,ENSG00000166803,PCLAF,4,BRCA;KICH;KIRC;KIRP,0,0,4,1,2.217451895990938,2.202684104248455,0.5264310514338058,0.7741858881754301,TRUE
CYP3A4,0.5,4,BRCA;KICH;KIRC;KIRP,ENSG00000167094,TTC16,4,BRCA;KICH;KIRC;KIRP,1,0.25,2,0.5,0.37284915042238226,0.29880830288128457,0.525156543783078,0.7709921768358753,TRUE
CYP3A4,0.5,4,BRCA;KICH;KIRC;KIRP,ENSG00000167476,JSRP1,4,BRCA;KICH;KIRC;KIRP,0,0,3,0.75,1.5904388809822363,1.4512383558410178,0.9277981939584868,1.0680650391281583,TRUE
CYP3A4,0.5,4,BRCA;KICH;KIRC;KIRP,ENSG00000167483,NIBAN3,4,BRCA;KICH;KIRC;KIRP,1,0.25,0,0,-0.01847973082811233,-0.0721786798950527,0.6049229103156111,0.7983863821986059,TRUE
CYP3A4,0.5,4,BRCA;KICH;KIRC;KIRP,ENSG00000167889,MGAT5B,4,BRCA;KICH;KIRC;KIRP,2,0.5,1,0.25,-0.2561364297405681,-0.11326847833979165,0.8613597370829801,0.9370862025110483,TRUE
CYP3A4,0.5,4,BRCA;KICH;KIRC;KIRP,ENSG00000167914,GSDMA,4,BRCA;KICH;KIRC;KIRP,0,0,2,0.5,0.5074743971267228,0.6280506946372273,0.8198880842324371,0.9925221570722172,TRUE
CYP3A4,0.5,4,BRCA;KICH;KIRC;KIRP,ENSG00000168078,PBK,4,BRCA;KICH;KIRC;KIRP,0,0,4,1,2.6781780194352436,2.8060098927657924,0.6337175510674031,0.8028526924036204,TRUE
CYP3A4,0.5,4,BRCA;KICH;KIRC;KIRP,ENSG00000168658,VWA3B,4,BRCA;KICH;KIRC;KIRP,3,0.75,0,0,-2.3610134813171717,-2.217378237257597,0.8822178855081646,1.0008030193218942,TRUE
CYP3A4,0.5,4,BRCA;KICH;KIRC;KIRP,ENSG00000169174,PCSK9,4,BRCA;KICH;KIRC;KIRP,2,0.5,2,0.5,-1.1125627542399394,-1.0112640072238677,0.7543522234923012,0.9547990750712516,TRUE
CYP3A4,0.5,4,BRCA;KICH;KIRC;KIRP,ENSG00000169607,CKAP2L,4,BRCA;KICH;KIRC;KIRP,0,0,4,1,2.664007395584169,2.850332551316092,0.731607219325437,0.993617574251702,TRUE
CYP3A4,0.5,4,BRCA;KICH;KIRC;KIRP,ENSG00000169989,TIGD4,4,BRCA;KICH;KIRC;KIRP,2,0.5,0,0,-0.3052889996478692,-0.45048760576901115,0.6237836274155355,0.8569654482349376,TRUE
CYP3A4,0.5,4,BRCA;KICH;KIRC;KIRP,ENSG00000170044,ZPLD1,4,BRCA;KICH;KIRC;KIRP,2,0.5,2,0.5,-0.22060119879201578,-0.08177078665073412,0.8065945710739366,0.8857816305542229,TRUE
CYP3A4,0.5,4,BRCA;KICH;KIRC;KIRP,ENSG00000170236,USP50,4,BRCA;KICH;KIRC;KIRP,0,0,0,0,-0.19157729528233644,-0.19862900914076256,0.715122290814834,0.9099677538979444,TRUE
CYP3A4,0.5,4,BRCA;KICH;KIRC;KIRP,ENSG00000170324,FRMPD2,4,BRCA;KICH;KIRC;KIRP,1,0.25,1,0.25,-0.21299109919646694,-0.2028702421558483,0.5942280491606577,0.691619808573112,TRUE
CYP3A4,0.5,4,BRCA;KICH;KIRC;KIRP,ENSG00000170442,KRT86,4,BRCA;KICH;KIRC;KIRP,0,0,2,0.5,0.9709555080950643,1.0258935005418528,0.7979102026920716,0.9780023830360064,TRUE
CYP3A4,0.5,4,BRCA;KICH;KIRC;KIRP,ENSG00000170959,DCDC1,4,BRCA;KICH;KIRC;KIRP,1,0.25,1,0.25,0.029468499691013922,-0.822972037857977,0.9075672577298741,1.0745469295857666,TRUE
CYP3A4,0.5,4,BRCA;KICH;KIRC;KIRP,ENSG00000171049,FPR2,4,BRCA;KICH;KIRC;KIRP,0,0,1,0.25,0.472898057885638,0.497506249489271,0.6660053211762184,1.0347943625969542,TRUE
CYP3A4,0.5,4,BRCA;KICH;KIRC;KIRP,ENSG00000171320,ESCO2,4,BRCA;KICH;KIRC;KIRP,0,0,4,1,2.2959806018298283,2.2119484050022518,0.8220647160447645,1.0669024910260037,TRUE
CYP3A4,0.5,4,BRCA;KICH;KIRC;KIRP,ENSG00000172000,ZNF556,4,BRCA;KICH;KIRC;KIRP,2,0.5,1,0.25,-0.652890082664765,-0.5365085469542274,0.5793974558454628,0.7443143836255349,TRUE
CYP3A4,0.5,4,BRCA;KICH;KIRC;KIRP,ENSG00000172139,SLC9C1,4,BRCA;KICH;KIRC;KIRP,0,0,0,0,0.06307807133757705,0.07689600744229255,0.6522138538310097,0.8932289014036475,TRUE
CYP3A4,0.5,4,BRCA;KICH;KIRC;KIRP,ENSG00000172399,MYOZ2,4,BRCA;KICH;KIRC;KIRP,4,1,0,0,-3.835476230609533,-3.5475274880715006,0.8097830583767579,0.8321596613085431,TRUE
CYP3A4,0.5,4,BRCA;KICH;KIRC;KIRP,ENSG00000172738,TMEM217,4,BRCA;KICH;KIRC;KIRP,1,0.25,1,0.25,-0.14389418084210384,-0.21450902742582292,0.5429419573971768,0.697170043398611,TRUE
CYP3A4,0.5,4,BRCA;KICH;KIRC;KIRP,ENSG00000173401,GLIPR1L1,4,BRCA;KICH;KIRC;KIRP,1,0.25,0,0,-0.4398857510727754,-0.49275005269169253,0.7291117258384079,0.9467089411761568,TRUE
CYP3A4,0.5,4,BRCA;KICH;KIRC;KIRP,ENSG00000173557,FAM166C,4,BRCA;KICH;KIRC;KIRP,2,0.5,1,0.25,-0.5164316686489836,-0.8948489854388558,0.4011103488169483,0.8826956425566426,TRUE
CYP3A4,0.5,4,BRCA;KICH;KIRC;KIRP,ENSG00000173578,XCR1,4,BRCA;KICH;KIRC;KIRP,0,0,1,0.25,-0.17340287358972695,0.30558040128970043,0.7341696067179175,0.8003001222088151,TRUE
CYP3A4,0.5,4,BRCA;KICH;KIRC;KIRP,ENSG00000173597,SULT1B1,4,BRCA;KICH;KIRC;KIRP,2,0.5,0,0,-0.45707199016605926,-0.6123857978321606,0.9582702266133403,1.0891191538057503,TRUE
CYP3A4,0.5,4,BRCA;KICH;KIRC;KIRP,ENSG00000173809,TDRD12,4,BRCA;KICH;KIRC;KIRP,2,0.5,0,0,-0.48207642722617877,-0.4196499734060351,0.874941549911437,1.1613338267233195,TRUE
CYP3A4,0.5,4,BRCA;KICH;KIRC;KIRP,ENSG00000173868,PHOSPHO1,4,BRCA;KICH;KIRC;KIRP,1,0.25,1,0.25,0.1888986110527396,0.04233288496670997,0.8644317533656333,1.0378564451150312,TRUE
CYP3A4,0.5,4,BRCA;KICH;KIRC;KIRP,ENSG00000174123,TLR10,4,BRCA;KICH;KIRC;KIRP,0,0,3,0.75,1.2386480068298558,1.128407898804757,0.8906689581773894,0.9951423300185182,TRUE
CYP3A4,0.5,4,BRCA;KICH;KIRC;KIRP,ENSG00000174371,EXO1,4,BRCA;KICH;KIRC;KIRP,0,0,3,0.75,1.9909002531833706,2.018744569154731,0.7501851522324728,0.881983636341168,TRUE
CYP3A4,0.5,4,BRCA;KICH;KIRC;KIRP,ENSG00000174527,MYO1H,4,BRCA;KICH;KIRC;KIRP,2,0.5,1,0.25,-0.7134655825882663,0.11236754405063337,0.8452181649150008,0.9903846487630736,TRUE
CYP3A4,0.5,4,BRCA;KICH;KIRC;KIRP,ENSG00000174837,ADGRE1,4,BRCA;KICH;KIRC;KIRP,0,0,3,0.75,1.6374391219719353,1.6891105944326283,0.5435761451347513,0.7386660375142015,TRUE
CYP3A4,0.5,4,BRCA;KICH;KIRC;KIRP,ENSG00000174844,DNAH12,4,BRCA;KICH;KIRC;KIRP,2,0.5,0,0,-0.2770107962725685,-0.3335100548495783,0.7804277136504347,0.9748622204205852,TRUE
CYP3A4,0.5,4,BRCA;KICH;KIRC;KIRP,ENSG00000174885,NLRP6,4,BRCA;KICH;KIRC;KIRP,1,0.25,2,0.5,0.1258494986358998,-0.39087522335592795,0.8774823426859707,1.0321543605630223,TRUE
CYP3A4,0.5,4,BRCA;KICH;KIRC;KIRP,ENSG00000174946,GPR171,4,BRCA;KICH;KIRC;KIRP,0,0,1,0.25,0.23889562291236038,0.4072345381170829,0.9810933090586584,1.0727945088959228,TRUE
CYP3A4,0.5,4,BRCA;KICH;KIRC;KIRP,ENSG00000175003,SLC22A1,4,BRCA;KICH;KIRC;KIRP,3,0.75,0,0,-1.3171703942284663,-1.217455484022251,0.3174944230861522,0.33691053182246433,TRUE
CYP3A4,0.5,4,BRCA;KICH;KIRC;KIRP,ENSG00000175093,SPSB4,4,BRCA;KICH;KIRC;KIRP,2,0.5,1,0.25,-1.2560459324498852,-0.7962743466272174,0.597196064883258,0.9936914726931833,TRUE
CYP3A4,0.5,4,BRCA;KICH;KIRC;KIRP,ENSG00000175267,VWA3A,4,BRCA;KICH;KIRC;KIRP,1,0.25,0,0,-0.38342117415678734,-0.6683825716425309,0.9585275616093473,1.128534412552015,TRUE
CYP3A4,0.5,4,BRCA;KICH;KIRC;KIRP,ENSG00000175518,UBQLNL,4,BRCA;KICH;KIRC;KIRP,2,0.5,0,0,-0.42163423721744253,-0.7563271584312062,1.005343954744244,1.1038803437457405,TRUE
CYP3A4,0.5,4,BRCA;KICH;KIRC;KIRP,ENSG00000175697,GPR156,4,BRCA;KICH;KIRC;KIRP,1,0.25,0,0,-0.30881828568282527,-0.3056013083922132,0.9867052022969315,1.1026377303546702,TRUE
CYP3A4,0.5,4,BRCA;KICH;KIRC;KIRP,ENSG00000175874,CREG2,4,BRCA;KICH;KIRC;KIRP,0,0,4,1,2.282006137496663,2.193321401334846,0.7805226216646314,1.05881356502053,TRUE
CYP3A4,0.5,4,BRCA;KICH;KIRC;KIRP,ENSG00000176029,C11orf16,4,BRCA;KICH;KIRC;KIRP,3,0.75,0,0,-1.8356004144054392,-1.505316199355857,0.7084163567109929,0.879678795774642,TRUE
CYP3A4,0.5,4,BRCA;KICH;KIRC;KIRP,ENSG00000176083,ZNF683,4,BRCA;KICH;KIRC;KIRP,0,0,3,0.75,1.9008401176772323,1.7864200340161243,0.9090313562452952,0.95601310804231,TRUE
CYP3A4,0.5,4,BRCA;KICH;KIRC;KIRP,ENSG00000176092,CRYBG2,4,BRCA;KICH;KIRC;KIRP,1,0.25,2,0.5,0.39572053553571623,0.5660456877601178,0.37326289766561693,0.4708981578425646,TRUE
CYP3A4,0.5,4,BRCA;KICH;KIRC;KIRP,ENSG00000176927,EFCAB5,4,BRCA;KICH;KIRC;KIRP,2,0.5,0,0,-0.46350014491830815,-0.7533498726541992,0.6247720085979133,0.8673530524868203,TRUE
CYP3A4,0.5,4,BRCA;KICH;KIRC;KIRP,ENSG00000177398,UMODL1,4,BRCA;KICH;KIRC;KIRP,2,0.5,2,0.5,-1.1574024956583469,-1.0718202581763465,0.5833691293893306,0.9874215954674214,TRUE
CYP3A4,0.5,4,BRCA;KICH;KIRC;KIRP,ENSG00000177455,CD19,4,BRCA;KICH;KIRC;KIRP,1,0.25,2,0.5,0.06988842682628887,0.04231873883455456,0.6124303837897965,0.6925343912670207,TRUE
CYP3A4,0.5,4,BRCA;KICH;KIRC;KIRP,ENSG00000177483,RBM44,4,BRCA;KICH;KIRC;KIRP,1,0.25,0,0,-0.3334808889493639,-0.23682754876851694,0.939704382067093,1.0527628238294344,TRUE
CYP3A4,0.5,4,BRCA;KICH;KIRC;KIRP,ENSG00000177494,ZBED2,4,BRCA;KICH;KIRC;KIRP,1,0.25,1,0.25,0.31841277911630644,-0.10297571710412903,0.3175109822663436,0.5944260342488576,TRUE
CYP3A4,0.5,4,BRCA;KICH;KIRC;KIRP,ENSG00000177994,C2orf73,4,BRCA;KICH;KIRC;KIRP,2,0.5,0,0,-0.9382251583101614,-1.8170236133587883,0.4792246155060819,0.7210404002806592,TRUE
CYP3A4,0.5,4,BRCA;KICH;KIRC;KIRP,ENSG00000178125,PPP1R42,4,BRCA;KICH;KIRC;KIRP,2,0.5,0,0,-1.20256696666408,-1.6946677177981608,0.6118025154738972,0.8867884729062471,TRUE
CYP3A4,0.5,4,BRCA;KICH;KIRC;KIRP,ENSG00000178150,ZNF114,4,BRCA;KICH;KIRC;KIRP,0,0,1,0.25,-0.0636798690885021,0.16015204196494195,0.814533946083477,0.9538679578119718,TRUE
CYP3A4,0.5,4,BRCA;KICH;KIRC;KIRP,ENSG00000178199,ZC3H12D,4,BRCA;KICH;KIRC;KIRP,0,0,1,0.25,0.04709323498811588,0.2545028229161441,0.5938620480596027,0.7373632941664486,TRUE
CYP3A4,0.5,4,BRCA;KICH;KIRC;KIRP,ENSG00000178789,CD300LB,4,BRCA;KICH;KIRC;KIRP,0,0,2,0.5,0.9183683350032528,0.9976555251364018,0.788920188174073,0.9704853804071264,TRUE
CYP3A4,0.5,4,BRCA;KICH;KIRC;KIRP,ENSG00000179168,GGN,4,BRCA;KICH;KIRC;KIRP,0,0,2,0.5,0.4531877343354114,0.443573553700804,1.0225161352395693,1.0855580456988183,TRUE
CYP3A4,0.5,4,BRCA;KICH;KIRC;KIRP,ENSG00000179397,CATSPERE,4,BRCA;KICH;KIRC;KIRP,3,0.75,0,0,-0.9481709811711605,-1.0286610523524762,0.7887752938388838,0.9018924424833068,TRUE
CYP3A4,0.5,4,BRCA;KICH;KIRC;KIRP,ENSG00000179636,TPPP2,4,BRCA;KICH;KIRC;KIRP,4,1,0,0,-3.853817474435195,-3.354923456424962,0.5732433745650589,0.6588687235333006,TRUE
CYP3A4,0.5,4,BRCA;KICH;KIRC;KIRP,ENSG00000179750,APOBEC3B,4,BRCA;KICH;KIRC;KIRP,0,0,4,1,1.3104385811244657,1.5153138939885764,0.6090939835765434,0.7292504039687706,TRUE
CYP3A4,0.5,4,BRCA;KICH;KIRC;KIRP,ENSG00000179869,ABCA13,4,BRCA;KICH;KIRC;KIRP,4,1,0,0,-1.31783065057797,-2.027863016968142,0.7820513411902816,1.049377615498132,TRUE
CYP3A4,0.5,4,BRCA;KICH;KIRC;KIRP,ENSG00000180209,MYLPF,4,BRCA;KICH;KIRC;KIRP,1,0.25,0,0,-0.06793843037003887,-0.27038256163686486,0.887852529629825,1.137043062025196,TRUE
CYP3A4,0.5,4,BRCA;KICH;KIRC;KIRP,ENSG00000180336,MEIOC,4,BRCA;KICH;KIRC;KIRP,2,0.5,1,0.25,-0.8869852896459797,-0.8039655139043569,0.5910521557084457,0.6239037729286008,TRUE
CYP3A4,0.5,4,BRCA;KICH;KIRC;KIRP,ENSG00000180509,KCNE1,4,BRCA;KICH;KIRC;KIRP,4,1,0,0,-2.7502942628361233,-2.565973316414353,0.5577643181214401,0.910044620701426,TRUE
CYP3A4,0.5,4,BRCA;KICH;KIRC;KIRP,ENSG00000180535,BHLHA15,4,BRCA;KICH;KIRC;KIRP,0,0,2,0.5,0.508452031818644,0.7233164181539886,0.6130143813134897,1.027794923615583,TRUE
CYP3A4,0.5,4,BRCA;KICH;KIRC;KIRP,ENSG00000180871,CXCR2,4,BRCA;KICH;KIRC;KIRP,1,0.25,1,0.25,0.17124600426386144,-0.017530831176274728,0.5712820722868374,0.7525026552180282,TRUE
CYP3A4,0.5,4,BRCA;KICH;KIRC;KIRP,ENSG00000180929,GPR62,4,BRCA;KICH;KIRC;KIRP,4,1,0,0,-1.7299446394178317,-1.8101147923965981,0.8979253127090788,0.9647825836365204,TRUE
CYP3A4,0.5,4,BRCA;KICH;KIRC;KIRP,ENSG00000181333,HEPHL1,4,BRCA;KICH;KIRC;KIRP,2,0.5,1,0.25,-0.6383672754617977,-0.7784445821562407,0.6882685986969537,0.905228381894182,TRUE
CYP3A4,0.5,4,BRCA;KICH;KIRC;KIRP,ENSG00000181847,TIGIT,4,BRCA;KICH;KIRC;KIRP,0,0,4,1,1.4008381502789775,1.7419329545187636,0.8263840208820636,0.9037400466030684,TRUE
CYP3A4,0.5,4,BRCA;KICH;KIRC;KIRP,ENSG00000182010,RTKN2,4,BRCA;KICH;KIRC;KIRP,1,0.25,2,0.5,0.49395282465143,0.46111876189383594,0.6785145772199391,1.0216085427087431,TRUE
CYP3A4,0.5,4,BRCA;KICH;KIRC;KIRP,ENSG00000182183,SHISAL2A,4,BRCA;KICH;KIRC;KIRP,0,0,3,0.75,1.3037246299861605,1.0337461081803445,0.9325213168924438,1.1523086449357376,TRUE
CYP3A4,0.5,4,BRCA;KICH;KIRC;KIRP,ENSG00000182308,DCAF4L1,4,BRCA;KICH;KIRC;KIRP,0,0,1,0.25,0.09217758715841498,0.41359724793546004,0.8438066451535873,1.0263688072924144,TRUE
CYP3A4,0.5,4,BRCA;KICH;KIRC;KIRP,ENSG00000182791,CCDC87,4,BRCA;KICH;KIRC;KIRP,1,0.25,1,0.25,-0.3389594754951747,0.03882058567635964,0.537078850899959,0.6961973650761095,TRUE
CYP3A4,0.5,4,BRCA;KICH;KIRC;KIRP,ENSG00000183032,SLC25A21,4,BRCA;KICH;KIRC;KIRP,1,0.25,0,0,-0.3964187310174629,-0.3846224856787355,0.7937580519487499,0.8961126044840574,TRUE
CYP3A4,0.5,4,BRCA;KICH;KIRC;KIRP,ENSG00000183066,WBP2NL,4,BRCA;KICH;KIRC;KIRP,1,0.25,0,0,-0.49149544439109893,-0.3278701369430473,0.5179894889935653,0.858370209276052,TRUE
CYP3A4,0.5,4,BRCA;KICH;KIRC;KIRP,ENSG00000183145,RIPPLY3,4,BRCA;KICH;KIRC;KIRP,3,0.75,1,0.25,-2.0557798361259674,-0.9151298099554309,1.0229410933305572,1.1020454560210382,TRUE
CYP3A4,0.5,4,BRCA;KICH;KIRC;KIRP,ENSG00000183671,GPR1,4,BRCA;KICH;KIRC;KIRP,2,0.5,1,0.25,-0.364807505568187,-0.4242080502159628,0.7474081406497262,0.8320993582289842,TRUE
CYP3A4,0.5,4,BRCA;KICH;KIRC;KIRP,ENSG00000183813,CCR4,4,BRCA;KICH;KIRC;KIRP,1,0.25,2,0.5,0.7223576842263537,0.45196492313857883,0.7836113942348357,0.9971430757407156,TRUE
CYP3A4,0.5,4,BRCA;KICH;KIRC;KIRP,ENSG00000183908,LRRC55,4,BRCA;KICH;KIRC;KIRP,3,0.75,1,0.25,-1.1515716294172331,-1.469743486226426,0.7224797270125332,0.919808774769489,TRUE
CYP3A4,0.5,4,BRCA;KICH;KIRC;KIRP,ENSG00000183918,SH2D1A,4,BRCA;KICH;KIRC;KIRP,0,0,2,0.5,0.7493496685122302,1.1613358522410986,0.7877712582240848,0.922623423768088,TRUE
CYP3A4,0.5,4,BRCA;KICH;KIRC;KIRP,ENSG00000184261,KCNK12,4,BRCA;KICH;KIRC;KIRP,1,0.25,0,0,-0.3452813716236559,-0.4842309781935362,0.8416398187535064,0.9586981993407218,TRUE
CYP3A4,0.5,4,BRCA;KICH;KIRC;KIRP,ENSG00000184374,COLEC10,4,BRCA;KICH;KIRC;KIRP,1,0.25,3,0.75,0.700676512772765,0.5116819368908743,0.8185757919558002,0.9886890366840496,TRUE
CYP3A4,0.5,4,BRCA;KICH;KIRC;KIRP,ENSG00000184661,CDCA2,4,BRCA;KICH;KIRC;KIRP,0,0,4,1,2.553566937218095,3.1421566823236833,0.6886198577942386,0.8533550250725941,TRUE
CYP3A4,0.5,4,BRCA;KICH;KIRC;KIRP,ENSG00000185055,EFCAB10,4,BRCA;KICH;KIRC;KIRP,0,0,1,0.25,0.410866761770878,0.45118713795897236,0.8331819722190581,0.9833092678855552,TRUE
CYP3A4,0.5,4,BRCA;KICH;KIRC;KIRP,ENSG00000185480,PARPBP,4,BRCA;KICH;KIRC;KIRP,0,0,3,0.75,1.0348559662813686,1.0226760506326662,0.9375757724957663,0.9808285470775084,TRUE
CYP3A4,0.5,4,BRCA;KICH;KIRC;KIRP,ENSG00000185958,FAM186A,4,BRCA;KICH;KIRC;KIRP,0,0,1,0.25,0.1092300141902301,0.10981608731543008,0.8104653362525436,0.8987551054959149,TRUE
CYP3A4,0.5,4,BRCA;KICH;KIRC;KIRP,ENSG00000186074,CD300LF,4,BRCA;KICH;KIRC;KIRP,0,0,4,1,2.271074572877575,2.2320276363091263,0.7737415717197279,0.8581884732392501,TRUE
CYP3A4,0.5,4,BRCA;KICH;KIRC;KIRP,ENSG00000186094,AGBL4,4,BRCA;KICH;KIRC;KIRP,3,0.75,0,0,-2.032248691215532,-1.77507562296567,0.9984094188067495,1.1310034098608697,TRUE
CYP3A4,0.5,4,BRCA;KICH;KIRC;KIRP,ENSG00000186265,BTLA,4,BRCA;KICH;KIRC;KIRP,0,0,1,0.25,0.09471793579921087,0.36895876858234233,0.6960519899038924,0.9380539609155432,TRUE
CYP3A4,0.5,4,BRCA;KICH;KIRC;KIRP,ENSG00000186407,CD300E,4,BRCA;KICH;KIRC;KIRP,1,0.25,1,0.25,0.35467054417590027,0.31115838242093974,0.6923026703942063,0.8939570671144411,TRUE
CYP3A4,0.5,4,BRCA;KICH;KIRC;KIRP,ENSG00000186684,CYP27C1,4,BRCA;KICH;KIRC;KIRP,3,0.75,0,0,-1.1819679405666075,-1.6090857696552834,0.9983720255549878,1.110939399556512,TRUE
CYP3A4,0.5,4,BRCA;KICH;KIRC;KIRP,ENSG00000186810,CXCR3,4,BRCA;KICH;KIRC;KIRP,0,0,4,1,1.022426287552008,1.5345954555309298,0.6004687230144559,0.9113991362002272,TRUE
CYP3A4,0.5,4,BRCA;KICH;KIRC;KIRP,ENSG00000186897,C1QL4,4,BRCA;KICH;KIRC;KIRP,2,0.5,2,0.5,0.03643163319990872,-0.18129573160796594,0.5724222075433333,0.7300869674686489,TRUE
CYP3A4,0.5,4,BRCA;KICH;KIRC;KIRP,ENSG00000187105,HEATR4,4,BRCA;KICH;KIRC;KIRP,0,0,1,0.25,-0.2716818516929583,0.10679954203422413,0.8211640728705657,0.9002894873134019,TRUE
CYP3A4,0.5,4,BRCA;KICH;KIRC;KIRP,ENSG00000187808,SOWAHD,4,BRCA;KICH;KIRC;KIRP,0,0,4,1,1.096880762402428,1.0976461593510225,0.6322044548381374,0.7698496422870076,TRUE
CYP3A4,0.5,4,BRCA;KICH;KIRC;KIRP,ENSG00000187980,PLA2G2C,4,BRCA;KICH;KIRC;KIRP,0,0,2,0.5,0.46427746027907535,0.4095634867918991,0.7662707230124478,0.8745816279867251,TRUE
CYP3A4,0.5,4,BRCA;KICH;KIRC;KIRP,ENSG00000188107,EYS,4,BRCA;KICH;KIRC;KIRP,1,0.25,1,0.25,-0.16658278575087326,-0.1766122177560702,1.0071552883763386,1.1335329212746077,TRUE
CYP3A4,0.5,4,BRCA;KICH;KIRC;KIRP,ENSG00000188305,PEAK3,4,BRCA;KICH;KIRC;KIRP,0,0,1,0.25,0.1996002036299661,0.4294533233882534,0.7510045278666516,0.9325490725833532,TRUE
CYP3A4,0.5,4,BRCA;KICH;KIRC;KIRP,ENSG00000188316,ENO4,4,BRCA;KICH;KIRC;KIRP,1,0.25,0,0,-0.2621723041854217,-0.7445941695438909,0.7767615836127895,0.8074461701035593,TRUE
CYP3A4,0.5,4,BRCA;KICH;KIRC;KIRP,ENSG00000188368,PRR19,4,BRCA;KICH;KIRC;KIRP,0,0,2,0.5,0.2817172710802909,0.5319464807726114,0.7644530996991419,0.8342899418882642,TRUE
CYP3A4,0.5,4,BRCA;KICH;KIRC;KIRP,ENSG00000188389,PDCD1,4,BRCA;KICH;KIRC;KIRP,0,0,3,0.75,0.9837524112102769,1.1199248477176957,0.7983051181609412,0.8486679608849369,TRUE
CYP3A4,0.5,4,BRCA;KICH;KIRC;KIRP,ENSG00000188596,CFAP54,4,BRCA;KICH;KIRC;KIRP,2,0.5,0,0,-0.5486672554273684,-0.6982697004791925,0.9066236003848038,0.9624584612220352,TRUE
CYP3A4,0.5,4,BRCA;KICH;KIRC;KIRP,ENSG00000188649,CC2D2B,4,BRCA;KICH;KIRC;KIRP,2,0.5,1,0.25,-0.5561951042496495,-0.35649713011242334,1.023832232879778,1.1341762596895832,TRUE
CYP3A4,0.5,4,BRCA;KICH;KIRC;KIRP,ENSG00000188897,AC099489.1,4,BRCA;KICH;KIRC;KIRP,2,0.5,1,0.25,-0.4222329450297432,-0.3001580710941686,0.6735731591012281,0.8665393822908206,TRUE
CYP3A4,0.5,4,BRCA;KICH;KIRC;KIRP,ENSG00000188910,GJB3,4,BRCA;KICH;KIRC;KIRP,2,0.5,1,0.25,-1.2047519492810186,-1.3568534761604663,0.681022342223192,0.8177688983550572,TRUE
CYP3A4,0.5,4,BRCA;KICH;KIRC;KIRP,ENSG00000188958,UTS2B,4,BRCA;KICH;KIRC;KIRP,2,0.5,0,0,-0.3964650231907271,-0.6840121332497633,0.8955994919222912,1.157769012195314,TRUE
CYP3A4,0.5,4,BRCA;KICH;KIRC;KIRP,ENSG00000196092,PAX5,4,BRCA;KICH;KIRC;KIRP,1,0.25,1,0.25,0.17535594108693156,0.07639333730708281,0.8622144212399796,0.9853920356128222,TRUE
CYP3A4,0.5,4,BRCA;KICH;KIRC;KIRP,ENSG00000196421,C20orf204,4,BRCA;KICH;KIRC;KIRP,0,0,2,0.5,0.5969604744815982,0.684790946387621,0.9445197660339326,1.064544096822052,TRUE
CYP3A4,0.5,4,BRCA;KICH;KIRC;KIRP,ENSG00000196860,TOMM20L,4,BRCA;KICH;KIRC;KIRP,2,0.5,0,0,-0.6733232349498058,-0.6657297181316736,0.7368815587599945,0.9747545545837468,TRUE
CYP3A4,0.5,4,BRCA;KICH;KIRC;KIRP,ENSG00000196862,RGPD4,4,BRCA;KICH;KIRC;KIRP,0,0,0,0,-0.15193027152594035,-0.16287756134715223,0.6982856026386516,0.8159366685700303,TRUE
CYP3A4,0.5,4,BRCA;KICH;KIRC;KIRP,ENSG00000197275,RAD54B,4,BRCA;KICH;KIRC;KIRP,0,0,3,0.75,1.0927823275098452,0.9589289246175284,0.9108252871236802,1.0948150618381918,TRUE
CYP3A4,0.5,4,BRCA;KICH;KIRC;KIRP,ENSG00000197360,ZNF98,4,BRCA;KICH;KIRC;KIRP,4,1,0,0,-2.200373170290732,-2.150182978169924,0.7184953574572581,0.9339929375686928,TRUE
CYP3A4,0.5,4,BRCA;KICH;KIRC;KIRP,ENSG00000197520,FAM177B,4,BRCA;KICH;KIRC;KIRP,0,0,2,0.5,0.8120961868096715,0.8715802729745461,0.7587036186169573,0.8967925026062645,TRUE
CYP3A4,0.5,4,BRCA;KICH;KIRC;KIRP,ENSG00000197653,DNAH10,4,BRCA;KICH;KIRC;KIRP,2,0.5,0,0,-0.4280994328177552,-0.3700394306794551,0.8713503333740594,0.9941955594053624,TRUE
CYP3A4,0.5,4,BRCA;KICH;KIRC;KIRP,ENSG00000197753,LHFPL5,4,BRCA;KICH;KIRC;KIRP,0,0,3,0.75,0.8076573762797427,0.8024243169634266,0.7769317053833338,0.9329615600619864,TRUE
CYP3A4,0.5,4,BRCA;KICH;KIRC;KIRP,ENSG00000197980,LEKR1,4,BRCA;KICH;KIRC;KIRP,2,0.5,0,0,-0.651814939661362,-0.699414163992897,0.6085167266865462,0.781059350497522,TRUE
CYP3A4,0.5,4,BRCA;KICH;KIRC;KIRP,ENSG00000197993,KEL,4,BRCA;KICH;KIRC;KIRP,1,0.25,0,0,-0.32127750456122556,-0.2831815134579635,0.8752663042052369,1.0317210332624205,TRUE
CYP3A4,0.5,4,BRCA;KICH;KIRC;KIRP,ENSG00000198010,DLGAP2,4,BRCA;KICH;KIRC;KIRP,4,1,0,0,-2.899687796048902,-2.5886300756976226,0.793342346643562,0.9803334319819028,TRUE
CYP3A4,0.5,4,BRCA;KICH;KIRC;KIRP,ENSG00000198336,MYL4,4,BRCA;KICH;KIRC;KIRP,0,0,2,0.5,0.4868860877496898,0.5509513619973463,0.8008121096145823,1.0796293533038344,TRUE
CYP3A4,0.5,4,BRCA;KICH;KIRC;KIRP,ENSG00000198574,SH2D1B,4,BRCA;KICH;KIRC;KIRP,2,0.5,2,0.5,0.22074931479791843,0.18412248553015909,0.7482403697682376,0.8581071058860106,TRUE
CYP3A4,0.5,4,BRCA;KICH;KIRC;KIRP,ENSG00000198870,STKLD1,4,BRCA;KICH;KIRC;KIRP,3,0.75,0,0,-0.8371275106354406,-0.9356881952578477,0.9324317685768936,1.0303281345531377,TRUE
CYP3A4,0.5,4,BRCA;KICH;KIRC;KIRP,ENSG00000198881,ASB12,4,BRCA;KICH;KIRC;KIRP,1,0.25,0,0,-0.3054217077088405,-0.4986492904961569,0.7052011710295791,0.8853001052941013,TRUE
CYP3A4,0.5,4,BRCA;KICH;KIRC;KIRP,ENSG00000203722,RAET1G,4,BRCA;KICH;KIRC;KIRP,3,0.75,0,0,-1.0420214118010582,-0.8658757315141257,0.8166373127077378,0.928076490767074,TRUE
CYP3A4,0.5,4,BRCA;KICH;KIRC;KIRP,ENSG00000203872,C6orf163,4,BRCA;KICH;KIRC;KIRP,1,0.25,1,0.25,-0.09009371017036275,-0.0910023492481714,1.0412180124633892,1.128117073813997,TRUE
CYP3A4,0.5,4,BRCA;KICH;KIRC;KIRP,ENSG00000203943,SAMD13,4,BRCA;KICH;KIRC;KIRP,2,0.5,0,0,-0.9867656107737348,-0.8235853685324439,0.8154682394492865,0.9087381177157454,TRUE
CYP3A4,0.5,4,BRCA;KICH;KIRC;KIRP,ENSG00000204475,NCR3,4,BRCA;KICH;KIRC;KIRP,0,0,2,0.5,0.5515387037842399,0.8990355965306714,0.7066254835672505,0.9829619066078024,TRUE
CYP3A4,0.5,4,BRCA;KICH;KIRC;KIRP,ENSG00000204644,ZFP57,4,BRCA;KICH;KIRC;KIRP,2,0.5,1,0.25,-0.5979553875817961,0.30498043006087544,0.8965163579027717,1.0436905331105153,TRUE
CYP3A4,0.5,4,BRCA;KICH;KIRC;KIRP,ENSG00000204740,MALRD1,4,BRCA;KICH;KIRC;KIRP,2,0.5,0,0,-1.5008768410844673,-1.4014292659627623,0.5881605017450694,0.7310035083801686,TRUE
CYP3A4,0.5,4,BRCA;KICH;KIRC;KIRP,ENSG00000204936,CD177,4,BRCA;KICH;KIRC;KIRP,0,0,2,0.5,0.655826342893649,0.8471811435389567,0.6211690063842132,0.8240995917427384,TRUE
CYP3A4,0.5,4,BRCA;KICH;KIRC;KIRP,ENSG00000204965,PCDHA5,4,BRCA;KICH;KIRC;KIRP,2,0.5,0,0,-0.47142248300034395,-0.45338146978155286,0.6945045365793336,0.8440258511502035,TRUE
CYP3A4,0.5,4,BRCA;KICH;KIRC;KIRP,ENSG00000204969,PCDHA2,4,BRCA;KICH;KIRC;KIRP,1,0.25,1,0.25,-0.07608095513208893,-0.3585290273626896,0.8070256187886762,0.947506032120718,TRUE
CYP3A4,0.5,4,BRCA;KICH;KIRC;KIRP,ENSG00000205832,C16orf96,4,BRCA;KICH;KIRC;KIRP,1,0.25,1,0.25,0.39991692406792567,0.11091069662979208,0.7388521491867293,0.8384392400179119,TRUE
CYP3A4,0.5,4,BRCA;KICH;KIRC;KIRP,ENSG00000205838,TTC23L,4,BRCA;KICH;KIRC;KIRP,1,0.25,0,0,-0.3340900843442937,-0.6837749935709551,0.6292235831854488,0.7148659632278606,TRUE
CYP3A4,0.5,4,BRCA;KICH;KIRC;KIRP,ENSG00000206113,CFAP99,4,BRCA;KICH;KIRC;KIRP,2,0.5,1,0.25,-0.6239104969611677,-0.4362936175338764,0.547752316388356,0.5644006863457087,TRUE
CYP3A4,0.5,4,BRCA;KICH;KIRC;KIRP,ENSG00000213171,LINGO4,4,BRCA;KICH;KIRC;KIRP,2,0.5,0,0,-0.46170072166644505,-0.48112746597768846,0.519963310432921,0.5607402304086082,TRUE
CYP3A4,0.5,4,BRCA;KICH;KIRC;KIRP,ENSG00000213973,ZNF99,4,BRCA;KICH;KIRC;KIRP,3,0.75,1,0.25,-1.4953750739010008,-1.228478406009825,0.509007053212788,0.6597654615099785,TRUE
CYP3A4,0.5,4,BRCA;KICH;KIRC;KIRP,ENSG00000214711,CAPN14,4,BRCA;KICH;KIRC;KIRP,2,0.5,0,0,-0.95193305582181,-1.5626572889813146,0.4753351681248083,0.6747426354475823,TRUE
CYP3A4,0.5,4,BRCA;KICH;KIRC;KIRP,ENSG00000215045,GRID2IP,4,BRCA;KICH;KIRC;KIRP,2,0.5,0,0,-0.7756022225509718,-0.6971583245513371,0.8604157040169705,0.922863016500844,TRUE
CYP3A4,0.5,4,BRCA;KICH;KIRC;KIRP,ENSG00000215912,TTC34,4,BRCA;KICH;KIRC;KIRP,2,0.5,0,0,-0.6206616997026386,-0.5097395357642052,0.6464641374465057,0.92551194867423,TRUE
CYP3A4,0.5,4,BRCA;KICH;KIRC;KIRP,ENSG00000221947,XKR9,4,BRCA;KICH;KIRC;KIRP,0,0,3,0.75,0.8443299689152269,0.7438677217152273,0.8518205045461007,1.1218998048530446,TRUE
CYP3A4,0.5,4,BRCA;KICH;KIRC;KIRP,ENSG00000224982,TMEM233,4,BRCA;KICH;KIRC;KIRP,0,0,2,0.5,1.1675572039144972,1.2495747927632133,1.0180692932868398,1.0943682466862787,TRUE
CYP3A4,0.5,4,BRCA;KICH;KIRC;KIRP,ENSG00000225556,C2CD4D,4,BRCA;KICH;KIRC;KIRP,0,0,1,0.25,0.09692110231131204,0.16683471291575871,0.9412415345392613,0.9645367852548242,TRUE
CYP3A4,0.5,4,BRCA;KICH;KIRC;KIRP,ENSG00000226174,TEX22,4,BRCA;KICH;KIRC;KIRP,0,0,2,0.5,0.5196832942564502,0.5459815987183962,0.6789952989388023,0.8440663880716458,TRUE
CYP3A4,0.5,4,BRCA;KICH;KIRC;KIRP,ENSG00000229474,PATL2,4,BRCA;KICH;KIRC;KIRP,0,0,3,0.75,1.6109392525506927,1.3787474482156092,0.9109666775203212,0.9571042653230764,TRUE
CYP3A4,0.5,4,BRCA;KICH;KIRC;KIRP,ENSG00000230358,SPDYE21,4,BRCA;KICH;KIRC;KIRP,0,0,0,0,0.18610283789636423,0.09846601806608311,1.056243197185916,1.1378727714062231,TRUE
CYP3A4,0.5,4,BRCA;KICH;KIRC;KIRP,ENSG00000232810,TNF,4,BRCA;KICH;KIRC;KIRP,1,0.25,0,0,-0.06355635809758878,-0.24978241048994365,0.8752060295970813,0.916469200874232,TRUE
CYP3A4,0.5,4,BRCA;KICH;KIRC;KIRP,ENSG00000236383,CCDC200,4,BRCA;KICH;KIRC;KIRP,2,0.5,0,0,-0.41309663034519467,-0.3692186903007102,1.0109216581556426,1.0355769031010107,TRUE
CYP3A4,0.5,4,BRCA;KICH;KIRC;KIRP,ENSG00000239998,LILRA2,4,BRCA;KICH;KIRC;KIRP,0,0,2,0.5,1.3568615584300527,1.3491182015582335,0.9217530544994008,1.007670371326052,TRUE
CYP3A4,0.5,4,BRCA;KICH;KIRC;KIRP,ENSG00000243710,CFAP57,4,BRCA;KICH;KIRC;KIRP,2,0.5,1,0.25,-0.3146427302900052,-1.1559405593795966,0.5440342680834667,0.7066220144314418,TRUE
CYP3A4,0.5,4,BRCA;KICH;KIRC;KIRP,ENSG00000248329,APELA,4,BRCA;KICH;KIRC;KIRP,3,0.75,1,0.25,-3.7719666288892517,-3.3392821582160237,0.47428818978541076,0.5878586537052749,TRUE
CYP3A4,0.5,4,BRCA;KICH;KIRC;KIRP,ENSG00000249158,PCDHA11,4,BRCA;KICH;KIRC;KIRP,2,0.5,1,0.25,-0.8283038105786342,-0.7617388241017709,0.6466224789311699,0.71694896332117,TRUE
CYP3A4,0.5,4,BRCA;KICH;KIRC;KIRP,ENSG00000249437,NAIP,4,BRCA;KICH;KIRC;KIRP,0,0,1,0.25,0.3081159977383139,0.46936935427677123,0.9384839586500752,1.0427822901796695,TRUE
CYP3A4,0.5,4,BRCA;KICH;KIRC;KIRP,ENSG00000251664,PCDHA12,4,BRCA;KICH;KIRC;KIRP,3,0.75,1,0.25,-1.7674297866293451,-1.4565609165850018,0.6811035299598295,0.7715581536514142,TRUE
CYP3A4,0.5,4,BRCA;KICH;KIRC;KIRP,ENSG00000253626,EIF5AL1,4,BRCA;KICH;KIRC;KIRP,0,0,1,0.25,0.35233518318490786,0.4105812907398515,0.7109666275275279,0.8194357699611631,TRUE
CYP3A4,0.5,4,BRCA;KICH;KIRC;KIRP,ENSG00000253649,PRSS51,4,BRCA;KICH;KIRC;KIRP,1,0.25,1,0.25,-0.22742379382310332,-0.3921044460150547,0.8303659533569044,0.9383876673705068,TRUE
CYP3A4,0.5,4,BRCA;KICH;KIRC;KIRP,ENSG00000255274,SMIM35,4,BRCA;KICH;KIRC;KIRP,4,1,0,0,-2.302414254325756,-2.252464280614653,0.8146731744713692,0.9751122456818756,TRUE
CYP3A4,0.5,4,BRCA;KICH;KIRC;KIRP,ENSG00000255346,NOX5,4,BRCA;KICH;KIRC;KIRP,3,0.75,0,0,-0.9648414754540904,-0.7746015823327623,0.5113305595705745,0.7553721879647433,TRUE
CYP3A4,0.5,4,BRCA;KICH;KIRC;KIRP,ENSG00000260097,SPDYE6,4,BRCA;KICH;KIRC;KIRP,0,0,0,0,0.2762054696929389,0.29632681945924094,1.0283072583531105,1.1648541298790036,TRUE
CYP3A4,0.5,4,BRCA;KICH;KIRC;KIRP,ENSG00000267710,EDDM13,4,BRCA;KICH;KIRC;KIRP,2,0.5,1,0.25,-0.3208694994644452,-0.38347007992591037,0.7558119967833509,0.9271734772708622,TRUE
CYP3A4,0.5,4,BRCA;KICH;KIRC;KIRP,ENSG00000269067,ZNF728,4,BRCA;KICH;KIRC;KIRP,4,1,0,0,-3.4515395397641626,-3.1975103291813567,0.7654488022760668,0.8221911938885442,TRUE
CYP3A4,0.5,4,BRCA;KICH;KIRC;KIRP,ENSG00000276085,CCL3L3,4,BRCA;KICH;KIRC;KIRP,0,0,3,0.75,0.7213772636478072,0.8532750503200489,0.6751476384228292,0.8483243630687496,TRUE
CYP3A4,0.5,4,BRCA;KICH;KIRC;KIRP,ENSG00000276289,KCNE1B,4,BRCA;KICH;KIRC;KIRP,4,1,0,0,-4.303777020629395,-4.089278310516125,0.9363563560122277,1.0208467455943722,TRUE
CYP3A4,0.5,4,BRCA;KICH;KIRC;KIRP,ENSG00000283526,PRRT1B,4,BRCA;KICH;KIRC;KIRP,3,0.75,1,0.25,-1.7758462359741178,-1.4127924012900732,0.8447575172273752,0.989338418400198,TRUE
CYP3A4,0.6,5,COAD;KICH;KIRC;KIRP;STAD,ENSG00000005471,ABCB4,5,COAD;KICH;KIRC;KIRP;STAD,1,0.2,2,0.4,0.19500316797011688,0.4199183951236141,0.878619044612682,1.1263443212942386,TRUE
CYP3A4,0.6,5,COAD;KICH;KIRC;KIRP;STAD,ENSG00000007129,CEACAM21,5,COAD;KICH;KIRC;KIRP;STAD,1,0.2,2,0.4,0.3893900275154462,0.4421933951966984,0.9927245865966977,1.0894952390797523,TRUE
CYP3A4,0.6,5,COAD;KICH;KIRC;KIRP;STAD,ENSG00000008226,DLEC1,5,COAD;KICH;KIRC;KIRP;STAD,3,0.6,0,0,-0.7134927866406678,-0.7130509667423466,1.125442223936923,1.2421066459985428,TRUE
CYP3A4,0.6,5,COAD;KICH;KIRC;KIRP;STAD,ENSG00000011590,ZBTB32,5,COAD;KICH;KIRC;KIRP;STAD,0,0,3,0.6,0.5904131556603833,0.5296309389372724,0.866417110050715,0.9643622692782994,TRUE
CYP3A4,0.6,5,COAD;KICH;KIRC;KIRP;STAD,ENSG00000039600,SOX30,5,COAD;KICH;KIRC;KIRP;STAD,3,0.6,0,0,-2.0648640944242573,-1.6227447359408012,0.6913680719950782,0.8644271564490562,TRUE
CYP3A4,0.6,5,COAD;KICH;KIRC;KIRP;STAD,ENSG00000042832,TG,5,COAD;KICH;KIRC;KIRP;STAD,2,0.4,2,0.4,-0.05620841573860859,0.9971132087956273,0.8963137739310679,1.0761540745452842,TRUE
CYP3A4,0.6,5,COAD;KICH;KIRC;KIRP;STAD,ENSG00000049249,TNFRSF9,5,COAD;KICH;KIRC;KIRP;STAD,0,0,4,0.8,1.9468414741817257,1.8704796168343913,0.6625293450797484,0.7469947248423652,TRUE
CYP3A4,0.6,5,COAD;KICH;KIRC;KIRP;STAD,ENSG00000051180,RAD51,5,COAD;KICH;KIRC;KIRP;STAD,0,0,5,1,1.6236748571084143,1.3652515585711191,0.9158556930056398,1.296394502968222,TRUE
CYP3A4,0.6,5,COAD;KICH;KIRC;KIRP;STAD,ENSG00000051341,POLQ,5,COAD;KICH;KIRC;KIRP;STAD,0,0,5,1,2.0470436791940507,2.0574217541870956,0.8770161112683771,1.0700347435358526,TRUE
CYP3A4,0.6,5,COAD;KICH;KIRC;KIRP;STAD,ENSG00000058335,RASGRF1,5,COAD;KICH;KIRC;KIRP;STAD,0,0,1,0.2,0.18304963301721203,0.17074620455590636,0.8637829549951657,1.2777391361822616,TRUE
CYP3A4,0.6,5,COAD;KICH;KIRC;KIRP;STAD,ENSG00000066279,ASPM,5,COAD;KICH;KIRC;KIRP;STAD,0,0,5,1,2.5805960004769077,2.4778665923828926,0.813509730525085,1.221194089963274,TRUE
CYP3A4,0.6,5,COAD;KICH;KIRC;KIRP;STAD,ENSG00000072571,HMMR,5,COAD;KICH;KIRC;KIRP;STAD,0,0,5,1,1.5196401626771665,1.5978694062050403,0.6218521415928104,1.2658514167669717,TRUE
CYP3A4,0.6,5,COAD;KICH;KIRC;KIRP;STAD,ENSG00000073282,TP63,5,COAD;KICH;KIRC;KIRP;STAD,4,0.8,0,0,-1.007719696828392,-1.0476853342491155,0.7384414868084744,0.9904241974046644,TRUE
CYP3A4,0.6,5,COAD;KICH;KIRC;KIRP;STAD,ENSG00000073861,TBX21,5,COAD;KICH;KIRC;KIRP;STAD,1,0.2,4,0.8,0.7430372626260895,0.7103724122598843,0.8188912400834542,1.299449480179554,TRUE
CYP3A4,0.6,5,COAD;KICH;KIRC;KIRP;STAD,ENSG00000074966,TXK,5,COAD;KICH;KIRC;KIRP;STAD,2,0.4,1,0.2,-0.4421766318068688,-0.27254233012189577,0.9669245863989988,1.0873690083319838,TRUE
CYP3A4,0.6,5,COAD;KICH;KIRC;KIRP;STAD,ENSG00000075218,GTSE1,5,COAD;KICH;KIRC;KIRP;STAD,0,0,5,1,2.392892142281725,2.301999881591884,0.8475032344568041,1.1855327481504483,TRUE
CYP3A4,0.6,5,COAD;KICH;KIRC;KIRP;STAD,ENSG00000078081,LAMP3,5,COAD;KICH;KIRC;KIRP;STAD,0,0,4,0.8,1.522996793087773,1.3161036719181496,0.5643632229107687,0.7274339903747832,TRUE
CYP3A4,0.6,5,COAD;KICH;KIRC;KIRP;STAD,ENSG00000078589,P2RY10,5,COAD;KICH;KIRC;KIRP;STAD,1,0.2,2,0.4,0.2990453078202817,0.41547245575486597,0.6088561640637646,0.9224978606233456,TRUE
CYP3A4,0.6,5,COAD;KICH;KIRC;KIRP;STAD,ENSG00000079263,SP140,5,COAD;KICH;KIRC;KIRP;STAD,1,0.2,3,0.6,0.807737764610929,0.4154798504947616,0.7526357280654845,0.9338291862409398,TRUE
CYP3A4,0.6,5,COAD;KICH;KIRC;KIRP;STAD,ENSG00000080986,NDC80,5,COAD;KICH;KIRC;KIRP;STAD,0,0,5,1,1.716662688852636,1.6030091107399642,1.070283664272775,1.1858516010186846,TRUE
CYP3A4,0.6,5,COAD;KICH;KIRC;KIRP;STAD,ENSG00000081277,PKP1,5,COAD;KICH;KIRC;KIRP;STAD,3,0.6,2,0.4,-1.3554842925700341,-0.5356854357308581,0.669859757852717,0.8275850220359364,TRUE
CYP3A4,0.6,5,COAD;KICH;KIRC;KIRP;STAD,ENSG00000081985,IL12RB2,5,COAD;KICH;KIRC;KIRP;STAD,1,0.2,2,0.4,0.20709665963722584,0.764524494680267,0.6948112257784499,0.7356110933107081,TRUE
CYP3A4,0.6,5,COAD;KICH;KIRC;KIRP;STAD,ENSG00000082293,COL19A1,5,COAD;KICH;KIRC;KIRP;STAD,5,1,0,0,-1.869063804259478,-2.4367891502205627,0.4850589159036685,0.6132395913328862,TRUE
CYP3A4,0.6,5,COAD;KICH;KIRC;KIRP;STAD,ENSG00000084110,HAL,5,COAD;KICH;KIRC;KIRP;STAD,1,0.2,1,0.2,0.3113619532799517,0.09668520885905824,0.862501849176598,1.1001386718078028,TRUE
CYP3A4,0.6,5,COAD;KICH;KIRC;KIRP;STAD,ENSG00000084674,APOB,5,COAD;KICH;KIRC;KIRP;STAD,4,0.8,1,0.2,-0.9571096090920704,-1.0661511588144625,0.6523364512812534,0.8626194287144229,TRUE
CYP3A4,0.6,5,COAD;KICH;KIRC;KIRP;STAD,ENSG00000085265,FCN1,5,COAD;KICH;KIRC;KIRP;STAD,3,0.6,1,0.2,-0.6611446337602493,-0.2269977526769857,0.8422619686601235,1.1162585549747552,TRUE
CYP3A4,0.6,5,COAD;KICH;KIRC;KIRP;STAD,ENSG00000085840,ORC1,5,COAD;KICH;KIRC;KIRP;STAD,0,0,4,0.8,1.1663991420111552,0.9871092830797213,0.755255292969516,0.9760394106585446,TRUE
CYP3A4,0.6,5,COAD;KICH;KIRC;KIRP;STAD,ENSG00000086570,FAT2,5,COAD;KICH;KIRC;KIRP;STAD,5,1,0,0,-1.0400617840522035,-1.0958080969924595,0.8804420920766411,1.0073597649534685,TRUE
CYP3A4,0.6,5,COAD;KICH;KIRC;KIRP;STAD,ENSG00000086967,MYBPC2,5,COAD;KICH;KIRC;KIRP;STAD,1,0.2,2,0.4,0.24337441729654924,0.17014027842512594,0.756486927167909,1.2086969488510444,TRUE
CYP3A4,0.6,5,COAD;KICH;KIRC;KIRP;STAD,ENSG00000087589,CASS4,5,COAD;KICH;KIRC;KIRP;STAD,1,0.2,1,0.2,0.05306024927731097,0.12841804186496567,0.8525484125673438,1.0933782545410982,TRUE
CYP3A4,0.6,5,COAD;KICH;KIRC;KIRP;STAD,ENSG00000089012,SIRPG,5,COAD;KICH;KIRC;KIRP;STAD,1,0.2,3,0.6,1.1542334974484785,1.149701654191313,0.880987060794593,1.0903438311992368,TRUE
CYP3A4,0.6,5,COAD;KICH;KIRC;KIRP;STAD,ENSG00000089723,OTUB2,5,COAD;KICH;KIRC;KIRP;STAD,0,0,3,0.6,0.7825207288211826,0.6478493585701081,0.4950334822775259,0.6545382953495984,TRUE
CYP3A4,0.6,5,COAD;KICH;KIRC;KIRP;STAD,ENSG00000091181,IL5RA,5,COAD;KICH;KIRC;KIRP;STAD,5,1,0,0,-1.829717857986013,-2.220762985644715,0.9960497227200117,1.294127313277455,TRUE
CYP3A4,0.6,5,COAD;KICH;KIRC;KIRP;STAD,ENSG00000091536,MYO15A,5,COAD;KICH;KIRC;KIRP;STAD,0,0,0,0,-0.0229828718648622,-0.08055136761099387,1.0430415058271951,1.1224275398854011,TRUE
CYP3A4,0.6,5,COAD;KICH;KIRC;KIRP;STAD,ENSG00000092200,RPGRIP1,5,COAD;KICH;KIRC;KIRP;STAD,0,0,4,0.8,0.6963136064696032,0.46647704149552405,0.9759758484333626,1.2738872049914332,TRUE
CYP3A4,0.6,5,COAD;KICH;KIRC;KIRP;STAD,ENSG00000092853,CLSPN,5,COAD;KICH;KIRC;KIRP;STAD,0,0,5,1,2.1295020052399813,1.929730396352403,0.6551487567504872,0.9144562943833178,TRUE
CYP3A4,0.6,5,COAD;KICH;KIRC;KIRP;STAD,ENSG00000095777,MYO3A,5,COAD;KICH;KIRC;KIRP;STAD,3,0.6,2,0.4,-1.0819213463507986,0.06197381953867636,0.7263487518163774,1.2171792433889812,TRUE
CYP3A4,0.6,5,COAD;KICH;KIRC;KIRP;STAD,ENSG00000096996,IL12RB1,5,COAD;KICH;KIRC;KIRP;STAD,0,0,4,0.8,1.2754254653468715,1.1918946117109706,0.6830761894616844,0.8277463572942904,TRUE
CYP3A4,0.6,5,COAD;KICH;KIRC;KIRP;STAD,ENSG00000099338,CATSPERG,5,COAD;KICH;KIRC;KIRP;STAD,1,0.2,3,0.6,0.6573982295210364,0.5224148467945315,0.9871053861741388,1.0868375834805288,TRUE
CYP3A4,0.6,5,COAD;KICH;KIRC;KIRP;STAD,ENSG00000099985,OSM,5,COAD;KICH;KIRC;KIRP;STAD,0,0,5,1,1.5428781944095733,1.5654658437365683,0.7542321352368233,1.035698865750859,TRUE
CYP3A4,0.6,5,COAD;KICH;KIRC;KIRP;STAD,ENSG00000100453,GZMB,5,COAD;KICH;KIRC;KIRP;STAD,0,0,4,0.8,1.3087816477827576,1.4361256271186347,1.0428195522585975,1.2738347443015212,TRUE
CYP3A4,0.6,5,COAD;KICH;KIRC;KIRP;STAD,ENSG00000101082,SLA2,5,COAD;KICH;KIRC;KIRP;STAD,1,0.2,3,0.6,0.9809232950233344,0.9869430992346037,0.9961831610195254,1.1011345909343884,TRUE
CYP3A4,0.6,5,COAD;KICH;KIRC;KIRP;STAD,ENSG00000101307,SIRPB1,5,COAD;KICH;KIRC;KIRP;STAD,0,0,3,0.6,1.0038581444209371,1.4513145804935221,0.6222829175898749,0.7024197003296575,TRUE
CYP3A4,0.6,5,COAD;KICH;KIRC;KIRP;STAD,ENSG00000101916,TLR8,5,COAD;KICH;KIRC;KIRP;STAD,1,0.2,3,0.6,0.6691637276396553,0.9367496914616068,0.7309428688112232,0.9386650874092428,TRUE
CYP3A4,0.6,5,COAD;KICH;KIRC;KIRP;STAD,ENSG00000102245,CD40LG,5,COAD;KICH;KIRC;KIRP;STAD,2,0.4,2,0.4,0.0106350542771853,0.07419757195192653,0.8349946986310595,0.9160417998032592,TRUE
CYP3A4,0.6,5,COAD;KICH;KIRC;KIRP;STAD,ENSG00000102962,CCL22,5,COAD;KICH;KIRC;KIRP;STAD,0,0,2,0.4,0.4935374706190664,0.6668576364431691,0.5149913367103639,0.677096572580122,TRUE
CYP3A4,0.6,5,COAD;KICH;KIRC;KIRP;STAD,ENSG00000103313,MEFV,5,COAD;KICH;KIRC;KIRP;STAD,0,0,1,0.2,0.1741027606851265,0.4723373532046515,0.6096460742486876,0.8301347747182608,TRUE
CYP3A4,0.6,5,COAD;KICH;KIRC;KIRP;STAD,ENSG00000103522,IL21R,5,COAD;KICH;KIRC;KIRP;STAD,0,0,3,0.6,0.8494673252315782,1.0274617404159516,0.49245571735885596,0.5712290796886986,TRUE
CYP3A4,0.6,5,COAD;KICH;KIRC;KIRP;STAD,ENSG00000104974,LILRA1,5,COAD;KICH;KIRC;KIRP;STAD,1,0.2,2,0.4,0.13957463151126442,0.574046745471959,0.6118709512415251,0.7275773892026677,TRUE
CYP3A4,0.6,5,COAD;KICH;KIRC;KIRP;STAD,ENSG00000105672,ETV2,5,COAD;KICH;KIRC;KIRP;STAD,1,0.2,0,0,-0.35231985424529005,-0.3697083802965122,0.8203041827681805,0.8840535676650587,TRUE
CYP3A4,0.6,5,COAD;KICH;KIRC;KIRP;STAD,ENSG00000106952,TNFSF8,5,COAD;KICH;KIRC;KIRP;STAD,1,0.2,2,0.4,0.23743587580903372,0.45299227328148944,0.8255033910961748,0.9355821908576968,TRUE
CYP3A4,0.6,5,COAD;KICH;KIRC;KIRP;STAD,ENSG00000108244,KRT23,5,COAD;KICH;KIRC;KIRP;STAD,2,0.4,3,0.6,2.2017118165675837,1.0424839805276287,0.8490823663354163,1.2923342604341046,TRUE
CYP3A4,0.6,5,COAD;KICH;KIRC;KIRP;STAD,ENSG00000108576,SLC6A4,5,COAD;KICH;KIRC;KIRP;STAD,3,0.6,1,0.2,-2.6544108199456753,-1.555032039732514,0.4303282340680884,0.5079420318999661,TRUE
CYP3A4,0.6,5,COAD;KICH;KIRC;KIRP;STAD,ENSG00000111837,MAK,5,COAD;KICH;KIRC;KIRP;STAD,0,0,1,0.2,0.00232642942145903,0.17954146121521503,0.8296503418346726,1.204533462325133,TRUE
CYP3A4,0.6,5,COAD;KICH;KIRC;KIRP;STAD,ENSG00000114113,RBP2,5,COAD;KICH;KIRC;KIRP;STAD,4,0.8,1,0.2,-4.2055901875277035,-3.168976841408904,0.8099537193259345,1.0515451519777008,TRUE
CYP3A4,0.6,5,COAD;KICH;KIRC;KIRP;STAD,ENSG00000114656,CFAP92,5,COAD;KICH;KIRC;KIRP;STAD,0,0,1,0.2,-0.28087273955237135,0.43956997606159987,0.7428271288175732,0.8703473750379974,TRUE
CYP3A4,0.6,5,COAD;KICH;KIRC;KIRP;STAD,ENSG00000115423,DNAH6,5,COAD;KICH;KIRC;KIRP;STAD,1,0.2,2,0.4,-0.29820307002785573,-0.5077324606967779,0.816584675179961,1.0350735244765048,TRUE
CYP3A4,0.6,5,COAD;KICH;KIRC;KIRP;STAD,ENSG00000116031,CD207,5,COAD;KICH;KIRC;KIRP;STAD,2,0.4,3,0.6,0.8007421679479696,0.24496783602980082,0.6953491001666434,0.9055242582680002,TRUE
CYP3A4,0.6,5,COAD;KICH;KIRC;KIRP;STAD,ENSG00000117090,SLAMF1,5,COAD;KICH;KIRC;KIRP;STAD,2,0.4,1,0.2,0.08768187514228275,-0.06281577967154199,0.5551725514570293,1.1424886928130886,TRUE
CYP3A4,0.6,5,COAD;KICH;KIRC;KIRP;STAD,ENSG00000117560,FASLG,5,COAD;KICH;KIRC;KIRP;STAD,1,0.2,4,0.8,1.2997347122654954,1.2104651297234807,0.9389161512620114,1.2550278974072628,TRUE
CYP3A4,0.6,5,COAD;KICH;KIRC;KIRP;STAD,ENSG00000118156,ZNF541,5,COAD;KICH;KIRC;KIRP;STAD,1,0.2,2,0.4,0.05302971200267006,0.1521585204136824,0.7740629250184766,1.2887008730225322,TRUE
CYP3A4,0.6,5,COAD;KICH;KIRC;KIRP;STAD,ENSG00000118557,PMFBP1,5,COAD;KICH;KIRC;KIRP;STAD,0,0,4,0.8,1.445389082144578,1.286876222377511,0.8208579423650371,1.177488152941685,TRUE
CYP3A4,0.6,5,COAD;KICH;KIRC;KIRP;STAD,ENSG00000119547,ONECUT2,5,COAD;KICH;KIRC;KIRP;STAD,1,0.2,4,0.8,2.1892306780919197,1.7787590458553129,0.6766780212377981,0.9322167021971188,TRUE
CYP3A4,0.6,5,COAD;KICH;KIRC;KIRP;STAD,ENSG00000120215,MLANA,5,COAD;KICH;KIRC;KIRP;STAD,1,0.2,0,0,-0.07437141108075854,-0.14952395986036499,0.7784051736209461,1.0924648879711851,TRUE
CYP3A4,0.6,5,COAD;KICH;KIRC;KIRP;STAD,ENSG00000120262,CCDC170,5,COAD;KICH;KIRC;KIRP;STAD,1,0.2,1,0.2,0.02788633364642249,-0.33661064151601144,1.0542247757214127,1.1752390788176417,TRUE
CYP3A4,0.6,5,COAD;KICH;KIRC;KIRP;STAD,ENSG00000120280,CXorf21,5,COAD;KICH;KIRC;KIRP;STAD,1,0.2,2,0.4,-0.0377070326190748,0.2825293639477241,0.6398498478445167,0.6911966782702207,TRUE
CYP3A4,0.6,5,COAD;KICH;KIRC;KIRP;STAD,ENSG00000120332,TNN,5,COAD;KICH;KIRC;KIRP;STAD,1,0.2,1,0.2,-0.3126939833118567,-0.4726508446876498,0.6687892711754339,0.8862691767804501,TRUE
CYP3A4,0.6,5,COAD;KICH;KIRC;KIRP;STAD,ENSG00000120949,TNFRSF8,5,COAD;KICH;KIRC;KIRP;STAD,2,0.4,0,0,-0.09137523117431208,-0.3456948306551831,0.9898969630674986,1.1613037995588351,TRUE
CYP3A4,0.6,5,COAD;KICH;KIRC;KIRP;STAD,ENSG00000121152,NCAPH,5,COAD;KICH;KIRC;KIRP;STAD,0,0,5,1,2.112679612205763,1.8465525677167347,1.0299893604303445,1.3033750810865354,TRUE
CYP3A4,0.6,5,COAD;KICH;KIRC;KIRP;STAD,ENSG00000121621,KIF18A,5,COAD;KICH;KIRC;KIRP;STAD,0,0,4,0.8,1.6005412856079817,1.4631274508647256,0.5599752640320267,0.6998047051642127,TRUE
CYP3A4,0.6,5,COAD;KICH;KIRC;KIRP;STAD,ENSG00000121807,CCR2,5,COAD;KICH;KIRC;KIRP;STAD,2,0.4,2,0.4,-0.3102228982716903,-0.09984653256619562,1.1255282594740041,1.3328963746386755,TRUE
CYP3A4,0.6,5,COAD;KICH;KIRC;KIRP;STAD,ENSG00000121895,TMEM156,5,COAD;KICH;KIRC;KIRP;STAD,1,0.2,2,0.4,0.2929330062231845,0.25021200551871686,0.4463134783712883,0.5678450357815034,TRUE
CYP3A4,0.6,5,COAD;KICH;KIRC;KIRP;STAD,ENSG00000122025,FLT3,5,COAD;KICH;KIRC;KIRP;STAD,4,0.8,1,0.2,-1.2110101565993907,-1.1221957428498754,0.7635752759375258,0.8882155427753725,TRUE
CYP3A4,0.6,5,COAD;KICH;KIRC;KIRP;STAD,ENSG00000122188,LAX1,5,COAD;KICH;KIRC;KIRP;STAD,2,0.4,2,0.4,-0.29877854607834886,0.020182962316328323,1.0457235442824173,1.2323904311794371,TRUE
CYP3A4,0.6,5,COAD;KICH;KIRC;KIRP;STAD,ENSG00000122223,CD244,5,COAD;KICH;KIRC;KIRP;STAD,1,0.2,3,0.6,0.6064742656917979,0.7188803367444563,0.696076217331083,0.9137906273618258,TRUE
CYP3A4,0.6,5,COAD;KICH;KIRC;KIRP;STAD,ENSG00000122224,LY9,5,COAD;KICH;KIRC;KIRP;STAD,1,0.2,3,0.6,0.7295187666736144,0.3491283678161934,0.7664471947503415,1.2541745017275423,TRUE
CYP3A4,0.6,5,COAD;KICH;KIRC;KIRP;STAD,ENSG00000123219,CENPK,5,COAD;KICH;KIRC;KIRP;STAD,0,0,5,1,1.415694445842986,1.3984286985492247,0.7874690804404563,0.9757419856016964,TRUE
CYP3A4,0.6,5,COAD;KICH;KIRC;KIRP;STAD,ENSG00000124116,WFDC3,5,COAD;KICH;KIRC;KIRP;STAD,1,0.2,1,0.2,0.21959426043690644,0.15857418186513425,0.8076873878737982,1.1411148113854492,TRUE
CYP3A4,0.6,5,COAD;KICH;KIRC;KIRP;STAD,ENSG00000124256,ZBP1,5,COAD;KICH;KIRC;KIRP;STAD,0,0,3,0.6,0.6027556742381506,0.7849139514509538,0.9297406749099592,1.3347004070378814,TRUE
CYP3A4,0.6,5,COAD;KICH;KIRC;KIRP;STAD,ENSG00000124731,TREM1,5,COAD;KICH;KIRC;KIRP;STAD,1,0.2,4,0.8,1.8746848780035448,1.4982136254435914,0.4431120533844644,0.8189193473491017,TRUE
CYP3A4,0.6,5,COAD;KICH;KIRC;KIRP;STAD,ENSG00000124743,KLHL31,5,COAD;KICH;KIRC;KIRP;STAD,0,0,5,1,1.304833799474685,1.2569177215466447,0.9064416093018537,1.2062504534658147,TRUE
CYP3A4,0.6,5,COAD;KICH;KIRC;KIRP;STAD,ENSG00000125046,SSUH2,5,COAD;KICH;KIRC;KIRP;STAD,3,0.6,1,0.2,-1.7202216106819568,-1.441946394830076,0.3511766233609762,0.5474752222007367,TRUE
CYP3A4,0.6,5,COAD;KICH;KIRC;KIRP;STAD,ENSG00000125726,CD70,5,COAD;KICH;KIRC;KIRP;STAD,0,0,4,0.8,1.4948369079361783,3.0314098169937016,0.9093693058516863,1.0772476073605881,TRUE
CYP3A4,0.6,5,COAD;KICH;KIRC;KIRP;STAD,ENSG00000127423,AUNIP,5,COAD;KICH;KIRC;KIRP;STAD,1,0.2,2,0.4,0.3700196353981052,0.6834259351456167,0.704450784482371,0.8327432286352846,TRUE
CYP3A4,0.6,5,COAD;KICH;KIRC;KIRP;STAD,ENSG00000127507,ADGRE2,5,COAD;KICH;KIRC;KIRP;STAD,0,0,4,0.8,1.0652445472970784,1.2445215287287812,1.031680703645859,1.1141264593174276,TRUE
CYP3A4,0.6,5,COAD;KICH;KIRC;KIRP;STAD,ENSG00000128218,VPREB3,5,COAD;KICH;KIRC;KIRP;STAD,1,0.2,1,0.2,0.3386739109701971,-0.020569857871303443,0.8636819847123225,0.9351431238700716,TRUE
CYP3A4,0.6,5,COAD;KICH;KIRC;KIRP;STAD,ENSG00000128383,APOBEC3A,5,COAD;KICH;KIRC;KIRP;STAD,2,0.4,1,0.2,-0.2528549876763263,-0.47372824740517777,0.46285345844428794,0.8145333946818742,TRUE
CYP3A4,0.6,5,COAD;KICH;KIRC;KIRP;STAD,ENSG00000128655,PDE11A,5,COAD;KICH;KIRC;KIRP;STAD,1,0.2,3,0.6,0.6301456885311283,0.7300988455245441,0.8302576017730553,1.2861999993607725,TRUE
CYP3A4,0.6,5,COAD;KICH;KIRC;KIRP;STAD,ENSG00000128815,WDFY4,5,COAD;KICH;KIRC;KIRP;STAD,1,0.2,4,0.8,1.072703904829733,0.8216126928344557,1.046720519699919,1.1687186691862177,TRUE
CYP3A4,0.6,5,COAD;KICH;KIRC;KIRP;STAD,ENSG00000129195,PIMREG,5,COAD;KICH;KIRC;KIRP;STAD,0,0,5,1,2.0438141625499657,2.0852165877048505,0.9276917851192421,1.1629541814228097,TRUE
CYP3A4,0.6,5,COAD;KICH;KIRC;KIRP;STAD,ENSG00000129204,USP6,5,COAD;KICH;KIRC;KIRP;STAD,1,0.2,0,0,-0.2780358479918796,-0.36901417135664555,0.8009822961847967,1.198126335873883,TRUE
CYP3A4,0.6,5,COAD;KICH;KIRC;KIRP;STAD,ENSG00000129810,SGO1,5,COAD;KICH;KIRC;KIRP;STAD,0,0,5,1,1.2202664559621537,1.4045226642153135,0.7354483184899558,0.9741407706264414,TRUE
CYP3A4,0.6,5,COAD;KICH;KIRC;KIRP;STAD,ENSG00000130270,ATP8B3,5,COAD;KICH;KIRC;KIRP;STAD,0,0,3,0.6,0.6555481449054181,1.5505338890718798,1.0586782386177553,1.1420665150190903,TRUE
CYP3A4,0.6,5,COAD;KICH;KIRC;KIRP;STAD,ENSG00000130477,UNC13A,5,COAD;KICH;KIRC;KIRP;STAD,0,0,2,0.4,0.3698730969615558,0.5578904759208599,1.1128520561556379,1.2084498379817663,TRUE
CYP3A4,0.6,5,COAD;KICH;KIRC;KIRP;STAD,ENSG00000130943,PKDREJ,5,COAD;KICH;KIRC;KIRP;STAD,1,0.2,0,0,-0.5394417443614927,-0.7151759228238286,0.7891189274461083,0.8824826952209714,TRUE
CYP3A4,0.6,5,COAD;KICH;KIRC;KIRP;STAD,ENSG00000131019,ULBP3,5,COAD;KICH;KIRC;KIRP;STAD,1,0.2,2,0.4,0.32207337698882743,0.4305929556712459,0.8266728731823875,1.05110113787368,TRUE
CYP3A4,0.6,5,COAD;KICH;KIRC;KIRP;STAD,ENSG00000131203,IDO1,5,COAD;KICH;KIRC;KIRP;STAD,0,0,4,0.8,2.40094544094442,2.3392944596896337,0.5753264147122141,1.0510980249788977,TRUE
CYP3A4,0.6,5,COAD;KICH;KIRC;KIRP;STAD,ENSG00000132517,SLC52A1,5,COAD;KICH;KIRC;KIRP;STAD,3,0.6,1,0.2,-1.0627180907010854,-0.6345578614320827,0.6471324261049929,1.0049823949203645,TRUE
CYP3A4,0.6,5,COAD;KICH;KIRC;KIRP;STAD,ENSG00000132854,KANK4,5,COAD;KICH;KIRC;KIRP;STAD,5,1,0,0,-1.7992012942138869,-2.095889888193539,0.896521605040603,1.0544068511297382,TRUE
CYP3A4,0.6,5,COAD;KICH;KIRC;KIRP;STAD,ENSG00000133636,NTS,5,COAD;KICH;KIRC;KIRP;STAD,4,0.8,0,0,-1.6312490835395144,-2.5360477464895705,0.6655588320051289,0.7523236503630131,TRUE
CYP3A4,0.6,5,COAD;KICH;KIRC;KIRP;STAD,ENSG00000133710,SPINK5,5,COAD;KICH;KIRC;KIRP;STAD,2,0.4,2,0.4,-0.4170303481759128,-0.0033253054430375075,0.8998788470709389,1.2701834342673977,TRUE
CYP3A4,0.6,5,COAD;KICH;KIRC;KIRP;STAD,ENSG00000133958,UNC79,5,COAD;KICH;KIRC;KIRP;STAD,3,0.6,0,0,-1.00148422219127,-0.6283627814367923,0.8785086169198715,1.117818007410608,TRUE
CYP3A4,0.6,5,COAD;KICH;KIRC;KIRP;STAD,ENSG00000134061,CD180,5,COAD;KICH;KIRC;KIRP;STAD,1,0.2,3,0.6,1.688141999223428,1.1317329758278236,0.8237642651369207,1.11077452218802,TRUE
CYP3A4,0.6,5,COAD;KICH;KIRC;KIRP;STAD,ENSG00000134539,KLRD1,5,COAD;KICH;KIRC;KIRP;STAD,1,0.2,3,0.6,1.0386797064534374,1.0553540233583618,0.6132598643735422,0.7519290480175569,TRUE
CYP3A4,0.6,5,COAD;KICH;KIRC;KIRP;STAD,ENSG00000134962,KLB,5,COAD;KICH;KIRC;KIRP;STAD,4,0.8,0,0,-1.3819932095269678,-1.2087336806562048,0.6354074197132433,0.7171051903287444,TRUE
CYP3A4,0.6,5,COAD;KICH;KIRC;KIRP;STAD,ENSG00000135436,FAM186B,5,COAD;KICH;KIRC;KIRP;STAD,0,0,2,0.4,0.5260187051413043,0.6274268271501675,0.8604388852091374,1.2894064893970618,TRUE
CYP3A4,0.6,5,COAD;KICH;KIRC;KIRP;STAD,ENSG00000135960,EDAR,5,COAD;KICH;KIRC;KIRP;STAD,2,0.4,2,0.4,-0.02368161672463378,-0.8756111996742274,0.7626143997254865,0.8873208292172579,TRUE
CYP3A4,0.6,5,COAD;KICH;KIRC;KIRP;STAD,ENSG00000136492,BRIP1,5,COAD;KICH;KIRC;KIRP;STAD,0,0,5,1,1.6365360233790922,1.583485778095188,0.8134888948447839,1.0023281666050996,TRUE
CYP3A4,0.6,5,COAD;KICH;KIRC;KIRP;STAD,ENSG00000137709,POU2F3,5,COAD;KICH;KIRC;KIRP;STAD,2,0.4,0,0,-0.5090980036837037,-1.0323587296913561,0.6400596589862702,1.0087297891113782,TRUE
CYP3A4,0.6,5,COAD;KICH;KIRC;KIRP;STAD,ENSG00000137747,TMPRSS13,5,COAD;KICH;KIRC;KIRP;STAD,2,0.4,1,0.2,0.0978601998696834,-0.090428686557033,0.7875660185239479,1.0121698628919806,TRUE
CYP3A4,0.6,5,COAD;KICH;KIRC;KIRP;STAD,ENSG00000138075,ABCG5,5,COAD;KICH;KIRC;KIRP;STAD,3,0.6,1,0.2,-0.6920427915736451,-0.7916964007316443,0.7261762415851021,1.2703741060470757,TRUE
CYP3A4,0.6,5,COAD;KICH;KIRC;KIRP;STAD,ENSG00000138778,CENPE,5,COAD;KICH;KIRC;KIRP;STAD,0,0,5,1,1.8530407305588752,1.7142392361113086,0.8698670274207171,1.0600377214870618,TRUE
CYP3A4,0.6,5,COAD;KICH;KIRC;KIRP;STAD,ENSG00000139351,SYCP3,5,COAD;KICH;KIRC;KIRP;STAD,0,0,1,0.2,-0.16382028177042085,0.12682019677527503,0.8851647911121204,1.124859728850366,TRUE
CYP3A4,0.6,5,COAD;KICH;KIRC;KIRP;STAD,ENSG00000140030,GPR65,5,COAD;KICH;KIRC;KIRP;STAD,0,0,2,0.4,0.4690540240471467,0.6752596813380658,0.9923796648026015,1.0979860550677023,TRUE
CYP3A4,0.6,5,COAD;KICH;KIRC;KIRP;STAD,ENSG00000142405,NLRP12,5,COAD;KICH;KIRC;KIRP;STAD,0,0,2,0.4,0.1933474041548866,0.5449485485007052,0.9848067659854851,1.2699797396983743,TRUE
CYP3A4,0.6,5,COAD;KICH;KIRC;KIRP;STAD,ENSG00000142621,FHAD1,5,COAD;KICH;KIRC;KIRP;STAD,1,0.2,1,0.2,0.29155106107507345,-0.098281701673923,0.5559439229127969,0.8863593232507561,TRUE
CYP3A4,0.6,5,COAD;KICH;KIRC;KIRP;STAD,ENSG00000143450,OAZ3,5,COAD;KICH;KIRC;KIRP;STAD,1,0.2,0,0,0.29702519448264636,-0.02883452634783454,0.7638140946929778,1.0343949788927955,TRUE
CYP3A4,0.6,5,COAD;KICH;KIRC;KIRP;STAD,ENSG00000143476,DTL,5,COAD;KICH;KIRC;KIRP;STAD,0,0,5,1,2.07947257832216,2.1172227121073295,0.8422555980561994,1.079405349068756,TRUE
CYP3A4,0.6,5,COAD;KICH;KIRC;KIRP;STAD,ENSG00000143494,VASH2,5,COAD;KICH;KIRC;KIRP;STAD,1,0.2,3,0.6,0.7191505487216038,0.2271656464411633,0.9436731045636508,1.070270065836839,TRUE
CYP3A4,0.6,5,COAD;KICH;KIRC;KIRP;STAD,ENSG00000143921,ABCG8,5,COAD;KICH;KIRC;KIRP;STAD,3,0.6,0,0,-1.688774243049274,-1.4681525089841048,0.5711486649352276,0.7170546340460203,TRUE
CYP3A4,0.6,5,COAD;KICH;KIRC;KIRP;STAD,ENSG00000144395,CCDC150,5,COAD;KICH;KIRC;KIRP;STAD,1,0.2,3,0.6,1.2920749670230778,0.6451395507213563,0.7052422263815888,1.070316033892973,TRUE
CYP3A4,0.6,5,COAD;KICH;KIRC;KIRP;STAD,ENSG00000145864,GABRB2,5,COAD;KICH;KIRC;KIRP;STAD,5,1,0,0,-2.9121674602921095,-2.7015978811498864,0.7453356984260439,0.97250664616645,TRUE
CYP3A4,0.6,5,COAD;KICH;KIRC;KIRP;STAD,ENSG00000146216,TTBK1,5,COAD;KICH;KIRC;KIRP;STAD,1,0.2,1,0.2,-0.3694088768447598,-0.3721466042522616,0.9377440500499896,0.9931105410079551,TRUE
CYP3A4,0.6,5,COAD;KICH;KIRC;KIRP;STAD,ENSG00000146410,MTFR2,5,COAD;KICH;KIRC;KIRP;STAD,0,0,5,1,1.542234202496667,1.6463044954539432,0.835370520040662,1.091443676852454,TRUE
CYP3A4,0.6,5,COAD;KICH;KIRC;KIRP;STAD,ENSG00000147138,GPR174,5,COAD;KICH;KIRC;KIRP;STAD,1,0.2,3,0.6,0.8246302485623019,0.6776256198510053,0.46059757921262023,0.8073516775423978,TRUE
CYP3A4,0.6,5,COAD;KICH;KIRC;KIRP;STAD,ENSG00000147536,GINS4,5,COAD;KICH;KIRC;KIRP;STAD,0,0,4,0.8,1.3057792749923884,1.1776531741019725,0.6991617901694149,0.8814798482929946,TRUE
CYP3A4,0.6,5,COAD;KICH;KIRC;KIRP;STAD,ENSG00000148848,ADAM12,5,COAD;KICH;KIRC;KIRP;STAD,0,0,5,1,1.7802792434418362,2.212056104204313,0.9087503585971871,1.2091231767770525,TRUE
CYP3A4,0.6,5,COAD;KICH;KIRC;KIRP;STAD,ENSG00000150045,KLRF1,5,COAD;KICH;KIRC;KIRP;STAD,3,0.6,1,0.2,-1.4126466433929104,-0.8087072757559003,1.0489566427599506,1.262400156357172,TRUE
CYP3A4,0.6,5,COAD;KICH;KIRC;KIRP;STAD,ENSG00000150637,CD226,5,COAD;KICH;KIRC;KIRP;STAD,2,0.4,1,0.2,-0.18247572497389983,-0.23259070350021302,0.6364758168177094,0.8799166269330146,TRUE
CYP3A4,0.6,5,COAD;KICH;KIRC;KIRP;STAD,ENSG00000150681,RGS18,5,COAD;KICH;KIRC;KIRP;STAD,1,0.2,2,0.4,-0.01178789304065522,0.346253374851266,0.6875329214159256,0.8620161320497893,TRUE
CYP3A4,0.6,5,COAD;KICH;KIRC;KIRP;STAD,ENSG00000151790,TDO2,5,COAD;KICH;KIRC;KIRP;STAD,0,0,4,0.8,1.0914672587823484,0.9653072953517569,0.5885407391180291,1.2835924668494074,TRUE
CYP3A4,0.6,5,COAD;KICH;KIRC;KIRP;STAD,ENSG00000152213,ARL11,5,COAD;KICH;KIRC;KIRP;STAD,0,0,4,0.8,0.6424986128333475,1.0625269105526465,0.8368584306465154,1.1231714533939303,TRUE
CYP3A4,0.6,5,COAD;KICH;KIRC;KIRP;STAD,ENSG00000152253,SPC25,5,COAD;KICH;KIRC;KIRP;STAD,0,0,5,1,1.8057863199136508,1.5322450314311076,0.8390697573180537,0.978986845123584,TRUE
CYP3A4,0.6,5,COAD;KICH;KIRC;KIRP;STAD,ENSG00000153093,ACOXL,5,COAD;KICH;KIRC;KIRP;STAD,1,0.2,0,0,-0.4199465868705588,-0.2829823930342729,0.7026450023356795,0.9780084467501629,TRUE
CYP3A4,0.6,5,COAD;KICH;KIRC;KIRP;STAD,ENSG00000154839,SKA1,5,COAD;KICH;KIRC;KIRP;STAD,0,0,5,1,2.0146102666700862,1.9777466319989554,0.8620342782885164,1.1685849993568085,TRUE
CYP3A4,0.6,5,COAD;KICH;KIRC;KIRP;STAD,ENSG00000156738,MS4A1,5,COAD;KICH;KIRC;KIRP;STAD,3,0.6,2,0.4,-0.6751478652641144,-0.49012597139921765,0.906941852154695,1.1641443161452063,TRUE
CYP3A4,0.6,5,COAD;KICH;KIRC;KIRP;STAD,ENSG00000157578,LCA5L,5,COAD;KICH;KIRC;KIRP;STAD,1,0.2,0,0,0.14091061046769354,-0.22872943918663552,0.9437840892851712,1.1110119960874094,TRUE
CYP3A4,0.6,5,COAD;KICH;KIRC;KIRP;STAD,ENSG00000157766,ACAN,5,COAD;KICH;KIRC;KIRP;STAD,0,0,4,0.8,2.9742062378323997,2.4682478062665263,0.9098651431074738,1.2214050441703153,TRUE
CYP3A4,0.6,5,COAD;KICH;KIRC;KIRP;STAD,ENSG00000158055,GRHL3,5,COAD;KICH;KIRC;KIRP;STAD,3,0.6,1,0.2,-1.0520039619158628,-0.09385371054661494,0.5125639709929662,1.1964234704986911,TRUE
CYP3A4,0.6,5,COAD;KICH;KIRC;KIRP;STAD,ENSG00000158486,DNAH3,5,COAD;KICH;KIRC;KIRP;STAD,1,0.2,3,0.6,0.6182675360694138,0.6117783845368467,0.8143704215654104,0.99498207492175,TRUE
CYP3A4,0.6,5,COAD;KICH;KIRC;KIRP;STAD,ENSG00000158488,CD1E,5,COAD;KICH;KIRC;KIRP;STAD,1,0.2,1,0.2,-0.2896791221451584,-0.20790990568640552,0.9443239466192062,1.0276249479781685,TRUE
CYP3A4,0.6,5,COAD;KICH;KIRC;KIRP;STAD,ENSG00000159958,TNFRSF13C,5,COAD;KICH;KIRC;KIRP;STAD,1,0.2,1,0.2,0.4500138397957425,0.15401520050890405,0.8170899147388739,0.9458617182259628,TRUE
CYP3A4,0.6,5,COAD;KICH;KIRC;KIRP;STAD,ENSG00000160185,UBASH3A,5,COAD;KICH;KIRC;KIRP;STAD,1,0.2,3,0.6,0.8772544302703972,0.7943207736154588,0.7696908383403553,1.2715874337569248,TRUE
CYP3A4,0.6,5,COAD;KICH;KIRC;KIRP;STAD,ENSG00000160221,GATD3A,5,COAD;KICH;KIRC;KIRP;STAD,2,0.4,0,0,-0.42292118120871214,-0.5464431737038874,0.7077446804775714,0.9390485849350456,TRUE
CYP3A4,0.6,5,COAD;KICH;KIRC;KIRP;STAD,ENSG00000160401,CFAP157,5,COAD;KICH;KIRC;KIRP;STAD,1,0.2,2,0.4,0.36219073241029703,0.6427060499656247,0.9261086894729119,1.0776906186557946,TRUE
CYP3A4,0.6,5,COAD;KICH;KIRC;KIRP;STAD,ENSG00000160856,FCRL3,5,COAD;KICH;KIRC;KIRP;STAD,1,0.2,2,0.4,0.566981422121041,0.6114635551263413,0.6181370222998439,0.8522667411341669,TRUE
CYP3A4,0.6,5,COAD;KICH;KIRC;KIRP;STAD,ENSG00000161929,SCIMP,5,COAD;KICH;KIRC;KIRP;STAD,1,0.2,4,0.8,0.9244991566339438,0.9468548238239105,0.7939171258645896,0.8935115097567,TRUE
CYP3A4,0.6,5,COAD;KICH;KIRC;KIRP;STAD,ENSG00000161944,ASGR2,5,COAD;KICH;KIRC;KIRP;STAD,3,0.6,0,0,-0.6421425284273276,-0.5670529390683252,0.6026811913682315,1.2828452329896878,TRUE
CYP3A4,0.6,5,COAD;KICH;KIRC;KIRP;STAD,ENSG00000162620,LRRIQ3,5,COAD;KICH;KIRC;KIRP;STAD,3,0.6,0,0,-1.0781357634366615,-0.7925729094850072,0.889654669899737,1.135221859203858,TRUE
CYP3A4,0.6,5,COAD;KICH;KIRC;KIRP;STAD,ENSG00000162722,TRIM58,5,COAD;KICH;KIRC;KIRP;STAD,2,0.4,0,0,-0.49167903872363794,-0.8941887695140667,0.7315034626711739,0.9601068873844092,TRUE
CYP3A4,0.6,5,COAD;KICH;KIRC;KIRP;STAD,ENSG00000162747,FCGR3B,5,COAD;KICH;KIRC;KIRP;STAD,1,0.2,3,0.6,0.5922690625420245,0.34684048726715844,0.5951226499359973,1.1031251083702271,TRUE
CYP3A4,0.6,5,COAD;KICH;KIRC;KIRP;STAD,ENSG00000162782,TDRD5,5,COAD;KICH;KIRC;KIRP;STAD,3,0.6,1,0.2,-2.388652425796556,-1.6466844598213546,0.9046662194352099,1.164955316295674,TRUE
CYP3A4,0.6,5,COAD;KICH;KIRC;KIRP;STAD,ENSG00000163380,LMOD3,5,COAD;KICH;KIRC;KIRP;STAD,1,0.2,1,0.2,0.2676664343827317,0.002901665700787781,0.9132464419960347,1.1554139627382622,TRUE
CYP3A4,0.6,5,COAD;KICH;KIRC;KIRP;STAD,ENSG00000163464,CXCR1,5,COAD;KICH;KIRC;KIRP;STAD,1,0.2,2,0.4,-0.1750156582276233,-0.014819740122233905,0.6614431030425613,1.223426115228964,TRUE
CYP3A4,0.6,5,COAD;KICH;KIRC;KIRP;STAD,ENSG00000163491,NEK10,5,COAD;KICH;KIRC;KIRP;STAD,2,0.4,0,0,-0.5075449498296847,-0.5807981729801162,0.957633163936515,1.1322423468629437,TRUE
CYP3A4,0.6,5,COAD;KICH;KIRC;KIRP;STAD,ENSG00000163492,CCDC141,5,COAD;KICH;KIRC;KIRP;STAD,2,0.4,1,0.2,-0.0599668872274154,-0.02469056845338261,1.0031161081639697,1.0916948005600469,TRUE
CYP3A4,0.6,5,COAD;KICH;KIRC;KIRP;STAD,ENSG00000163508,EOMES,5,COAD;KICH;KIRC;KIRP;STAD,0,0,3,0.6,1.303836274764539,1.2726945604705246,0.6931174800025935,0.9998227958223648,TRUE
CYP3A4,0.6,5,COAD;KICH;KIRC;KIRP;STAD,ENSG00000163519,TRAT1,5,COAD;KICH;KIRC;KIRP;STAD,1,0.2,3,0.6,0.6877459438427966,0.6551418729653671,0.854334126198071,1.091215972198094,TRUE
CYP3A4,0.6,5,COAD;KICH;KIRC;KIRP;STAD,ENSG00000163564,PYHIN1,5,COAD;KICH;KIRC;KIRP;STAD,1,0.2,4,0.8,0.6685399294101834,0.8589942656298156,0.7222544725885957,0.9000582153421703,TRUE
CYP3A4,0.6,5,COAD;KICH;KIRC;KIRP;STAD,ENSG00000163689,CFAP20DC,5,COAD;KICH;KIRC;KIRP;STAD,1,0.2,3,0.6,1.060444168233159,0.5490472254581981,0.5385806556993518,0.7905488460889522,TRUE
CYP3A4,0.6,5,COAD;KICH;KIRC;KIRP;STAD,ENSG00000163749,CCDC158,5,COAD;KICH;KIRC;KIRP;STAD,3,0.6,0,0,-0.5912553841244342,-1.326372355934853,0.5487689226459896,1.2164155688688212,TRUE
CYP3A4,0.6,5,COAD;KICH;KIRC;KIRP;STAD,ENSG00000164045,CDC25A,5,COAD;KICH;KIRC;KIRP;STAD,1,0.2,3,0.6,0.8624042526867403,0.713965524026953,0.8170130356592379,0.9979643759642012,TRUE
CYP3A4,0.6,5,COAD;KICH;KIRC;KIRP;STAD,ENSG00000164061,BSN,5,COAD;KICH;KIRC;KIRP;STAD,2,0.4,1,0.2,0.12964189964032904,0.279180538315117,0.8250866829653013,0.9000179447490292,TRUE
CYP3A4,0.6,5,COAD;KICH;KIRC;KIRP;STAD,ENSG00000164093,PITX2,5,COAD;KICH;KIRC;KIRP;STAD,2,0.4,0,0,-0.11986958064111972,-1.1495717810649118,0.6824973325639425,1.0585673173290358,TRUE
CYP3A4,0.6,5,COAD;KICH;KIRC;KIRP;STAD,ENSG00000164404,GDF9,5,COAD;KICH;KIRC;KIRP;STAD,3,0.6,0,0,-0.8390016018073558,-0.7417174014946306,0.8977705209522306,1.329715160716809,TRUE
CYP3A4,0.6,5,COAD;KICH;KIRC;KIRP;STAD,ENSG00000164483,SAMD3,5,COAD;KICH;KIRC;KIRP;STAD,0,0,3,0.6,0.8742999277750888,0.8788995665305186,1.0166851954639822,1.2550311101729488,TRUE
CYP3A4,0.6,5,COAD;KICH;KIRC;KIRP;STAD,ENSG00000165409,TSHR,5,COAD;KICH;KIRC;KIRP;STAD,3,0.6,1,0.2,-0.6714992782622581,-0.3418377195704643,1.04607377098176,1.1314892817752304,TRUE
CYP3A4,0.6,5,COAD;KICH;KIRC;KIRP;STAD,ENSG00000165480,SKA3,5,COAD;KICH;KIRC;KIRP;STAD,0,0,5,1,2.056252802023592,1.930816361727011,0.7049330007830469,0.926688546553296,TRUE
CYP3A4,0.6,5,COAD;KICH;KIRC;KIRP;STAD,ENSG00000165490,DDIAS,5,COAD;KICH;KIRC;KIRP;STAD,0,0,5,1,1.3730191295471714,1.3711033778745414,0.8850893554574838,1.1532596614221178,TRUE
CYP3A4,0.6,5,COAD;KICH;KIRC;KIRP;STAD,ENSG00000165985,C1QL3,5,COAD;KICH;KIRC;KIRP;STAD,3,0.6,0,0,-0.657470583206195,-0.4729841642140888,0.836275327187023,0.9521526703550784,TRUE
CYP3A4,0.6,5,COAD;KICH;KIRC;KIRP;STAD,ENSG00000166153,DEPDC4,5,COAD;KICH;KIRC;KIRP;STAD,2,0.4,0,0,9.424339658985504e-4,-0.5212842160441848,0.8283262548764884,1.1119060714946734,TRUE
CYP3A4,0.6,5,COAD;KICH;KIRC;KIRP;STAD,ENSG00000166246,C16orf71,5,COAD;KICH;KIRC;KIRP;STAD,1,0.2,0,0,0.04399913993232674,-0.09604960654969089,0.8587575181866501,1.111838506278991,TRUE
CYP3A4,0.6,5,COAD;KICH;KIRC;KIRP;STAD,ENSG00000166359,WDR88,5,COAD;KICH;KIRC;KIRP;STAD,1,0.2,0,0,-0.22546156070525977,-0.36617700144296667,0.9349355090037228,1.192151715357561,TRUE
CYP3A4,0.6,5,COAD;KICH;KIRC;KIRP;STAD,ENSG00000166803,PCLAF,5,COAD;KICH;KIRC;KIRP;STAD,0,0,5,1,1.874815573742851,1.6837549099360258,0.6856531189834959,0.9593932878347182,TRUE
CYP3A4,0.6,5,COAD;KICH;KIRC;KIRP;STAD,ENSG00000167077,MEI1,5,COAD;KICH;KIRC;KIRP;STAD,3,0.6,1,0.2,-0.5941177546716506,-0.41266105013505294,0.677308458889218,0.9899323656586804,TRUE
CYP3A4,0.6,5,COAD;KICH;KIRC;KIRP;STAD,ENSG00000167476,JSRP1,5,COAD;KICH;KIRC;KIRP;STAD,0,0,4,0.8,1.3773485071286444,1.4051163837481355,0.8445626432739071,1.0680650391281583,TRUE
CYP3A4,0.6,5,COAD;KICH;KIRC;KIRP;STAD,ENSG00000167483,NIBAN3,5,COAD;KICH;KIRC;KIRP;STAD,2,0.4,1,0.2,-0.432186882098152,-0.34962165633571207,0.6693011079627165,0.8217613561956185,TRUE
CYP3A4,0.6,5,COAD;KICH;KIRC;KIRP;STAD,ENSG00000167889,MGAT5B,5,COAD;KICH;KIRC;KIRP;STAD,3,0.6,0,0,-0.6858255812049624,-0.6351399166590914,0.9859736342642818,1.2591049958088407,TRUE
CYP3A4,0.6,5,COAD;KICH;KIRC;KIRP;STAD,ENSG00000167914,GSDMA,5,COAD;KICH;KIRC;KIRP;STAD,0,0,3,0.6,0.6423016905995155,0.9869416678583067,0.8631231073701006,0.9925221570722172,TRUE
CYP3A4,0.6,5,COAD;KICH;KIRC;KIRP;STAD,ENSG00000168421,RHOH,5,COAD;KICH;KIRC;KIRP;STAD,1,0.2,3,0.6,0.7443956848599618,0.7235245698355153,0.8895855406862894,0.9395243354925462,TRUE
CYP3A4,0.6,5,COAD;KICH;KIRC;KIRP;STAD,ENSG00000168658,VWA3B,5,COAD;KICH;KIRC;KIRP;STAD,4,0.8,0,0,-2.094856915407332,-1.9624158752239562,0.7973197899455977,1.0008030193218942,TRUE
CYP3A4,0.6,5,COAD;KICH;KIRC;KIRP;STAD,ENSG00000169248,CXCL11,5,COAD;KICH;KIRC;KIRP;STAD,0,0,4,0.8,2.581940507062048,2.2304454702779233,0.8788843268766298,1.1304772619631047,TRUE
CYP3A4,0.6,5,COAD;KICH;KIRC;KIRP;STAD,ENSG00000169607,CKAP2L,5,COAD;KICH;KIRC;KIRP;STAD,0,0,5,1,2.4841741433568862,2.290926561679396,0.7317636240532382,0.993617574251702,TRUE
CYP3A4,0.6,5,COAD;KICH;KIRC;KIRP;STAD,ENSG00000170396,ZNF804A,5,COAD;KICH;KIRC;KIRP;STAD,4,0.8,0,0,-0.9334912044721831,-1.0144870594962576,0.9709796067623727,1.2807889570059714,TRUE
CYP3A4,0.6,5,COAD;KICH;KIRC;KIRP;STAD,ENSG00000170442,KRT86,5,COAD;KICH;KIRC;KIRP;STAD,0,0,4,0.8,0.8466141105556889,1.0180845195090265,0.9980528088679876,1.2989087949772469,TRUE
CYP3A4,0.6,5,COAD;KICH;KIRC;KIRP;STAD,ENSG00000171049,FPR2,5,COAD;KICH;KIRC;KIRP;STAD,0,0,2,0.4,0.5792797592146113,0.542673336117458,0.7794681993972437,1.0347943625969542,TRUE
CYP3A4,0.6,5,COAD;KICH;KIRC;KIRP;STAD,ENSG00000171320,ESCO2,5,COAD;KICH;KIRC;KIRP;STAD,0,0,5,1,1.5012248505242758,1.640742639565324,0.8624051484466067,1.0669024910260037,TRUE
CYP3A4,0.6,5,COAD;KICH;KIRC;KIRP;STAD,ENSG00000172738,TMEM217,5,COAD;KICH;KIRC;KIRP;STAD,2,0.4,1,0.2,-0.3676300809501242,-0.26888667116589016,0.731393535985092,1.2191750804177723,TRUE
CYP3A4,0.6,5,COAD;KICH;KIRC;KIRP;STAD,ENSG00000173198,CYSLTR1,5,COAD;KICH;KIRC;KIRP;STAD,2,0.4,1,0.2,-0.510875247725552,-0.26817877085926545,0.9844573665308924,1.0807657063632587,TRUE
CYP3A4,0.6,5,COAD;KICH;KIRC;KIRP;STAD,ENSG00000173578,XCR1,5,COAD;KICH;KIRC;KIRP;STAD,1,0.2,1,0.2,-0.23729379636476264,-0.10709308207469401,0.6658120123160389,0.8003001222088151,TRUE
CYP3A4,0.6,5,COAD;KICH;KIRC;KIRP;STAD,ENSG00000173825,TIGD3,5,COAD;KICH;KIRC;KIRP;STAD,1,0.2,2,0.4,-0.1017106599485227,0.16512289292381654,1.0682516559504287,1.3209840454399115,TRUE
CYP3A4,0.6,5,COAD;KICH;KIRC;KIRP;STAD,ENSG00000173868,PHOSPHO1,5,COAD;KICH;KIRC;KIRP;STAD,0,0,1,0.2,0.09056798655858404,0.08071571706109491,0.9533094696191932,1.2674940750983703,TRUE
CYP3A4,0.6,5,COAD;KICH;KIRC;KIRP;STAD,ENSG00000174123,TLR10,5,COAD;KICH;KIRC;KIRP;STAD,1,0.2,4,0.8,0.9597264378130126,0.6705240375383931,0.664574067236043,0.9951423300185182,TRUE
CYP3A4,0.6,5,COAD;KICH;KIRC;KIRP;STAD,ENSG00000174371,EXO1,5,COAD;KICH;KIRC;KIRP;STAD,0,0,4,0.8,1.873081435114874,1.6653041986562367,0.6276783953475549,0.881983636341168,TRUE
CYP3A4,0.6,5,COAD;KICH;KIRC;KIRP;STAD,ENSG00000174837,ADGRE1,5,COAD;KICH;KIRC;KIRP;STAD,1,0.2,3,0.6,1.3306035150251707,1.144369627754889,0.5859060790856279,0.8792812132746466,TRUE
CYP3A4,0.6,5,COAD;KICH;KIRC;KIRP;STAD,ENSG00000174885,NLRP6,5,COAD;KICH;KIRC;KIRP;STAD,2,0.4,1,0.2,-0.363667337512608,-0.6218451329548987,0.828227142652162,1.0321543605630223,TRUE
CYP3A4,0.6,5,COAD;KICH;KIRC;KIRP;STAD,ENSG00000175857,GAPT,5,COAD;KICH;KIRC;KIRP;STAD,1,0.2,3,0.6,1.3611323256400434,0.8965430258486135,0.6890081599330261,0.933925911998502,TRUE
CYP3A4,0.6,5,COAD;KICH;KIRC;KIRP;STAD,ENSG00000176083,ZNF683,5,COAD;KICH;KIRC;KIRP;STAD,0,0,4,0.8,1.4811498954706903,1.5770858851137102,0.9679156746432738,1.1285406203545283,TRUE
CYP3A4,0.6,5,COAD;KICH;KIRC;KIRP;STAD,ENSG00000177455,CD19,5,COAD;KICH;KIRC;KIRP;STAD,2,0.4,1,0.2,-0.4745663598811508,-0.3964761580965641,0.8256151953581592,1.26082963463106,TRUE
CYP3A4,0.6,5,COAD;KICH;KIRC;KIRP;STAD,ENSG00000177483,RBM44,5,COAD;KICH;KIRC;KIRP;STAD,0,0,0,0,0.21881656026792728,0.0803629597860585,1.0546621703741026,1.3352816879144846,TRUE
CYP3A4,0.6,5,COAD;KICH;KIRC;KIRP;STAD,ENSG00000177494,ZBED2,5,COAD;KICH;KIRC;KIRP;STAD,1,0.2,1,0.2,0.2002247284812136,-0.17483910358174376,0.5478118315875818,1.1803303989165723,TRUE
CYP3A4,0.6,5,COAD;KICH;KIRC;KIRP;STAD,ENSG00000178199,ZC3H12D,5,COAD;KICH;KIRC;KIRP;STAD,1,0.2,2,0.4,-0.4479827844513948,0.14152608576384995,0.6290732989888148,1.1698229683957684,TRUE
CYP3A4,0.6,5,COAD;KICH;KIRC;KIRP;STAD,ENSG00000178460,MCMDC2,5,COAD;KICH;KIRC;KIRP;STAD,1,0.2,1,0.2,0.06874920280749826,-0.166502710767238,0.9026434289873194,1.0288129912193258,TRUE
CYP3A4,0.6,5,COAD;KICH;KIRC;KIRP;STAD,ENSG00000178562,CD28,5,COAD;KICH;KIRC;KIRP;STAD,1,0.2,2,0.4,0.5339282225706318,0.44055932975307627,0.850644241007257,0.91708981188455,TRUE
CYP3A4,0.6,5,COAD;KICH;KIRC;KIRP;STAD,ENSG00000178789,CD300LB,5,COAD;KICH;KIRC;KIRP;STAD,0,0,2,0.4,0.21851403129443697,0.733820429378328,0.7812728395715838,0.9704853804071264,TRUE
CYP3A4,0.6,5,COAD;KICH;KIRC;KIRP;STAD,ENSG00000179869,ABCA13,5,COAD;KICH;KIRC;KIRP;STAD,3,0.6,1,0.2,-0.8412259493563834,-1.0385855623008775,0.8760845658592317,1.188790919717264,TRUE
CYP3A4,0.6,5,COAD;KICH;KIRC;KIRP;STAD,ENSG00000180071,ANKRD18A,5,COAD;KICH;KIRC;KIRP;STAD,1,0.2,3,0.6,0.6430082639062131,0.34304905894772453,0.8136707511583801,1.1107267985897022,TRUE
CYP3A4,0.6,5,COAD;KICH;KIRC;KIRP;STAD,ENSG00000180871,CXCR2,5,COAD;KICH;KIRC;KIRP;STAD,1,0.2,1,0.2,0.3903154692729331,0.03466908171979695,0.5994794846040444,1.1347864667065335,TRUE
CYP3A4,0.6,5,COAD;KICH;KIRC;KIRP;STAD,ENSG00000181036,FCRL6,5,COAD;KICH;KIRC;KIRP;STAD,1,0.2,2,0.4,0.352902325928885,0.6617300195546963,0.6860363372409358,0.9095544872570306,TRUE
CYP3A4,0.6,5,COAD;KICH;KIRC;KIRP;STAD,ENSG00000181847,TIGIT,5,COAD;KICH;KIRC;KIRP;STAD,0,0,4,0.8,1.1501460800552172,1.3078809913451444,0.6831651195017203,0.9037400466030684,TRUE
CYP3A4,0.6,5,COAD;KICH;KIRC;KIRP;STAD,ENSG00000182010,RTKN2,5,COAD;KICH;KIRC;KIRP;STAD,1,0.2,3,0.6,0.8379828440821161,0.48589082743110207,0.49013540288522384,0.6147450902084887,TRUE
CYP3A4,0.6,5,COAD;KICH;KIRC;KIRP;STAD,ENSG00000182050,MGAT4C,5,COAD;KICH;KIRC;KIRP;STAD,5,1,0,0,-3.7309001732632785,-3.5953850165595704,0.9267721253757911,1.1619597083917124,TRUE
CYP3A4,0.6,5,COAD;KICH;KIRC;KIRP;STAD,ENSG00000182183,SHISAL2A,5,COAD;KICH;KIRC;KIRP;STAD,1,0.2,3,0.6,0.7134875729302431,0.5810857605684114,1.0486394369878997,1.1908258536537577,TRUE
CYP3A4,0.6,5,COAD;KICH;KIRC;KIRP;STAD,ENSG00000182791,CCDC87,5,COAD;KICH;KIRC;KIRP;STAD,2,0.4,1,0.2,-0.4309263889070423,-0.2969997798925146,0.6991368716708436,1.1604294658480625,TRUE
CYP3A4,0.6,5,COAD;KICH;KIRC;KIRP;STAD,ENSG00000183032,SLC25A21,5,COAD;KICH;KIRC;KIRP;STAD,2,0.4,0,0,-0.4736079316537899,-0.6979738204316495,0.9560451964621955,1.291445408150406,TRUE
CYP3A4,0.6,5,COAD;KICH;KIRC;KIRP;STAD,ENSG00000183066,WBP2NL,5,COAD;KICH;KIRC;KIRP;STAD,1,0.2,0,0,-0.3247766120421954,-0.2718965273977935,0.6008919019375015,0.90587126108948,TRUE
CYP3A4,0.6,5,COAD;KICH;KIRC;KIRP;STAD,ENSG00000183153,GJD3,5,COAD;KICH;KIRC;KIRP;STAD,2,0.4,1,0.2,0.03326089603380856,-0.2610821344235478,0.8168351989829982,0.9619589195804716,TRUE
CYP3A4,0.6,5,COAD;KICH;KIRC;KIRP;STAD,ENSG00000183813,CCR4,5,COAD;KICH;KIRC;KIRP;STAD,1,0.2,2,0.4,-0.10525194452096136,0.18607774813807562,0.7229938850330785,0.814302233881596,TRUE
CYP3A4,0.6,5,COAD;KICH;KIRC;KIRP;STAD,ENSG00000183914,DNAH2,5,COAD;KICH;KIRC;KIRP;STAD,1,0.2,3,0.6,1.502627196753668,0.74488497545914,0.7781182226245611,0.9763567969454696,TRUE
CYP3A4,0.6,5,COAD;KICH;KIRC;KIRP;STAD,ENSG00000183918,SH2D1A,5,COAD;KICH;KIRC;KIRP;STAD,1,0.2,3,0.6,0.9811486803307004,0.8672845308740925,0.6694098568670308,0.8503987476570971,TRUE
CYP3A4,0.6,5,COAD;KICH;KIRC;KIRP;STAD,ENSG00000184261,KCNK12,5,COAD;KICH;KIRC;KIRP;STAD,1,0.2,0,0,-0.5674411842335398,-0.5437713182319321,0.8193397638310148,0.936054791404618,TRUE
CYP3A4,0.6,5,COAD;KICH;KIRC;KIRP;STAD,ENSG00000184661,CDCA2,5,COAD;KICH;KIRC;KIRP;STAD,0,0,5,1,2.1963500533673677,2.617354412313133,0.6528080685573064,0.8533550250725941,TRUE
CYP3A4,0.6,5,COAD;KICH;KIRC;KIRP;STAD,ENSG00000185480,PARPBP,5,COAD;KICH;KIRC;KIRP;STAD,0,0,4,0.8,1.2493933496211935,1.028500073373299,0.7704622765979422,0.9607681011982816,TRUE
CYP3A4,0.6,5,COAD;KICH;KIRC;KIRP;STAD,ENSG00000186074,CD300LF,5,COAD;KICH;KIRC;KIRP;STAD,0,0,4,0.8,1.7851401964320883,1.7881849788762165,0.760480524984675,0.8581884732392501,TRUE
CYP3A4,0.6,5,COAD;KICH;KIRC;KIRP;STAD,ENSG00000186265,BTLA,5,COAD;KICH;KIRC;KIRP;STAD,1,0.2,1,0.2,0.15997859903720432,0.020627191303975743,0.6926125308232319,0.9380539609155432,TRUE
CYP3A4,0.6,5,COAD;KICH;KIRC;KIRP;STAD,ENSG00000186280,KDM4D,5,COAD;KICH;KIRC;KIRP;STAD,0,0,0,0,0.13153898991309868,0.0164546332016995,1.007735327819283,1.2103719792529983,TRUE
CYP3A4,0.6,5,COAD;KICH;KIRC;KIRP;STAD,ENSG00000186407,CD300E,5,COAD;KICH;KIRC;KIRP;STAD,1,0.2,2,0.4,0.4097093194331892,0.38286288146779074,0.6703078531745398,0.8251863531649084,TRUE
CYP3A4,0.6,5,COAD;KICH;KIRC;KIRP;STAD,ENSG00000187105,HEATR4,5,COAD;KICH;KIRC;KIRP;STAD,0,0,1,0.2,0.05022720940114499,0.20231822681762962,0.8684533101637939,1.0593879810730866,TRUE
CYP3A4,0.6,5,COAD;KICH;KIRC;KIRP;STAD,ENSG00000188305,PEAK3,5,COAD;KICH;KIRC;KIRP;STAD,1,0.2,1,0.2,0.2204307597887042,0.21385832981171773,0.7585676671823524,0.9325490725833532,TRUE
CYP3A4,0.6,5,COAD;KICH;KIRC;KIRP;STAD,ENSG00000188368,PRR19,5,COAD;KICH;KIRC;KIRP;STAD,0,0,3,0.6,0.7195516970278647,0.7424508886533101,0.937051340605696,1.23595451546295,TRUE
CYP3A4,0.6,5,COAD;KICH;KIRC;KIRP;STAD,ENSG00000188389,PDCD1,5,COAD;KICH;KIRC;KIRP;STAD,0,0,3,0.6,0.9582439648109392,0.9467059699041779,0.8931374920606264,1.200513547159475,TRUE
CYP3A4,0.6,5,COAD;KICH;KIRC;KIRP;STAD,ENSG00000188596,CFAP54,5,COAD;KICH;KIRC;KIRP;STAD,4,0.8,0,0,-1.0508081087467975,-1.028412597340002,0.8621823965299231,0.9129933766458428,TRUE
CYP3A4,0.6,5,COAD;KICH;KIRC;KIRP;STAD,ENSG00000188649,CC2D2B,5,COAD;KICH;KIRC;KIRP;STAD,1,0.2,1,0.2,-0.3379500871459445,-0.27442434136034427,1.1358829486423099,1.328823545819996,TRUE
CYP3A4,0.6,5,COAD;KICH;KIRC;KIRP;STAD,ENSG00000188659,SAXO2,5,COAD;KICH;KIRC;KIRP;STAD,2,0.4,0,0,-0.5690830045072499,-0.7257082743935787,1.0507624130935982,1.2134874986313482,TRUE
CYP3A4,0.6,5,COAD;KICH;KIRC;KIRP;STAD,ENSG00000188730,VWC2,5,COAD;KICH;KIRC;KIRP;STAD,5,1,0,0,-1.9850814064446087,-2.059183942839955,0.8888528460455811,1.0355712616351305,TRUE
CYP3A4,0.6,5,COAD;KICH;KIRC;KIRP;STAD,ENSG00000188897,AC099489.1,5,COAD;KICH;KIRC;KIRP;STAD,1,0.2,2,0.4,0.3234676158685059,0.13198870108413638,0.7521139117910995,1.0022409017194416,TRUE
CYP3A4,0.6,5,COAD;KICH;KIRC;KIRP;STAD,ENSG00000189120,SP6,5,COAD;KICH;KIRC;KIRP;STAD,0,0,2,0.4,0.3278651216875554,0.47093031587059575,1.0063259568430292,1.1060459831721223,TRUE
CYP3A4,0.6,5,COAD;KICH;KIRC;KIRP;STAD,ENSG00000196090,PTPRT,5,COAD;KICH;KIRC;KIRP;STAD,3,0.6,0,0,-1.7631150395236832,-1.6107392952939317,1.062947403279742,1.1589875838236756,TRUE
CYP3A4,0.6,5,COAD;KICH;KIRC;KIRP;STAD,ENSG00000196092,PAX5,5,COAD;KICH;KIRC;KIRP;STAD,2,0.4,2,0.4,0.10350094998016995,-0.16512260664930276,0.769130850564421,0.9853920356128222,TRUE
CYP3A4,0.6,5,COAD;KICH;KIRC;KIRP;STAD,ENSG00000196584,XRCC2,5,COAD;KICH;KIRC;KIRP;STAD,0,0,5,1,1.8094877996848855,1.7050315580871676,0.716199402148747,0.9852740375342838,TRUE
CYP3A4,0.6,5,COAD;KICH;KIRC;KIRP;STAD,ENSG00000196664,TLR7,5,COAD;KICH;KIRC;KIRP;STAD,1,0.2,3,0.6,1.5079422535144382,0.9481167224387933,0.8479264291205685,1.0594361874102742,TRUE
CYP3A4,0.6,5,COAD;KICH;KIRC;KIRP;STAD,ENSG00000196862,RGPD4,5,COAD;KICH;KIRC;KIRP;STAD,0,0,0,0,-0.09813542260413592,-0.09694992964107636,0.7793848079460524,1.0871145506071018,TRUE
CYP3A4,0.6,5,COAD;KICH;KIRC;KIRP;STAD,ENSG00000196876,SCN8A,5,COAD;KICH;KIRC;KIRP;STAD,1,0.2,1,0.2,0.36816443504537494,-0.18537657992101386,0.9939858496401383,1.041168285626156,TRUE
CYP3A4,0.6,5,COAD;KICH;KIRC;KIRP;STAD,ENSG00000197168,NEK5,5,COAD;KICH;KIRC;KIRP;STAD,1,0.2,2,0.4,0.567274624311201,0.33661976716727476,0.8188379751927279,0.9093405629464388,TRUE
CYP3A4,0.6,5,COAD;KICH;KIRC;KIRP;STAD,ENSG00000197275,RAD54B,5,COAD;KICH;KIRC;KIRP;STAD,0,0,4,0.8,1.1841983255314887,1.1130257541717536,0.9696738192673872,1.0948150618381918,TRUE
CYP3A4,0.6,5,COAD;KICH;KIRC;KIRP;STAD,ENSG00000197653,DNAH10,5,COAD;KICH;KIRC;KIRP;STAD,2,0.4,1,0.2,-0.21363462720142645,-0.14089735061111966,0.8995843897557502,1.0820352165555616,TRUE
CYP3A4,0.6,5,COAD;KICH;KIRC;KIRP;STAD,ENSG00000197753,LHFPL5,5,COAD;KICH;KIRC;KIRP;STAD,0,0,4,0.8,1.1071280590604984,0.9343948166315096,0.789758959165718,0.9745347089568626,TRUE
CYP3A4,0.6,5,COAD;KICH;KIRC;KIRP;STAD,ENSG00000197980,LEKR1,5,COAD;KICH;KIRC;KIRP;STAD,2,0.4,0,0,-0.5346500201384339,-0.44257321472721967,0.8039448619532434,1.1913339604590238,TRUE
CYP3A4,0.6,5,COAD;KICH;KIRC;KIRP;STAD,ENSG00000198099,ADH4,5,COAD;KICH;KIRC;KIRP;STAD,4,0.8,1,0.2,-1.1037954039478794,-1.1999235307306582,0.5089614057284672,0.752628259062827,TRUE
CYP3A4,0.6,5,COAD;KICH;KIRC;KIRP;STAD,ENSG00000198574,SH2D1B,5,COAD;KICH;KIRC;KIRP;STAD,2,0.4,2,0.4,0.3133086828100735,0.04780717145837158,0.7314381580115569,0.955761381889217,TRUE
CYP3A4,0.6,5,COAD;KICH;KIRC;KIRP;STAD,ENSG00000204475,NCR3,5,COAD;KICH;KIRC;KIRP;STAD,1,0.2,2,0.4,0.4882945540942441,0.42905990575461483,0.8781971328546773,1.056590400370353,TRUE
CYP3A4,0.6,5,COAD;KICH;KIRC;KIRP;STAD,ENSG00000204740,MALRD1,5,COAD;KICH;KIRC;KIRP;STAD,3,0.6,1,0.2,-1.390317590472174,-1.3048193401322015,0.701787243864803,1.0420621744627483,TRUE
CYP3A4,0.6,5,COAD;KICH;KIRC;KIRP;STAD,ENSG00000205038,PKHD1L1,5,COAD;KICH;KIRC;KIRP;STAD,5,1,0,0,-1.9927744139600103,-2.3365038275219083,1.0673169188176663,1.217559003331869,TRUE
CYP3A4,0.6,5,COAD;KICH;KIRC;KIRP;STAD,ENSG00000215045,GRID2IP,5,COAD;KICH;KIRC;KIRP;STAD,2,0.4,0,0,-0.5314859295917804,-0.4574676901270168,0.87996317720022,1.019436040487347,TRUE
CYP3A4,0.6,5,COAD;KICH;KIRC;KIRP;STAD,ENSG00000221947,XKR9,5,COAD;KICH;KIRC;KIRP;STAD,0,0,4,0.8,0.9551330686658936,0.8266560435252877,0.9919675791637785,1.2167783473903253,TRUE
CYP3A4,0.6,5,COAD;KICH;KIRC;KIRP;STAD,ENSG00000229474,PATL2,5,COAD;KICH;KIRC;KIRP;STAD,0,0,4,0.8,1.331453410434675,1.2878778975308176,0.9057877126948071,1.0577358435073465,TRUE
CYP3A4,0.6,5,COAD;KICH;KIRC;KIRP;STAD,ENSG00000232810,TNF,5,COAD;KICH;KIRC;KIRP;STAD,1,0.2,1,0.2,0.01716748986258966,-0.07162202783085199,0.8437723464291174,0.916469200874232,TRUE
CYP3A4,0.6,5,COAD;KICH;KIRC;KIRP;STAD,ENSG00000236383,CCDC200,5,COAD;KICH;KIRC;KIRP;STAD,2,0.4,0,0,-0.17982926833293922,-0.20449938011271387,1.020762235242322,1.0355769031010107,TRUE
CYP3A4,0.6,5,COAD;KICH;KIRC;KIRP;STAD,ENSG00000239998,LILRA2,5,COAD;KICH;KIRC;KIRP;STAD,0,0,2,0.4,0.415728731564401,0.8524971378720136,0.7733833214450039,0.9076028771771142,TRUE
CYP3A4,0.6,5,COAD;KICH;KIRC;KIRP;STAD,ENSG00000243232,PCDHAC2,5,COAD;KICH;KIRC;KIRP;STAD,0,0,0,0,-0.0734103004174312,-0.03370968149576678,0.9034905057398838,0.9950114682772552,TRUE
CYP3A4,0.6,5,COAD;KICH;KIRC;KIRP;STAD,ENSG00000249437,NAIP,5,COAD;KICH;KIRC;KIRP;STAD,1,0.2,1,0.2,-0.01599820278332977,0.18168142809141183,0.9145130875737,1.0427822901796695,TRUE
CYP3A4,0.6,5,COAD;KICH;KIRC;KIRP;STAD,ENSG00000253626,EIF5AL1,5,COAD;KICH;KIRC;KIRP;STAD,0,0,2,0.4,0.4079692062003775,0.4462989544031933,0.6306170148249219,0.8194357699611631,TRUE
CYP3A4,0.6,5,COAD;KICH;KIRC;KIRP;STAD,ENSG00000258102,MAP1LC3B2,5,COAD;KICH;KIRC;KIRP;STAD,0,0,1,0.2,0.39944811927126384,0.1786347781646223,0.9401488814213163,1.1760482729013615,TRUE
CYP3A4,0.6,5,COAD;KICH;KIRC;KIRP;STAD,ENSG00000258405,ZNF578,5,COAD;KICH;KIRC;KIRP;STAD,4,0.8,0,0,-0.9224016366162816,-0.843632007785111,1.0212442800048127,1.083500269090928,TRUE
CYP3A4,0.6,5,COAD;KICH;KIRC;KIRP;STAD,ENSG00000260097,SPDYE6,5,COAD;KICH;KIRC;KIRP;STAD,0,0,0,0,0.2705463705809693,0.22969924539144837,1.110563667999475,1.2182330275714084,TRUE
CYP3A4,0.6,5,COAD;KICH;KIRC;KIRP;STAD,ENSG00000265763,ZNF488,5,COAD;KICH;KIRC;KIRP;STAD,3,0.6,0,0,-3.251712680572747,-2.083726293917439,1.0483034148237653,1.2308196887367755,TRUE
CYP3A4,0.6,5,COAD;KICH;KIRC;KIRP;STAD,ENSG00000267710,EDDM13,5,COAD;KICH;KIRC;KIRP;STAD,1,0.2,1,0.2,0.0240304172778983,-0.007620944315971722,0.901101133432182,1.3338648539051872,TRUE
CYP3A4,0.6,5,COAD;KICH;KIRC;KIRP;STAD,ENSG00000276070,CCL4L2,5,COAD;KICH;KIRC;KIRP;STAD,0,0,5,1,1.2875261246587286,1.3566372947496828,0.7416183062363523,0.842969035874908,TRUE
CYP3A4,0.6,5,COAD;KICH;KIRC;KIRP;STAD,ENSG00000276085,CCL3L3,5,COAD;KICH;KIRC;KIRP;STAD,0,0,5,1,1.4683712096155632,1.2080020168321106,0.7959334765419044,1.2247943050219727,TRUE
CYP3A4,0.7,6,BRCA;COAD;KICH;KIRC;KIRP;STAD,ENSG00000005471,ABCB4,6,BRCA;COAD;KICH;KIRC;KIRP;STAD,1,0.16666666666666666,2,0.3333333333333333,0.3124988407195394,0.421597748181172,0.8800129778166182,1.1263443212942386,TRUE
CYP3A4,0.7,6,BRCA;COAD;KICH;KIRC;KIRP;STAD,ENSG00000011590,ZBTB32,6,BRCA;COAD;KICH;KIRC;KIRP;STAD,0,0,3,0.5,0.5761202730110546,0.5349970141746813,0.7589964876361399,0.9643622692782994,TRUE
CYP3A4,0.7,6,BRCA;COAD;KICH;KIRC;KIRP;STAD,ENSG00000039600,SOX30,6,BRCA;COAD;KICH;KIRC;KIRP;STAD,3,0.5,0,0,-1.1347904263075117,-1.3550145469045014,0.7037974596123547,0.8644271564490562,TRUE
CYP3A4,0.7,6,BRCA;COAD;KICH;KIRC;KIRP;STAD,ENSG00000042832,TG,6,BRCA;COAD;KICH;KIRC;KIRP;STAD,2,0.3333333333333333,3,0.5,0.4540649485891245,0.9916507261491656,0.8932333267323868,1.0761540745452842,TRUE
CYP3A4,0.7,6,BRCA;COAD;KICH;KIRC;KIRP;STAD,ENSG00000049249,TNFRSF9,6,BRCA;COAD;KICH;KIRC;KIRP;STAD,0,0,5,0.8333333333333334,1.9652339202658313,2.0158524276592855,0.6602266355262512,0.7469947248423652,TRUE
CYP3A4,0.7,6,BRCA;COAD;KICH;KIRC;KIRP;STAD,ENSG00000051180,RAD51,6,BRCA;COAD;KICH;KIRC;KIRP;STAD,0,0,6,1,1.681594459200404,1.54743949099002,0.920453635461149,1.296394502968222,TRUE
CYP3A4,0.7,6,BRCA;COAD;KICH;KIRC;KIRP;STAD,ENSG00000051341,POLQ,6,BRCA;COAD;KICH;KIRC;KIRP;STAD,0,0,6,1,2.2147883680924734,2.146783658629801,0.848506895302151,1.0700347435358526,TRUE
CYP3A4,0.7,6,BRCA;COAD;KICH;KIRC;KIRP;STAD,ENSG00000072571,HMMR,6,BRCA;COAD;KICH;KIRC;KIRP;STAD,0,0,6,1,1.6879735016082575,1.8693479908134032,0.6869534874018346,1.2658514167669717,TRUE
CYP3A4,0.7,6,BRCA;COAD;KICH;KIRC;KIRP;STAD,ENSG00000073861,TBX21,6,BRCA;COAD;KICH;KIRC;KIRP;STAD,1,0.16666666666666666,4,0.6666666666666666,0.6917337178341387,0.5312299805863316,0.8142319726892643,1.299449480179554,TRUE
CYP3A4,0.7,6,BRCA;COAD;KICH;KIRC;KIRP;STAD,ENSG00000074966,TXK,6,BRCA;COAD;KICH;KIRC;KIRP;STAD,3,0.5,1,0.16666666666666666,-0.5691620675490876,-0.3431431923167975,0.9666646733243528,1.0873690083319838,TRUE
CYP3A4,0.7,6,BRCA;COAD;KICH;KIRC;KIRP;STAD,ENSG00000075218,GTSE1,6,BRCA;COAD;KICH;KIRC;KIRP;STAD,0,0,6,1,2.4854773223644497,2.40458390861676,0.8476316187767361,1.1855327481504483,TRUE
CYP3A4,0.7,6,BRCA;COAD;KICH;KIRC;KIRP;STAD,ENSG00000078589,P2RY10,6,BRCA;COAD;KICH;KIRC;KIRP;STAD,1,0.16666666666666666,3,0.5,0.44834893735241405,0.5101226890868338,0.6696933158417014,0.9738790747313854,TRUE
CYP3A4,0.7,6,BRCA;COAD;KICH;KIRC;KIRP;STAD,ENSG00000079263,SP140,6,BRCA;COAD;KICH;KIRC;KIRP;STAD,1,0.16666666666666666,4,0.6666666666666666,0.8965763827056872,0.5104690422123755,0.7901391156914312,0.9776560538211648,TRUE
CYP3A4,0.7,6,BRCA;COAD;KICH;KIRC;KIRP;STAD,ENSG00000084110,HAL,6,BRCA;COAD;KICH;KIRC;KIRP;STAD,1,0.16666666666666666,1,0.16666666666666666,0.237853589446859,0.08776089913294133,0.7463556036406797,1.1001386718078028,TRUE
CYP3A4,0.7,6,BRCA;COAD;KICH;KIRC;KIRP;STAD,ENSG00000085840,ORC1,6,BRCA;COAD;KICH;KIRC;KIRP;STAD,0,0,5,0.8333333333333334,1.2474507500973187,1.1811270807370022,0.8004104859427337,1.0261864508088223,TRUE
CYP3A4,0.7,6,BRCA;COAD;KICH;KIRC;KIRP;STAD,ENSG00000086967,MYBPC2,6,BRCA;COAD;KICH;KIRC;KIRP;STAD,1,0.16666666666666666,2,0.3333333333333333,0.1257266542505856,0.08834886884723661,0.7255706286992698,1.2086969488510444,TRUE
CYP3A4,0.7,6,BRCA;COAD;KICH;KIRC;KIRP;STAD,ENSG00000089012,SIRPG,6,BRCA;COAD;KICH;KIRC;KIRP;STAD,1,0.16666666666666666,4,0.6666666666666666,1.0917230596039307,1.1296201487859914,0.835959717615641,1.0903438311992368,TRUE
CYP3A4,0.7,6,BRCA;COAD;KICH;KIRC;KIRP;STAD,ENSG00000089723,OTUB2,6,BRCA;COAD;KICH;KIRC;KIRP;STAD,0,0,4,0.6666666666666666,0.7888674239529736,0.7536480070270839,0.5814864670433417,1.0137513908724205,TRUE
CYP3A4,0.7,6,BRCA;COAD;KICH;KIRC;KIRP;STAD,ENSG00000091181,IL5RA,6,BRCA;COAD;KICH;KIRC;KIRP;STAD,5,0.8333333333333334,0,0,-1.755572579829319,-1.9408905230250206,0.98500770995104,1.294127313277455,TRUE
CYP3A4,0.7,6,BRCA;COAD;KICH;KIRC;KIRP;STAD,ENSG00000091536,MYO15A,6,BRCA;COAD;KICH;KIRC;KIRP;STAD,0,0,0,0,-0.05496986301266714,-0.11738845708606525,1.0322556789328323,1.1224275398854011,TRUE
CYP3A4,0.7,6,BRCA;COAD;KICH;KIRC;KIRP;STAD,ENSG00000092853,CLSPN,6,BRCA;COAD;KICH;KIRC;KIRP;STAD,0,0,6,1,2.2790167151621934,2.1022007049416027,0.681256955575192,0.9144562943833178,TRUE
CYP3A4,0.7,6,BRCA;COAD;KICH;KIRC;KIRP;STAD,ENSG00000095777,MYO3A,6,BRCA;COAD;KICH;KIRC;KIRP;STAD,4,0.6666666666666666,2,0.3333333333333333,-0.8390541775927538,-0.04771965185688787,0.7066339479726789,1.2171792433889812,TRUE
CYP3A4,0.7,6,BRCA;COAD;KICH;KIRC;KIRP;STAD,ENSG00000099985,OSM,6,BRCA;COAD;KICH;KIRC;KIRP;STAD,0,0,6,1,1.449468139923776,1.5062831709406062,0.7452244855238243,1.035698865750859,TRUE
CYP3A4,0.7,6,BRCA;COAD;KICH;KIRC;KIRP;STAD,ENSG00000101307,SIRPB1,6,BRCA;COAD;KICH;KIRC;KIRP;STAD,0,0,4,0.6666666666666666,0.8161103102748386,1.3141558964327251,0.6381375013942472,0.717410420416109,TRUE
CYP3A4,0.7,6,BRCA;COAD;KICH;KIRC;KIRP;STAD,ENSG00000101916,TLR8,6,BRCA;COAD;KICH;KIRC;KIRP;STAD,1,0.16666666666666666,3,0.5,0.5012217622456807,0.8248500974194768,0.7802682926994083,1.0268954121403342,TRUE
CYP3A4,0.7,6,BRCA;COAD;KICH;KIRC;KIRP;STAD,ENSG00000102245,CD40LG,6,BRCA;COAD;KICH;KIRC;KIRP;STAD,2,0.3333333333333333,2,0.3333333333333333,-0.2632570324750806,-0.02769354324461898,0.8666821946098329,1.0251196745037,TRUE
CYP3A4,0.7,6,BRCA;COAD;KICH;KIRC;KIRP;STAD,ENSG00000103313,MEFV,6,BRCA;COAD;KICH;KIRC;KIRP;STAD,0,0,1,0.16666666666666666,0.12823062054524315,0.39227897062203415,0.5690963539880785,0.8301347747182608,TRUE
CYP3A4,0.7,6,BRCA;COAD;KICH;KIRC;KIRP;STAD,ENSG00000104974,LILRA1,6,BRCA;COAD;KICH;KIRC;KIRP;STAD,1,0.16666666666666666,2,0.3333333333333333,0.09688517682364496,0.4310916877031077,0.6283418888462469,0.7275773892026677,TRUE
CYP3A4,0.7,6,BRCA;COAD;KICH;KIRC;KIRP;STAD,ENSG00000105672,ETV2,6,BRCA;COAD;KICH;KIRC;KIRP;STAD,1,0.16666666666666666,0,0,-0.28458967199002394,-0.2519041081478713,0.8259386422473551,0.8840535676650587,TRUE
CYP3A4,0.7,6,BRCA;COAD;KICH;KIRC;KIRP;STAD,ENSG00000108576,SLC6A4,6,BRCA;COAD;KICH;KIRC;KIRP;STAD,3,0.5,2,0.3333333333333333,-1.3771308188481302,-0.9282696036354173,0.43195204597283404,0.5079420318999661,TRUE
CYP3A4,0.7,6,BRCA;COAD;KICH;KIRC;KIRP;STAD,ENSG00000111837,MAK,6,BRCA;COAD;KICH;KIRC;KIRP;STAD,0,0,1,0.16666666666666666,-0.022190236283735593,0.12779143939774623,0.8504160017258412,1.204533462325133,TRUE
CYP3A4,0.7,6,BRCA;COAD;KICH;KIRC;KIRP;STAD,ENSG00000114113,RBP2,6,BRCA;COAD;KICH;KIRC;KIRP;STAD,4,0.6666666666666666,2,0.3333333333333333,-3.8706166366716674,-2.5324304799029482,0.8078345795326297,1.0515451519777008,TRUE
CYP3A4,0.7,6,BRCA;COAD;KICH;KIRC;KIRP;STAD,ENSG00000114656,CFAP92,6,BRCA;COAD;KICH;KIRC;KIRP;STAD,0,0,2,0.3333333333333333,0.11232463136542326,0.546811867069398,0.7778626785253767,0.953040427064394,TRUE
CYP3A4,0.7,6,BRCA;COAD;KICH;KIRC;KIRP;STAD,ENSG00000117090,SLAMF1,6,BRCA;COAD;KICH;KIRC;KIRP;STAD,2,0.3333333333333333,1,0.16666666666666666,0.09539473881173044,-0.03513955364819754,0.627326907977823,1.1424886928130886,TRUE
CYP3A4,0.7,6,BRCA;COAD;KICH;KIRC;KIRP;STAD,ENSG00000117560,FASLG,6,BRCA;COAD;KICH;KIRC;KIRP;STAD,1,0.16666666666666666,4,0.6666666666666666,1.040152607723242,1.054074262895017,0.8936082998373099,1.2550278974072628,TRUE
CYP3A4,0.7,6,BRCA;COAD;KICH;KIRC;KIRP;STAD,ENSG00000118557,PMFBP1,6,BRCA;COAD;KICH;KIRC;KIRP;STAD,0,0,4,0.6666666666666666,1.4420265099019787,1.03160717103591,0.7818799409343057,1.177488152941685,TRUE
CYP3A4,0.7,6,BRCA;COAD;KICH;KIRC;KIRP;STAD,ENSG00000119547,ONECUT2,6,BRCA;COAD;KICH;KIRC;KIRP;STAD,1,0.16666666666666666,5,0.8333333333333334,1.9858474456892397,1.7527755149330206,0.7144797455638798,0.9322167021971188,TRUE
CYP3A4,0.7,6,BRCA;COAD;KICH;KIRC;KIRP;STAD,ENSG00000120215,MLANA,6,BRCA;COAD;KICH;KIRC;KIRP;STAD,1,0.16666666666666666,0,0,-0.006311036556017495,-0.1037943664831259,0.7508620854707801,1.0924648879711851,TRUE
CYP3A4,0.7,6,BRCA;COAD;KICH;KIRC;KIRP;STAD,ENSG00000121621,KIF18A,6,BRCA;COAD;KICH;KIRC;KIRP;STAD,0,0,5,0.8333333333333334,1.6328586189626377,1.6220739566662734,0.6119172943832176,0.8716274461391725,TRUE
CYP3A4,0.7,6,BRCA;COAD;KICH;KIRC;KIRP;STAD,ENSG00000121895,TMEM156,6,BRCA;COAD;KICH;KIRC;KIRP;STAD,1,0.16666666666666666,2,0.3333333333333333,0.24711587403050866,0.23204686714561873,0.5435959315767,1.0300081976037587,TRUE
CYP3A4,0.7,6,BRCA;COAD;KICH;KIRC;KIRP;STAD,ENSG00000122188,LAX1,6,BRCA;COAD;KICH;KIRC;KIRP;STAD,2,0.3333333333333333,2,0.3333333333333333,-0.11259781081073308,0.029082956006420718,1.0419516781239047,1.2323904311794371,TRUE
CYP3A4,0.7,6,BRCA;COAD;KICH;KIRC;KIRP;STAD,ENSG00000122223,CD244,6,BRCA;COAD;KICH;KIRC;KIRP;STAD,2,0.3333333333333333,3,0.5,0.2811918242739541,0.44512848339264177,0.7205379025395608,0.9137906273618258,TRUE
CYP3A4,0.7,6,BRCA;COAD;KICH;KIRC;KIRP;STAD,ENSG00000123219,CENPK,6,BRCA;COAD;KICH;KIRC;KIRP;STAD,0,0,6,1,1.6227428224255092,1.4915215855553878,0.8058776458072023,0.9757419856016964,TRUE
CYP3A4,0.7,6,BRCA;COAD;KICH;KIRC;KIRP;STAD,ENSG00000124256,ZBP1,6,BRCA;COAD;KICH;KIRC;KIRP;STAD,0,0,4,0.6666666666666666,0.7746534302280598,0.8118534905787896,0.9067004173531776,1.3347004070378814,TRUE
CYP3A4,0.7,6,BRCA;COAD;KICH;KIRC;KIRP;STAD,ENSG00000124731,TREM1,6,BRCA;COAD;KICH;KIRC;KIRP;STAD,1,0.16666666666666666,5,0.8333333333333334,1.6406040866605414,1.4829319037559159,0.4923507455272273,0.8189193473491017,TRUE
CYP3A4,0.7,6,BRCA;COAD;KICH;KIRC;KIRP;STAD,ENSG00000125046,SSUH2,6,BRCA;COAD;KICH;KIRC;KIRP;STAD,3,0.5,1,0.16666666666666666,-1.080689991429076,-1.2421306847578757,0.43405925663856954,0.8484724230265361,TRUE
CYP3A4,0.7,6,BRCA;COAD;KICH;KIRC;KIRP;STAD,ENSG00000125726,CD70,6,BRCA;COAD;KICH;KIRC;KIRP;STAD,0,0,4,0.6666666666666666,1.4271875716948856,2.586852081855649,0.8132975497593485,1.0772476073605881,TRUE
CYP3A4,0.7,6,BRCA;COAD;KICH;KIRC;KIRP;STAD,ENSG00000128383,APOBEC3A,6,BRCA;COAD;KICH;KIRC;KIRP;STAD,2,0.3333333333333333,2,0.3333333333333333,-0.1368590249210961,-0.22468389915621487,0.49828853264715733,0.8145333946818742,TRUE
CYP3A4,0.7,6,BRCA;COAD;KICH;KIRC;KIRP;STAD,ENSG00000129195,PIMREG,6,BRCA;COAD;KICH;KIRC;KIRP;STAD,0,0,6,1,2.3230564036890913,2.2234561548067022,0.8743176936866369,1.1629541814228097,TRUE
CYP3A4,0.7,6,BRCA;COAD;KICH;KIRC;KIRP;STAD,ENSG00000129810,SGO1,6,BRCA;COAD;KICH;KIRC;KIRP;STAD,0,0,6,1,1.407537223624301,1.7217587862259338,0.6994138558483571,0.9741407706264414,TRUE
CYP3A4,0.7,6,BRCA;COAD;KICH;KIRC;KIRP;STAD,ENSG00000130943,PKDREJ,6,BRCA;COAD;KICH;KIRC;KIRP;STAD,2,0.3333333333333333,0,0,-0.5521668991444899,-0.7764388614230567,0.7712235415116409,0.8824826952209714,TRUE
CYP3A4,0.7,6,BRCA;COAD;KICH;KIRC;KIRP;STAD,ENSG00000132517,SLC52A1,6,BRCA;COAD;KICH;KIRC;KIRP;STAD,3,0.5,2,0.3333333333333333,-0.5552989223837457,-0.4082177714379239,0.6609041405441685,1.0049823949203645,TRUE
CYP3A4,0.7,6,BRCA;COAD;KICH;KIRC;KIRP;STAD,ENSG00000135436,FAM186B,6,BRCA;COAD;KICH;KIRC;KIRP;STAD,0,0,2,0.3333333333333333,0.45857506909836376,0.44196235908853637,0.7974829900472762,1.2894064893970618,TRUE
CYP3A4,0.7,6,BRCA;COAD;KICH;KIRC;KIRP;STAD,ENSG00000135960,EDAR,6,BRCA;COAD;KICH;KIRC;KIRP;STAD,3,0.5,2,0.3333333333333333,-0.8338447435202592,-1.1785181335782455,0.7608258165952784,0.8873208292172579,TRUE
CYP3A4,0.7,6,BRCA;COAD;KICH;KIRC;KIRP;STAD,ENSG00000139351,SYCP3,6,BRCA;COAD;KICH;KIRC;KIRP;STAD,1,0.16666666666666666,1,0.16666666666666666,-0.1975432070347805,-0.006485936840425116,0.806807750261215,1.124859728850366,TRUE
CYP3A4,0.7,6,BRCA;COAD;KICH;KIRC;KIRP;STAD,ENSG00000142405,NLRP12,6,BRCA;COAD;KICH;KIRC;KIRP;STAD,0,0,3,0.5,0.5828207854918666,0.616172818222062,0.8790852067057406,1.2699797396983743,TRUE
CYP3A4,0.7,6,BRCA;COAD;KICH;KIRC;KIRP;STAD,ENSG00000142621,FHAD1,6,BRCA;COAD;KICH;KIRC;KIRP;STAD,1,0.16666666666666666,2,0.3333333333333333,0.4149229529823812,0.09847568534240253,0.6151185159865423,0.9109914813552688,TRUE
CYP3A4,0.7,6,BRCA;COAD;KICH;KIRC;KIRP;STAD,ENSG00000143450,OAZ3,6,BRCA;COAD;KICH;KIRC;KIRP;STAD,1,0.16666666666666666,1,0.16666666666666666,0.3479871151192396,0.12004178904967629,0.7751122782439315,1.0343949788927955,TRUE
CYP3A4,0.7,6,BRCA;COAD;KICH;KIRC;KIRP;STAD,ENSG00000144395,CCDC150,6,BRCA;COAD;KICH;KIRC;KIRP;STAD,1,0.16666666666666666,4,0.6666666666666666,1.0899855834557108,0.6855989922491876,0.6886425789737269,1.070316033892973,TRUE
CYP3A4,0.7,6,BRCA;COAD;KICH;KIRC;KIRP;STAD,ENSG00000145864,GABRB2,6,BRCA;COAD;KICH;KIRC;KIRP;STAD,5,0.8333333333333334,0,0,-2.557499342709731,-2.187166227180878,0.7485741847436408,0.97250664616645,TRUE
CYP3A4,0.7,6,BRCA;COAD;KICH;KIRC;KIRP;STAD,ENSG00000146410,MTFR2,6,BRCA;COAD;KICH;KIRC;KIRP;STAD,0,0,6,1,1.8249064659022167,1.7879538730638689,0.7982409560533443,1.091443676852454,TRUE
CYP3A4,0.7,6,BRCA;COAD;KICH;KIRC;KIRP;STAD,ENSG00000147536,GINS4,6,BRCA;COAD;KICH;KIRC;KIRP;STAD,0,0,5,0.8333333333333334,1.360493211437821,1.2546722612903145,0.7501214236374876,1.0049195909778503,TRUE
CYP3A4,0.7,6,BRCA;COAD;KICH;KIRC;KIRP;STAD,ENSG00000150681,RGS18,6,BRCA;COAD;KICH;KIRC;KIRP;STAD,1,0.16666666666666666,2,0.3333333333333333,-0.03083491891921191,0.24305647421856197,0.7251459403943714,0.9132110352866006,TRUE
CYP3A4,0.7,6,BRCA;COAD;KICH;KIRC;KIRP;STAD,ENSG00000151790,TDO2,6,BRCA;COAD;KICH;KIRC;KIRP;STAD,0,0,5,0.8333333333333334,1.2120890650912173,1.395139861850782,0.6488529248753193,1.2835924668494074,TRUE
CYP3A4,0.7,6,BRCA;COAD;KICH;KIRC;KIRP;STAD,ENSG00000152253,SPC25,6,BRCA;COAD;KICH;KIRC;KIRP;STAD,0,0,6,1,1.896328744960333,1.7544759843388538,0.8217514996939951,0.978986845123584,TRUE
CYP3A4,0.7,6,BRCA;COAD;KICH;KIRC;KIRP;STAD,ENSG00000154839,SKA1,6,BRCA;COAD;KICH;KIRC;KIRP;STAD,0,0,6,1,2.186363269928939,2.1806298400968447,0.811516111780364,1.1685849993568085,TRUE
CYP3A4,0.7,6,BRCA;COAD;KICH;KIRC;KIRP;STAD,ENSG00000156738,MS4A1,6,BRCA;COAD;KICH;KIRC;KIRP;STAD,3,0.5,2,0.3333333333333333,-0.13402892623183926,-0.3405899740326087,0.8914285306940414,1.1641443161452063,TRUE
CYP3A4,0.7,6,BRCA;COAD;KICH;KIRC;KIRP;STAD,ENSG00000158055,GRHL3,6,BRCA;COAD;KICH;KIRC;KIRP;STAD,3,0.5,2,0.3333333333333333,-0.68006119294209455,0.10420028978346933,0.5937454438849888,1.1964234704986911,TRUE
CYP3A4,0.7,6,BRCA;COAD;KICH;KIRC;KIRP;STAD,ENSG00000158486,DNAH3,6,BRCA;COAD;KICH;KIRC;KIRP;STAD,1,0.16666666666666666,3,0.5,0.4653898031259759,0.5619006654777954,0.7952548387707233,0.99498207492175,TRUE
CYP3A4,0.7,6,BRCA;COAD;KICH;KIRC;KIRP;STAD,ENSG00000158488,CD1E,6,BRCA;COAD;KICH;KIRC;KIRP;STAD,1,0.16666666666666666,1,0.16666666666666666,-0.2851421328373902,-0.097630160157361,0.9301492694552937,1.0276249479781685,TRUE
CYP3A4,0.7,6,BRCA;COAD;KICH;KIRC;KIRP;STAD,ENSG00000159958,TNFRSF13C,6,BRCA;COAD;KICH;KIRC;KIRP;STAD,1,0.16666666666666666,1,0.16666666666666666,0.2524986732178751,0.1375099181974213,0.8501200765193611,1.0152708854217969,TRUE
CYP3A4,0.7,6,BRCA;COAD;KICH;KIRC;KIRP;STAD,ENSG00000160185,UBASH3A,6,BRCA;COAD;KICH;KIRC;KIRP;STAD,1,0.16666666666666666,3,0.5,0.5128006874238439,0.6866584687757642,0.76962433371851,1.2715874337569248,TRUE
CYP3A4,0.7,6,BRCA;COAD;KICH;KIRC;KIRP;STAD,ENSG00000160221,GATD3A,6,BRCA;COAD;KICH;KIRC;KIRP;STAD,2,0.3333333333333333,0,0,-0.3871276028191417,-0.46808819487176834,0.7333076227052946,0.9390485849350456,TRUE
CYP3A4,0.7,6,BRCA;COAD;KICH;KIRC;KIRP;STAD,ENSG00000160856,FCRL3,6,BRCA;COAD;KICH;KIRC;KIRP;STAD,1,0.16666666666666666,3,0.5,0.6889192991198535,0.6446958252917288,0.5566587704987018,0.8522667411341669,TRUE
CYP3A4,0.7,6,BRCA;COAD;KICH;KIRC;KIRP;STAD,ENSG00000161944,ASGR2,6,BRCA;COAD;KICH;KIRC;KIRP;STAD,3,0.5,0,0,-0.3923994991622455,-0.4963201942064649,0.5799075089545147,1.2828452329896878,TRUE
CYP3A4,0.7,6,BRCA;COAD;KICH;KIRC;KIRP;STAD,ENSG00000162747,FCGR3B,6,BRCA;COAD;KICH;KIRC;KIRP;STAD,1,0.16666666666666666,3,0.5,0.1410632182574872,0.20415100153536922,0.5695750466752896,1.1031251083702271,TRUE
CYP3A4,0.7,6,BRCA;COAD;KICH;KIRC;KIRP;STAD,ENSG00000163380,LMOD3,6,BRCA;COAD;KICH;KIRC;KIRP;STAD,2,0.3333333333333333,1,0.16666666666666666,0.20160068651306148,-0.10706365846143961,0.8870404640769571,1.1554139627382622,TRUE
CYP3A4,0.7,6,BRCA;COAD;KICH;KIRC;KIRP;STAD,ENSG00000163464,CXCR1,6,BRCA;COAD;KICH;KIRC;KIRP;STAD,1,0.16666666666666666,2,0.3333333333333333,-0.29889088608394004,-0.09319135086239927,0.5771938388139961,1.223426115228964,TRUE
CYP3A4,0.7,6,BRCA;COAD;KICH;KIRC;KIRP;STAD,ENSG00000163492,CCDC141,6,BRCA;COAD;KICH;KIRC;KIRP;STAD,3,0.5,1,0.16666666666666666,-0.4014026743817364,-0.3507653408598962,0.9919904124486166,1.0916948005600469,TRUE
CYP3A4,0.7,6,BRCA;COAD;KICH;KIRC;KIRP;STAD,ENSG00000163508,EOMES,6,BRCA;COAD;KICH;KIRC;KIRP;STAD,0,0,4,0.6666666666666666,0.9858704183049389,1.1718962273663271,0.6827994541479944,0.9998227958223648,TRUE
CYP3A4,0.7,6,BRCA;COAD;KICH;KIRC;KIRP;STAD,ENSG00000163689,CFAP20DC,6,BRCA;COAD;KICH;KIRC;KIRP;STAD,1,0.16666666666666666,4,0.6666666666666666,1.396304193227357,0.7653699753314366,0.5650457130854885,0.7905488460889522,TRUE
CYP3A4,0.7,6,BRCA;COAD;KICH;KIRC;KIRP;STAD,ENSG00000164404,GDF9,6,BRCA;COAD;KICH;KIRC;KIRP;STAD,3,0.5,1,0.16666666666666666,-0.5495056864405081,-0.5103505795040207,0.8955834919640786,1.329715160716809,TRUE
CYP3A4,0.7,6,BRCA;COAD;KICH;KIRC;KIRP;STAD,ENSG00000164483,SAMD3,6,BRCA;COAD;KICH;KIRC;KIRP;STAD,0,0,3,0.5,0.523371053229172,0.7611566685559747,0.9895405612788305,1.2550311101729488,TRUE
CYP3A4,0.7,6,BRCA;COAD;KICH;KIRC;KIRP;STAD,ENSG00000165409,TSHR,6,BRCA;COAD;KICH;KIRC;KIRP;STAD,4,0.6666666666666666,1,0.16666666666666666,-0.7940615505839113,-0.4838325477308985,1.0009361085153796,1.1314892817752304,TRUE
CYP3A4,0.7,6,BRCA;COAD;KICH;KIRC;KIRP;STAD,ENSG00000165480,SKA3,6,BRCA;COAD;KICH;KIRC;KIRP;STAD,0,0,6,1,2.144205971100922,2.1192949254629183,0.7145399056810259,0.926688546553296,TRUE
CYP3A4,0.7,6,BRCA;COAD;KICH;KIRC;KIRP;STAD,ENSG00000165985,C1QL3,6,BRCA;COAD;KICH;KIRC;KIRP;STAD,3,0.5,0,0,-0.5807363818664639,-0.47815383359952945,0.8328974650829182,0.9521526703550784,TRUE
CYP3A4,0.7,6,BRCA;COAD;KICH;KIRC;KIRP;STAD,ENSG00000166153,DEPDC4,6,BRCA;COAD;KICH;KIRC;KIRP;STAD,2,0.3333333333333333,0,0,0.03152888341513833,-0.4144143776704403,0.8374151264803994,1.1119060714946734,TRUE
CYP3A4,0.7,6,BRCA;COAD;KICH;KIRC;KIRP;STAD,ENSG00000166246,C16orf71,6,BRCA;COAD;KICH;KIRC;KIRP;STAD,1,0.16666666666666666,1,0.16666666666666666,0.15934831587229853,0.1576164939921958,0.8881176445531584,1.111838506278991,TRUE
CYP3A4,0.7,6,BRCA;COAD;KICH;KIRC;KIRP;STAD,ENSG00000166359,WDR88,6,BRCA;COAD;KICH;KIRC;KIRP;STAD,1,0.16666666666666666,0,0,-0.12917655879808831,-0.31062942735095833,0.9186198522015682,1.192151715357561,TRUE
CYP3A4,0.7,6,BRCA;COAD;KICH;KIRC;KIRP;STAD,ENSG00000166803,PCLAF,6,BRCA;COAD;KICH;KIRC;KIRP;STAD,0,0,6,1,1.9722141120484689,1.9389848218122783,0.6579577440453149,0.9593932878347182,TRUE
CYP3A4,0.7,6,BRCA;COAD;KICH;KIRC;KIRP;STAD,ENSG00000167476,JSRP1,6,BRCA;COAD;KICH;KIRC;KIRP;STAD,0,0,4,0.6666666666666666,1.273626016789807,1.1931700169504929,0.8206303775345798,1.0680650391281583,TRUE
CYP3A4,0.7,6,BRCA;COAD;KICH;KIRC;KIRP;STAD,ENSG00000167483,NIBAN3,6,BRCA;COAD;KICH;KIRC;KIRP;STAD,2,0.3333333333333333,1,0.16666666666666666,-0.01847973082811233,-0.22548014353943888,0.6209447255103087,0.8217613561956185,TRUE
CYP3A4,0.7,6,BRCA;COAD;KICH;KIRC;KIRP;STAD,ENSG00000167889,MGAT5B,6,BRCA;COAD;KICH;KIRC;KIRP;STAD,3,0.5,1,0.16666666666666666,-0.6190621617390206,-0.3818705600613991,0.9778257289720762,1.2591049958088407,TRUE
CYP3A4,0.7,6,BRCA;COAD;KICH;KIRC;KIRP;STAD,ENSG00000167914,GSDMA,6,BRCA;COAD;KICH;KIRC;KIRP;STAD,0,0,3,0.5,0.5189364529144712,0.8845592404909107,0.8071708601985854,0.9925221570722172,TRUE
CYP3A4,0.7,6,BRCA;COAD;KICH;KIRC;KIRP;STAD,ENSG00000168658,VWA3B,6,BRCA;COAD;KICH;KIRC;KIRP;STAD,4,0.6666666666666666,0,0,-1.8007994002780663,-1.677144720630165,0.8246388089254681,1.0008030193218942,TRUE
CYP3A4,0.7,6,BRCA;COAD;KICH;KIRC;KIRP;STAD,ENSG00000169607,CKAP2L,6,BRCA;COAD;KICH;KIRC;KIRP;STAD,0,0,6,1,2.548639534634514,2.5072956798560204,0.7294054960180215,0.993617574251702,TRUE
CYP3A4,0.7,6,BRCA;COAD;KICH;KIRC;KIRP;STAD,ENSG00000170442,KRT86,6,BRCA;COAD;KICH;KIRC;KIRP;STAD,0,0,4,0.6666666666666666,0.7522674979574298,0.9346848330137117,0.9453864114932106,1.2989087949772469,TRUE
CYP3A4,0.7,6,BRCA;COAD;KICH;KIRC;KIRP;STAD,ENSG00000171049,FPR2,6,BRCA;COAD;KICH;KIRC;KIRP;STAD,0,0,2,0.3333333333333333,0.472898057885638,0.5133138395239925,0.7055845951342762,1.0347943625969542,TRUE
CYP3A4,0.7,6,BRCA;COAD;KICH;KIRC;KIRP;STAD,ENSG00000171320,ESCO2,6,BRCA;COAD;KICH;KIRC;KIRP;STAD,0,0,6,1,1.7548265528254245,1.8740343522942977,0.844893949846646,1.0669024910260037,TRUE
CYP3A4,0.7,6,BRCA;COAD;KICH;KIRC;KIRP;STAD,ENSG00000172738,TMEM217,6,BRCA;COAD;KICH;KIRC;KIRP;STAD,2,0.3333333333333333,1,0.16666666666666666,-0.42852588962465066,-0.30564250902143797,0.7256896205540119,1.2191750804177723,TRUE
CYP3A4,0.7,6,BRCA;COAD;KICH;KIRC;KIRP;STAD,ENSG00000173578,XCR1,6,BRCA;COAD;KICH;KIRC;KIRP;STAD,1,0.16666666666666666,1,0.16666666666666666,-0.20619723891473057,-0.1178617460147043,0.668858972294714,0.8003001222088151,TRUE
CYP3A4,0.7,6,BRCA;COAD;KICH;KIRC;KIRP;STAD,ENSG00000173868,PHOSPHO1,6,BRCA;COAD;KICH;KIRC;KIRP;STAD,1,0.16666666666666666,1,0.16666666666666666,-0.06434791831539599,-0.07900503489330654,0.9674006322018329,1.2674940750983703,TRUE
CYP3A4,0.7,6,BRCA;COAD;KICH;KIRC;KIRP;STAD,ENSG00000174123,TLR10,6,BRCA;COAD;KICH;KIRC;KIRP;STAD,1,0.16666666666666666,4,0.6666666666666666,0.8679521860998012,0.5058524356681466,0.7196241765047762,0.9951423300185182,TRUE
CYP3A4,0.7,6,BRCA;COAD;KICH;KIRC;KIRP;STAD,ENSG00000174371,EXO1,6,BRCA;COAD;KICH;KIRC;KIRP;STAD,0,0,5,0.8333333333333334,1.9909002531833706,1.9817160137102114,0.6535398458523457,0.881983636341168,TRUE
CYP3A4,0.7,6,BRCA;COAD;KICH;KIRC;KIRP;STAD,ENSG00000174837,ADGRE1,6,BRCA;COAD;KICH;KIRC;KIRP;STAD,1,0.16666666666666666,3,0.5,0.9246853788475567,1.0401025635740646,0.5553640679277456,0.8792812132746466,TRUE
CYP3A4,0.7,6,BRCA;COAD;KICH;KIRC;KIRP;STAD,ENSG00000174885,NLRP6,6,BRCA;COAD;KICH;KIRC;KIRP;STAD,2,0.3333333333333333,2,0.3333333333333333,-0.21663720642837003,-0.4156432216650143,0.7672299675824947,1.0321543605630223,TRUE
CYP3A4,0.7,6,BRCA;COAD;KICH;KIRC;KIRP;STAD,ENSG00000176083,ZNF683,6,BRCA;COAD;KICH;KIRC;KIRP;STAD,0,0,4,0.6666666666666666,1.0658817679856845,1.3230727399634712,0.9610553185046349,1.1285406203545283,TRUE
CYP3A4,0.7,6,BRCA;COAD;KICH;KIRC;KIRP;STAD,ENSG00000177455,CD19,6,BRCA;COAD;KICH;KIRC;KIRP;STAD,2,0.3333333333333333,2,0.3333333333333333,-0.0990093885887636,-0.2237111124974471,0.7802252095345537,1.26082963463106,TRUE
CYP3A4,0.7,6,BRCA;COAD;KICH;KIRC;KIRP;STAD,ENSG00000177483,RBM44,6,BRCA;COAD;KICH;KIRC;KIRP;STAD,1,0.16666666666666666,0,0,-0.027027295574442084,-0.04962470176180508,1.0486492730355563,1.3352816879144846,TRUE
CYP3A4,0.7,6,BRCA;COAD;KICH;KIRC;KIRP;STAD,ENSG00000177494,ZBED2,6,BRCA;COAD;KICH;KIRC;KIRP;STAD,1,0.16666666666666666,2,0.3333333333333333,0.3911886614255561,0.15532326074282932,0.5555808653644612,1.1803303989165723,TRUE
CYP3A4,0.7,6,BRCA;COAD;KICH;KIRC;KIRP;STAD,ENSG00000178199,ZC3H12D,6,BRCA;COAD;KICH;KIRC;KIRP;STAD,1,0.16666666666666666,2,0.3333333333333333,0.04709323498811588,0.2082999472078127,0.6471216315184205,1.1698229683957684,TRUE
CYP3A4,0.7,6,BRCA;COAD;KICH;KIRC;KIRP;STAD,ENSG00000178789,CD300LB,6,BRCA;COAD;KICH;KIRC;KIRP;STAD,0,0,2,0.3333333333333333,0.1706076143851471,0.5917722313759566,0.7498872566434759,0.9704853804071264,TRUE
CYP3A4,0.7,6,BRCA;COAD;KICH;KIRC;KIRP;STAD,ENSG00000179869,ABCA13,6,BRCA;COAD;KICH;KIRC;KIRP;STAD,4,0.6666666666666666,1,0.16666666666666666,-0.8462021575449392,-1.007351029539647,0.8577538100181774,1.188790919717264,TRUE
CYP3A4,0.7,6,BRCA;COAD;KICH;KIRC;KIRP;STAD,ENSG00000180871,CXCR2,6,BRCA;COAD;KICH;KIRC;KIRP;STAD,2,0.3333333333333333,1,0.16666666666666666,0.17124600426386144,-0.25203080136794676,0.6249833463730418,1.1347864667065335,TRUE
CYP3A4,0.7,6,BRCA;COAD;KICH;KIRC;KIRP;STAD,ENSG00000181847,TIGIT,6,BRCA;COAD;KICH;KIRC;KIRP;STAD,0,0,5,0.8333333333333334,1.3171746810901577,1.36515586287141,0.7129252745331958,0.9037400466030684,TRUE
CYP3A4,0.7,6,BRCA;COAD;KICH;KIRC;KIRP;STAD,ENSG00000182010,RTKN2,6,BRCA;COAD;KICH;KIRC;KIRP;STAD,1,0.16666666666666666,4,0.6666666666666666,0.8763692113754349,0.7505673927939422,0.578714259522477,1.0216085427087431,TRUE
CYP3A4,0.7,6,BRCA;COAD;KICH;KIRC;KIRP;STAD,ENSG00000182183,SHISAL2A,6,BRCA;COAD;KICH;KIRC;KIRP;STAD,1,0.16666666666666666,4,0.6666666666666666,0.790176398937661,0.628715671297856,0.9993314403874962,1.1908258536537577,TRUE
CYP3A4,0.7,6,BRCA;COAD;KICH;KIRC;KIRP;STAD,ENSG00000182791,CCDC87,6,BRCA;COAD;KICH;KIRC;KIRP;STAD,2,0.3333333333333333,2,0.3333333333333333,-0.3389594754951747,0.008382288585207695,0.6986469539050546,1.1604294658480625,TRUE
CYP3A4,0.7,6,BRCA;COAD;KICH;KIRC;KIRP;STAD,ENSG00000183032,SLC25A21,6,BRCA;COAD;KICH;KIRC;KIRP;STAD,2,0.3333333333333333,0,0,-0.4322252113745323,-0.5775118847339773,0.9460564311325058,1.291445408150406,TRUE
CYP3A4,0.7,6,BRCA;COAD;KICH;KIRC;KIRP;STAD,ENSG00000183066,WBP2NL,6,BRCA;COAD;KICH;KIRC;KIRP;STAD,1,0.16666666666666666,0,0,-0.4016242110437093,-0.31066695262099037,0.6438049531605933,0.90587126108948,TRUE
CYP3A4,0.7,6,BRCA;COAD;KICH;KIRC;KIRP;STAD,ENSG00000183813,CCR4,6,BRCA;COAD;KICH;KIRC;KIRP;STAD,1,0.16666666666666666,3,0.5,0.48023045253422414,0.4613867662704606,0.7686854168176847,0.9971430757407156,TRUE
CYP3A4,0.7,6,BRCA;COAD;KICH;KIRC;KIRP;STAD,ENSG00000183918,SH2D1A,6,BRCA;COAD;KICH;KIRC;KIRP;STAD,1,0.16666666666666666,3,0.5,0.7357288758483008,0.7924597478543102,0.711612118017207,0.922623423768088,TRUE
CYP3A4,0.7,6,BRCA;COAD;KICH;KIRC;KIRP;STAD,ENSG00000184261,KCNK12,6,BRCA;COAD;KICH;KIRC;KIRP;STAD,1,0.16666666666666666,0,0,-0.4517527535348087,-0.47340490330729373,0.8425661697492992,0.9586981993407218,TRUE
CYP3A4,0.7,6,BRCA;COAD;KICH;KIRC;KIRP;STAD,ENSG00000184661,CDCA2,6,BRCA;COAD;KICH;KIRC;KIRP;STAD,0,0,6,1,2.2429522222013176,2.666259313772415,0.6643303815577272,0.8533550250725941,TRUE
CYP3A4,0.7,6,BRCA;COAD;KICH;KIRC;KIRP;STAD,ENSG00000185480,PARPBP,6,BRCA;COAD;KICH;KIRC;KIRP;STAD,0,0,5,0.8333333333333334,1.2728757875992358,1.1324960412915361,0.8055233216778699,0.9808285470775084,TRUE
CYP3A4,0.7,6,BRCA;COAD;KICH;KIRC;KIRP;STAD,ENSG00000186074,CD300LF,6,BRCA;COAD;KICH;KIRC;KIRP;STAD,0,0,5,0.8333333333333334,1.6098332729434794,1.6599289134730604,0.7734267342007484,0.8581884732392501,TRUE
CYP3A4,0.7,6,BRCA;COAD;KICH;KIRC;KIRP;STAD,ENSG00000186265,BTLA,6,BRCA;COAD;KICH;KIRC;KIRP;STAD,1,0.16666666666666666,1,0.16666666666666666,0.09471793579921087,0.022098871513516,0.6686908285618577,0.9380539609155432,TRUE
CYP3A4,0.7,6,BRCA;COAD;KICH;KIRC;KIRP;STAD,ENSG00000186407,CD300E,6,BRCA;COAD;KICH;KIRC;KIRP;STAD,1,0.16666666666666666,2,0.3333333333333333,0.42709888975100874,0.3931338112346303,0.7075827221645233,0.8939570671144411,TRUE
CYP3A4,0.7,6,BRCA;COAD;KICH;KIRC;KIRP;STAD,ENSG00000187105,HEATR4,6,BRCA;COAD;KICH;KIRC;KIRP;STAD,0,0,1,0.16666666666666666,-0.05515599345591506,0.10479443783586777,0.8737593396887287,1.0593879810730866,TRUE
CYP3A4,0.7,6,BRCA;COAD;KICH;KIRC;KIRP;STAD,ENSG00000188305,PEAK3,6,BRCA;COAD;KICH;KIRC;KIRP;STAD,1,0.16666666666666666,1,0.16666666666666666,0.19654018111981728,0.18719753879134493,0.7025342270426514,0.9325490725833532,TRUE
CYP3A4,0.7,6,BRCA;COAD;KICH;KIRC;KIRP;STAD,ENSG00000188368,PRR19,6,BRCA;COAD;KICH;KIRC;KIRP;STAD,0,0,4,0.6666666666666666,1.2115618506660981,0.9307734767019421,0.9081763954865231,1.23595451546295,TRUE
CYP3A4,0.7,6,BRCA;COAD;KICH;KIRC;KIRP;STAD,ENSG00000188389,PDCD1,6,BRCA;COAD;KICH;KIRC;KIRP;STAD,0,0,4,0.6666666666666666,0.9837524112102769,0.9571317845217507,0.8647027691635605,1.200513547159475,TRUE
CYP3A4,0.7,6,BRCA;COAD;KICH;KIRC;KIRP;STAD,ENSG00000188596,CFAP54,6,BRCA;COAD;KICH;KIRC;KIRP;STAD,4,0.6666666666666666,0,0,-0.8876025488548436,-0.9191667514319762,0.8788950739786084,0.9624584612220352,TRUE
CYP3A4,0.7,6,BRCA;COAD;KICH;KIRC;KIRP;STAD,ENSG00000188649,CC2D2B,6,BRCA;COAD;KICH;KIRC;KIRP;STAD,2,0.3333333333333333,1,0.16666666666666666,-0.39414927711395353,-0.33902724136984297,1.1023358390031701,1.328823545819996,TRUE
CYP3A4,0.7,6,BRCA;COAD;KICH;KIRC;KIRP;STAD,ENSG00000188897,AC099489.1,6,BRCA;COAD;KICH;KIRC;KIRP;STAD,2,0.3333333333333333,2,0.3333333333333333,0.170923663041478,-0.03381701580887571,0.771184823541053,1.0022409017194416,TRUE
CYP3A4,0.7,6,BRCA;COAD;KICH;KIRC;KIRP;STAD,ENSG00000196092,PAX5,6,BRCA;COAD;KICH;KIRC;KIRP;STAD,2,0.3333333333333333,2,0.3333333333333333,0.17535594108693156,-0.09640035017547008,0.7384911101499905,0.9853920356128222,TRUE
CYP3A4,0.7,6,BRCA;COAD;KICH;KIRC;KIRP;STAD,ENSG00000196862,RGPD4,6,BRCA;COAD;KICH;KIRC;KIRP;STAD,0,0,0,0,-0.12421446270433842,-0.10584052516832047,0.7854767847167153,1.0871145506071018,TRUE
CYP3A4,0.7,6,BRCA;COAD;KICH;KIRC;KIRP;STAD,ENSG00000197275,RAD54B,6,BRCA;COAD;KICH;KIRC;KIRP;STAD,0,0,5,0.8333333333333334,1.4251798409192278,1.2122444721635168,0.9120307939111268,1.0948150618381918,TRUE
CYP3A4,0.7,6,BRCA;COAD;KICH;KIRC;KIRP;STAD,ENSG00000197653,DNAH10,6,BRCA;COAD;KICH;KIRC;KIRP;STAD,2,0.3333333333333333,1,0.16666666666666666,-0.020728838723918647,-0.02781471240472045,0.9153529180306855,1.0820352165555616,TRUE
CYP3A4,0.7,6,BRCA;COAD;KICH;KIRC;KIRP;STAD,ENSG00000197753,LHFPL5,6,BRCA;COAD;KICH;KIRC;KIRP;STAD,0,0,5,0.8333333333333334,0.9902340372890168,0.9242190164458471,0.7706250810364026,0.9745347089568626,TRUE
CYP3A4,0.7,6,BRCA;COAD;KICH;KIRC;KIRP;STAD,ENSG00000197980,LEKR1,6,BRCA;COAD;KICH;KIRC;KIRP;STAD,2,0.3333333333333333,0,0,-0.14591960337038754,-0.3283425433730732,0.7892589291476845,1.1913339604590238,TRUE
CYP3A4,0.7,6,BRCA;COAD;KICH;KIRC;KIRP;STAD,ENSG00000198574,SH2D1B,6,BRCA;COAD;KICH;KIRC;KIRP;STAD,3,0.5,2,0.3333333333333333,-0.31757143948681826,-0.11823595074864202,0.7398863745620843,0.955761381889217,TRUE
CYP3A4,0.7,6,BRCA;COAD;KICH;KIRC;KIRP;STAD,ENSG00000204475,NCR3,6,BRCA;COAD;KICH;KIRC;KIRP;STAD,1,0.16666666666666666,2,0.3333333333333333,0.33388558899334436,0.38556805551302875,0.772423115432454,1.056590400370353,TRUE
CYP3A4,0.7,6,BRCA;COAD;KICH;KIRC;KIRP;STAD,ENSG00000204740,MALRD1,6,BRCA;COAD;KICH;KIRC;KIRP;STAD,3,0.5,1,0.16666666666666666,-0.9246617656480582,-0.9945383443133826,0.7020341600473113,1.0420621744627483,TRUE
CYP3A4,0.7,6,BRCA;COAD;KICH;KIRC;KIRP;STAD,ENSG00000215045,GRID2IP,6,BRCA;COAD;KICH;KIRC;KIRP;STAD,2,0.3333333333333333,0,0,-0.2502730976788152,-0.37606645273348904,0.8770611804578803,1.019436040487347,TRUE
CYP3A4,0.7,6,BRCA;COAD;KICH;KIRC;KIRP;STAD,ENSG00000221947,XKR9,6,BRCA;COAD;KICH;KIRC;KIRP;STAD,0,0,5,0.8333333333333334,0.8443299689152269,0.8111345144651665,0.9142955258846219,1.2167783473903253,TRUE
CYP3A4,0.7,6,BRCA;COAD;KICH;KIRC;KIRP;STAD,ENSG00000229474,PATL2,6,BRCA;COAD;KICH;KIRC;KIRP;STAD,0,0,4,0.6666666666666666,1.2105715979737273,1.0303370800223353,0.9129043699984787,1.0577358435073465,TRUE
CYP3A4,0.7,6,BRCA;COAD;KICH;KIRC;KIRP;STAD,ENSG00000232810,TNF,6,BRCA;COAD;KICH;KIRC;KIRP;STAD,1,0.16666666666666666,1,0.16666666666666666,-0.04795050559575069,-0.08373172420200455,0.84939460457704,0.916469200874232,TRUE
CYP3A4,0.7,6,BRCA;COAD;KICH;KIRC;KIRP;STAD,ENSG00000236383,CCDC200,6,BRCA;COAD;KICH;KIRC;KIRP;STAD,2,0.3333333333333333,0,0,-0.1764628973918032,-0.19926557116903942,1.0175705446322236,1.0355769031010107,TRUE
CYP3A4,0.7,6,BRCA;COAD;KICH;KIRC;KIRP;STAD,ENSG00000239998,LILRA2,6,BRCA;COAD;KICH;KIRC;KIRP;STAD,0,0,2,0.3333333333333333,0.3947230938786934,0.7727005242588423,0.8124311630918453,1.007670371326052,TRUE
CYP3A4,0.7,6,BRCA;COAD;KICH;KIRC;KIRP;STAD,ENSG00000249437,NAIP,6,BRCA;COAD;KICH;KIRC;KIRP;STAD,1,0.16666666666666666,1,0.16666666666666666,0.0215246840681551,0.16124245189611652,0.9072286896894157,1.0427822901796695,TRUE
CYP3A4,0.7,6,BRCA;COAD;KICH;KIRC;KIRP;STAD,ENSG00000253626,EIF5AL1,6,BRCA;COAD;KICH;KIRC;KIRP;STAD,0,0,2,0.3333333333333333,0.42203495598892804,0.4445992462989075,0.6547506764992718,0.8194357699611631,TRUE
CYP3A4,0.7,6,BRCA;COAD;KICH;KIRC;KIRP;STAD,ENSG00000260097,SPDYE6,6,BRCA;COAD;KICH;KIRC;KIRP;STAD,0,0,0,0,0.2762054696929389,0.2769441345689351,1.0893395431635537,1.2182330275714084,TRUE
CYP3A4,0.7,6,BRCA;COAD;KICH;KIRC;KIRP;STAD,ENSG00000267710,EDDM13,6,BRCA;COAD;KICH;KIRC;KIRP;STAD,2,0.3333333333333333,1,0.16666666666666666,-0.0802762300609284,-0.2738529469674037,0.8826108685097391,1.3338648539051872,TRUE
CYP3A4,0.7,6,BRCA;COAD;KICH;KIRC;KIRP;STAD,ENSG00000276085,CCL3L3,6,BRCA;COAD;KICH;KIRC;KIRP;STAD,0,0,5,0.8333333333333334,1.1316821462187365,1.0858135102606856,0.8046652909630453,1.2247943050219727,TRUE
CYP3A4,0.8,7,BRCA;COAD;ESCA;KICH;KIRC;KIRP;STAD,ENSG00000005471,ABCB4,7,BRCA;COAD;ESCA;KICH;KIRC;KIRP;STAD,1,0.14285714285714285,2,0.2857142857142857,0.37928893413794007,0.4155536318892818,0.8850136172289106,1.1263443212942386,TRUE
CYP3A4,0.8,7,BRCA;COAD;ESCA;KICH;KIRC;KIRP;STAD,ENSG00000011590,ZBTB32,7,BRCA;COAD;ESCA;KICH;KIRC;KIRP;STAD,0,0,4,0.5714285714285714,0.5904131556603833,0.6185765977887251,0.6801259578386868,0.9643622692782994,TRUE
CYP3A4,0.8,7,BRCA;COAD;ESCA;KICH;KIRC;KIRP;STAD,ENSG00000039600,SOX30,7,BRCA;COAD;ESCA;KICH;KIRC;KIRP;STAD,3,0.42857142857142855,1,0.14285714285714285,-0.2047167581907658,-0.9853385799795036,0.7234151720003785,0.8644271564490562,TRUE
CYP3A4,0.8,7,BRCA;COAD;ESCA;KICH;KIRC;KIRP;STAD,ENSG00000042832,TG,7,BRCA;COAD;ESCA;KICH;KIRC;KIRP;STAD,2,0.2857142857142857,4,0.5714285714285714,0.9643383129168576,1.0228808287611526,0.8624082546581491,1.0761540745452842,TRUE
CYP3A4,0.8,7,BRCA;COAD;ESCA;KICH;KIRC;KIRP;STAD,ENSG00000049249,TNFRSF9,7,BRCA;COAD;ESCA;KICH;KIRC;KIRP;STAD,0,0,6,0.8571428571428571,1.983626366349937,2.023803853402204,0.6732746888997655,0.7515630091408511,TRUE
CYP3A4,0.8,7,BRCA;COAD;ESCA;KICH;KIRC;KIRP;STAD,ENSG00000073861,TBX21,7,BRCA;COAD;ESCA;KICH;KIRC;KIRP;STAD,1,0.14285714285714285,4,0.5714285714285714,0.6404301730421881,0.5039576176829795,0.7714696577347518,1.299449480179554,TRUE
CYP3A4,0.8,7,BRCA;COAD;ESCA;KICH;KIRC;KIRP;STAD,ENSG00000084110,HAL,7,BRCA;COAD;ESCA;KICH;KIRC;KIRP;STAD,1,0.14285714285714285,2,0.2857142857142857,0.3113619532799517,0.22223808601609824,0.7461967728190073,1.1001386718078028,TRUE
CYP3A4,0.8,7,BRCA;COAD;ESCA;KICH;KIRC;KIRP;STAD,ENSG00000086967,MYBPC2,7,BRCA;COAD;ESCA;KICH;KIRC;KIRP;STAD,1,0.14285714285714285,2,0.2857142857142857,0.00807889120462198,0.0484914917735703,0.6923908925776027,1.2086969488510444,TRUE
CYP3A4,0.8,7,BRCA;COAD;ESCA;KICH;KIRC;KIRP;STAD,ENSG00000089012,SIRPG,7,BRCA;COAD;ESCA;KICH;KIRC;KIRP;STAD,1,0.14285714285714285,5,0.7142857142857143,1.1542334974484785,1.1964572985620594,0.8327064930549183,1.0903438311992368,TRUE
CYP3A4,0.8,7,BRCA;COAD;ESCA;KICH;KIRC;KIRP;STAD,ENSG00000091181,IL5RA,7,BRCA;COAD;ESCA;KICH;KIRC;KIRP;STAD,6,0.8571428571428571,0,0,-1.6814273016726249,-1.8214442081274966,0.9785093967590726,1.294127313277455,TRUE
CYP3A4,0.8,7,BRCA;COAD;ESCA;KICH;KIRC;KIRP;STAD,ENSG00000091536,MYO15A,7,BRCA;COAD;ESCA;KICH;KIRC;KIRP;STAD,0,0,0,0,-0.08695685416047207,-0.1805504423590681,1.0124760427179567,1.1224275398854011,TRUE
CYP3A4,0.8,7,BRCA;COAD;ESCA;KICH;KIRC;KIRP;STAD,ENSG00000095777,MYO3A,7,BRCA;COAD;ESCA;KICH;KIRC;KIRP;STAD,5,0.7142857142857143,2,0.2857142857142857,-1.0819213463507986,-0.25876752531335,0.6893151447957545,1.2171792433889812,TRUE
CYP3A4,0.8,7,BRCA;COAD;ESCA;KICH;KIRC;KIRP;STAD,ENSG00000099985,OSM,7,BRCA;COAD;ESCA;KICH;KIRC;KIRP;STAD,0,0,7,1,1.5428781944095733,1.578724801189824,0.7178446516025023,1.035698865750859,TRUE
CYP3A4,0.8,7,BRCA;COAD;ESCA;KICH;KIRC;KIRP;STAD,ENSG00000101307,SIRPB1,7,BRCA;COAD;ESCA;KICH;KIRC;KIRP;STAD,0,0,5,0.7142857142857143,1.0038581444209371,1.3012464753867448,0.604766248490669,0.717410420416109,TRUE
CYP3A4,0.8,7,BRCA;COAD;ESCA;KICH;KIRC;KIRP;STAD,ENSG00000101916,TLR8,7,BRCA;COAD;ESCA;KICH;KIRC;KIRP;STAD,1,0.14285714285714285,4,0.5714285714285714,0.6691637276396553,0.8145342851464401,0.7799130066713387,1.0268954121403342,TRUE
CYP3A4,0.8,7,BRCA;COAD;ESCA;KICH;KIRC;KIRP;STAD,ENSG00000102245,CD40LG,7,BRCA;COAD;ESCA;KICH;KIRC;KIRP;STAD,2,0.2857142857142857,2,0.2857142857142857,0.0106350542771853,0.042921702783497294,0.8506275468204577,1.0251196745037,TRUE
CYP3A4,0.8,7,BRCA;COAD;ESCA;KICH;KIRC;KIRP;STAD,ENSG00000103313,MEFV,7,BRCA;COAD;ESCA;KICH;KIRC;KIRP;STAD,0,0,2,0.2857142857142857,0.1741027606851265,0.4801080642143482,0.575682371591312,0.8301347747182608,TRUE
CYP3A4,0.8,7,BRCA;COAD;ESCA;KICH;KIRC;KIRP;STAD,ENSG00000104974,LILRA1,7,BRCA;COAD;ESCA;KICH;KIRC;KIRP;STAD,1,0.14285714285714285,3,0.42857142857142855,0.13957463151126442,0.4701356520015516,0.6049249745915438,0.7275773892026677,TRUE
CYP3A4,0.8,7,BRCA;COAD;ESCA;KICH;KIRC;KIRP;STAD,ENSG00000108576,SLC6A4,7,BRCA;COAD;ESCA;KICH;KIRC;KIRP;STAD,3,0.42857142857142855,2,0.2857142857142857,-0.24430754290323403,-0.8305607378165341,0.45530077779921485,0.5953931687574998,TRUE
CYP3A4,0.8,7,BRCA;COAD;ESCA;KICH;KIRC;KIRP;STAD,ENSG00000114113,RBP2,7,BRCA;COAD;ESCA;KICH;KIRC;KIRP;STAD,4,0.5714285714285714,3,0.42857142857142855,-3.535643085815631,-1.8533018445613287,0.7716213906681835,1.0515451519777008,TRUE
CYP3A4,0.8,7,BRCA;COAD;ESCA;KICH;KIRC;KIRP;STAD,ENSG00000117090,SLAMF1,7,BRCA;COAD;ESCA;KICH;KIRC;KIRP;STAD,2,0.2857142857142857,2,0.2857142857142857,0.10310760248117812,0.05599106580636365,0.6666353941662154,1.1424886928130886,TRUE
CYP3A4,0.8,7,BRCA;COAD;ESCA;KICH;KIRC;KIRP;STAD,ENSG00000117560,FASLG,7,BRCA;COAD;ESCA;KICH;KIRC;KIRP;STAD,1,0.14285714285714285,4,0.5714285714285714,0.7805705031809884,0.9525536411284207,0.8235289582505837,1.2550278974072628,TRUE
CYP3A4,0.8,7,BRCA;COAD;ESCA;KICH;KIRC;KIRP;STAD,ENSG00000118557,PMFBP1,7,BRCA;COAD;ESCA;KICH;KIRC;KIRP;STAD,0,0,5,0.7142857142857143,1.438663937659379,0.9829253296874669,0.7917297385410749,1.177488152941685,TRUE
CYP3A4,0.8,7,BRCA;COAD;ESCA;KICH;KIRC;KIRP;STAD,ENSG00000124256,ZBP1,7,BRCA;COAD;ESCA;KICH;KIRC;KIRP;STAD,0,0,5,0.7142857142857143,0.946551186217969,0.9446721619819666,0.8988046464329085,1.3347004070378814,TRUE
CYP3A4,0.8,7,BRCA;COAD;ESCA;KICH;KIRC;KIRP;STAD,ENSG00000124731,TREM1,7,BRCA;COAD;ESCA;KICH;KIRC;KIRP;STAD,1,0.14285714285714285,6,0.8571428571428571,1.8746848780035448,1.593928067507966,0.4965891752281877,0.8189193473491017,TRUE
CYP3A4,0.8,7,BRCA;COAD;ESCA;KICH;KIRC;KIRP;STAD,ENSG00000125046,SSUH2,7,BRCA;COAD;ESCA;KICH;KIRC;KIRP;STAD,3,0.42857142857142855,1,0.14285714285714285,-0.441158372176195,-0.9996786691799048,0.5078979322444898,0.9509299858800108,TRUE
CYP3A4,0.8,7,BRCA;COAD;ESCA;KICH;KIRC;KIRP;STAD,ENSG00000125726,CD70,7,BRCA;COAD;ESCA;KICH;KIRC;KIRP;STAD,0,0,5,0.7142857142857143,1.4948369079361783,2.4964303809013746,0.8062904161470176,1.0772476073605881,TRUE
CYP3A4,0.8,7,BRCA;COAD;ESCA;KICH;KIRC;KIRP;STAD,ENSG00000128383,APOBEC3A,7,BRCA;COAD;ESCA;KICH;KIRC;KIRP;STAD,2,0.2857142857142857,3,0.42857142857142855,-0.02086306216586592,-0.02189294253448275,0.4910216686825564,0.8145333946818742,TRUE
CYP3A4,0.8,7,BRCA;COAD;ESCA;KICH;KIRC;KIRP;STAD,ENSG00000129195,PIMREG,7,BRCA;COAD;ESCA;KICH;KIRC;KIRP;STAD,0,0,7,1,2.6022986448282164,2.2942331129380125,0.8652976087066643,1.1629541814228097,TRUE
CYP3A4,0.8,7,BRCA;COAD;ESCA;KICH;KIRC;KIRP;STAD,ENSG00000129810,SGO1,7,BRCA;COAD;ESCA;KICH;KIRC;KIRP;STAD,0,0,7,1,1.5948079912864483,1.7726111708366536,0.7237191190812965,0.9741407706264414,TRUE
CYP3A4,0.8,7,BRCA;COAD;ESCA;KICH;KIRC;KIRP;STAD,ENSG00000130943,PKDREJ,7,BRCA;COAD;ESCA;KICH;KIRC;KIRP;STAD,2,0.2857142857142857,0,0,-0.5394417443614927,-0.6598178982712857,0.7987944055949221,0.9642195900946092,TRUE
CYP3A4,0.8,7,BRCA;COAD;ESCA;KICH;KIRC;KIRP;STAD,ENSG00000132517,SLC52A1,7,BRCA;COAD;ESCA;KICH;KIRC;KIRP;STAD,3,0.42857142857142855,3,0.42857142857142855,-0.04787975406640609,-0.19312943363548501,0.6713721691039987,1.0049823949203645,TRUE
CYP3A4,0.8,7,BRCA;COAD;ESCA;KICH;KIRC;KIRP;STAD,ENSG00000135436,FAM186B,7,BRCA;COAD;ESCA;KICH;KIRC;KIRP;STAD,0,0,2,0.2857142857142857,0.4077963001575644,0.437081493526969,0.7683588556677224,1.2894064893970618,TRUE
CYP3A4,0.8,7,BRCA;COAD;ESCA;KICH;KIRC;KIRP;STAD,ENSG00000142405,NLRP12,7,BRCA;COAD;ESCA;KICH;KIRC;KIRP;STAD,0,0,3,0.42857142857142855,0.1933474041548866,0.4933296747413944,0.8158697736031039,1.2699797396983743,TRUE
CYP3A4,0.8,7,BRCA;COAD;ESCA;KICH;KIRC;KIRP;STAD,ENSG00000143450,OAZ3,7,BRCA;COAD;ESCA;KICH;KIRC;KIRP;STAD,1,0.14285714285714285,1,0.14285714285714285,0.29702519448264636,0.051388512439299934,0.7194597551250836,1.0343949788927955,TRUE
CYP3A4,0.8,7,BRCA;COAD;ESCA;KICH;KIRC;KIRP;STAD,ENSG00000144395,CCDC150,7,BRCA;COAD;ESCA;KICH;KIRC;KIRP;STAD,1,0.14285714285714285,5,0.7142857142857143,1.2920749670230778,0.9113345595269264,0.6935099553768566,1.070316033892973,TRUE
CYP3A4,0.8,7,BRCA;COAD;ESCA;KICH;KIRC;KIRP;STAD,ENSG00000146410,MTFR2,7,BRCA;COAD;ESCA;KICH;KIRC;KIRP;STAD,0,0,7,1,2.1075787293077664,1.8748832839390892,0.7974632771448811,1.091443676852454,TRUE
CYP3A4,0.8,7,BRCA;COAD;ESCA;KICH;KIRC;KIRP;STAD,ENSG00000150681,RGS18,7,BRCA;COAD;ESCA;KICH;KIRC;KIRP;STAD,1,0.14285714285714285,2,0.2857142857142857,-0.01178789304065522,0.266414282396744,0.7037660861499873,0.9132110352866006,TRUE
CYP3A4,0.8,7,BRCA;COAD;ESCA;KICH;KIRC;KIRP;STAD,ENSG00000151790,TDO2,7,BRCA;COAD;ESCA;KICH;KIRC;KIRP;STAD,0,0,6,0.8571428571428571,1.3327108714000862,1.7545093534913967,0.6366256860243601,1.2835924668494074,TRUE
CYP3A4,0.8,7,BRCA;COAD;ESCA;KICH;KIRC;KIRP;STAD,ENSG00000154839,SKA1,7,BRCA;COAD;ESCA;KICH;KIRC;KIRP;STAD,0,0,7,1,2.358116273187791,2.232668124079216,0.8365862082062248,1.1685849993568085,TRUE
CYP3A4,0.8,7,BRCA;COAD;ESCA;KICH;KIRC;KIRP;STAD,ENSG00000156738,MS4A1,7,BRCA;COAD;ESCA;KICH;KIRC;KIRP;STAD,3,0.42857142857142855,3,0.42857142857142855,0.4070900128004359,-0.1389809368561292,0.8990528442131336,1.1641443161452063,TRUE
CYP3A4,0.8,7,BRCA;COAD;ESCA;KICH;KIRC;KIRP;STAD,ENSG00000158486,DNAH3,7,BRCA;COAD;ESCA;KICH;KIRC;KIRP;STAD,1,0.14285714285714285,4,0.5714285714285714,0.6182675360694138,0.697741184588662,0.7676423279654372,0.99498207492175,TRUE
CYP3A4,0.8,7,BRCA;COAD;ESCA;KICH;KIRC;KIRP;STAD,ENSG00000158488,CD1E,7,BRCA;COAD;ESCA;KICH;KIRC;KIRP;STAD,2,0.2857142857142857,1,0.14285714285714285,-0.2896791221451584,-0.22557511231725139,0.8937576697378414,1.0276249479781685,TRUE
CYP3A4,0.8,7,BRCA;COAD;ESCA;KICH;KIRC;KIRP;STAD,ENSG00000160185,UBASH3A,7,BRCA;COAD;ESCA;KICH;KIRC;KIRP;STAD,1,0.14285714285714285,4,0.5714285714285714,0.8772544302703972,0.7301971455244269,0.7409740960448752,1.2715874337569248,TRUE
CYP3A4,0.8,7,BRCA;COAD;ESCA;KICH;KIRC;KIRP;STAD,ENSG00000160856,FCRL3,7,BRCA;COAD;ESCA;KICH;KIRC;KIRP;STAD,1,0.14285714285714285,4,0.5714285714285714,0.810857176118666,0.765139004963653,0.558915590380609,0.8522667411341669,TRUE
CYP3A4,0.8,7,BRCA;COAD;ESCA;KICH;KIRC;KIRP;STAD,ENSG00000161944,ASGR2,7,BRCA;COAD;ESCA;KICH;KIRC;KIRP;STAD,3,0.42857142857142855,1,0.14285714285714285,-0.14265646989716346,-0.266095109599139,0.5801195292702797,1.2828452329896878,TRUE
CYP3A4,0.8,7,BRCA;COAD;ESCA;KICH;KIRC;KIRP;STAD,ENSG00000162747,FCGR3B,7,BRCA;COAD;ESCA;KICH;KIRC;KIRP;STAD,1,0.14285714285714285,4,0.5714285714285714,0.5922690625420245,0.26778983684084107,0.6041342886896727,1.1031251083702271,TRUE
CYP3A4,0.8,7,BRCA;COAD;ESCA;KICH;KIRC;KIRP;STAD,ENSG00000163464,CXCR1,7,BRCA;COAD;ESCA;KICH;KIRC;KIRP;STAD,1,0.14285714285714285,3,0.42857142857142855,-0.1750156582276233,0.025447638310692553,0.5641942839372224,1.223426115228964,TRUE
CYP3A4,0.8,7,BRCA;COAD;ESCA;KICH;KIRC;KIRP;STAD,ENSG00000163492,CCDC141,7,BRCA;COAD;ESCA;KICH;KIRC;KIRP;STAD,4,0.5714285714285714,1,0.14285714285714285,-0.7428384615360574,-0.4602546954666989,0.9641282831778902,1.0916948005600469,TRUE
CYP3A4,0.8,7,BRCA;COAD;ESCA;KICH;KIRC;KIRP;STAD,ENSG00000164404,GDF9,7,BRCA;COAD;ESCA;KICH;KIRC;KIRP;STAD,4,0.5714285714285714,1,0.14285714285714285,-0.8390016018073558,-0.6755342815517206,0.9028622941621806,1.329715160716809,TRUE
CYP3A4,0.8,7,BRCA;COAD;ESCA;KICH;KIRC;KIRP;STAD,ENSG00000165409,TSHR,7,BRCA;COAD;ESCA;KICH;KIRC;KIRP;STAD,4,0.5714285714285714,1,0.14285714285714285,-0.6714992782622581,-0.3831852356737911,0.9276286988988012,1.1314892817752304,TRUE
CYP3A4,0.8,7,BRCA;COAD;ESCA;KICH;KIRC;KIRP;STAD,ENSG00000166246,C16orf71,7,BRCA;COAD;ESCA;KICH;KIRC;KIRP;STAD,2,0.2857142857142857,1,0.14285714285714285,0.04399913993232674,-0.0039421230023950135,0.8769479853921521,1.111838506278991,TRUE
CYP3A4,0.8,7,BRCA;COAD;ESCA;KICH;KIRC;KIRP;STAD,ENSG00000166359,WDR88,7,BRCA;COAD;ESCA;KICH;KIRC;KIRP;STAD,1,0.14285714285714285,0,0,-0.03289155689091685,-0.23283503608431377,0.9148629934490877,1.192151715357561,TRUE
CYP3A4,0.8,7,BRCA;COAD;ESCA;KICH;KIRC;KIRP;STAD,ENSG00000167483,NIBAN3,7,BRCA;COAD;ESCA;KICH;KIRC;KIRP;STAD,2,0.2857142857142857,1,0.14285714285714285,0.06345162689784103,-0.18420417633411323,0.622817125987407,0.8217613561956185,TRUE
CYP3A4,0.8,7,BRCA;COAD;ESCA;KICH;KIRC;KIRP;STAD,ENSG00000167889,MGAT5B,7,BRCA;COAD;ESCA;KICH;KIRC;KIRP;STAD,3,0.42857142857142855,1,0.14285714285714285,-0.552298742273079,-0.39686526503560315,0.9606480736343233,1.2591049958088407,TRUE
CYP3A4,0.8,7,BRCA;COAD;ESCA;KICH;KIRC;KIRP;STAD,ENSG00000167914,GSDMA,7,BRCA;COAD;ESCA;KICH;KIRC;KIRP;STAD,0,0,3,0.42857142857142855,0.3955712152294269,0.7365494660328646,0.8120132754807807,0.9925221570722172,TRUE
CYP3A4,0.8,7,BRCA;COAD;ESCA;KICH;KIRC;KIRP;STAD,ENSG00000168658,VWA3B,7,BRCA;COAD;ESCA;KICH;KIRC;KIRP;STAD,4,0.5714285714285714,0,0,-1.5067418851488006,-1.4893398633153996,0.8326242041658807,1.0008030193218942,TRUE
CYP3A4,0.8,7,BRCA;COAD;ESCA;KICH;KIRC;KIRP;STAD,ENSG00000171049,FPR2,7,BRCA;COAD;ESCA;KICH;KIRC;KIRP;STAD,0,0,3,0.42857142857142855,0.5792797592146113,0.7399006230065678,0.6464439095207712,1.0347943625969542,TRUE
CYP3A4,0.8,7,BRCA;COAD;ESCA;KICH;KIRC;KIRP;STAD,ENSG00000172738,TMEM217,7,BRCA;COAD;ESCA;KICH;KIRC;KIRP;STAD,3,0.42857142857142855,1,0.14285714285714285,-0.4894216982991771,-0.36095747790336796,0.7395184300286735,1.2191750804177723,TRUE
CYP3A4,0.8,7,BRCA;COAD;ESCA;KICH;KIRC;KIRP;STAD,ENSG00000173578,XCR1,7,BRCA;COAD;ESCA;KICH;KIRC;KIRP;STAD,1,0.14285714285714285,1,0.14285714285714285,-0.1751006814646985,-0.12452375024225688,0.7055104980760966,0.9254196527643916,TRUE
CYP3A4,0.8,7,BRCA;COAD;ESCA;KICH;KIRC;KIRP;STAD,ENSG00000174837,ADGRE1,7,BRCA;COAD;ESCA;KICH;KIRC;KIRP;STAD,1,0.14285714285714285,4,0.5714285714285714,0.7577835606306321,0.9997712774392885,0.5521102344995933,0.8792812132746466,TRUE
CYP3A4,0.8,7,BRCA;COAD;ESCA;KICH;KIRC;KIRP;STAD,ENSG00000174885,NLRP6,7,BRCA;COAD;ESCA;KICH;KIRC;KIRP;STAD,2,0.2857142857142857,3,0.42857142857142855,-0.06960707534413205,-0.1933185677017616,0.7534503313607319,1.0321543605630223,TRUE
CYP3A4,0.8,7,BRCA;COAD;ESCA;KICH;KIRC;KIRP;STAD,ENSG00000176083,ZNF683,7,BRCA;COAD;ESCA;KICH;KIRC;KIRP;STAD,0,0,4,0.5714285714285714,0.6506136405006785,1.0608638279114389,0.8884459123331422,1.1285406203545283,TRUE
CYP3A4,0.8,7,BRCA;COAD;ESCA;KICH;KIRC;KIRP;STAD,ENSG00000177455,CD19,7,BRCA;COAD;ESCA;KICH;KIRC;KIRP;STAD,2,0.2857142857142857,3,0.42857142857142855,0.2765475827036236,-0.06686313637315795,0.7430696882170195,1.26082963463106,TRUE
CYP3A4,0.8,7,BRCA;COAD;ESCA;KICH;KIRC;KIRP;STAD,ENSG00000177483,RBM44,7,BRCA;COAD;ESCA;KICH;KIRC;KIRP;STAD,1,0.14285714285714285,0,0,0.21881656026792728,-0.007662621620568716,1.0296072939842735,1.3352816879144846,TRUE
CYP3A4,0.8,7,BRCA;COAD;ESCA;KICH;KIRC;KIRP;STAD,ENSG00000177494,ZBED2,7,BRCA;COAD;ESCA;KICH;KIRC;KIRP;STAD,1,0.14285714285714285,3,0.42857142857142855,0.5821525943698986,0.27247994547932824,0.5287192103023981,1.1803303989165723,TRUE
CYP3A4,0.8,7,BRCA;COAD;ESCA;KICH;KIRC;KIRP;STAD,ENSG00000178789,CD300LB,7,BRCA;COAD;ESCA;KICH;KIRC;KIRP;STAD,0,0,2,0.2857142857142857,0.21851403129443697,0.5400595005501254,0.6931436698582362,0.9704853804071264,TRUE
CYP3A4,0.8,7,BRCA;COAD;ESCA;KICH;KIRC;KIRP;STAD,ENSG00000179869,ABCA13,7,BRCA;COAD;ESCA;KICH;KIRC;KIRP;STAD,4,0.5714285714285714,2,0.2857142857142857,-0.8412259493563834,-0.3819134221012915,0.8375282692259213,1.188790919717264,TRUE
CYP3A4,0.8,7,BRCA;COAD;ESCA;KICH;KIRC;KIRP;STAD,ENSG00000180871,CXCR2,7,BRCA;COAD;ESCA;KICH;KIRC;KIRP;STAD,2,0.2857142857142857,1,0.14285714285714285,-0.04782346074521024,-0.2910604272587369,0.6771197238877676,1.1347864667065335,TRUE
CYP3A4,0.8,7,BRCA;COAD;ESCA;KICH;KIRC;KIRP;STAD,ENSG00000182791,CCDC87,7,BRCA;COAD;ESCA;KICH;KIRC;KIRP;STAD,2,0.2857142857142857,3,0.42857142857142855,-0.24699256208330708,0.11396601283508084,0.7094623974682456,1.1604294658480625,TRUE
CYP3A4,0.8,7,BRCA;COAD;ESCA;KICH;KIRC;KIRP;STAD,ENSG00000184261,KCNK12,7,BRCA;COAD;ESCA;KICH;KIRC;KIRP;STAD,1,0.14285714285714285,0,0,-0.33606432283607757,-0.4019530149554548,0.8465511689854098,0.9586981993407218,TRUE
CYP3A4,0.8,7,BRCA;COAD;ESCA;KICH;KIRC;KIRP;STAD,ENSG00000186074,CD300LF,7,BRCA;COAD;ESCA;KICH;KIRC;KIRP;STAD,0,0,6,0.8571428571428571,1.7851401964320883,1.6806459111061416,0.7545853322772889,0.8581884732392501,TRUE
CYP3A4,0.8,7,BRCA;COAD;ESCA;KICH;KIRC;KIRP;STAD,ENSG00000186265,BTLA,7,BRCA;COAD;ESCA;KICH;KIRC;KIRP;STAD,1,0.14285714285714285,1,0.14285714285714285,0.15997859903720432,0.10110549083948156,0.6885065613793367,0.9380539609155432,TRUE
CYP3A4,0.8,7,BRCA;COAD;ESCA;KICH;KIRC;KIRP;STAD,ENSG00000186407,CD300E,7,BRCA;COAD;ESCA;KICH;KIRC;KIRP;STAD,1,0.14285714285714285,3,0.42857142857142855,0.4444884600688283,0.5365802874676034,0.6780623495495562,0.8939570671144411,TRUE
CYP3A4,0.8,7,BRCA;COAD;ESCA;KICH;KIRC;KIRP;STAD,ENSG00000187105,HEATR4,7,BRCA;COAD;ESCA;KICH;KIRC;KIRP;STAD,0,0,1,0.14285714285714285,0.05022720940114499,0.1300984411871442,0.8684947891709273,1.0593879810730866,TRUE
CYP3A4,0.8,7,BRCA;COAD;ESCA;KICH;KIRC;KIRP;STAD,ENSG00000188305,PEAK3,7,BRCA;COAD;ESCA;KICH;KIRC;KIRP;STAD,1,0.14285714285714285,1,0.14285714285714285,0.17264960245093036,0.15737692244856935,0.700264497051527,0.9325490725833532,TRUE
CYP3A4,0.8,7,BRCA;COAD;ESCA;KICH;KIRC;KIRP;STAD,ENSG00000188368,PRR19,7,BRCA;COAD;ESCA;KICH;KIRC;KIRP;STAD,0,0,5,0.7142857142857143,1.4787496307703816,1.0090557844260049,0.8946109917372554,1.23595451546295,TRUE
CYP3A4,0.8,7,BRCA;COAD;ESCA;KICH;KIRC;KIRP;STAD,ENSG00000188389,PDCD1,7,BRCA;COAD;ESCA;KICH;KIRC;KIRP;STAD,0,0,5,0.7142857142857143,1.0092608576096147,0.9826473088720324,0.8750858094757483,1.200513547159475,TRUE
CYP3A4,0.8,7,BRCA;COAD;ESCA;KICH;KIRC;KIRP;STAD,ENSG00000196092,PAX5,7,BRCA;COAD;ESCA;KICH;KIRC;KIRP;STAD,2,0.2857142857142857,3,0.42857142857142855,0.24721093219369317,0.14163466119280926,0.7673262891549291,0.9853920356128222,TRUE
CYP3A4,0.8,7,BRCA;COAD;ESCA;KICH;KIRC;KIRP;STAD,ENSG00000196862,RGPD4,7,BRCA;COAD;ESCA;KICH;KIRC;KIRP;STAD,0,0,0,0,-0.09813542260413592,-0.06552133762942784,0.775299535615231,1.0871145506071018,TRUE
CYP3A4,0.8,7,BRCA;COAD;ESCA;KICH;KIRC;KIRP;STAD,ENSG00000197980,LEKR1,7,BRCA;COAD;ESCA;KICH;KIRC;KIRP;STAD,2,0.2857142857142857,0,0,0.24281081339765884,-0.23458303275793954,0.7673195295969182,1.1913339604590238,TRUE
CYP3A4,0.8,7,BRCA;COAD;ESCA;KICH;KIRC;KIRP;STAD,ENSG00000198574,SH2D1B,7,BRCA;COAD;ESCA;KICH;KIRC;KIRP;STAD,3,0.42857142857142855,2,0.2857142857142857,-0.02133863914504104,-0.10439347766241328,0.7518553618950221,0.955761381889217,TRUE
CYP3A4,0.8,7,BRCA;COAD;ESCA;KICH;KIRC;KIRP;STAD,ENSG00000204475,NCR3,7,BRCA;COAD;ESCA;KICH;KIRC;KIRP;STAD,1,0.14285714285714285,2,0.2857142857142857,0.1794766238924446,0.3168116921527975,0.7816940319939081,1.056590400370353,TRUE
CYP3A4,0.8,7,BRCA;COAD;ESCA;KICH;KIRC;KIRP;STAD,ENSG00000204740,MALRD1,7,BRCA;COAD;ESCA;KICH;KIRC;KIRP;STAD,3,0.42857142857142855,2,0.2857142857142857,-0.4590059408239424,-0.6307152935194899,0.6761675312397404,1.0420621744627483,TRUE
CYP3A4,0.8,7,BRCA;COAD;ESCA;KICH;KIRC;KIRP;STAD,ENSG00000221947,XKR9,7,BRCA;COAD;ESCA;KICH;KIRC;KIRP;STAD,0,0,6,0.8571428571428571,0.9551330686658936,0.9493960988490358,0.8969470015473272,1.2167783473903253,TRUE
CYP3A4,0.8,7,BRCA;COAD;ESCA;KICH;KIRC;KIRP;STAD,ENSG00000232810,TNF,7,BRCA;COAD;ESCA;KICH;KIRC;KIRP;STAD,1,0.14285714285714285,2,0.2857142857142857,0.01716748986258966,0.21809892700151862,0.8182233930547624,0.916469200874232,TRUE
CYP3A4,0.8,7,BRCA;COAD;ESCA;KICH;KIRC;KIRP;STAD,ENSG00000239998,LILRA2,7,BRCA;COAD;ESCA;KICH;KIRC;KIRP;STAD,0,0,2,0.2857142857142857,0.3737174561929858,0.6818274214534771,0.7667630623066204,1.007670371326052,TRUE
CYP3A4,0.8,7,BRCA;COAD;ESCA;KICH;KIRC;KIRP;STAD,ENSG00000249437,NAIP,7,BRCA;COAD;ESCA;KICH;KIRC;KIRP;STAD,1,0.14285714285714285,1,0.14285714285714285,-0.01599820278332977,0.10098249792869346,0.8788632612112386,1.0427822901796695,TRUE
CYP3A4,0.8,7,BRCA;COAD;ESCA;KICH;KIRC;KIRP;STAD,ENSG00000267710,EDDM13,7,BRCA;COAD;ESCA;KICH;KIRC;KIRP;STAD,2,0.2857142857142857,1,0.14285714285714285,-0.07131441087866316,-0.24491887038329793,0.8685932011602995,1.3338648539051872,TRUE
CYP3A4,0.9,8,BRCA;COAD;ESCA;KICH;KIRC;KIRP;LIHC;STAD,ENSG00000084110,HAL,8,BRCA;COAD;ESCA;KICH;KIRC;KIRP;LIHC;STAD,2,0.25,2,0.25,0.237853589446859,-0.12724566505586185,0.9225169022982936,2.156757808653298,TRUE
CYP3A4,0.9,8,BRCA;COAD;ESCA;KICH;KIRC;KIRP;LIHC;STAD,ENSG00000151790,TDO2,8,BRCA;COAD;ESCA;KICH;KIRC;KIRP;LIHC;STAD,1,0.125,6,0.75,1.2120890650912173,1.0554697304494522,0.681609463762068,1.2835924668494074,TRUE
CYP3A4,0.9,8,BRCA;COAD;ESCA;KICH;KIRC;KIRP;LIHC;STAD,ENSG00000161944,ASGR2,8,BRCA;COAD;ESCA;KICH;KIRC;KIRP;LIHC;STAD,4,0.5,1,0.125,-0.3923994991622455,-0.4125348661385226,0.6093051237194759,1.2828452329896878,TRUE
CYP3A5,0.5,6,BRCA;KICH;KIRC;KIRP;LUAD;LUSC,ENSG00000006453,BAIAP2L1,6,BRCA;KICH;KIRC;KIRP;LUAD;LUSC,1,0.16666666666666666,4,0.6666666666666666,1.0270478703072392,0.8308532304941667,1.5250948000368236,1.6291962709813004,TRUE
CYP3A5,0.5,6,BRCA;KICH;KIRC;KIRP;LUAD;LUSC,ENSG00000007908,SELE,6,BRCA;KICH;KIRC;KIRP;LUAD;LUSC,6,1,0,0,-2.4808114663514456,-2.362159012465392,1.5427080558405957,1.857489750163894,TRUE
CYP3A5,0.5,6,BRCA;KICH;KIRC;KIRP;LUAD;LUSC,ENSG00000007933,FMO3,6,BRCA;KICH;KIRC;KIRP;LUAD;LUSC,5,0.8333333333333334,0,0,-1.089592541133004,-0.9426420541064594,0.6130122022535658,0.8571036098335587,TRUE
CYP3A5,0.5,6,BRCA;KICH;KIRC;KIRP;LUAD;LUSC,ENSG00000019102,VSIG2,6,BRCA;KICH;KIRC;KIRP;LUAD;LUSC,5,0.8333333333333334,1,0.16666666666666666,-2.30853669028237,-1.9534639356090489,1.609089308947833,1.9171351586559344,TRUE
CYP3A5,0.5,6,BRCA;KICH;KIRC;KIRP;LUAD;LUSC,ENSG00000019991,HGF,6,BRCA;KICH;KIRC;KIRP;LUAD;LUSC,5,0.8333333333333334,0,0,-1.1894802694210336,-1.3024076692023365,1.2635260787162075,1.5813073196300127,TRUE
CYP3A5,0.5,6,BRCA;KICH;KIRC;KIRP;LUAD;LUSC,ENSG00000022556,NLRP2,6,BRCA;KICH;KIRC;KIRP;LUAD;LUSC,3,0.5,2,0.3333333333333333,-0.3985017768229608,-0.4481194178096485,1.6673345397784327,1.755445205696893,TRUE
CYP3A5,0.5,6,BRCA;KICH;KIRC;KIRP;LUAD;LUSC,ENSG00000053918,KCNQ1,6,BRCA;KICH;KIRC;KIRP;LUAD;LUSC,4,0.6666666666666666,1,0.16666666666666666,-1.4610500515860172,-1.0933782983331508,1.315413436441199,1.6666514467312887,TRUE
CYP3A5,0.5,6,BRCA;KICH;KIRC;KIRP;LUAD;LUSC,ENSG00000055732,MCOLN3,6,BRCA;KICH;KIRC;KIRP;LUAD;LUSC,4,0.6666666666666666,1,0.16666666666666666,-0.9920692519732033,-1.1309622571882343,1.1825461612952246,1.398957858930357,TRUE
CYP3A5,0.5,6,BRCA;KICH;KIRC;KIRP;LUAD;LUSC,ENSG00000070731,ST6GALNAC2,6,BRCA;KICH;KIRC;KIRP;LUAD;LUSC,3,0.5,1,0.16666666666666666,-0.6673152709952448,-0.6844301108491477,1.3946341366297597,1.6582840785440724,TRUE
CYP3A5,0.5,6,BRCA;KICH;KIRC;KIRP;LUAD;LUSC,ENSG00000073792,IGF2BP2,6,BRCA;KICH;KIRC;KIRP;LUAD;LUSC,2,0.3333333333333333,3,0.5,0.7313435209322616,0.2745269609553991,1.6616383775628238,1.6942422746068322,TRUE
CYP3A5,0.5,6,BRCA;KICH;KIRC;KIRP;LUAD;LUSC,ENSG00000075275,CELSR1,6,BRCA;KICH;KIRC;KIRP;LUAD;LUSC,1,0.16666666666666666,1,0.16666666666666666,0.043499804077700814,-0.03347838540172848,1.462151827408551,1.575778207246129,TRUE
CYP3A5,0.5,6,BRCA;KICH;KIRC;KIRP;LUAD;LUSC,ENSG00000079385,CEACAM1,6,BRCA;KICH;KIRC;KIRP;LUAD;LUSC,3,0.5,2,0.3333333333333333,-0.6475129208087219,-0.3799429565786682,1.4312287377517696,1.5559667731143578,TRUE
CYP3A5,0.5,6,BRCA;KICH;KIRC;KIRP;LUAD;LUSC,ENSG00000082074,FYB1,6,BRCA;KICH;KIRC;KIRP;LUAD;LUSC,0,0,3,0.5,0.6591269573529421,0.6052053260911827,1.5552106948550337,1.9189686035641556,TRUE
CYP3A5,0.5,6,BRCA;KICH;KIRC;KIRP;LUAD;LUSC,ENSG00000086300,SNX10,6,BRCA;KICH;KIRC;KIRP;LUAD;LUSC,3,0.5,2,0.3333333333333333,-0.10493833595938634,0.14607410901861134,1.5437930539800546,1.7673438565736443,TRUE
CYP3A5,0.5,6,BRCA;KICH;KIRC;KIRP;LUAD;LUSC,ENSG00000087237,CETP,6,BRCA;KICH;KIRC;KIRP;LUAD;LUSC,3,0.5,2,0.3333333333333333,-0.597062665987784,-0.36233620122679594,1.461007639544196,1.7928643889786655,TRUE
CYP3A5,0.5,6,BRCA;KICH;KIRC;KIRP;LUAD;LUSC,ENSG00000088756,ARHGAP28,6,BRCA;KICH;KIRC;KIRP;LUAD;LUSC,2,0.3333333333333333,0,0,-0.4289854016983382,-0.570772180125453,1.107437525496178,1.4131394229006542,TRUE
CYP3A5,0.5,6,BRCA;KICH;KIRC;KIRP;LUAD;LUSC,ENSG00000091262,ABCC6,6,BRCA;KICH;KIRC;KIRP;LUAD;LUSC,5,0.8333333333333334,0,0,-1.4955594443782312,-1.594916683207375,1.19995420388041,1.3141024621118984,TRUE
CYP3A5,0.5,6,BRCA;KICH;KIRC;KIRP;LUAD;LUSC,ENSG00000102048,ASB9,6,BRCA;KICH;KIRC;KIRP;LUAD;LUSC,5,0.8333333333333334,0,0,-0.7914313466831914,-0.8091218598252568,1.0577837690254146,1.8305777484496843,TRUE
CYP3A5,0.5,6,BRCA;KICH;KIRC;KIRP;LUAD;LUSC,ENSG00000104611,SH2D4A,6,BRCA;KICH;KIRC;KIRP;LUAD;LUSC,2,0.3333333333333333,2,0.3333333333333333,-0.16929448083140639,0.0062118906108197995,1.5588727455159688,1.618851896179207,TRUE
CYP3A5,0.5,6,BRCA;KICH;KIRC;KIRP;LUAD;LUSC,ENSG00000105664,COMP,6,BRCA;KICH;KIRC;KIRP;LUAD;LUSC,3,0.5,3,0.5,0.1470732801042921,0.7778857118150789,1.5203088665630642,1.9355065550105932,TRUE
CYP3A5,0.5,6,BRCA;KICH;KIRC;KIRP;LUAD;LUSC,ENSG00000105825,TFPI2,6,BRCA;KICH;KIRC;KIRP;LUAD;LUSC,2,0.3333333333333333,2,0.3333333333333333,-0.11090837812713611,0.16761136259739026,1.1506315593710306,1.2946173580277067,TRUE
CYP3A5,0.5,6,BRCA;KICH;KIRC;KIRP;LUAD;LUSC,ENSG00000105967,TFEC,6,BRCA;KICH;KIRC;KIRP;LUAD;LUSC,3,0.5,2,0.3333333333333333,-0.33765670352100563,-0.38048609093877517,1.0003176111453658,1.351957610723762,TRUE
CYP3A5,0.5,6,BRCA;KICH;KIRC;KIRP;LUAD;LUSC,ENSG00000106004,HOXA5,6,BRCA;KICH;KIRC;KIRP;LUAD;LUSC,3,0.5,0,0,-1.0416907195258513,-1.1570364066451713,0.9436706193161389,1.119136738819814,TRUE
CYP3A5,0.5,6,BRCA;KICH;KIRC;KIRP;LUAD;LUSC,ENSG00000108511,HOXB6,6,BRCA;KICH;KIRC;KIRP;LUAD;LUSC,3,0.5,1,0.16666666666666666,-0.490278109615502,-0.6397675871341776,1.4565212032470085,1.6365456191145138,TRUE
CYP3A5,0.5,6,BRCA;KICH;KIRC;KIRP;LUAD;LUSC,ENSG00000108846,ABCC3,6,BRCA;KICH;KIRC;KIRP;LUAD;LUSC,1,0.16666666666666666,3,0.5,0.8998220786548459,0.5897272289574226,1.2883446646216181,1.3619308080993,TRUE
CYP3A5,0.5,6,BRCA;KICH;KIRC;KIRP;LUAD;LUSC,ENSG00000108950,FAM20A,6,BRCA;KICH;KIRC;KIRP;LUAD;LUSC,4,0.6666666666666666,0,0,-0.8594293008118922,-0.9543763142641167,1.2267236687799656,1.3938680502350504,TRUE
CYP3A5,0.5,6,BRCA;KICH;KIRC;KIRP;LUAD;LUSC,ENSG00000109743,BST1,6,BRCA;KICH;KIRC;KIRP;LUAD;LUSC,4,0.6666666666666666,0,0,-1.008149630170439,-1.1031514141282734,1.561527169906129,1.850971257341474,TRUE
CYP3A5,0.5,6,BRCA;KICH;KIRC;KIRP;LUAD;LUSC,ENSG00000110723,EXPH5,6,BRCA;KICH;KIRC;KIRP;LUAD;LUSC,3,0.5,1,0.16666666666666666,-0.7218592798736556,-0.23292950158436787,1.2963648151497489,1.3979426126223282,TRUE
CYP3A5,0.5,6,BRCA;KICH;KIRC;KIRP;LUAD;LUSC,ENSG00000111199,TRPV4,6,BRCA;KICH;KIRC;KIRP;LUAD;LUSC,1,0.16666666666666666,1,0.16666666666666666,-0.12785541929809296,-0.0029190934419400794,1.4008180597278823,1.7793490332358473,TRUE
CYP3A5,0.5,6,BRCA;KICH;KIRC;KIRP;LUAD;LUSC,ENSG00000111424,VDR,6,BRCA;KICH;KIRC;KIRP;LUAD;LUSC,2,0.3333333333333333,3,0.5,0.3469798430855827,-0.032595494017506985,1.24265107785352,1.3965244282816152,TRUE
CYP3A5,0.5,6,BRCA;KICH;KIRC;KIRP;LUAD;LUSC,ENSG00000112299,VNN1,6,BRCA;KICH;KIRC;KIRP;LUAD;LUSC,2,0.3333333333333333,0,0,-0.36355346696462365,-0.7444048335446687,1.2487469581798976,1.3297156873927471,TRUE
CYP3A5,0.5,6,BRCA;KICH;KIRC;KIRP;LUAD;LUSC,ENSG00000112812,PRSS16,6,BRCA;KICH;KIRC;KIRP;LUAD;LUSC,0,0,2,0.3333333333333333,0.07986005850141158,0.09804271179508281,1.3175401600721286,1.562712269194794,TRUE
CYP3A5,0.5,6,BRCA;KICH;KIRC;KIRP;LUAD;LUSC,ENSG00000113361,CDH6,6,BRCA;KICH;KIRC;KIRP;LUAD;LUSC,3,0.5,2,0.3333333333333333,-0.46382921359486007,0.07143848737337385,1.324319377730224,1.8190057432365745,TRUE
CYP3A5,0.5,6,BRCA;KICH;KIRC;KIRP;LUAD;LUSC,ENSG00000115165,CYTIP,6,BRCA;KICH;KIRC;KIRP;LUAD;LUSC,1,0.16666666666666666,2,0.3333333333333333,0.47683014557587095,0.4872121911889581,1.4983507345104685,1.861488628712382,TRUE
CYP3A5,0.5,6,BRCA;KICH;KIRC;KIRP;LUAD;LUSC,ENSG00000115339,GALNT3,6,BRCA;KICH;KIRC;KIRP;LUAD;LUSC,3,0.5,2,0.3333333333333333,-0.7588155901535709,-0.9138472229845855,1.4665466446160107,1.6409281634536668,TRUE
CYP3A5,0.5,6,BRCA;KICH;KIRC;KIRP;LUAD;LUSC,ENSG00000115361,ACADL,6,BRCA;KICH;KIRC;KIRP;LUAD;LUSC,3,0.5,1,0.16666666666666666,-2.2484790994271746,-1.9921180744477283,1.3366828901107128,1.547462819827149,TRUE
CYP3A5,0.5,6,BRCA;KICH;KIRC;KIRP;LUAD;LUSC,ENSG00000115363,EVA1A,6,BRCA;KICH;KIRC;KIRP;LUAD;LUSC,3,0.5,0,0,-0.14541879823530865,-0.67055262796398,1.5167921170437706,1.856811192134422,TRUE
CYP3A5,0.5,6,BRCA;KICH;KIRC;KIRP;LUAD;LUSC,ENSG00000115604,IL18R1,6,BRCA;KICH;KIRC;KIRP;LUAD;LUSC,3,0.5,1,0.16666666666666666,-0.8513525306685967,-0.595449818248102,1.4959452825773232,1.910080800081713,TRUE
CYP3A5,0.5,6,BRCA;KICH;KIRC;KIRP;LUAD;LUSC,ENSG00000118308,IRAG2,6,BRCA;KICH;KIRC;KIRP;LUAD;LUSC,1,0.16666666666666666,1,0.16666666666666666,-0.03268905989662704,0.021206561531921138,1.3803629284630259,1.6286209887439085,TRUE
CYP3A5,0.5,6,BRCA;KICH;KIRC;KIRP;LUAD;LUSC,ENSG00000119411,BSPRY,6,BRCA;KICH;KIRC;KIRP;LUAD;LUSC,2,0.3333333333333333,2,0.3333333333333333,0.04165265452595754,-0.4966778516124345,1.2366597257806704,1.436114746665797,TRUE
CYP3A5,0.5,6,BRCA;KICH;KIRC;KIRP;LUAD;LUSC,ENSG00000120075,HOXB5,6,BRCA;KICH;KIRC;KIRP;LUAD;LUSC,4,0.6666666666666666,1,0.16666666666666666,-0.7494670530816214,-0.7405349722591239,0.7983153503126512,1.0232664502152993,TRUE
CYP3A5,0.5,6,BRCA;KICH;KIRC;KIRP;LUAD;LUSC,ENSG00000120756,PLS1,6,BRCA;KICH;KIRC;KIRP;LUAD;LUSC,1,0.16666666666666666,3,0.5,0.08253446848740453,-0.12264141200362356,1.132915269956454,1.3182060011571002,TRUE
CYP3A5,0.5,6,BRCA;KICH;KIRC;KIRP;LUAD;LUSC,ENSG00000125384,PTGER2,6,BRCA;KICH;KIRC;KIRP;LUAD;LUSC,2,0.3333333333333333,0,0,-0.41091928569065217,-0.8765952812363798,1.4202016027308246,1.8612910868025856,TRUE
CYP3A5,0.5,6,BRCA;KICH;KIRC;KIRP;LUAD;LUSC,ENSG00000125731,SH2D3A,6,BRCA;KICH;KIRC;KIRP;LUAD;LUSC,2,0.3333333333333333,0,0,-0.022045978383903514,-0.20958152636826707,1.1076718742911327,1.2160512734378863,TRUE
CYP3A5,0.5,6,BRCA;KICH;KIRC;KIRP;LUAD;LUSC,ENSG00000126460,PRRG2,6,BRCA;KICH;KIRC;KIRP;LUAD;LUSC,2,0.3333333333333333,1,0.16666666666666666,0.0363632697967271,-0.6936699103540966,0.9410161517426636,1.149162334772539,TRUE
CYP3A5,0.5,6,BRCA;KICH;KIRC;KIRP;LUAD;LUSC,ENSG00000127084,FGD3,6,BRCA;KICH;KIRC;KIRP;LUAD;LUSC,4,0.6666666666666666,1,0.16666666666666666,-0.955889543133299,-0.5311716543637979,1.5208510552313046,1.7725863237111423,TRUE
CYP3A5,0.5,6,BRCA;KICH;KIRC;KIRP;LUAD;LUSC,ENSG00000128342,LIF,6,BRCA;KICH;KIRC;KIRP;LUAD;LUSC,3,0.5,2,0.3333333333333333,-0.24423931251214254,-0.6211931303491504,1.3119912980762614,1.5804593851471296,TRUE
CYP3A5,0.5,6,BRCA;KICH;KIRC;KIRP;LUAD;LUSC,ENSG00000130762,ARHGEF16,6,BRCA;KICH;KIRC;KIRP;LUAD;LUSC,1,0.16666666666666666,3,0.5,0.48415266335053836,0.41817157431331287,1.5753347464672474,1.798141055046655,TRUE
CYP3A5,0.5,6,BRCA;KICH;KIRC;KIRP;LUAD;LUSC,ENSG00000130768,SMPDL3B,6,BRCA;KICH;KIRC;KIRP;LUAD;LUSC,2,0.3333333333333333,3,0.5,0.5553358813231495,0.08320461125970713,1.262484740212547,1.4506652560021147,TRUE
CYP3A5,0.5,6,BRCA;KICH;KIRC;KIRP;LUAD;LUSC,ENSG00000130940,CASZ1,6,BRCA;KICH;KIRC;KIRP;LUAD;LUSC,3,0.5,1,0.16666666666666666,-0.8354529131100101,-0.8459005809453612,1.777036350833513,1.9363812196662007,TRUE
CYP3A5,0.5,6,BRCA;KICH;KIRC;KIRP;LUAD;LUSC,ENSG00000135378,PRRG4,6,BRCA;KICH;KIRC;KIRP;LUAD;LUSC,1,0.16666666666666666,2,0.3333333333333333,-0.11802923864762511,0.13037177695640229,1.3496234720545115,1.5666732861762118,TRUE
CYP3A5,0.5,6,BRCA;KICH;KIRC;KIRP;LUAD;LUSC,ENSG00000137834,SMAD6,6,BRCA;KICH;KIRC;KIRP;LUAD;LUSC,3,0.5,0,0,-0.8124687865731928,-1.3022801949066014,1.7724001594643959,1.903352186379472,TRUE
CYP3A5,0.5,6,BRCA;KICH;KIRC;KIRP;LUAD;LUSC,ENSG00000138755,CXCL9,6,BRCA;KICH;KIRC;KIRP;LUAD;LUSC,0,0,4,0.6666666666666666,1.1450600162848334,1.6133153525984494,1.2870539516718418,1.5591614356001753,TRUE
CYP3A5,0.5,6,BRCA;KICH;KIRC;KIRP;LUAD;LUSC,ENSG00000138792,ENPEP,6,BRCA;KICH;KIRC;KIRP;LUAD;LUSC,3,0.5,1,0.16666666666666666,-0.5689034136936986,-0.6966807901520045,1.4443375722356417,1.8001735520367046,TRUE
CYP3A5,0.5,6,BRCA;KICH;KIRC;KIRP;LUAD;LUSC,ENSG00000139055,ERP27,6,BRCA;KICH;KIRC;KIRP;LUAD;LUSC,4,0.6666666666666666,2,0.3333333333333333,-1.177033551613476,-0.9153361155872222,1.3132003244311312,1.7690588305393171,TRUE
CYP3A5,0.5,6,BRCA;KICH;KIRC;KIRP;LUAD;LUSC,ENSG00000141293,SKAP1,6,BRCA;KICH;KIRC;KIRP;LUAD;LUSC,1,0.16666666666666666,1,0.16666666666666666,-0.18904857134556297,-0.01863730075225378,0.931492520467109,1.569881266673075,TRUE
CYP3A5,0.5,6,BRCA;KICH;KIRC;KIRP;LUAD;LUSC,ENSG00000141574,SECTM1,6,BRCA;KICH;KIRC;KIRP;LUAD;LUSC,3,0.5,3,0.5,-0.09542012471339517,-0.25388913714398503,1.7262065710392902,1.848996845856983,TRUE
CYP3A5,0.5,6,BRCA;KICH;KIRC;KIRP;LUAD;LUSC,ENSG00000143365,RORC,6,BRCA;KICH;KIRC;KIRP;LUAD;LUSC,2,0.3333333333333333,1,0.16666666666666666,0.12646775193653975,-0.40944795969909764,1.258315309055038,1.5532802010444222,TRUE
CYP3A5,0.5,6,BRCA;KICH;KIRC;KIRP;LUAD;LUSC,ENSG00000144331,ZNF385B,6,BRCA;KICH;KIRC;KIRP;LUAD;LUSC,3,0.5,1,0.16666666666666666,-0.5657185366098415,-1.1404604368475304,1.2201327042291052,1.3406215113456763,TRUE
CYP3A5,0.5,6,BRCA;KICH;KIRC;KIRP;LUAD;LUSC,ENSG00000144681,STAC,6,BRCA;KICH;KIRC;KIRP;LUAD;LUSC,5,0.8333333333333334,1,0.16666666666666666,-1.3794404573892458,-1.2574832823660673,1.5119791847442576,1.7984303204289596,TRUE
CYP3A5,0.5,6,BRCA;KICH;KIRC;KIRP;LUAD;LUSC,ENSG00000144810,COL8A1,6,BRCA;KICH;KIRC;KIRP;LUAD;LUSC,1,0.16666666666666666,3,0.5,0.32156604207563066,0.6117498947530964,1.6796544732682612,1.9272514898651685,TRUE
CYP3A5,0.5,6,BRCA;KICH;KIRC;KIRP;LUAD;LUSC,ENSG00000146904,EPHA1,6,BRCA;KICH;KIRC;KIRP;LUAD;LUSC,1,0.16666666666666666,2,0.3333333333333333,0.14944602112364652,0.10398492749714952,1.4623668676527437,1.7838921842997906,TRUE
CYP3A5,0.5,6,BRCA;KICH;KIRC;KIRP;LUAD;LUSC,ENSG00000148426,PROSER2,6,BRCA;KICH;KIRC;KIRP;LUAD;LUSC,2,0.3333333333333333,0,0,-0.04170572510378807,-0.4101961720517914,1.5016298353170399,1.6426398475017834,TRUE
CYP3A5,0.5,6,BRCA;KICH;KIRC;KIRP;LUAD;LUSC,ENSG00000151364,KCTD14,6,BRCA;KICH;KIRC;KIRP;LUAD;LUSC,2,0.3333333333333333,0,0,-0.4061902088549517,-0.8168222280376066,1.4223877159090375,1.8575183180611727,TRUE
CYP3A5,0.5,6,BRCA;KICH;KIRC;KIRP;LUAD;LUSC,ENSG00000151715,TMEM45B,6,BRCA;KICH;KIRC;KIRP;LUAD;LUSC,3,0.5,2,0.3333333333333333,-1.8060384308768502,-1.7674474157374769,0.9425774203445545,1.2570606006586411,TRUE
CYP3A5,0.5,6,BRCA;KICH;KIRC;KIRP;LUAD;LUSC,ENSG00000152779,SLC16A12,6,BRCA;KICH;KIRC;KIRP;LUAD;LUSC,6,1,0,0,-2.461226655402684,-2.3952554827472468,1.423026360618034,1.8253640317483475,TRUE
CYP3A5,0.5,6,BRCA;KICH;KIRC;KIRP;LUAD;LUSC,ENSG00000152939,MARVELD2,6,BRCA;KICH;KIRC;KIRP;LUAD;LUSC,3,0.5,1,0.16666666666666666,-0.5971917314575577,-0.5291532430707773,1.1493252813116093,1.3139748804871598,TRUE
CYP3A5,0.5,6,BRCA;KICH;KIRC;KIRP;LUAD;LUSC,ENSG00000153064,BANK1,6,BRCA;KICH;KIRC;KIRP;LUAD;LUSC,5,0.8333333333333334,0,0,-0.8548040183163039,-0.9959270113977976,1.489521875470134,1.8952517051642896,TRUE
CYP3A5,0.5,6,BRCA;KICH;KIRC;KIRP;LUAD;LUSC,ENSG00000155465,SLC7A7,6,BRCA;KICH;KIRC;KIRP;LUAD;LUSC,4,0.6666666666666666,1,0.16666666666666666,-1.13264439064863,-1.0427832796219294,1.714161963801903,1.927870755988545,TRUE
CYP3A5,0.5,6,BRCA;KICH;KIRC;KIRP;LUAD;LUSC,ENSG00000155629,PIK3AP1,6,BRCA;KICH;KIRC;KIRP;LUAD;LUSC,2,0.3333333333333333,2,0.3333333333333333,-0.0768027220229251,-0.052026214702672435,1.3924019287511855,1.5181080426933995,TRUE
CYP3A5,0.5,6,BRCA;KICH;KIRC;KIRP;LUAD;LUSC,ENSG00000157992,KRTCAP3,6,BRCA;KICH;KIRC;KIRP;LUAD;LUSC,1,0.16666666666666666,3,0.5,0.5579694586299906,0.405225497539584,1.8095373352124586,1.9024013636937092,TRUE
CYP3A5,0.5,6,BRCA;KICH;KIRC;KIRP;LUAD;LUSC,ENSG00000160111,CPAMD8,6,BRCA;KICH;KIRC;KIRP;LUAD;LUSC,6,1,0,0,-3.1882655356234384,-2.9132116716508873,1.386543411193796,1.593642380007988,TRUE
CYP3A5,0.5,6,BRCA;KICH;KIRC;KIRP;LUAD;LUSC,ENSG00000160183,TMPRSS3,6,BRCA;KICH;KIRC;KIRP;LUAD;LUSC,4,0.6666666666666666,1,0.16666666666666666,-1.2388417323578294,-1.1576262249076141,1.5388997143471363,1.6684642588291734,TRUE
CYP3A5,0.5,6,BRCA;KICH;KIRC;KIRP;LUAD;LUSC,ENSG00000161653,NAGS,6,BRCA;KICH;KIRC;KIRP;LUAD;LUSC,2,0.3333333333333333,0,0,-0.3111944939200828,-0.569141182932722,0.9670740139326341,1.7692007989873089,TRUE
CYP3A5,0.5,6,BRCA;KICH;KIRC;KIRP;LUAD;LUSC,ENSG00000162777,DENND2D,6,BRCA;KICH;KIRC;KIRP;LUAD;LUSC,1,0.16666666666666666,2,0.3333333333333333,0.22138798021220546,0.20380918130915038,1.313055125175473,1.4271410514489011,TRUE
CYP3A5,0.5,6,BRCA;KICH;KIRC;KIRP;LUAD;LUSC,ENSG00000163347,CLDN1,6,BRCA;KICH;KIRC;KIRP;LUAD;LUSC,1,0.16666666666666666,3,0.5,0.47119164569911254,0.5941970244032302,1.2893879461383615,1.7101620517242926,TRUE
CYP3A5,0.5,6,BRCA;KICH;KIRC;KIRP;LUAD;LUSC,ENSG00000163687,DNASE1L3,6,BRCA;KICH;KIRC;KIRP;LUAD;LUSC,6,1,0,0,-3.231827075748309,-3.279560222205451,0.9692592877488316,1.5028687015787825,TRUE
CYP3A5,0.5,6,BRCA;KICH;KIRC;KIRP;LUAD;LUSC,ENSG00000163814,CDCP1,6,BRCA;KICH;KIRC;KIRP;LUAD;LUSC,0,0,5,0.8333333333333334,1.1509972147523477,1.1794586734702066,0.9512592678012576,1.1739071918372468,TRUE
CYP3A5,0.5,6,BRCA;KICH;KIRC;KIRP;LUAD;LUSC,ENSG00000164251,F2RL1,6,BRCA;KICH;KIRC;KIRP;LUAD;LUSC,1,0.16666666666666666,2,0.3333333333333333,0.21779745736092232,-0.004743770067046885,1.2786945484893275,1.430670902275665,TRUE
CYP3A5,0.5,6,BRCA;KICH;KIRC;KIRP;LUAD;LUSC,ENSG00000164484,TMEM200A,6,BRCA;KICH;KIRC;KIRP;LUAD;LUSC,1,0.16666666666666666,3,0.5,0.5756281858470007,0.17245369408027825,1.2680008130665639,1.5652601790628513,TRUE
CYP3A5,0.5,6,BRCA;KICH;KIRC;KIRP;LUAD;LUSC,ENSG00000164695,CHMP4C,6,BRCA;KICH;KIRC;KIRP;LUAD;LUSC,0,0,3,0.5,0.49026692947779094,0.49859484709479335,1.1155569434833619,1.864866078561178,TRUE
CYP3A5,0.5,6,BRCA;KICH;KIRC;KIRP;LUAD;LUSC,ENSG00000164761,TNFRSF11B,6,BRCA;KICH;KIRC;KIRP;LUAD;LUSC,3,0.5,1,0.16666666666666666,-0.5361614029015047,-0.6286058341230332,0.9761514952984419,1.452690868931756,TRUE
CYP3A5,0.5,6,BRCA;KICH;KIRC;KIRP;LUAD;LUSC,ENSG00000164855,TMEM184A,6,BRCA;KICH;KIRC;KIRP;LUAD;LUSC,0,0,4,0.6666666666666666,1.282211190205141,1.1642745291080208,0.9487214237112344,1.4667001412721246,TRUE
CYP3A5,0.5,6,BRCA;KICH;KIRC;KIRP;LUAD;LUSC,ENSG00000166278,C2,6,BRCA;KICH;KIRC;KIRP;LUAD;LUSC,2,0.3333333333333333,2,0.3333333333333333,0.3940540298687832,0.3706109442402995,1.6962576956373552,1.847776770096656,TRUE
CYP3A5,0.5,6,BRCA;KICH;KIRC;KIRP;LUAD;LUSC,ENSG00000167306,MYO5B,6,BRCA;KICH;KIRC;KIRP;LUAD;LUSC,1,0.16666666666666666,2,0.3333333333333333,0.01115471447385638,0.17044204438461305,1.3984330613845561,1.4952700443162976,TRUE
CYP3A5,0.5,6,BRCA;KICH;KIRC;KIRP;LUAD;LUSC,ENSG00000167880,EVPL,6,BRCA;KICH;KIRC;KIRP;LUAD;LUSC,2,0.3333333333333333,1,0.16666666666666666,-0.01324177211663235,-0.17374866251808976,1.0037356753464173,1.333351177422453,TRUE
CYP3A5,0.5,6,BRCA;KICH;KIRC;KIRP;LUAD;LUSC,ENSG00000170214,ADRA1B,6,BRCA;KICH;KIRC;KIRP;LUAD;LUSC,5,0.8333333333333334,1,0.16666666666666666,-1.0208884076348044,-0.9167225727804967,1.5627238215255348,1.6209866737155556,TRUE
CYP3A5,0.5,6,BRCA;KICH;KIRC;KIRP;LUAD;LUSC,ENSG00000171236,LRG1,6,BRCA;KICH;KIRC;KIRP;LUAD;LUSC,2,0.3333333333333333,3,0.5,0.8148129586778822,0.13074165098828527,0.6953294725222602,0.7804908712823696,TRUE
CYP3A5,0.5,6,BRCA;KICH;KIRC;KIRP;LUAD;LUSC,ENSG00000171243,SOSTDC1,6,BRCA;KICH;KIRC;KIRP;LUAD;LUSC,5,0.8333333333333334,0,0,-4.071946920552293,-3.582939776418862,1.2217527952345264,1.470611562645419,TRUE
CYP3A5,0.5,6,BRCA;KICH;KIRC;KIRP;LUAD;LUSC,ENSG00000171388,APLN,6,BRCA;KICH;KIRC;KIRP;LUAD;LUSC,3,0.5,2,0.3333333333333333,-0.6762346588464168,-0.35075990017055214,1.291731496806673,1.677780125308764,TRUE
CYP3A5,0.5,6,BRCA;KICH;KIRC;KIRP;LUAD;LUSC,ENSG00000173535,TNFRSF10C,6,BRCA;KICH;KIRC;KIRP;LUAD;LUSC,1,0.16666666666666666,1,0.16666666666666666,0.0838401357449455,-0.2826560137738825,1.5694491208642365,1.9570544699016823,TRUE
CYP3A5,0.5,6,BRCA;KICH;KIRC;KIRP;LUAD;LUSC,ENSG00000173559,NABP1,6,BRCA;KICH;KIRC;KIRP;LUAD;LUSC,0,0,2,0.3333333333333333,0.15198099107749316,0.3406179708737494,1.4277190203096812,1.7377943925500263,TRUE
CYP3A5,0.5,6,BRCA;KICH;KIRC;KIRP;LUAD;LUSC,ENSG00000173890,GPR160,6,BRCA;KICH;KIRC;KIRP;LUAD;LUSC,1,0.16666666666666666,1,0.16666666666666666,-0.19661878823734233,-9.94606538207062e-4,1.2835075284122808,1.5947632627703283,TRUE
CYP3A5,0.5,6,BRCA;KICH;KIRC;KIRP;LUAD;LUSC,ENSG00000174327,SLC16A13,6,BRCA;KICH;KIRC;KIRP;LUAD;LUSC,2,0.3333333333333333,1,0.16666666666666666,0.3735476453602407,-0.03292033103893902,1.400514487673144,1.7927479523369774,TRUE
CYP3A5,0.5,6,BRCA;KICH;KIRC;KIRP;LUAD;LUSC,ENSG00000174567,GOLT1A,6,BRCA;KICH;KIRC;KIRP;LUAD;LUSC,1,0.16666666666666666,2,0.3333333333333333,0.0069455499054745795,-0.0838935785221071,0.8899778159354763,1.3250267859315452,TRUE
CYP3A5,0.5,6,BRCA;KICH;KIRC;KIRP;LUAD;LUSC,ENSG00000174951,FUT1,6,BRCA;KICH;KIRC;KIRP;LUAD;LUSC,2,0.3333333333333333,1,0.16666666666666666,-0.3088389998680606,-0.21940047956985465,1.3186457107032448,1.847353913857689,TRUE
CYP3A5,0.5,6,BRCA;KICH;KIRC;KIRP;LUAD;LUSC,ENSG00000175164,ABO,6,BRCA;KICH;KIRC;KIRP;LUAD;LUSC,6,1,0,0,-1.2180844335987073,-1.5432047031622773,1.3914817342687735,1.6425538520287737,TRUE
CYP3A5,0.5,6,BRCA;KICH;KIRC;KIRP;LUAD;LUSC,ENSG00000175318,GRAMD2A,6,BRCA;KICH;KIRC;KIRP;LUAD;LUSC,6,1,0,0,-1.675046010372867,-1.7395680335777688,1.0099970442334234,1.1739833938240716,TRUE
CYP3A5,0.5,6,BRCA;KICH;KIRC;KIRP;LUAD;LUSC,ENSG00000175538,KCNE3,6,BRCA;KICH;KIRC;KIRP;LUAD;LUSC,0,0,1,0.16666666666666666,-0.2960523191846742,0.09817078999256032,1.317208602615085,1.6158206436192188,TRUE
CYP3A5,0.5,6,BRCA;KICH;KIRC;KIRP;LUAD;LUSC,ENSG00000178343,SHISA3,6,BRCA;KICH;KIRC;KIRP;LUAD;LUSC,5,0.8333333333333334,0,0,-3.2585063842822457,-2.8201197627614834,1.2935473481168422,1.861259312917998,TRUE
CYP3A5,0.5,6,BRCA;KICH;KIRC;KIRP;LUAD;LUSC,ENSG00000178826,TMEM139,6,BRCA;KICH;KIRC;KIRP;LUAD;LUSC,4,0.6666666666666666,0,0,-1.6959500395418299,-1.669570825135004,1.1329153669033478,1.50819955532465,TRUE
CYP3A5,0.5,6,BRCA;KICH;KIRC;KIRP;LUAD;LUSC,ENSG00000179044,EXOC3L1,6,BRCA;KICH;KIRC;KIRP;LUAD;LUSC,3,0.5,1,0.16666666666666666,-0.6339314056725585,-0.45361430007978965,1.0395394982276596,1.0904190036696786,TRUE
CYP3A5,0.5,6,BRCA;KICH;KIRC;KIRP;LUAD;LUSC,ENSG00000179583,CIITA,6,BRCA;KICH;KIRC;KIRP;LUAD;LUSC,2,0.3333333333333333,2,0.3333333333333333,0.035151302642254995,-0.14791140279562004,1.6176495385979077,1.7937966573453548,TRUE
CYP3A5,0.5,6,BRCA;KICH;KIRC;KIRP;LUAD;LUSC,ENSG00000179855,GIPC3,6,BRCA;KICH;KIRC;KIRP;LUAD;LUSC,3,0.5,1,0.16666666666666666,-0.6085878384927721,-0.6564910426141978,1.4434934510219333,1.595440586721772,TRUE
CYP3A5,0.5,6,BRCA;KICH;KIRC;KIRP;LUAD;LUSC,ENSG00000180061,TMEM150B,6,BRCA;KICH;KIRC;KIRP;LUAD;LUSC,3,0.5,0,0,-0.8267717751547456,-1.0144984541275692,1.2742741662373374,1.5273555793734566,TRUE
CYP3A5,0.5,6,BRCA;KICH;KIRC;KIRP;LUAD;LUSC,ENSG00000180921,FAM83H,6,BRCA;KICH;KIRC;KIRP;LUAD;LUSC,0,0,3,0.5,0.5982313452467527,0.7667156782598078,1.268928751176078,1.5330664052563687,TRUE
CYP3A5,0.5,6,BRCA;KICH;KIRC;KIRP;LUAD;LUSC,ENSG00000181085,MAPK15,6,BRCA;KICH;KIRC;KIRP;LUAD;LUSC,3,0.5,3,0.5,0.06350602556382112,-0.5564177396615451,0.8892524655458084,1.242112844502937,TRUE
CYP3A5,0.5,6,BRCA;KICH;KIRC;KIRP;LUAD;LUSC,ENSG00000181392,SYNE4,6,BRCA;KICH;KIRC;KIRP;LUAD;LUSC,3,0.5,1,0.16666666666666666,-0.29563696447221316,-0.7256227126930248,1.1862875496873777,1.713300516267523,TRUE
CYP3A5,0.5,6,BRCA;KICH;KIRC;KIRP;LUAD;LUSC,ENSG00000182107,TMEM30B,6,BRCA;KICH;KIRC;KIRP;LUAD;LUSC,2,0.3333333333333333,2,0.3333333333333333,0.13987035468776077,-1.2581395126721897,1.5409186992266304,1.7278605227170738,TRUE
CYP3A5,0.5,6,BRCA;KICH;KIRC;KIRP;LUAD;LUSC,ENSG00000182742,HOXB4,6,BRCA;KICH;KIRC;KIRP;LUAD;LUSC,0,0,0,0,-0.22395927735374108,-0.21355099621039214,1.3804902295373682,1.7827616842092953,TRUE
CYP3A5,0.5,6,BRCA;KICH;KIRC;KIRP;LUAD;LUSC,ENSG00000182866,LCK,6,BRCA;KICH;KIRC;KIRP;LUAD;LUSC,1,0.16666666666666666,1,0.16666666666666666,0.28738009611833865,0.11659696396836444,1.2651179242312334,1.980806881295457,TRUE
CYP3A5,0.5,6,BRCA;KICH;KIRC;KIRP;LUAD;LUSC,ENSG00000183287,CCBE1,6,BRCA;KICH;KIRC;KIRP;LUAD;LUSC,5,0.8333333333333334,1,0.16666666666666666,-2.8862283156306248,-2.34914790838501,1.00805538685936,1.26205276533234,TRUE
CYP3A5,0.5,6,BRCA;KICH;KIRC;KIRP;LUAD;LUSC,ENSG00000183421,RIPK4,6,BRCA;KICH;KIRC;KIRP;LUAD;LUSC,2,0.3333333333333333,1,0.16666666666666666,-0.26497775945600727,-0.1924414539149215,1.0317189281383574,1.2974979802776807,TRUE
CYP3A5,0.5,6,BRCA;KICH;KIRC;KIRP;LUAD;LUSC,ENSG00000183484,GPR132,6,BRCA;KICH;KIRC;KIRP;LUAD;LUSC,2,0.3333333333333333,2,0.3333333333333333,0.31857643027113514,0.05744292534905084,1.6179709594576428,1.7380393301631492,TRUE
CYP3A5,0.5,6,BRCA;KICH;KIRC;KIRP;LUAD;LUSC,ENSG00000183844,FAM3B,6,BRCA;KICH;KIRC;KIRP;LUAD;LUSC,5,0.8333333333333334,0,0,-1.3691255001996314,-2.3808815785192303,1.4516741543943872,1.5993822702825535,TRUE
CYP3A5,0.5,6,BRCA;KICH;KIRC;KIRP;LUAD;LUSC,ENSG00000184454,NCMAP,6,BRCA;KICH;KIRC;KIRP;LUAD;LUSC,5,0.8333333333333334,0,0,-1.5955672417825006,-1.557735835628458,1.7240254834201203,1.8569315495612848,TRUE
CYP3A5,0.5,6,BRCA;KICH;KIRC;KIRP;LUAD;LUSC,ENSG00000185101,ANO9,6,BRCA;KICH;KIRC;KIRP;LUAD;LUSC,0,0,4,0.6666666666666666,0.6589560191207767,0.6310288103780127,0.661721766569643,0.9967422432010626,TRUE
CYP3A5,0.5,6,BRCA;KICH;KIRC;KIRP;LUAD;LUSC,ENSG00000185522,LMNTD2,6,BRCA;KICH;KIRC;KIRP;LUAD;LUSC,0,0,2,0.3333333333333333,0.5085478313626516,0.39208780157033996,1.4035160844463799,1.6684005897744063,TRUE
CYP3A5,0.5,6,BRCA;KICH;KIRC;KIRP;LUAD;LUSC,ENSG00000188112,C6orf132,6,BRCA;KICH;KIRC;KIRP;LUAD;LUSC,2,0.3333333333333333,2,0.3333333333333333,0.23911987983676605,-0.26059431280054035,1.4057230595651116,1.6477726152400187,TRUE
CYP3A5,0.5,6,BRCA;KICH;KIRC;KIRP;LUAD;LUSC,ENSG00000188176,SMTNL2,6,BRCA;KICH;KIRC;KIRP;LUAD;LUSC,5,0.8333333333333334,0,0,-1.9353682266915522,-2.4492898174091513,1.4864159162665707,1.686198054328121,TRUE
CYP3A5,0.5,6,BRCA;KICH;KIRC;KIRP;LUAD;LUSC,ENSG00000189292,ALKAL2,6,BRCA;KICH;KIRC;KIRP;LUAD;LUSC,5,0.8333333333333334,1,0.16666666666666666,-3.117332841836382,-2.222508000858482,1.234775944548595,1.3741846280412544,TRUE
CYP3A5,0.5,6,BRCA;KICH;KIRC;KIRP;LUAD;LUSC,ENSG00000196684,HSH2D,6,BRCA;KICH;KIRC;KIRP;LUAD;LUSC,1,0.16666666666666666,2,0.3333333333333333,0.48693651187232945,0.5172269647502014,1.333749582730868,1.98225205323502,TRUE
CYP3A5,0.5,6,BRCA;KICH;KIRC;KIRP;LUAD;LUSC,ENSG00000197635,DPP4,6,BRCA;KICH;KIRC;KIRP;LUAD;LUSC,3,0.5,1,0.16666666666666666,-0.520685608652632,-1.0384898160174916,1.4722575409249465,1.7054141899330848,TRUE
CYP3A5,0.5,6,BRCA;KICH;KIRC;KIRP;LUAD;LUSC,ENSG00000197822,OCLN,6,BRCA;KICH;KIRC;KIRP;LUAD;LUSC,3,0.5,1,0.16666666666666666,-0.5938094943397585,-0.7394853588770436,1.409176219979664,1.6640648381035468,TRUE
CYP3A5,0.5,6,BRCA;KICH;KIRC;KIRP;LUAD;LUSC,ENSG00000197905,TEAD4,6,BRCA;KICH;KIRC;KIRP;LUAD;LUSC,1,0.16666666666666666,3,0.5,0.5794101697068719,0.2853198725647839,1.7046169887349722,1.769313654340457,TRUE
CYP3A5,0.5,6,BRCA;KICH;KIRC;KIRP;LUAD;LUSC,ENSG00000197943,PLCG2,6,BRCA;KICH;KIRC;KIRP;LUAD;LUSC,4,0.6666666666666666,1,0.16666666666666666,-0.9087674485680522,-0.5385344734016917,1.6875821052315079,1.834787851890844,TRUE
CYP3A5,0.5,6,BRCA;KICH;KIRC;KIRP;LUAD;LUSC,ENSG00000203499,IQANK1,6,BRCA;KICH;KIRC;KIRP;LUAD;LUSC,1,0.16666666666666666,3,0.5,1.1385172548562883,1.0217020290634735,1.3364602422558738,1.495435002826542,TRUE
CYP3A5,0.5,6,BRCA;KICH;KIRC;KIRP;LUAD;LUSC,ENSG00000203727,SAMD5,6,BRCA;KICH;KIRC;KIRP;LUAD;LUSC,5,0.8333333333333334,0,0,-1.0453084507465935,-1.2096372897741217,1.0176709580416108,1.4891728454484496,TRUE
CYP3A5,0.5,6,BRCA;KICH;KIRC;KIRP;LUAD;LUSC,ENSG00000204175,GPRIN2,6,BRCA;KICH;KIRC;KIRP;LUAD;LUSC,5,0.8333333333333334,0,0,-1.5615274551991671,-2.212867107882148,1.4434537222260733,1.8637298837706624,TRUE
CYP3A5,0.5,6,BRCA;KICH;KIRC;KIRP;LUAD;LUSC,ENSG00000204252,HLA-DOA,6,BRCA;KICH;KIRC;KIRP;LUAD;LUSC,2,0.3333333333333333,1,0.16666666666666666,-0.23328427979624689,-0.36346111984370333,1.673601841836368,1.969585476460814,TRUE
CYP3A5,0.5,6,BRCA;KICH;KIRC;KIRP;LUAD;LUSC,ENSG00000237541,HLA-DQA2,6,BRCA;KICH;KIRC;KIRP;LUAD;LUSC,2,0.3333333333333333,3,0.5,0.5257743368258341,0.35218149368094115,1.192451552946888,1.5746787590902267,TRUE
CYP3A5,0.5,6,BRCA;KICH;KIRC;KIRP;LUAD;LUSC,ENSG00000253958,CLDN23,6,BRCA;KICH;KIRC;KIRP;LUAD;LUSC,1,0.16666666666666666,1,0.16666666666666666,-0.16899485101557726,-0.19362386832258285,1.5426573539341932,1.6285605200459674,TRUE
CYP3A5,0.5,6,BRCA;KICH;KIRC;KIRP;LUAD;LUSC,ENSG00000265107,GJA5,6,BRCA;KICH;KIRC;KIRP;LUAD;LUSC,5,0.8333333333333334,0,0,-1.4805094302917368,-1.3553309100344189,1.2018141062301937,1.3357834047400774,TRUE
CYP3A5,0.5,6,BRCA;KICH;KIRC;KIRP;LUAD;LUSC,ENSG00000277639,AC007906.2,6,BRCA;KICH;KIRC;KIRP;LUAD;LUSC,6,1,0,0,-2.671385397919078,-2.9882047299381838,1.293832749627406,1.4578365370575137,TRUE
CYP3A5,0.6,8,BRCA;COAD;ESCA;KICH;KIRC;KIRP;LUAD;LUSC,ENSG00000019102,VSIG2,8,BRCA;COAD;ESCA;KICH;KIRC;KIRP;LUAD;LUSC,7,0.875,1,0.125,-2.9775724280051037,-2.319381704195757,1.5669889599442204,1.9171351586559344,TRUE
CYP3A5,0.6,8,BRCA;COAD;ESCA;KICH;KIRC;KIRP;LUAD;LUSC,ENSG00000053918,KCNQ1,8,BRCA;COAD;ESCA;KICH;KIRC;KIRP;LUAD;LUSC,5,0.625,2,0.25,-1.4610500515860172,-0.9867782820474386,1.283050795975253,1.6666514467312887,TRUE
CYP3A5,0.6,8,BRCA;COAD;ESCA;KICH;KIRC;KIRP;LUAD;LUSC,ENSG00000079385,CEACAM1,8,BRCA;COAD;ESCA;KICH;KIRC;KIRP;LUAD;LUSC,4,0.5,3,0.375,-0.6475129208087219,-0.30176353794784383,1.4728718862423238,1.622592715604423,TRUE
CYP3A5,0.6,8,BRCA;COAD;ESCA;KICH;KIRC;KIRP;LUAD;LUSC,ENSG00000115339,GALNT3,8,BRCA;COAD;ESCA;KICH;KIRC;KIRP;LUAD;LUSC,3,0.375,2,0.25,0.2351243868454315,-0.5938006542604193,1.5111141587078314,1.7169406055815537,TRUE
CYP3A5,0.6,8,BRCA;COAD;ESCA;KICH;KIRC;KIRP;LUAD;LUSC,ENSG00000120756,PLS1,8,BRCA;COAD;ESCA;KICH;KIRC;KIRP;LUAD;LUSC,2,0.25,4,0.5,0.08253446848740453,-0.1583628923612831,1.2538905570115448,1.7096534570604167,TRUE
CYP3A5,0.6,8,BRCA;COAD;ESCA;KICH;KIRC;KIRP;LUAD;LUSC,ENSG00000125731,SH2D3A,8,BRCA;COAD;ESCA;KICH;KIRC;KIRP;LUAD;LUSC,2,0.25,1,0.125,0.29449071845642105,0.002796645528710631,1.2526498058396853,1.7246048724650231,TRUE
CYP3A5,0.6,8,BRCA;COAD;ESCA;KICH;KIRC;KIRP;LUAD;LUSC,ENSG00000126460,PRRG2,8,BRCA;COAD;ESCA;KICH;KIRC;KIRP;LUAD;LUSC,2,0.25,1,0.125,0.0363632697967271,-0.5449267458473376,1.1448266076618627,1.816941161376686,TRUE
CYP3A5,0.6,8,BRCA;COAD;ESCA;KICH;KIRC;KIRP;LUAD;LUSC,ENSG00000130762,ARHGEF16,8,BRCA;COAD;ESCA;KICH;KIRC;KIRP;LUAD;LUSC,1,0.125,3,0.375,0.20927369786327316,0.3462536340570943,1.5147681327144529,1.798141055046655,TRUE
CYP3A5,0.6,8,BRCA;COAD;ESCA;KICH;KIRC;KIRP;LUAD;LUSC,ENSG00000130940,CASZ1,8,BRCA;COAD;ESCA;KICH;KIRC;KIRP;LUAD;LUSC,5,0.625,1,0.125,-0.7306813072972776,-0.8170957625333404,1.748702341763842,1.9363812196662007,TRUE
CYP3A5,0.6,8,BRCA;COAD;ESCA;KICH;KIRC;KIRP;LUAD;LUSC,ENSG00000151715,TMEM45B,8,BRCA;COAD;ESCA;KICH;KIRC;KIRP;LUAD;LUSC,4,0.5,3,0.375,-0.6644646515395213,-1.2708300108695654,1.1583597704808923,1.9380710227035536,TRUE
CYP3A5,0.6,8,BRCA;COAD;ESCA;KICH;KIRC;KIRP;LUAD;LUSC,ENSG00000163814,CDCP1,8,BRCA;COAD;ESCA;KICH;KIRC;KIRP;LUAD;LUSC,0,0,6,0.75,1.1509972147523477,1.0001430752776206,0.9124489389632454,1.1739071918372468,TRUE
CYP3A5,0.6,8,BRCA;COAD;ESCA;KICH;KIRC;KIRP;LUAD;LUSC,ENSG00000164855,TMEM184A,8,BRCA;COAD;ESCA;KICH;KIRC;KIRP;LUAD;LUSC,0,0,5,0.625,0.8982542988687083,0.9486591647897027,1.000669568422015,1.6573445953970816,TRUE
CYP3A5,0.6,8,BRCA;COAD;ESCA;KICH;KIRC;KIRP;LUAD;LUSC,ENSG00000167306,MYO5B,8,BRCA;COAD;ESCA;KICH;KIRC;KIRP;LUAD;LUSC,1,0.125,2,0.25,-0.03174528917321881,0.0836347260562863,1.3733812722223326,1.5312740011044297,TRUE
CYP3A5,0.6,8,BRCA;COAD;ESCA;KICH;KIRC;KIRP;LUAD;LUSC,ENSG00000167880,EVPL,8,BRCA;COAD;ESCA;KICH;KIRC;KIRP;LUAD;LUSC,2,0.25,3,0.375,0.17646813086560814,0.17245107008225827,0.8684116467065006,1.333351177422453,TRUE
CYP3A5,0.6,8,BRCA;COAD;ESCA;KICH;KIRC;KIRP;LUAD;LUSC,ENSG00000171236,LRG1,8,BRCA;COAD;ESCA;KICH;KIRC;KIRP;LUAD;LUSC,2,0.25,3,0.375,0.36096689455203995,0.09383266767239404,0.9488585152580906,1.872312544040038,TRUE
CYP3A5,0.6,8,BRCA;COAD;ESCA;KICH;KIRC;KIRP;LUAD;LUSC,ENSG00000171243,SOSTDC1,8,BRCA;COAD;ESCA;KICH;KIRC;KIRP;LUAD;LUSC,7,0.875,0,0,-2.7633403843880666,-3.0738756256881263,1.2589260497640269,1.470611562645419,TRUE
CYP3A5,0.6,8,BRCA;COAD;ESCA;KICH;KIRC;KIRP;LUAD;LUSC,ENSG00000173890,GPR160,8,BRCA;COAD;ESCA;KICH;KIRC;KIRP;LUAD;LUSC,1,0.125,1,0.125,-0.12481695297370049,-0.0319501931470804,1.2416992437862062,1.5947632627703283,TRUE
CYP3A5,0.6,8,BRCA;COAD;ESCA;KICH;KIRC;KIRP;LUAD;LUSC,ENSG00000175164,ABO,8,BRCA;COAD;ESCA;KICH;KIRC;KIRP;LUAD;LUSC,7,0.875,0,0,-1.1803114717201408,-1.272512330305448,1.341488414410563,1.6425538520287737,TRUE
CYP3A5,0.6,8,BRCA;COAD;ESCA;KICH;KIRC;KIRP;LUAD;LUSC,ENSG00000182107,TMEM30B,8,BRCA;COAD;ESCA;KICH;KIRC;KIRP;LUAD;LUSC,3,0.375,2,0.25,0.10830580242694146,-1.0688268668661176,1.5238246014553325,1.7432419187700905,TRUE
CYP3A5,0.6,8,BRCA;COAD;ESCA;KICH;KIRC;KIRP;LUAD;LUSC,ENSG00000183287,CCBE1,8,BRCA;COAD;ESCA;KICH;KIRC;KIRP;LUAD;LUSC,7,0.875,1,0.125,-3.319644421730906,-2.655653606461544,1.1356288649429975,1.5554326567067145,TRUE
CYP3A5,0.6,8,BRCA;COAD;ESCA;KICH;KIRC;KIRP;LUAD;LUSC,ENSG00000188112,C6orf132,8,BRCA;COAD;ESCA;KICH;KIRC;KIRP;LUAD;LUSC,2,0.25,2,0.25,0.08933336914638217,-0.22325193795089615,1.3670134014247426,1.7982453093329598,TRUE
CYP3A5,0.6,8,BRCA;COAD;ESCA;KICH;KIRC;KIRP;LUAD;LUSC,ENSG00000197635,DPP4,8,BRCA;COAD;ESCA;KICH;KIRC;KIRP;LUAD;LUSC,4,0.5,2,0.25,-0.2714530618850664,-0.6115346963582233,1.4902608126660537,1.7054141899330848,TRUE
CYP3A5,0.7,9,BRCA;COAD;ESCA;KICH;KIRC;KIRP;LUAD;LUSC;STAD,ENSG00000053918,KCNQ1,9,BRCA;COAD;ESCA;KICH;KIRC;KIRP;LUAD;LUSC;STAD,5,0.5555555555555556,2,0.2222222222222222,-0.8843517104450042,-0.8407068906571623,1.2626990059531125,1.6666514467312887,TRUE
CYP3A5,0.7,9,BRCA;COAD;ESCA;KICH;KIRC;KIRP;LUAD;LUSC;STAD,ENSG00000115339,GALNT3,9,BRCA;COAD;ESCA;KICH;KIRC;KIRP;LUAD;LUSC;STAD,3,0.3333333333333333,3,0.3333333333333333,0.2961954077941524,-0.4441240905882312,1.5196405834638587,1.7169406055815537,TRUE
CYP3A5,0.7,9,BRCA;COAD;ESCA;KICH;KIRC;KIRP;LUAD;LUSC;STAD,ENSG00000126460,PRRG2,9,BRCA;COAD;ESCA;KICH;KIRC;KIRP;LUAD;LUSC;STAD,2,0.2222222222222222,1,0.1111111111111111,0.14368163870581194,-0.44613497925268963,1.2316009818577562,1.925795975424904,TRUE
CYP3A5,0.7,9,BRCA;COAD;ESCA;KICH;KIRC;KIRP;LUAD;LUSC;STAD,ENSG00000130762,ARHGEF16,9,BRCA;COAD;ESCA;KICH;KIRC;KIRP;LUAD;LUSC;STAD,1,0.1111111111111111,4,0.4444444444444444,0.4170077859845084,0.40951951832192723,1.5420168071012066,1.798141055046655,TRUE
CYP3A5,0.7,9,BRCA;COAD;ESCA;KICH;KIRC;KIRP;LUAD;LUSC;STAD,ENSG00000151715,TMEM45B,9,BRCA;COAD;ESCA;KICH;KIRC;KIRP;LUAD;LUSC;STAD,4,0.4444444444444444,4,0.4444444444444444,-0.3322304692558422,-1.0279794892618725,1.1387555830123648,1.9380710227035536,TRUE
CYP3A5,0.7,9,BRCA;COAD;ESCA;KICH;KIRC;KIRP;LUAD;LUSC;STAD,ENSG00000163814,CDCP1,9,BRCA;COAD;ESCA;KICH;KIRC;KIRP;LUAD;LUSC;STAD,0,0,7,0.7777777777777778,1.195450481384606,1.0243992339967547,1.0096429257561035,1.7871948200989674,TRUE
CYP3A5,0.7,9,BRCA;COAD;ESCA;KICH;KIRC;KIRP;LUAD;LUSC;STAD,ENSG00000164855,TMEM184A,9,BRCA;COAD;ESCA;KICH;KIRC;KIRP;LUAD;LUSC;STAD,0,0,5,0.5555555555555556,0.5866868368136858,0.8822984830287205,1.0707753839713379,1.6573445953970816,TRUE
CYP3A5,0.7,9,BRCA;COAD;ESCA;KICH;KIRC;KIRP;LUAD;LUSC;STAD,ENSG00000171236,LRG1,9,BRCA;COAD;ESCA;KICH;KIRC;KIRP;LUAD;LUSC;STAD,2,0.2222222222222222,3,0.3333333333333333,0.2745402825963717,0.09394860423354522,1.046235003166928,1.872312544040038,TRUE
CYP3A5,0.7,9,BRCA;COAD;ESCA;KICH;KIRC;KIRP;LUAD;LUSC;STAD,ENSG00000171243,SOSTDC1,9,BRCA;COAD;ESCA;KICH;KIRC;KIRP;LUAD;LUSC;STAD,8,0.8888888888888888,0,0,-3.603495870443842,-3.1627301403273647,1.3440453561505856,2.0249998072430553,TRUE
CYP3A5,0.7,9,BRCA;COAD;ESCA;KICH;KIRC;KIRP;LUAD;LUSC;STAD,ENSG00000173890,GPR160,9,BRCA;COAD;ESCA;KICH;KIRC;KIRP;LUAD;LUSC;STAD,1,0.1111111111111111,2,0.2222222222222222,-0.0660500003942649,0.06911528789260458,1.2507741348815509,1.5947632627703283,TRUE
CYP3A5,0.7,9,BRCA;COAD;ESCA;KICH;KIRC;KIRP;LUAD;LUSC;STAD,ENSG00000182107,TMEM30B,9,BRCA;COAD;ESCA;KICH;KIRC;KIRP;LUAD;LUSC;STAD,3,0.3333333333333333,2,0.2222222222222222,0.1253280961057844,-0.9201377879723017,1.5272747923548364,1.7432419187700905,TRUE
CYP3A5,0.7,9,BRCA;COAD;ESCA;KICH;KIRC;KIRP;LUAD;LUSC;STAD,ENSG00000188112,C6orf132,9,BRCA;COAD;ESCA;KICH;KIRC;KIRP;LUAD;LUSC;STAD,2,0.2222222222222222,2,0.2222222222222222,0.17065187533313203,-0.16311866978090012,1.314505650888319,1.7982453093329598,TRUE
CYP3A5,0.8,10,BRCA;COAD;ESCA;KICH;KIRC;KIRP;LUAD;LUSC;PRAD;STAD,ENSG00000126460,PRRG2,10,BRCA;COAD;ESCA;KICH;KIRC;KIRP;LUAD;LUSC;PRAD;STAD,2,0.2,1,0.1,0.12357625353098499,-0.3911743944918049,1.2718877991492727,1.925795975424904,TRUE
CYP3A5,0.8,10,BRCA;COAD;ESCA;KICH;KIRC;KIRP;LUAD;LUSC;PRAD;STAD,ENSG00000130762,ARHGEF16,10,BRCA;COAD;ESCA;KICH;KIRC;KIRP;LUAD;LUSC;PRAD;STAD,1,0.1,4,0.4,0.40348405427356693,0.407563598745997,1.5751493123935072,1.873341860024213,TRUE
CYP3A5,0.8,10,BRCA;COAD;ESCA;KICH;KIRC;KIRP;LUAD;LUSC;PRAD;STAD,ENSG00000163814,CDCP1,10,BRCA;COAD;ESCA;KICH;KIRC;KIRP;LUAD;LUSC;PRAD;STAD,0,0,7,0.7,1.1509972147523477,0.9028192852175315,1.0966595987800103,1.879809655995172,TRUE
CYP3A5,0.8,10,BRCA;COAD;ESCA;KICH;KIRC;KIRP;LUAD;LUSC;PRAD;STAD,ENSG00000164855,TMEM184A,10,BRCA;COAD;ESCA;KICH;KIRC;KIRP;LUAD;LUSC;PRAD;STAD,0,0,6,0.6,0.8383017173284537,0.9030602945101707,1.0242696829737161,1.6573445953970816,TRUE
CYP3A5,0.8,10,BRCA;COAD;ESCA;KICH;KIRC;KIRP;LUAD;LUSC;PRAD;STAD,ENSG00000188112,C6orf132,10,BRCA;COAD;ESCA;KICH;KIRC;KIRP;LUAD;LUSC;PRAD;STAD,2,0.2,2,0.2,0.23911987983676605,-0.1003502602283748,1.3406568850628573,1.7982453093329598,TRUE
CYP3A5,0.9,11,BRCA;COAD;ESCA;KICH;KIRC;KIRP;LIHC;LUAD;LUSC;STAD;THCA,ENSG00000171236,LRG1,11,BRCA;COAD;ESCA;KICH;KIRC;KIRP;LIHC;LUAD;LUSC;STAD;THCA,3,0.2727272727272727,4,0.36363636363636365,0.2745402825963717,0.1857465555032984,1.1526524753966472,1.872312544040038,TRUE
CYP3A7,0.5,3,KICH;KIRC;KIRP,ENSG00000000005,TNMD,3,KICH;KIRC;KIRP,2,0.6666666666666666,0,0,-3.1735202720177105,-2.3881015026011756,1.2668518493006535,1.3221157216717438,TRUE
CYP3A7,0.5,3,KICH;KIRC;KIRP,ENSG00000001626,CFTR,3,KICH;KIRC;KIRP,2,0.6666666666666666,1,0.3333333333333333,-1.1993238775607276,1.3000010229275332,1.0107597808220017,1.0658042560165488,TRUE
CYP3A7,0.5,3,KICH;KIRC;KIRP,ENSG00000002746,HECW1,3,KICH;KIRC;KIRP,3,1,0,0,-3.339972997757588,-3.9862353004716136,1.4531695895090235,1.6388746875242963,TRUE
CYP3A7,0.5,3,KICH;KIRC;KIRP,ENSG00000004948,CALCR,3,KICH;KIRC;KIRP,2,0.6666666666666666,0,0,-1.0137931694872078,-0.9670974391445805,1.0913294814412098,1.191055144314249,TRUE
CYP3A7,0.5,3,KICH;KIRC;KIRP,ENSG00000007171,NOS2,3,KICH;KIRC;KIRP,2,0.6666666666666666,1,0.3333333333333333,-1.069563264818686,-0.7084792092114119,1.6703412515220175,1.751902630078079,TRUE
CYP3A7,0.5,3,KICH;KIRC;KIRP,ENSG00000007314,SCN4A,3,KICH;KIRC;KIRP,1,0.3333333333333333,1,0.3333333333333333,-0.503729672659457,-0.5566000169996457,1.6985955174222425,1.7844581929070165,TRUE
CYP3A7,0.5,3,KICH;KIRC;KIRP,ENSG00000007968,E2F2,3,KICH;KIRC;KIRP,0,0,3,1,2.815502016073444,2.6762523840258767,1.6399820123532167,1.694457813744549,TRUE
CYP3A7,0.5,3,KICH;KIRC;KIRP,ENSG00000011590,ZBTB32,3,KICH;KIRC;KIRP,0,0,2,0.6666666666666666,0.5904131556603833,0.563550398600312,1.6781143497384394,1.695196675514481,TRUE
CYP3A7,0.5,3,KICH;KIRC;KIRP,ENSG00000013293,SLC7A14,3,KICH;KIRC;KIRP,3,1,0,0,-3.8640301716977934,-3.756756689334388,1.6783143027234837,1.6831425860481466,TRUE
CYP3A7,0.5,3,KICH;KIRC;KIRP,ENSG00000015520,NPC1L1,3,KICH;KIRC;KIRP,1,0.3333333333333333,0,0,-0.4502370970035398,-1.0403021589607002,1.1996439889064805,1.2284099713584775,TRUE
CYP3A7,0.5,3,KICH;KIRC;KIRP,ENSG00000035499,DEPDC1B,3,KICH;KIRC;KIRP,1,0.3333333333333333,0,0,-0.5217060173773824,-0.3788172219365801,1.0644219050554464,1.097400833933741,TRUE
CYP3A7,0.5,3,KICH;KIRC;KIRP,ENSG00000039600,SOX30,3,KICH;KIRC;KIRP,3,1,0,0,-2.11056468160136,-2.6389922488328206,1.592725734228021,1.6842622265084162,TRUE
CYP3A7,0.5,3,KICH;KIRC;KIRP,ENSG00000042781,USH2A,3,KICH;KIRC;KIRP,2,0.6666666666666666,0,0,-1.3534818926955574,-1.109827154858048,1.6358651999902176,1.6394652843223312,TRUE
CYP3A7,0.5,3,KICH;KIRC;KIRP,ENSG00000042832,TG,3,KICH;KIRC;KIRP,2,0.6666666666666666,1,0.3333333333333333,-0.6816276783381221,0.35322917989203395,1.5617222295947566,1.6406434842596307,TRUE
CYP3A7,0.5,3,KICH;KIRC;KIRP,ENSG00000047662,FAM184B,3,KICH;KIRC;KIRP,2,0.6666666666666666,1,0.3333333333333333,-2.444711234668977,-0.9022371798737159,1.6493582229107566,1.7431299914835277,TRUE
CYP3A7,0.5,3,KICH;KIRC;KIRP,ENSG00000047936,ROS1,3,KICH;KIRC;KIRP,3,1,0,0,-4.8068099875813095,-5.093783471973256,1.1999025748769836,1.3714289989521766,TRUE
CYP3A7,0.5,3,KICH;KIRC;KIRP,ENSG00000049249,TNFRSF9,3,KICH;KIRC;KIRP,0,0,2,0.6666666666666666,1.9468414741817257,2.1408976826870285,1.4111616663844049,1.4157824813897266,TRUE
CYP3A7,0.5,3,KICH;KIRC;KIRP,ENSG00000054803,CBLN4,3,KICH;KIRC;KIRP,1,0.3333333333333333,1,0.3333333333333333,-0.2233414406755026,-0.08145548589459521,1.3675731809764307,1.3770857784241166,TRUE
CYP3A7,0.5,3,KICH;KIRC;KIRP,ENSG00000057593,F7,3,KICH;KIRC;KIRP,2,0.6666666666666666,1,0.3333333333333333,-1.5917480282485148,-0.6940929446867145,1.2625676986198378,1.2791085135243203,TRUE
CYP3A7,0.5,3,KICH;KIRC;KIRP,ENSG00000058335,RASGRF1,3,KICH;KIRC;KIRP,0,0,0,0,-0.34563507722287273,-0.1846446025588118,1.4119858118831232,1.4220540455265909,TRUE
CYP3A7,0.5,3,KICH;KIRC;KIRP,ENSG00000062096,ARSF,3,KICH;KIRC;KIRP,2,0.6666666666666666,0,0,-3.2353981059683137,-3.2750676292021987,1.1446448565045872,1.263805339222777,TRUE
CYP3A7,0.5,3,KICH;KIRC;KIRP,ENSG00000064195,DLX3,3,KICH;KIRC;KIRP,3,1,0,0,-2.4630367341440067,-2.416548640870724,1.6492631119919887,1.7066513163209385,TRUE
CYP3A7,0.5,3,KICH;KIRC;KIRP,ENSG00000066405,CLDN18,3,KICH;KIRC;KIRP,1,0.3333333333333333,0,0,-0.3208620275746743,-1.279731401910025,1.651946479997736,1.6560156679816516,TRUE
CYP3A7,0.5,3,KICH;KIRC;KIRP,ENSG00000069812,HES2,3,KICH;KIRC;KIRP,2,0.6666666666666666,0,0,-1.60539917077261,-1.3071539407074633,0.8336235087665811,0.9384515863734773,TRUE
CYP3A7,0.5,3,KICH;KIRC;KIRP,ENSG00000070019,GUCY2C,3,KICH;KIRC;KIRP,0,0,1,0.3333333333333333,0.4585578627163573,0.3082717812664484,1.5061225572504398,1.5163424977996955,TRUE
CYP3A7,0.5,3,KICH;KIRC;KIRP,ENSG00000070601,FRMPD1,3,KICH;KIRC;KIRP,2,0.6666666666666666,1,0.3333333333333333,-0.971024637193441,-0.4748993718259834,1.2641056278171117,1.2781658790770172,TRUE
CYP3A7,0.5,3,KICH;KIRC;KIRP,ENSG00000072571,HMMR,3,KICH;KIRC;KIRP,0,0,3,1,1.5196401626771665,1.6123754090605655,1.2979756249771324,1.3510075580755885,TRUE
CYP3A7,0.5,3,KICH;KIRC;KIRP,ENSG00000073282,TP63,3,KICH;KIRC;KIRP,2,0.6666666666666666,0,0,-1.1325197042285682,-1.1214440601901232,1.7009639320227852,1.7151799077340235,TRUE
CYP3A7,0.5,3,KICH;KIRC;KIRP,ENSG00000073861,TBX21,3,KICH;KIRC;KIRP,0,0,3,1,0.7535149687293018,1.3135124552523723,1.5032757219201283,1.512340232628233,TRUE
CYP3A7,0.5,3,KICH;KIRC;KIRP,ENSG00000077009,NMRK2,3,KICH;KIRC;KIRP,1,0.3333333333333333,2,0.6666666666666666,3.07224980069544,2.0307035744697113,0.887462974385642,0.9376004277784964,TRUE
CYP3A7,0.5,3,KICH;KIRC;KIRP,ENSG00000077327,SPAG6,3,KICH;KIRC;KIRP,2,0.6666666666666666,1,0.3333333333333333,-2.2894208721806364,-1.2567012426549156,0.8291394702919295,0.8385939132705406,TRUE
CYP3A7,0.5,3,KICH;KIRC;KIRP,ENSG00000078081,LAMP3,3,KICH;KIRC;KIRP,0,0,2,0.6666666666666666,1.522996793087773,1.4211389592437147,1.4567823065546217,1.577928956221122,TRUE
CYP3A7,0.5,3,KICH;KIRC;KIRP,ENSG00000078589,P2RY10,3,KICH;KIRC;KIRP,0,0,2,0.6666666666666666,0.5976525668845464,1.1238491527255987,1.481629437694145,1.493644307998056,TRUE
CYP3A7,0.5,3,KICH;KIRC;KIRP,ENSG00000079112,CDH17,3,KICH;KIRC;KIRP,2,0.6666666666666666,1,0.3333333333333333,-0.7127454019080884,0.9354225050553835,1.2727477642911396,1.2959400608079326,TRUE
CYP3A7,0.5,3,KICH;KIRC;KIRP,ENSG00000081051,AFP,3,KICH;KIRC;KIRP,3,1,0,0,-2.1983610811160603,-2.6378724355314476,0.37616721437581463,0.3950515460594176,TRUE
CYP3A7,0.5,3,KICH;KIRC;KIRP,ENSG00000081277,PKP1,3,KICH;KIRC;KIRP,2,0.6666666666666666,1,0.3333333333333333,-1.8682272252466865,-1.6400079092426343,1.6717431664135678,1.6800410128138343,TRUE
CYP3A7,0.5,3,KICH;KIRC;KIRP,ENSG00000081842,PCDHA6,3,KICH;KIRC;KIRP,3,1,0,0,-1.6384940577349636,-1.9041251201874867,1.491268878999293,1.5074027127933114,TRUE
CYP3A7,0.5,3,KICH;KIRC;KIRP,ENSG00000082293,COL19A1,3,KICH;KIRC;KIRP,3,1,0,0,-1.8129444571190056,-2.538819531357263,1.4836445164032501,1.4975638565698135,TRUE
CYP3A7,0.5,3,KICH;KIRC;KIRP,ENSG00000084110,HAL,3,KICH;KIRC;KIRP,1,0.3333333333333333,1,0.3333333333333333,0.3113619532799517,-0.05596144035771674,1.4528127227597738,1.4891765985754708,TRUE
CYP3A7,0.5,3,KICH;KIRC;KIRP,ENSG00000084453,SLCO1A2,3,KICH;KIRC;KIRP,3,1,0,0,-3.4082837323095374,-4.600460923850878,1.6358564178372756,1.8013692111974102,TRUE
CYP3A7,0.5,3,KICH;KIRC;KIRP,ENSG00000086696,HSD17B2,3,KICH;KIRC;KIRP,1,0.3333333333333333,0,0,-0.24336085929779347,-1.0238921858706649,1.1516835468068463,1.3970101451681751,TRUE
CYP3A7,0.5,3,KICH;KIRC;KIRP,ENSG00000086967,MYBPC2,3,KICH;KIRC;KIRP,0,0,2,0.6666666666666666,0.76642260958852515,0.618291748924999,1.2002324568215406,1.2046888810956573,TRUE
CYP3A7,0.5,3,KICH;KIRC;KIRP,ENSG00000087237,CETP,3,KICH;KIRC;KIRP,0,0,2,0.6666666666666666,0.7213728864843144,0.5892940263419545,1.4588308383200719,1.5508018028104391,TRUE
CYP3A7,0.5,3,KICH;KIRC;KIRP,ENSG00000088002,SULT2B1,3,KICH;KIRC;KIRP,3,1,0,0,-3.287787000239079,-2.8599043235823585,1.4093953331172273,1.793253205505819,TRUE
CYP3A7,0.5,3,KICH;KIRC;KIRP,ENSG00000089012,SIRPG,3,KICH;KIRC;KIRP,0,0,2,0.6666666666666666,1.6478416010641483,1.878884023967866,1.4189957916034153,1.4320951015807957,TRUE
CYP3A7,0.5,3,KICH;KIRC;KIRP,ENSG00000089101,CFAP61,3,KICH;KIRC;KIRP,2,0.6666666666666666,0,0,-1.710564724874884,-1.6242984084659888,1.475910801962488,1.5157579683323026,TRUE
CYP3A7,0.5,3,KICH;KIRC;KIRP,ENSG00000089685,BIRC5,3,KICH;KIRC;KIRP,0,0,3,1,2.7308846131468467,2.6876411645328755,1.6952079768038906,1.7400665359707277,TRUE
CYP3A7,0.5,3,KICH;KIRC;KIRP,ENSG00000089723,OTUB2,3,KICH;KIRC;KIRP,0,0,2,0.6666666666666666,0.7825207288211826,0.4260058363599562,1.5000728535315146,1.5521582266778708,TRUE
CYP3A7,0.5,3,KICH;KIRC;KIRP,ENSG00000091128,LAMB4,3,KICH;KIRC;KIRP,2,0.6666666666666666,1,0.3333333333333333,-1.768086716157106,-0.7516636412607338,1.1281772150984024,1.280773061871943,TRUE
CYP3A7,0.5,3,KICH;KIRC;KIRP,ENSG00000091137,SLC26A4,3,KICH;KIRC;KIRP,2,0.6666666666666666,1,0.3333333333333333,-3.150287584180502,-2.0033792554428156,1.5048148175244898,1.5774671625786,TRUE
CYP3A7,0.5,3,KICH;KIRC;KIRP,ENSG00000091181,IL5RA,3,KICH;KIRC;KIRP,3,1,0,0,-2.127349420593403,-2.800047251674829,1.7270860348075252,1.7754247538576535,TRUE
CYP3A7,0.5,3,KICH;KIRC;KIRP,ENSG00000094755,GABRP,3,KICH;KIRC;KIRP,3,1,0,0,-3.3981932768490988,-3.2157587053517074,1.6997811213567449,1.7756113432632017,TRUE
CYP3A7,0.5,3,KICH;KIRC;KIRP,ENSG00000095627,TDRD1,3,KICH;KIRC;KIRP,3,1,0,0,-4.030307332821377,-4.147841784961775,1.7093220605665933,1.8003762383827977,TRUE
CYP3A7,0.5,3,KICH;KIRC;KIRP,ENSG00000095752,IL11,3,KICH;KIRC;KIRP,3,1,0,0,-3.742138478337251,-3.550722146051935,1.0758895875839602,1.347628013086686,TRUE
CYP3A7,0.5,3,KICH;KIRC;KIRP,ENSG00000095777,MYO3A,3,KICH;KIRC;KIRP,1,0.3333333333333333,2,0.6666666666666666,1.5550689835951383,0.9541584192077107,0.8749826141722865,0.9192928010192288,TRUE
CYP3A7,0.5,3,KICH;KIRC;KIRP,ENSG00000096996,IL12RB1,3,KICH;KIRC;KIRP,0,0,3,1,1.461414295634168,1.7862733932044808,1.6841459013086153,1.710193177887197,TRUE
CYP3A7,0.5,3,KICH;KIRC;KIRP,ENSG00000099769,IGFALS,3,KICH;KIRC;KIRP,3,1,0,0,-2.151754762169032,-1.9423267306724799,1.5735004244519968,1.6458659262370992,TRUE
CYP3A7,0.5,3,KICH;KIRC;KIRP,ENSG00000099985,OSM,3,KICH;KIRC;KIRP,0,0,3,1,1.5428781944095733,1.369474544889926,1.430104973967061,1.517646759407792,TRUE
CYP3A7,0.5,3,KICH;KIRC;KIRP,ENSG00000100053,CRYBB3,3,KICH;KIRC;KIRP,2,0.6666666666666666,0,0,-2.0290583003856826,-1.5483745634112704,1.037793162069929,1.0569062738203168,TRUE
CYP3A7,0.5,3,KICH;KIRC;KIRP,ENSG00000100078,PLA2G3,3,KICH;KIRC;KIRP,2,0.6666666666666666,1,0.3333333333333333,-4.17854038925972,-2.280063564074154,0.5362105848189492,0.5723349042549492,TRUE
CYP3A7,0.5,3,KICH;KIRC;KIRP,ENSG00000100162,CENPM,3,KICH;KIRC;KIRP,0,0,3,1,1.9885134210347248,2.2940233302672217,1.6212809638087984,1.6784818766526155,TRUE
CYP3A7,0.5,3,KICH;KIRC;KIRP,ENSG00000100218,RSPH14,3,KICH;KIRC;KIRP,1,0.3333333333333333,0,0,-0.1995483918882525,-0.6620643590631579,1.5660536513051855,1.708820456843539,TRUE
CYP3A7,0.5,3,KICH;KIRC;KIRP,ENSG00000100344,PNPLA3,3,KICH;KIRC;KIRP,3,1,0,0,-1.8425331217021743,-1.6787057689550584,0.7249090585053565,0.8261042600701312,TRUE
CYP3A7,0.5,3,KICH;KIRC;KIRP,ENSG00000100433,KCNK10,3,KICH;KIRC;KIRP,3,1,0,0,-3.748738005442431,-3.8661014449897992,1.2776684399043174,1.3666231603809875,TRUE
CYP3A7,0.5,3,KICH;KIRC;KIRP,ENSG00000100450,GZMH,3,KICH;KIRC;KIRP,0,0,2,0.6666666666666666,1.033342756485935,1.4167038193988188,1.7107545014899146,1.7415423384378366,TRUE
CYP3A7,0.5,3,KICH;KIRC;KIRP,ENSG00000100583,SAMD15,3,KICH;KIRC;KIRP,2,0.6666666666666666,0,0,-0.6056968451240832,-0.8732141414206771,1.2801839182690367,1.4329031603044406,TRUE
CYP3A7,0.5,3,KICH;KIRC;KIRP,ENSG00000100593,ISM2,3,KICH;KIRC;KIRP,2,0.6666666666666666,1,0.3333333333333333,-1.5391894261426229,-0.9438482546547288,1.086262620843338,1.2604819721313565,TRUE
CYP3A7,0.5,3,KICH;KIRC;KIRP,ENSG00000100867,DHRS2,3,KICH;KIRC;KIRP,2,0.6666666666666666,1,0.3333333333333333,-0.7030026514558948,1.144007953249774,0.8999780570612644,0.9997656421415912,TRUE
CYP3A7,0.5,3,KICH;KIRC;KIRP,ENSG00000100985,MMP9,3,KICH;KIRC;KIRP,0,0,3,1,2.1675859322616904,2.337780291248986,1.5916730579218596,1.6163368699660885,TRUE
CYP3A7,0.5,3,KICH;KIRC;KIRP,ENSG00000101115,SALL4,3,KICH;KIRC;KIRP,0,0,1,0.3333333333333333,0.17036582279116697,0.9958187319358951,1.2640453939386118,1.32914290125767,TRUE
CYP3A7,0.5,3,KICH;KIRC;KIRP,ENSG00000101162,TUBB1,3,KICH;KIRC;KIRP,1,0.3333333333333333,0,0,-0.26002098530358847,-0.3430664134279585,1.6276854826994647,1.6532406000705324,TRUE
CYP3A7,0.5,3,KICH;KIRC;KIRP,ENSG00000101188,NTSR1,3,KICH;KIRC;KIRP,1,0.3333333333333333,1,0.3333333333333333,-0.5216953224221034,-0.4104841613028928,0.7981673791933694,0.857931568284702,TRUE
CYP3A7,0.5,3,KICH;KIRC;KIRP,ENSG00000101197,BIRC7,3,KICH;KIRC;KIRP,0,0,3,1,3.988471284053703,4.525118892617017,1.4548861878644732,1.5921454808551,TRUE
CYP3A7,0.5,3,KICH;KIRC;KIRP,ENSG00000101204,CHRNA4,3,KICH;KIRC;KIRP,3,1,0,0,-6.03798274164041,-5.6247653928560855,1.4752337861292242,1.6095482548818654,TRUE
CYP3A7,0.5,3,KICH;KIRC;KIRP,ENSG00000101222,SPEF1,3,KICH;KIRC;KIRP,1,0.3333333333333333,1,0.3333333333333333,0.00707043593507964,-0.8468332730275014,1.6417712183690192,1.7600579448474634,TRUE
CYP3A7,0.5,3,KICH;KIRC;KIRP,ENSG00000101307,SIRPB1,3,KICH;KIRC;KIRP,0,0,2,0.6666666666666666,3.0150793631017656,2.131436539722697,1.6554688813280902,1.6860624117286012,TRUE
CYP3A7,0.5,3,KICH;KIRC;KIRP,ENSG00000101349,PAK5,3,KICH;KIRC;KIRP,2,0.6666666666666666,1,0.3333333333333333,-2.622111378285659,-1.7905234393550837,1.475631218075501,1.4808487865006144,TRUE
CYP3A7,0.5,3,KICH;KIRC;KIRP,ENSG00000101405,OXT,3,KICH;KIRC;KIRP,3,1,0,0,-2.373658143765238,-2.503911084277157,0.9887791101323985,1.0294232882166152,TRUE
CYP3A7,0.5,3,KICH;KIRC;KIRP,ENSG00000101425,BPI,3,KICH;KIRC;KIRP,3,1,0,0,-4.0821863462587435,-3.9123912643302003,1.0359906671293517,1.0809551268982638,TRUE
CYP3A7,0.5,3,KICH;KIRC;KIRP,ENSG00000101638,ST8SIA5,3,KICH;KIRC;KIRP,2,0.6666666666666666,1,0.3333333333333333,-2.7016131603615454,-0.5216928201608487,1.285285224668238,1.3634978947393523,TRUE
CYP3A7,0.5,3,KICH;KIRC;KIRP,ENSG00000101977,MCF2,3,KICH;KIRC;KIRP,3,1,0,0,-2.1561998462534,-2.180275758921871,1.451982000286728,1.4952434060250124,TRUE
CYP3A7,0.5,3,KICH;KIRC;KIRP,ENSG00000102243,VGLL1,3,KICH;KIRC;KIRP,3,1,0,0,-7.465004797531042,-7.158246145672915,1.0861871864338561,1.5089534570616892,TRUE
CYP3A7,0.5,3,KICH;KIRC;KIRP,ENSG00000102245,CD40LG,3,KICH;KIRC;KIRP,1,0.3333333333333333,2,0.6666666666666666,0.6831163044027532,0.6538659998800926,1.5748528738421657,1.5851887724596665,TRUE
CYP3A7,0.5,3,KICH;KIRC;KIRP,ENSG00000102387,TAF7L,3,KICH;KIRC;KIRP,2,0.6666666666666666,1,0.3333333333333333,-2.045485216081562,-0.37262747879393165,0.984048388568066,1.000051046129226,TRUE
CYP3A7,0.5,3,KICH;KIRC;KIRP,ENSG00000102962,CCL22,3,KICH;KIRC;KIRP,0,0,1,0.3333333333333333,0.4935374706190664,0.745714273724417,1.5971313588517442,1.6027079503476211,TRUE
CYP3A7,0.5,3,KICH;KIRC;KIRP,ENSG00000103154,NECAB2,3,KICH;KIRC;KIRP,2,0.6666666666666666,0,0,-0.7702982295843603,-1.4720203544354136,1.5488928713224286,1.6295401103573826,TRUE
CYP3A7,0.5,3,KICH;KIRC;KIRP,ENSG00000103313,MEFV,3,KICH;KIRC;KIRP,0,0,1,0.3333333333333333,0.4962310734230896,0.9195501192162359,1.5554758089859484,1.5741618738323575,TRUE
CYP3A7,0.5,3,KICH;KIRC;KIRP,ENSG00000103522,IL21R,3,KICH;KIRC;KIRP,0,0,2,0.6666666666666666,0.8494673252315782,1.3099942118867085,0.747604371764624,0.7577488892636861,TRUE
CYP3A7,0.5,3,KICH;KIRC;KIRP,ENSG00000103534,TMC5,3,KICH;KIRC;KIRP,1,0.3333333333333333,2,0.6666666666666666,1.1075535930572653,1.3482926761246856,1.4714213079705494,1.4874343788529287,TRUE
CYP3A7,0.5,3,KICH;KIRC;KIRP,ENSG00000103546,SLC6A2,3,KICH;KIRC;KIRP,2,0.6666666666666666,1,0.3333333333333333,-4.632729234854273,-2.0270477885418816,1.072724168777144,1.0815308509463049,TRUE
CYP3A7,0.5,3,KICH;KIRC;KIRP,ENSG00000103569,AQP9,3,KICH;KIRC;KIRP,0,0,2,0.6666666666666666,2.164596820646599,1.710982462433638,1.531662674409374,1.5646224674993832,TRUE
CYP3A7,0.5,3,KICH;KIRC;KIRP,ENSG00000103599,IQCH,3,KICH;KIRC;KIRP,2,0.6666666666666666,0,0,-1.1560201482773795,-0.9296789359964773,1.3619331691404797,1.5511634930057088,TRUE
CYP3A7,0.5,3,KICH;KIRC;KIRP,ENSG00000104237,RP1,3,KICH;KIRC;KIRP,3,1,0,0,-1.8285373158070777,-1.6345733807356382,1.3356095063613471,1.559751841987972,TRUE
CYP3A7,0.5,3,KICH;KIRC;KIRP,ENSG00000104537,ANXA13,3,KICH;KIRC;KIRP,1,0.3333333333333333,2,0.6666666666666666,2.0231675224504366,-0.847478866557285,1.190276999908181,1.240676003249647,TRUE
CYP3A7,0.5,3,KICH;KIRC;KIRP,ENSG00000104892,KLC3,3,KICH;KIRC;KIRP,2,0.6666666666666666,0,0,-1.259737668429708,-1.5681887340958183,1.3063598044603921,1.5814023630435214,TRUE
CYP3A7,0.5,3,KICH;KIRC;KIRP,ENSG00000104901,DKKL1,3,KICH;KIRC;KIRP,1,0.3333333333333333,0,0,0.243999819159464,-0.1467402599103546,1.574642033795772,1.6418776382103375,TRUE
CYP3A7,0.5,3,KICH;KIRC;KIRP,ENSG00000104951,IL4I1,3,KICH;KIRC;KIRP,0,0,2,0.6666666666666666,1.85765401553333,1.3309594378405951,1.2074408902943718,1.3466778978582636,TRUE
CYP3A7,0.5,3,KICH;KIRC;KIRP,ENSG00000105131,EPHX3,3,KICH;KIRC;KIRP,3,1,0,0,-0.979849819524164,-1.0580011101439109,1.4588041473806104,1.6671330111224678,TRUE
CYP3A7,0.5,3,KICH;KIRC;KIRP,ENSG00000105369,CD79A,3,KICH;KIRC;KIRP,0,0,1,0.3333333333333333,-0.1293377736483638,0.33657861219760743,1.42367298569312,1.432135610116383,TRUE
CYP3A7,0.5,3,KICH;KIRC;KIRP,ENSG00000105479,CCDC114,3,KICH;KIRC;KIRP,2,0.6666666666666666,1,0.3333333333333333,-0.611117022705173,0.03093340131677902,1.6184735651482538,1.6718393931797473,TRUE
CYP3A7,0.5,3,KICH;KIRC;KIRP,ENSG00000105523,FAM83E,3,KICH;KIRC;KIRP,3,1,0,0,-3.44414882158461,-3.1233148329052733,1.0059403253078587,1.0823469072988103,TRUE
CYP3A7,0.5,3,KICH;KIRC;KIRP,ENSG00000105991,HOXA1,3,KICH;KIRC;KIRP,0,0,1,0.3333333333333333,0.1368199303396598,0.4311374032605002,1.576726577084767,1.6340171651643534,TRUE
CYP3A7,0.5,3,KICH;KIRC;KIRP,ENSG00000106013,ANKRD7,3,KICH;KIRC;KIRP,1,0.3333333333333333,0,0,0.15024748631247054,-0.08286481981198404,1.101990640117506,1.1475614359623414,TRUE
CYP3A7,0.5,3,KICH;KIRC;KIRP,ENSG00000107014,RLN2,3,KICH;KIRC;KIRP,2,0.6666666666666666,0,0,-1.3177254290013511,-1.435023836554614,1.0072132835065388,1.0599241908530654,TRUE
CYP3A7,0.5,3,KICH;KIRC;KIRP,ENSG00000107018,RLN1,3,KICH;KIRC;KIRP,2,0.6666666666666666,0,0,-1.3585857205201324,-1.0723268653164406,1.3420680274423007,1.4203497565698804,TRUE
CYP3A7,0.5,3,KICH;KIRC;KIRP,ENSG00000107593,PKD2L1,3,KICH;KIRC;KIRP,0,0,3,1,2.8948128804663074,2.8693374328059043,1.3241571166020323,1.3463429338309028,TRUE
CYP3A7,0.5,3,KICH;KIRC;KIRP,ENSG00000108244,KRT23,3,KICH;KIRC;KIRP,2,0.6666666666666666,1,0.3333333333333333,-2.146851556020964,-1.0338774401188884,1.0786836747546198,1.0922699823008533,TRUE
CYP3A7,0.5,3,KICH;KIRC;KIRP,ENSG00000108576,SLC6A4,3,KICH;KIRC;KIRP,2,0.6666666666666666,1,0.3333333333333333,-2.6544108199456753,-1.5211614852965358,1.4182785553671724,1.4485726776085917,TRUE
CYP3A7,0.5,3,KICH;KIRC;KIRP,ENSG00000108602,ALDH3A1,3,KICH;KIRC;KIRP,1,0.3333333333333333,2,0.6666666666666666,0.6063190818064896,0.37650570574137726,1.4899479219358647,1.5199331620420338,TRUE
CYP3A7,0.5,3,KICH;KIRC;KIRP,ENSG00000108684,ASIC2,3,KICH;KIRC;KIRP,1,0.3333333333333333,0,0,-0.5825281975710427,-1.005133078525084,1.4647092613475707,1.6164038200560935,TRUE
CYP3A7,0.5,3,KICH;KIRC;KIRP,ENSG00000108700,CCL8,3,KICH;KIRC;KIRP,2,0.6666666666666666,0,0,-1.5853759026664664,-1.205535078814737,1.6426086768859667,1.8080382188073496,TRUE
CYP3A7,0.5,3,KICH;KIRC;KIRP,ENSG00000109101,FOXN1,3,KICH;KIRC;KIRP,3,1,0,0,-2.703961045606426,-2.6419211772279794,1.3645941210024297,1.3799553220621543,TRUE
CYP3A7,0.5,3,KICH;KIRC;KIRP,ENSG00000109163,GNRHR,3,KICH;KIRC;KIRP,0,0,1,0.3333333333333333,-0.14543030355985612,0.3195071237267631,1.5766992769978287,1.6283387734538328,TRUE
CYP3A7,0.5,3,KICH;KIRC;KIRP,ENSG00000109205,ODAM,3,KICH;KIRC;KIRP,2,0.6666666666666666,1,0.3333333333333333,-6.13765032628913,-3.5456309455689663,0.5961477620433067,0.8025790053940988,TRUE
CYP3A7,0.5,3,KICH;KIRC;KIRP,ENSG00000109272,PF4V1,3,KICH;KIRC;KIRP,1,0.3333333333333333,2,0.6666666666666666,1.4108443956921,-0.4722360298609578,0.43388232963632734,0.512684348845707,TRUE
CYP3A7,0.5,3,KICH;KIRC;KIRP,ENSG00000110975,SYT10,3,KICH;KIRC;KIRP,1,0.3333333333333333,1,0.3333333333333333,-0.43348690479198754,-0.6434650969468809,1.1692015964156113,1.3272222741882245,TRUE
CYP3A7,0.5,3,KICH;KIRC;KIRP,ENSG00000111218,PRMT8,3,KICH;KIRC;KIRP,2,0.6666666666666666,1,0.3333333333333333,-2.9370579112665554,-1.44174262605682,1.3303915838041065,1.3506739008254764,TRUE
CYP3A7,0.5,3,KICH;KIRC;KIRP,ENSG00000111291,GPRC5D,3,KICH;KIRC;KIRP,0,0,1,0.3333333333333333,-0.0558334198642067,0.08170807466623091,1.6605711610382645,1.694421285402273,TRUE
CYP3A7,0.5,3,KICH;KIRC;KIRP,ENSG00000111305,GSG1,3,KICH;KIRC;KIRP,1,0.3333333333333333,1,0.3333333333333333,-0.5720156447861674,-0.7670612211145282,1.4073591737701259,1.4308403191674357,TRUE
CYP3A7,0.5,3,KICH;KIRC;KIRP,ENSG00000111339,ART4,3,KICH;KIRC;KIRP,2,0.6666666666666666,0,0,-1.7399387347592596,-1.3352638804864976,1.1556975106262477,1.197364379833552,TRUE
CYP3A7,0.5,3,KICH;KIRC;KIRP,ENSG00000111796,KLRB1,3,KICH;KIRC;KIRP,0,0,2,0.6666666666666666,0.6677009109630354,0.9543821591443551,1.6250587002448011,1.6629827718672194,TRUE
CYP3A7,0.5,3,KICH;KIRC;KIRP,ENSG00000111981,ULBP1,3,KICH;KIRC;KIRP,1,0.3333333333333333,0,0,0.09951709025611225,-0.15629813764161812,0.7612480381885459,0.8456327214799454,TRUE
CYP3A7,0.5,3,KICH;KIRC;KIRP,ENSG00000112175,BMP5,3,KICH;KIRC;KIRP,3,1,0,0,-2.788776773437804,-3.1635845255452066,0.9461331098686268,0.9568450236407374,TRUE
CYP3A7,0.5,3,KICH;KIRC;KIRP,ENSG00000112212,TSPO2,3,KICH;KIRC;KIRP,3,1,0,0,-0.7087035517430481,-1.021885265005535,0.8557179131017701,0.9041812920969138,TRUE
CYP3A7,0.5,3,KICH;KIRC;KIRP,ENSG00000112706,IMPG1,3,KICH;KIRC;KIRP,1,0.3333333333333333,0,0,-0.49069061976714073,-0.4771449009125884,1.5008778496278097,1.5107492871009685,TRUE
CYP3A7,0.5,3,KICH;KIRC;KIRP,ENSG00000112742,TTK,3,KICH;KIRC;KIRP,0,0,3,1,2.2585794161022075,2.1200669876188054,1.6422305216022286,1.6541324176433552,TRUE
CYP3A7,0.5,3,KICH;KIRC;KIRP,ENSG00000112761,CCN6,3,KICH;KIRC;KIRP,3,1,0,0,-2.8286672823930816,-3.5092754281875798,1.1337759967658048,1.2285586527854684,TRUE
CYP3A7,0.5,3,KICH;KIRC;KIRP,ENSG00000112984,KIF20A,3,KICH;KIRC;KIRP,0,0,3,1,2.6851388491834323,2.4812807283185925,1.6505722357235302,1.6696374546561426,TRUE
CYP3A7,0.5,3,KICH;KIRC;KIRP,ENSG00000113100,CDH9,3,KICH;KIRC;KIRP,3,1,0,0,-2.669610077099343,-3.502300681983584,1.249041877794062,1.286279921509783,TRUE
CYP3A7,0.5,3,KICH;KIRC;KIRP,ENSG00000113262,GRM6,3,KICH;KIRC;KIRP,2,0.6666666666666666,0,0,-0.8088151316516724,-0.9795701128718914,1.6876677497830423,1.6981144556264054,TRUE
CYP3A7,0.5,3,KICH;KIRC;KIRP,ENSG00000113600,C9,3,KICH;KIRC;KIRP,2,0.6666666666666666,1,0.3333333333333333,-1.3935716300550651,-0.6971077624494348,0.6635204690298142,0.7936331939453507,TRUE
CYP3A7,0.5,3,KICH;KIRC;KIRP,ENSG00000114113,RBP2,3,KICH;KIRC;KIRP,3,1,0,0,-4.3375568410749485,-4.361848967379848,0.517630280101053,0.7452995254097522,TRUE
CYP3A7,0.5,3,KICH;KIRC;KIRP,ENSG00000114248,LRRC31,3,KICH;KIRC;KIRP,0,0,2,0.6666666666666666,0.6487439793647876,1.2486249963703302,1.0974817172276372,1.1448808719587236,TRUE
CYP3A7,0.5,3,KICH;KIRC;KIRP,ENSG00000115009,CCL20,3,KICH;KIRC;KIRP,1,0.3333333333333333,1,0.3333333333333333,0.14043965590688393,0.43111473093836433,1.3445727598569477,1.4281554752853638,TRUE
CYP3A7,0.5,3,KICH;KIRC;KIRP,ENSG00000115423,DNAH6,3,KICH;KIRC;KIRP,1,0.3333333333333333,0,0,-0.30432611364044915,-1.3142127206297045,1.4967171918711293,1.6544236019718788,TRUE
CYP3A7,0.5,3,KICH;KIRC;KIRP,ENSG00000115474,KCNJ13,3,KICH;KIRC;KIRP,3,1,0,0,-2.1641378007559817,-2.6912532417558213,1.115402322522107,1.3510835656120588,TRUE
CYP3A7,0.5,3,KICH;KIRC;KIRP,ENSG00000115607,IL18RAP,3,KICH;KIRC;KIRP,1,0.3333333333333333,2,0.6666666666666666,1.2447025251857475,0.9509199305422038,1.67713298127937,1.7164916882978674,TRUE
CYP3A7,0.5,3,KICH;KIRC;KIRP,ENSG00000115665,SLC5A7,3,KICH;KIRC;KIRP,3,1,0,0,-4.369345528702887,-3.501956353874648,1.0810474253572289,1.0843811562910946,TRUE
CYP3A7,0.5,3,KICH;KIRC;KIRP,ENSG00000115919,KYNU,3,KICH;KIRC;KIRP,0,0,1,0.3333333333333333,0.161953645719473,0.1978036000347813,1.6027219060985687,1.6379883405647266,TRUE
CYP3A7,0.5,3,KICH;KIRC;KIRP,ENSG00000116329,OPRD1,3,KICH;KIRC;KIRP,0,0,3,1,1.5435832141741987,1.583885128229921,1.603678976763136,1.6188462377186867,TRUE
CYP3A7,0.5,3,KICH;KIRC;KIRP,ENSG00000117090,SLAMF1,3,KICH;KIRC;KIRP,1,0.3333333333333333,1,0.3333333333333333,0.08768187514228275,0.303653120548451,1.2168051445085553,1.2417721304727674,TRUE
CYP3A7,0.5,3,KICH;KIRC;KIRP,ENSG00000117322,CR2,3,KICH;KIRC;KIRP,3,1,0,0,-4.303703447534936,-3.4501036960004656,0.9831872435413235,1.11556525436528,TRUE
CYP3A7,0.5,3,KICH;KIRC;KIRP,ENSG00000117560,FASLG,3,KICH;KIRC;KIRP,0,0,3,1,1.4901012424864493,2.074450610407787,1.4816581650108782,1.5417662065387223,TRUE
CYP3A7,0.5,3,KICH;KIRC;KIRP,ENSG00000117601,SERPINC1,3,KICH;KIRC;KIRP,3,1,0,0,-2.025119687054208,-2.2350883321073183,0.39053706297122737,0.40307073020571366,TRUE
CYP3A7,0.5,3,KICH;KIRC;KIRP,ENSG00000117971,CHRNB4,3,KICH;KIRC;KIRP,2,0.6666666666666666,0,0,-1.144123096317163,-0.803855739120276,1.0006597552965488,1.009870745469356,TRUE
CYP3A7,0.5,3,KICH;KIRC;KIRP,ENSG00000118017,A4GNT,3,KICH;KIRC;KIRP,1,0.3333333333333333,1,0.3333333333333333,-0.11782525998229684,-1.0531779013396287,0.45141250250873116,0.49892912977310216,TRUE
CYP3A7,0.5,3,KICH;KIRC;KIRP,ENSG00000118156,ZNF541,3,KICH;KIRC;KIRP,1,0.3333333333333333,1,0.3333333333333333,0.05302971200267006,0.08250460415747075,1.3542770977117176,1.386888094272545,TRUE
CYP3A7,0.5,3,KICH;KIRC;KIRP,ENSG00000118271,TTR,3,KICH;KIRC;KIRP,2,0.6666666666666666,1,0.3333333333333333,-4.397772763696345,-2.0431069375816717,1.2217126152165132,1.295678779412539,TRUE
CYP3A7,0.5,3,KICH;KIRC;KIRP,ENSG00000118557,PMFBP1,3,KICH;KIRC;KIRP,0,0,2,0.6666666666666666,1.438663937659379,1.0768065503140969,1.545796670006418,1.5781168313830365,TRUE
CYP3A7,0.5,3,KICH;KIRC;KIRP,ENSG00000118733,OLFM3,3,KICH;KIRC;KIRP,3,1,0,0,-5.546945586878985,-5.644529729578486,1.5751851216117898,1.5888360726254227,TRUE
CYP3A7,0.5,3,KICH;KIRC;KIRP,ENSG00000119547,ONECUT2,3,KICH;KIRC;KIRP,1,0.3333333333333333,2,0.6666666666666666,1.7824642132865596,1.1653121777225925,1.5458943236164433,1.5650246788755664,TRUE
CYP3A7,0.5,3,KICH;KIRC;KIRP,ENSG00000119915,ELOVL3,3,KICH;KIRC;KIRP,3,1,0,0,-1.511603445262855,-1.4627852160642052,1.5236502461359525,1.5383731770194944,TRUE
CYP3A7,0.5,3,KICH;KIRC;KIRP,ENSG00000120215,MLANA,3,KICH;KIRC;KIRP,1,0.3333333333333333,0,0,0.06174933796872355,-0.1884872816986636,1.6453611956348295,1.6706851314514093,TRUE
CYP3A7,0.5,3,KICH;KIRC;KIRP,ENSG00000120280,CXorf21,3,KICH;KIRC;KIRP,0,0,2,0.6666666666666666,0.6901147081111082,0.9107472424547767,1.6426630667560784,1.6633676847208472,TRUE
CYP3A7,0.5,3,KICH;KIRC;KIRP,ENSG00000120332,TNN,3,KICH;KIRC;KIRP,1,0.3333333333333333,1,0.3333333333333333,-0.5713783441368055,-0.6300144391569523,1.4255934372448407,1.4305918742886987,TRUE
CYP3A7,0.5,3,KICH;KIRC;KIRP,ENSG00000120471,TP53AIP1,3,KICH;KIRC;KIRP,3,1,0,0,-2.6779212770865417,-3.3860183577526977,1.0893153086586431,1.1680245384040495,TRUE
CYP3A7,0.5,3,KICH;KIRC;KIRP,ENSG00000120669,SOHLH2,3,KICH;KIRC;KIRP,0,0,1,0.3333333333333333,-0.3983558569747821,-0.052852133444268576,1.310994895567209,1.3687987145136624,TRUE
CYP3A7,0.5,3,KICH;KIRC;KIRP,ENSG00000121380,BCL2L14,3,KICH;KIRC;KIRP,1,0.3333333333333333,0,0,-0.46088652297486127,-0.6058817175927758,1.453392079055339,1.5161613881303906,TRUE
CYP3A7,0.5,3,KICH;KIRC;KIRP,ENSG00000121621,KIF18A,3,KICH;KIRC;KIRP,0,0,2,0.6666666666666666,1.6005412856079817,1.2810515227159,1.7193683726098223,1.7572774601986896,TRUE
CYP3A7,0.5,3,KICH;KIRC;KIRP,ENSG00000121743,GJA3,3,KICH;KIRC;KIRP,3,1,0,0,-4.377488177030049,-3.736132966141583,0.7326283526590945,0.7370413452661074,TRUE
CYP3A7,0.5,3,KICH;KIRC;KIRP,ENSG00000121895,TMEM156,3,KICH;KIRC;KIRP,0,0,2,0.6666666666666666,1.0109717593843464,0.9822635232490292,1.454782427734188,1.4632842673193376,TRUE
CYP3A7,0.5,3,KICH;KIRC;KIRP,ENSG00000122224,LY9,3,KICH;KIRC;KIRP,0,0,3,1,0.9269081956923744,1.356459767626546,1.4142939687369114,1.4215251466821135,TRUE
CYP3A7,0.5,3,KICH;KIRC;KIRP,ENSG00000122432,SPATA1,3,KICH;KIRC;KIRP,1,0.3333333333333333,0,0,-0.26280291334621586,-0.5105594011381867,1.6491060296898148,1.667927122731032,TRUE
CYP3A7,0.5,3,KICH;KIRC;KIRP,ENSG00000122735,DNAI1,3,KICH;KIRC;KIRP,2,0.6666666666666666,1,0.3333333333333333,-1.0457715706665391,-0.9283179023502601,0.6117855021261265,0.785334571796359,TRUE
CYP3A7,0.5,3,KICH;KIRC;KIRP,ENSG00000123388,HOXC11,3,KICH;KIRC;KIRP,1,0.3333333333333333,1,0.3333333333333333,0.198838149271566,-0.17064829405918563,0.7759778620901099,0.9844895696710688,TRUE
CYP3A7,0.5,3,KICH;KIRC;KIRP,ENSG00000123405,NFE2,3,KICH;KIRC;KIRP,1,0.3333333333333333,1,0.3333333333333333,0.4541647354808856,0.1963775503580862,1.020453107799717,1.0531687636096327,TRUE
CYP3A7,0.5,3,KICH;KIRC;KIRP,ENSG00000123454,DBH,3,KICH;KIRC;KIRP,3,1,0,0,-2.114657445548108,-2.335824483270768,1.0711773355845278,1.1125844796740278,TRUE
CYP3A7,0.5,3,KICH;KIRC;KIRP,ENSG00000123485,HJURP,3,KICH;KIRC;KIRP,0,0,3,1,2.9154462933275744,2.7000735244291927,1.491005552972494,1.5339564798296867,TRUE
CYP3A7,0.5,3,KICH;KIRC;KIRP,ENSG00000123496,IL13RA2,3,KICH;KIRC;KIRP,3,1,0,0,-4.3817836050107335,-3.2539088257739675,1.2615730352520351,1.331740488969483,TRUE
CYP3A7,0.5,3,KICH;KIRC;KIRP,ENSG00000123500,COL10A1,3,KICH;KIRC;KIRP,1,0.3333333333333333,0,0,-0.5342151578227479,-0.457132275967316,1.488857237443535,1.496144363633298,TRUE
CYP3A7,0.5,3,KICH;KIRC;KIRP,ENSG00000123977,DAW1,3,KICH;KIRC;KIRP,2,0.6666666666666666,1,0.3333333333333333,-1.4509292258286015,-1.1190989835750964,1.1965094451449974,1.2032435913177582,TRUE
CYP3A7,0.5,3,KICH;KIRC;KIRP,ENSG00000124116,WFDC3,3,KICH;KIRC;KIRP,1,0.3333333333333333,0,0,0.21959426043690644,-0.050361979512943925,1.6707984277135333,1.6849128457793832,TRUE
CYP3A7,0.5,3,KICH;KIRC;KIRP,ENSG00000124134,KCNS1,3,KICH;KIRC;KIRP,2,0.6666666666666666,1,0.3333333333333333,-0.8936904515339833,-0.970211002818652,1.5950619477872354,1.6736213976510912,TRUE
CYP3A7,0.5,3,KICH;KIRC;KIRP,ENSG00000124157,SEMG2,3,KICH;KIRC;KIRP,3,1,0,0,-6.2350099194096025,-6.090963279411411,0.7519128721199752,0.9043957427378352,TRUE
CYP3A7,0.5,3,KICH;KIRC;KIRP,ENSG00000124256,ZBP1,3,KICH;KIRC;KIRP,0,0,2,0.6666666666666666,1.0839877788908745,1.2183860220939882,1.573434072317636,1.5929777014955826,TRUE
CYP3A7,0.5,3,KICH;KIRC;KIRP,ENSG00000124490,CRISP2,3,KICH;KIRC;KIRP,3,1,0,0,-5.027346558644855,-5.015658401898898,0.40734602728085045,0.4118866449480473,TRUE
CYP3A7,0.5,3,KICH;KIRC;KIRP,ENSG00000124678,TCP11,3,KICH;KIRC;KIRP,3,1,0,0,-1.2250284228231665,-1.2657538698072859,0.8795431288626908,0.8910807056922212,TRUE
CYP3A7,0.5,3,KICH;KIRC;KIRP,ENSG00000124721,DNAH8,3,KICH;KIRC;KIRP,3,1,0,0,-2.0169936948145653,-1.665483361240082,1.331900974017518,1.3696790705158903,TRUE
CYP3A7,0.5,3,KICH;KIRC;KIRP,ENSG00000124731,TREM1,3,KICH;KIRC;KIRP,1,0.3333333333333333,2,0.6666666666666666,1.8746848780035448,1.3192352915246712,1.1925127343429645,1.285470381000036,TRUE
CYP3A7,0.5,3,KICH;KIRC;KIRP,ENSG00000124875,CXCL6,3,KICH;KIRC;KIRP,1,0.3333333333333333,1,0.3333333333333333,-0.41297566554750254,-0.7338999694364597,0.8725290729799801,0.9405207887564035,TRUE
CYP3A7,0.5,3,KICH;KIRC;KIRP,ENSG00000124935,SCGB1D2,3,KICH;KIRC;KIRP,3,1,0,0,-1.863501467890854,-2.118271936185942,1.3226064624015572,1.520469558830815,TRUE
CYP3A7,0.5,3,KICH;KIRC;KIRP,ENSG00000124939,SCGB2A1,3,KICH;KIRC;KIRP,2,0.6666666666666666,0,0,-1.351681512739938,-1.599678888368822,1.3164134705415071,1.45294002707713,TRUE
CYP3A7,0.5,3,KICH;KIRC;KIRP,ENSG00000125046,SSUH2,3,KICH;KIRC;KIRP,3,1,0,0,-2.753405126864103,-2.4734728496991396,1.1305490874031292,1.2337027370650524,TRUE
CYP3A7,0.5,3,KICH;KIRC;KIRP,ENSG00000125207,PIWIL1,3,KICH;KIRC;KIRP,3,1,0,0,-2.4842074434396513,-2.377019699817623,0.6549877813415383,0.7128126603624692,TRUE
CYP3A7,0.5,3,KICH;KIRC;KIRP,ENSG00000125508,SRMS,3,KICH;KIRC;KIRP,2,0.6666666666666666,0,0,-0.9620717301399784,-0.7979014652866602,1.5288592791843616,1.5390120268745158,TRUE
CYP3A7,0.5,3,KICH;KIRC;KIRP,ENSG00000125531,FNDC11,3,KICH;KIRC;KIRP,3,1,0,0,-2.359934960720888,-2.3506398894932223,1.4170084574757809,1.548480031980098,TRUE
CYP3A7,0.5,3,KICH;KIRC;KIRP,ENSG00000125726,CD70,3,KICH;KIRC;KIRP,0,0,2,0.6666666666666666,4.626079695734138,4.100891313859579,1.549034958964203,1.571303543184097,TRUE
CYP3A7,0.5,3,KICH;KIRC;KIRP,ENSG00000126262,FFAR2,3,KICH;KIRC;KIRP,0,0,2,0.6666666666666666,1.0125432007917778,0.8526957518405571,1.4887414431556638,1.607744134746928,TRUE
CYP3A7,0.5,3,KICH;KIRC;KIRP,ENSG00000126733,DACH2,3,KICH;KIRC;KIRP,3,1,0,0,-5.650935528612369,-5.371130684565172,1.0161923687947645,1.169086787300064,TRUE
CYP3A7,0.5,3,KICH;KIRC;KIRP,ENSG00000126787,DLGAP5,3,KICH;KIRC;KIRP,0,0,3,1,2.819086261087827,2.912024888153062,1.5125180387788024,1.5714727961860857,TRUE
CYP3A7,0.5,3,KICH;KIRC;KIRP,ENSG00000127325,BEST3,3,KICH;KIRC;KIRP,1,0.3333333333333333,2,0.6666666666666666,1.1199228325099009,0.3119077588468162,1.14908157603689,1.1622396943908109,TRUE
CYP3A7,0.5,3,KICH;KIRC;KIRP,ENSG00000127412,TRPV5,3,KICH;KIRC;KIRP,3,1,0,0,-5.318709127425619,-5.3164652235867225,1.619284392299521,1.6309533578035074,TRUE
CYP3A7,0.5,3,KICH;KIRC;KIRP,ENSG00000127928,GNGT1,3,KICH;KIRC;KIRP,0,0,3,1,0.8803619555877584,1.2954658326860948,0.8257168256689392,0.91317930713173,TRUE
CYP3A7,0.5,3,KICH;KIRC;KIRP,ENSG00000128218,VPREB3,3,KICH;KIRC;KIRP,0,0,1,0.3333333333333333,0.549691643543897,0.5885372421997499,1.4962215251297941,1.498600700775098,TRUE
CYP3A7,0.5,3,KICH;KIRC;KIRP,ENSG00000128383,APOBEC3A,3,KICH;KIRC;KIRP,1,0.3333333333333333,1,0.3333333333333333,-0.02086306216586592,0.06991556127241434,1.2588767604338205,1.2958246531913375,TRUE
CYP3A7,0.5,3,KICH;KIRC;KIRP,ENSG00000128510,CPA4,3,KICH;KIRC;KIRP,1,0.3333333333333333,2,0.6666666666666666,1.356048202293206,0.37229936463325186,1.2624288380862307,1.3171115033091223,TRUE
CYP3A7,0.5,3,KICH;KIRC;KIRP,ENSG00000128564,VGF,3,KICH;KIRC;KIRP,2,0.6666666666666666,1,0.3333333333333333,-1.153965111482413,0.05270913644318501,1.6425591287651606,1.6644288199379642,TRUE
CYP3A7,0.5,3,KICH;KIRC;KIRP,ENSG00000128645,HOXD1,3,KICH;KIRC;KIRP,3,1,0,0,-1.387788169653975,-1.5491712936931137,1.1976616836578646,1.3213501132742065,TRUE
CYP3A7,0.5,3,KICH;KIRC;KIRP,ENSG00000128655,PDE11A,3,KICH;KIRC;KIRP,0,0,3,1,0.9868446157314822,1.2519231737235683,1.6016539020472198,1.6774209133244486,TRUE
CYP3A7,0.5,3,KICH;KIRC;KIRP,ENSG00000129204,USP6,3,KICH;KIRC;KIRP,1,0.3333333333333333,0,0,-0.3941891755094803,-0.5134712580867556,1.633974450897421,1.6808712555907204,TRUE
CYP3A7,0.5,3,KICH;KIRC;KIRP,ENSG00000129214,SHBG,3,KICH;KIRC;KIRP,3,1,0,0,-2.095978992078426,-1.9046631949913357,0.9932889596409593,1.0345511638277678,TRUE
CYP3A7,0.5,3,KICH;KIRC;KIRP,ENSG00000129810,SGO1,3,KICH;KIRC;KIRP,0,0,3,1,1.0591601084263718,1.2354660338554169,1.4744590460383673,1.520847166391285,TRUE
CYP3A7,0.5,3,KICH;KIRC;KIRP,ENSG00000129988,LBP,3,KICH;KIRC;KIRP,2,0.6666666666666666,1,0.3333333333333333,-3.031302185521791,-2.016901500465833,1.1234305196463579,1.1719565433651875,TRUE
CYP3A7,0.5,3,KICH;KIRC;KIRP,ENSG00000130045,NXNL2,3,KICH;KIRC;KIRP,1,0.3333333333333333,1,0.3333333333333333,0.26627439653216983,-1.044460303198298,1.3530447355253574,1.4634499994610808,TRUE
CYP3A7,0.5,3,KICH;KIRC;KIRP,ENSG00000130055,GDPD2,3,KICH;KIRC;KIRP,2,0.6666666666666666,0,0,-0.9933439320680192,-1.66739739962152,1.639901995100858,1.6721347244140468,TRUE
CYP3A7,0.5,3,KICH;KIRC;KIRP,ENSG00000130377,ACSBG2,3,KICH;KIRC;KIRP,3,1,0,0,-1.7253681685691191,-1.9851974446192782,0.9925126856183899,0.9981170546395391,TRUE
CYP3A7,0.5,3,KICH;KIRC;KIRP,ENSG00000130487,KLHDC7B,3,KICH;KIRC;KIRP,0,0,1,0.3333333333333333,-0.4926586155943089,0.7142577334016489,1.4130890358710941,1.4286838197094371,TRUE
CYP3A7,0.5,3,KICH;KIRC;KIRP,ENSG00000130701,RBBP8NL,3,KICH;KIRC;KIRP,2,0.6666666666666666,1,0.3333333333333333,-6.149834178232125,-3.8986363206259784,1.1406289946473034,1.3042756598645364,TRUE
CYP3A7,0.5,3,KICH;KIRC;KIRP,ENSG00000131015,ULBP2,3,KICH;KIRC;KIRP,0,0,2,0.6666666666666666,0.6724399786525884,0.5700437674741058,1.2964180867313473,1.340055991498424,TRUE
CYP3A7,0.5,3,KICH;KIRC;KIRP,ENSG00000131044,TTLL9,3,KICH;KIRC;KIRP,2,0.6666666666666666,0,0,-0.6736912596947415,-0.6048195997254272,1.523338270043106,1.6032637622442898,TRUE
CYP3A7,0.5,3,KICH;KIRC;KIRP,ENSG00000131096,PYY,3,KICH;KIRC;KIRP,2,0.6666666666666666,1,0.3333333333333333,-0.8678355602814041,0.4598069104946942,0.3002381501990965,0.38640685045942946,TRUE
CYP3A7,0.5,3,KICH;KIRC;KIRP,ENSG00000131187,F12,3,KICH;KIRC;KIRP,1,0.3333333333333333,2,0.6666666666666666,1.0789807788350811,0.1979647308580136,1.5947017798754979,1.6204714386635095,TRUE
CYP3A7,0.5,3,KICH;KIRC;KIRP,ENSG00000131203,IDO1,3,KICH;KIRC;KIRP,0,0,3,1,2.40094544094442,2.7458626912272845,1.4350130452689664,1.4630681959389926,TRUE
CYP3A7,0.5,3,KICH;KIRC;KIRP,ENSG00000131355,ADGRE3,3,KICH;KIRC;KIRP,0,0,2,0.6666666666666666,1.1781952622225544,0.8526318451860496,1.4989923921565662,1.6142282341053646,TRUE
CYP3A7,0.5,3,KICH;KIRC;KIRP,ENSG00000131379,C3orf20,3,KICH;KIRC;KIRP,3,1,0,0,-0.997278254159528,-0.9372073217474404,1.534463409165961,1.5470393801146036,TRUE
CYP3A7,0.5,3,KICH;KIRC;KIRP,ENSG00000131746,TNS4,3,KICH;KIRC;KIRP,2,0.6666666666666666,1,0.3333333333333333,-3.4812110662947804,-2.0554487018850236,1.345641657915334,1.5269613515753375,TRUE
CYP3A7,0.5,3,KICH;KIRC;KIRP,ENSG00000132517,SLC52A1,3,KICH;KIRC;KIRP,1,0.3333333333333333,1,0.3333333333333333,-0.04787975406640609,0.04182751639796674,1.2166968705023802,1.219193441029281,TRUE
CYP3A7,0.5,3,KICH;KIRC;KIRP,ENSG00000132746,ALDH3B2,3,KICH;KIRC;KIRP,3,1,0,0,-5.7484623849266985,-4.464302326502579,0.840016691612404,1.0044301172890429,TRUE
CYP3A7,0.5,3,KICH;KIRC;KIRP,ENSG00000132932,ATP8A2,3,KICH;KIRC;KIRP,0,0,0,0,-0.04992873835828504,0.0326310145667974,1.6202498222682185,1.6755666406433856,TRUE
CYP3A7,0.5,3,KICH;KIRC;KIRP,ENSG00000133020,MYH8,3,KICH;KIRC;KIRP,3,1,0,0,-2.829742712626516,-4.443134878567076,1.2496962720753926,1.4740168119041055,TRUE
CYP3A7,0.5,3,KICH;KIRC;KIRP,ENSG00000133055,MYBPH,3,KICH;KIRC;KIRP,3,1,0,0,-3.274369873057104,-3.0789663686913356,0.49302776971471857,0.5071047657729407,TRUE
CYP3A7,0.5,3,KICH;KIRC;KIRP,ENSG00000133063,CHIT1,3,KICH;KIRC;KIRP,0,0,3,1,4.354242818884674,3.823461543690451,1.7041086515948616,1.7081511275082344,TRUE
CYP3A7,0.5,3,KICH;KIRC;KIRP,ENSG00000133107,TRPC4,3,KICH;KIRC;KIRP,2,0.6666666666666666,1,0.3333333333333333,-1.1375642875937584,-0.602134361805871,1.5994152544846643,1.678808425015987,TRUE
CYP3A7,0.5,3,KICH;KIRC;KIRP,ENSG00000133317,LGALS12,3,KICH;KIRC;KIRP,0,0,2,0.6666666666666666,2.0054835998433513,1.8389888479168777,1.6339513052542587,1.656506134596101,TRUE
CYP3A7,0.5,3,KICH;KIRC;KIRP,ENSG00000133328,PLAAT2,3,KICH;KIRC;KIRP,3,1,0,0,-1.879834860651636,-2.2831579749028545,1.677898702925294,1.6937475557411077,TRUE
CYP3A7,0.5,3,KICH;KIRC;KIRP,ENSG00000133454,MYO18B,3,KICH;KIRC;KIRP,3,1,0,0,-2.5850339719848647,-2.5813834627311705,1.570548624471552,1.577692376443392,TRUE
CYP3A7,0.5,3,KICH;KIRC;KIRP,ENSG00000133475,GGT2,3,KICH;KIRC;KIRP,1,0.3333333333333333,0,0,0.16833260602573932,-0.7310731707586022,1.6288507580737968,1.637248020280253,TRUE
CYP3A7,0.5,3,KICH;KIRC;KIRP,ENSG00000133488,SEC14L4,3,KICH;KIRC;KIRP,2,0.6666666666666666,0,0,-0.9867363181731862,-1.627761900802979,1.1537503710187091,1.1843055956191897,TRUE
CYP3A7,0.5,3,KICH;KIRC;KIRP,ENSG00000133640,LRRIQ1,3,KICH;KIRC;KIRP,2,0.6666666666666666,1,0.3333333333333333,-0.7518497657049014,-1.294078670844982,1.1749114400271763,1.3633049093679122,TRUE
CYP3A7,0.5,3,KICH;KIRC;KIRP,ENSG00000133665,DYDC2,3,KICH;KIRC;KIRP,2,0.6666666666666666,0,0,-1.5189360831043637,-1.1858428758814932,1.4402263799098185,1.5219785621718918,TRUE
CYP3A7,0.5,3,KICH;KIRC;KIRP,ENSG00000133710,SPINK5,3,KICH;KIRC;KIRP,0,0,2,0.6666666666666666,1.313675497824926,1.307793328345324,1.45086949750999,1.5177262769436854,TRUE
CYP3A7,0.5,3,KICH;KIRC;KIRP,ENSG00000133958,UNC79,3,KICH;KIRC;KIRP,1,0.3333333333333333,0,0,-0.11913343487585187,-0.2310510200878495,1.4798566878412815,1.4884670530592217,TRUE
CYP3A7,0.5,3,KICH;KIRC;KIRP,ENSG00000134115,CNTN6,3,KICH;KIRC;KIRP,0,0,1,0.3333333333333333,0.36359501874647926,1.7826227031210506,1.4340185616331902,1.439663392049607,TRUE
CYP3A7,0.5,3,KICH;KIRC;KIRP,ENSG00000134160,TRPM1,3,KICH;KIRC;KIRP,3,1,0,0,-1.8660788690326449,-1.7537170720031052,1.1934592624191322,1.2211626507934907,TRUE
CYP3A7,0.5,3,KICH;KIRC;KIRP,ENSG00000134207,SYT6,3,KICH;KIRC;KIRP,1,0.3333333333333333,1,0.3333333333333333,0.13379142289835097,-0.04951217145363418,0.9786605495422458,1.02495344753618,TRUE
CYP3A7,0.5,3,KICH;KIRC;KIRP,ENSG00000134343,ANO3,3,KICH;KIRC;KIRP,2,0.6666666666666666,0,0,-1.8089514567683784,-1.4077663935491447,1.3300866913991038,1.3854955297795335,TRUE
CYP3A7,0.5,3,KICH;KIRC;KIRP,ENSG00000134460,IL2RA,3,KICH;KIRC;KIRP,0,0,2,0.6666666666666666,0.8904855583897876,1.1899010572157502,1.2474751690079742,1.2670850018568116,TRUE
CYP3A7,0.5,3,KICH;KIRC;KIRP,ENSG00000134539,KLRD1,3,KICH;KIRC;KIRP,0,0,3,1,2.060647247508442,1.8462510179735308,1.6677259987349815,1.693727885617362,TRUE
CYP3A7,0.5,3,KICH;KIRC;KIRP,ENSG00000134962,KLB,3,KICH;KIRC;KIRP,2,0.6666666666666666,0,0,-0.7511618401569811,-0.8839825880080775,1.7240087570266163,1.7825973420164851,TRUE
CYP3A7,0.5,3,KICH;KIRC;KIRP,ENSG00000135346,CGA,3,KICH;KIRC;KIRP,3,1,0,0,-4.694914825937189,-3.648288661953994,0.3945400823438105,0.5011147748103011,TRUE
CYP3A7,0.5,3,KICH;KIRC;KIRP,ENSG00000135436,FAM186B,3,KICH;KIRC;KIRP,0,0,1,0.3333333333333333,0.3911314330554232,0.49910727724595444,1.4697130689421245,1.4787812499708537,TRUE
CYP3A7,0.5,3,KICH;KIRC;KIRP,ENSG00000135476,ESPL1,3,KICH;KIRC;KIRP,0,0,0,0,-0.00829113847495652,0.04076657099251735,1.4120436944244614,1.498688804560361,TRUE
CYP3A7,0.5,3,KICH;KIRC;KIRP,ENSG00000135697,BCO1,3,KICH;KIRC;KIRP,1,0.3333333333333333,2,0.6666666666666666,1.3618351682529473,-0.34559915431785293,1.4112414291193822,1.468876979513426,TRUE
CYP3A7,0.5,3,KICH;KIRC;KIRP,ENSG00000135914,HTR2B,3,KICH;KIRC;KIRP,3,1,0,0,-1.5046564701882508,-2.0386316193603,1.494716634864324,1.5789680470484433,TRUE
CYP3A7,0.5,3,KICH;KIRC;KIRP,ENSG00000135960,EDAR,3,KICH;KIRC;KIRP,2,0.6666666666666666,0,0,-1.6440078703158847,-2.6060253627468684,0.9496053302265459,1.0342843181211698,TRUE
CYP3A7,0.5,3,KICH;KIRC;KIRP,ENSG00000136449,MYCBPAP,3,KICH;KIRC;KIRP,2,0.6666666666666666,0,0,-0.8937103786866154,-0.8407041713740621,1.6932747277851385,1.774257855251722,TRUE
CYP3A7,0.5,3,KICH;KIRC;KIRP,ENSG00000136573,BLK,3,KICH;KIRC;KIRP,2,0.6666666666666666,1,0.3333333333333333,-0.6151839478885218,-0.4051775584128096,0.5527070083747015,0.6174053996058523,TRUE
CYP3A7,0.5,3,KICH;KIRC;KIRP,ENSG00000136881,BAAT,3,KICH;KIRC;KIRP,1,0.3333333333333333,1,0.3333333333333333,-0.2441995376327174,0.6318951197664185,1.443730463673621,1.473335364043792,TRUE
CYP3A7,0.5,3,KICH;KIRC;KIRP,ENSG00000136943,CTSV,3,KICH;KIRC;KIRP,3,1,0,0,-2.772357207627592,-2.700684676121526,1.625677838490531,1.7185779363920617,TRUE
CYP3A7,0.5,3,KICH;KIRC;KIRP,ENSG00000137078,SIT1,3,KICH;KIRC;KIRP,0,0,2,0.6666666666666666,1.118663172551765,1.2456158095417322,1.614151693344259,1.62290123385923,TRUE
CYP3A7,0.5,3,KICH;KIRC;KIRP,ENSG00000137270,GCM1,3,KICH;KIRC;KIRP,3,1,0,0,-2.4831114433416928,-3.2055647990480534,0.7853445559909918,0.8087253086133834,TRUE
CYP3A7,0.5,3,KICH;KIRC;KIRP,ENSG00000137440,FGFBP1,3,KICH;KIRC;KIRP,3,1,0,0,-4.972057497194235,-3.716625021474794,1.195691674434406,1.286971565817035,TRUE
CYP3A7,0.5,3,KICH;KIRC;KIRP,ENSG00000137561,TTPA,3,KICH;KIRC;KIRP,3,1,0,0,-3.804175503054632,-3.5487932932394535,1.3591101659046927,1.3766059328563045,TRUE
CYP3A7,0.5,3,KICH;KIRC;KIRP,ENSG00000137709,POU2F3,3,KICH;KIRC;KIRP,2,0.6666666666666666,0,0,-1.6662864400012511,-1.555577875013124,1.3265808185324972,1.5036896761785268,TRUE
CYP3A7,0.5,3,KICH;KIRC;KIRP,ENSG00000137812,KNL1,3,KICH;KIRC;KIRP,1,0.3333333333333333,1,0.3333333333333333,-0.3764739663528376,-0.23019615894194523,1.3786725256956385,1.525075569281097,TRUE
CYP3A7,0.5,3,KICH;KIRC;KIRP,ENSG00000137860,SLC28A2,3,KICH;KIRC;KIRP,3,1,0,0,-3.486664524605522,-3.258592054537752,0.6531299552119127,0.7415903961974647,TRUE
CYP3A7,0.5,3,KICH;KIRC;KIRP,ENSG00000138075,ABCG5,3,KICH;KIRC;KIRP,3,1,0,0,-1.1286907742134629,-1.460682704661142,1.4185144081971948,1.4511823986576031,TRUE
CYP3A7,0.5,3,KICH;KIRC;KIRP,ENSG00000138315,OIT3,3,KICH;KIRC;KIRP,2,0.6666666666666666,1,0.3333333333333333,-1.452467482449685,-0.9691682540786675,0.40742926415421243,0.507348210348155,TRUE
CYP3A7,0.5,3,KICH;KIRC;KIRP,ENSG00000138472,GUCA1C,3,KICH;KIRC;KIRP,3,1,0,0,-3.813443891461447,-3.594412162431715,0.6762740500362485,0.7082272296103446,TRUE
CYP3A7,0.5,3,KICH;KIRC;KIRP,ENSG00000138622,HCN4,3,KICH;KIRC;KIRP,3,1,0,0,-1.444514299706778,-1.316096248160065,1.1775818801063653,1.18652354300137,TRUE
CYP3A7,0.5,3,KICH;KIRC;KIRP,ENSG00000138823,MTTP,3,KICH;KIRC;KIRP,3,1,0,0,-4.230040719205407,-3.6691237303666417,1.4062644291453563,1.4357187750571316,TRUE
CYP3A7,0.5,3,KICH;KIRC;KIRP,ENSG00000139151,PLCZ1,3,KICH;KIRC;KIRP,2,0.6666666666666666,0,0,-3.3614380744064696,-2.317720138504812,0.8817036595030378,0.9370421539032828,TRUE
CYP3A7,0.5,3,KICH;KIRC;KIRP,ENSG00000139269,INHBE,3,KICH;KIRC;KIRP,0,0,3,1,2.590235436215787,2.7971551729838433,1.6523247846864666,1.7055314560901218,TRUE
CYP3A7,0.5,3,KICH;KIRC;KIRP,ENSG00000139344,AMDHD1,3,KICH;KIRC;KIRP,2,0.6666666666666666,0,0,-0.7289549412161059,-1.7510975428475306,1.3823293222447095,1.3928680143367853,TRUE
CYP3A7,0.5,3,KICH;KIRC;KIRP,ENSG00000139351,SYCP3,3,KICH;KIRC;KIRP,0,0,1,0.3333333333333333,0.01599459731541513,0.3729970780691483,1.5922495848375577,1.6211861886078804,TRUE
CYP3A7,0.5,3,KICH;KIRC;KIRP,ENSG00000139445,FOXN4,3,KICH;KIRC;KIRP,3,1,0,0,-2.371768548578864,-2.375353067054961,0.7276568308668916,0.7438648562458623,TRUE
CYP3A7,0.5,3,KICH;KIRC;KIRP,ENSG00000139572,GPR84,3,KICH;KIRC;KIRP,0,0,3,1,2.2307895536438243,1.861432504448402,1.5728429730617952,1.6411106961493538,TRUE
CYP3A7,0.5,3,KICH;KIRC;KIRP,ENSG00000139767,SRRM4,3,KICH;KIRC;KIRP,2,0.6666666666666666,0,0,-0.5994820054083837,-1.0094797574636862,1.637550287216891,1.6464727009260784,TRUE
CYP3A7,0.5,3,KICH;KIRC;KIRP,ENSG00000139973,SYT16,3,KICH;KIRC;KIRP,2,0.6666666666666666,1,0.3333333333333333,-1.1921151378293071,-0.12013220224036156,1.0985106994521334,1.157456914056692,TRUE
CYP3A7,0.5,3,KICH;KIRC;KIRP,ENSG00000139988,RDH12,3,KICH;KIRC;KIRP,3,1,0,0,-2.6961164224880636,-2.7128562319054064,1.2022874684380302,1.2774531788881416,TRUE
CYP3A7,0.5,3,KICH;KIRC;KIRP,ENSG00000140009,ESR2,3,KICH;KIRC;KIRP,2,0.6666666666666666,0,0,-1.2920495805163006,-0.940382246968047,1.6747910543795792,1.7793509043584177,TRUE
CYP3A7,0.5,3,KICH;KIRC;KIRP,ENSG00000140279,DUOX2,3,KICH;KIRC;KIRP,2,0.6666666666666666,0,0,-1.650214904440156,-1.6525996494364203,1.4560174671765251,1.4869835679240675,TRUE
CYP3A7,0.5,3,KICH;KIRC;KIRP,ENSG00000140527,WDR93,3,KICH;KIRC;KIRP,1,0.3333333333333333,0,0,0.08021894106307492,-0.941795987476773,0.8836106806419957,1.0198586823084386,TRUE
CYP3A7,0.5,3,KICH;KIRC;KIRP,ENSG00000140795,MYLK3,3,KICH;KIRC;KIRP,3,1,0,0,-3.1928367651781113,-3.196213823138871,1.1527317380284734,1.1795583078893193,TRUE
CYP3A7,0.5,3,KICH;KIRC;KIRP,ENSG00000140873,ADAMTS18,3,KICH;KIRC;KIRP,1,0.3333333333333333,2,0.6666666666666666,1.0896479716066167,0.39863105460438564,0.8840938472866636,0.93965038211161,TRUE
CYP3A7,0.5,3,KICH;KIRC;KIRP,ENSG00000140932,CMTM2,3,KICH;KIRC;KIRP,0,0,1,0.3333333333333333,0.12296699402924556,0.2925343034076231,1.4191062226331326,1.446209919756569,TRUE
CYP3A7,0.5,3,KICH;KIRC;KIRP,ENSG00000140986,RPL3L,3,KICH;KIRC;KIRP,1,0.3333333333333333,0,0,-0.02302342353495699,-0.4859783680101473,1.6037156850978276,1.6144277666630793,TRUE
CYP3A7,0.5,3,KICH;KIRC;KIRP,ENSG00000141161,UNC45B,3,KICH;KIRC;KIRP,2,0.6666666666666666,0,0,-1.9555884329493844,-1.6563828591476017,1.4245935331176192,1.4297878694649475,TRUE
CYP3A7,0.5,3,KICH;KIRC;KIRP,ENSG00000141294,LRRC46,3,KICH;KIRC;KIRP,0,0,1,0.3333333333333333,-0.07076419306645186,0.3369137046303628,1.4564349647694286,1.5429965765934588,TRUE
CYP3A7,0.5,3,KICH;KIRC;KIRP,ENSG00000141579,ZNF750,3,KICH;KIRC;KIRP,3,1,0,0,-2.1245117270918787,-2.1642684431676003,1.30337084052931,1.3796535799146024,TRUE
CYP3A7,0.5,3,KICH;KIRC;KIRP,ENSG00000141665,FBXO15,3,KICH;KIRC;KIRP,1,0.3333333333333333,0,0,-0.4748744839528735,-1.3670450373427356,1.4154717758012194,1.5587613337475166,TRUE
CYP3A7,0.5,3,KICH;KIRC;KIRP,ENSG00000141668,CBLN2,3,KICH;KIRC;KIRP,3,1,0,0,-3.735216640129774,-3.6372880535266434,1.4668143235124975,1.6533162688291163,TRUE
CYP3A7,0.5,3,KICH;KIRC;KIRP,ENSG00000142405,NLRP12,3,KICH;KIRC;KIRP,0,0,2,0.6666666666666666,1.4559353293933592,0.9714230560891857,1.5472625542132747,1.5856339325807192,TRUE
CYP3A7,0.5,3,KICH;KIRC;KIRP,ENSG00000142606,MMEL1,3,KICH;KIRC;KIRP,2,0.6666666666666666,0,0,-0.6001906295403091,-1.0754030138932125,1.491337220243492,1.5895630808828198,TRUE
CYP3A7,0.5,3,KICH;KIRC;KIRP,ENSG00000142621,FHAD1,3,KICH;KIRC;KIRP,1,0.3333333333333333,0,0,-0.12938663935012357,-0.5845214041247777,1.4024324503635273,1.480025952485791,TRUE
CYP3A7,0.5,3,KICH;KIRC;KIRP,ENSG00000142677,IL22RA1,3,KICH;KIRC;KIRP,1,0.3333333333333333,2,0.6666666666666666,0.9480042893362628,-0.7646359143818331,1.1908276678448704,1.2049046495780549,TRUE
CYP3A7,0.5,3,KICH;KIRC;KIRP,ENSG00000143185,XCL2,3,KICH;KIRC;KIRP,0,0,2,0.6666666666666666,0.6561515752517968,1.1781903824299096,1.479714840711468,1.5976067661667257,TRUE
CYP3A7,0.5,3,KICH;KIRC;KIRP,ENSG00000143194,MAEL,3,KICH;KIRC;KIRP,1,0.3333333333333333,0,0,-0.04927748368516321,-1.5313022243066572,0.9370890401479851,0.9969272053776296,TRUE
CYP3A7,0.5,3,KICH;KIRC;KIRP,ENSG00000143199,ADCY10,3,KICH;KIRC;KIRP,0,0,1,0.3333333333333333,0.24460293102081784,0.527355071236548,1.4860917591759915,1.5378795588826126,TRUE
CYP3A7,0.5,3,KICH;KIRC;KIRP,ENSG00000143257,NR1I3,3,KICH;KIRC;KIRP,3,1,0,0,-2.600148242550469,-2.5712060895836064,1.0818926094301535,1.1596994386652832,TRUE
CYP3A7,0.5,3,KICH;KIRC;KIRP,ENSG00000143297,FCRL5,3,KICH;KIRC;KIRP,1,0.3333333333333333,1,0.3333333333333333,-0.5275065457598015,0.09492548613172598,1.1322365560775172,1.1487087850751876,TRUE
CYP3A7,0.5,3,KICH;KIRC;KIRP,ENSG00000143450,OAZ3,3,KICH;KIRC;KIRP,1,0.3333333333333333,0,0,0.15560475679311306,-0.2800489539925506,1.664428658090939,1.6725256484447744,TRUE
CYP3A7,0.5,3,KICH;KIRC;KIRP,ENSG00000143469,SYT14,3,KICH;KIRC;KIRP,1,0.3333333333333333,2,0.6666666666666666,1.9435338329076464,0.6650826384608489,1.5079336849714278,1.5117933341020504,TRUE
CYP3A7,0.5,3,KICH;KIRC;KIRP,ENSG00000143631,FLG,3,KICH;KIRC;KIRP,2,0.6666666666666666,0,0,-0.9405116779034306,-0.7329765683657782,1.6296691139839232,1.6772108769340692,TRUE
CYP3A7,0.5,3,KICH;KIRC;KIRP,ENSG00000143921,ABCG8,3,KICH;KIRC;KIRP,3,1,0,0,-1.693063235631745,-2.1596185111229413,1.465809882057433,1.5285827703508943,TRUE
CYP3A7,0.5,3,KICH;KIRC;KIRP,ENSG00000144395,CCDC150,3,KICH;KIRC;KIRP,1,0.3333333333333333,1,0.3333333333333333,0.540021608175786,-0.1210605262779428,1.047707138756094,1.0913876247488592,TRUE
CYP3A7,0.5,3,KICH;KIRC;KIRP,ENSG00000144406,UNC80,3,KICH;KIRC;KIRP,1,0.3333333333333333,1,0.3333333333333333,-0.5130419308019133,0.4994645378955979,1.6931937024906898,1.7090355352664215,TRUE
CYP3A7,0.5,3,KICH;KIRC;KIRP,ENSG00000144452,ABCA12,3,KICH;KIRC;KIRP,1,0.3333333333333333,2,0.6666666666666666,3.0003572059152805,2.3716362086870704,1.19748480777941,1.2224124692700111,TRUE
CYP3A7,0.5,3,KICH;KIRC;KIRP,ENSG00000144644,GADL1,3,KICH;KIRC;KIRP,3,1,0,0,-5.766052498806807,-5.6833971956822475,1.4625217352479563,1.5856219623024597,TRUE
CYP3A7,0.5,3,KICH;KIRC;KIRP,ENSG00000144852,NR1I2,3,KICH;KIRC;KIRP,1,0.3333333333333333,2,0.6666666666666666,0.6052098316957658,-0.07688353639626574,1.3178580294115143,1.3671405388478794,TRUE
CYP3A7,0.5,3,KICH;KIRC;KIRP,ENSG00000145113,MUC4,3,KICH;KIRC;KIRP,1,0.3333333333333333,1,0.3333333333333333,-0.3602139626757259,-0.1804580341702077,1.203260121121878,1.2644384176966776,TRUE
CYP3A7,0.5,3,KICH;KIRC;KIRP,ENSG00000145321,GC,3,KICH;KIRC;KIRP,3,1,0,0,-5.438771053572575,-4.326174757820131,1.1330510215425782,1.2236274425293137,TRUE
CYP3A7,0.5,3,KICH;KIRC;KIRP,ENSG00000145491,ROPN1L,3,KICH;KIRC;KIRP,1,0.3333333333333333,2,0.6666666666666666,0.6810218754876503,0.06328480327042951,1.352989754151277,1.3743622917487512,TRUE
CYP3A7,0.5,3,KICH;KIRC;KIRP,ENSG00000145850,TIMD4,3,KICH;KIRC;KIRP,0,0,3,1,1.6199600274170134,2.3099136837325442,1.6259361539610075,1.7082955750876092,TRUE
CYP3A7,0.5,3,KICH;KIRC;KIRP,ENSG00000145864,GABRB2,3,KICH;KIRC;KIRP,3,1,0,0,-2.962453182228079,-3.1596551121784144,1.6209092114940251,1.6847613136135469,TRUE
CYP3A7,0.5,3,KICH;KIRC;KIRP,ENSG00000145975,FAM217A,3,KICH;KIRC;KIRP,3,1,0,0,-3.1884815172492975,-3.348327642463115,1.0744577240066484,1.0960475563895142,TRUE
CYP3A7,0.5,3,KICH;KIRC;KIRP,ENSG00000146166,LGSN,3,KICH;KIRC;KIRP,3,1,0,0,-3.9299441000268103,-3.6069844709182703,0.9553547491490911,1.0334621197591156,TRUE
CYP3A7,0.5,3,KICH;KIRC;KIRP,ENSG00000146216,TTBK1,3,KICH;KIRC;KIRP,1,0.3333333333333333,1,0.3333333333333333,-0.37939052687427793,-0.5859802062159946,1.5631927751724362,1.6039242069353123,TRUE
CYP3A7,0.5,3,KICH;KIRC;KIRP,ENSG00000146285,SCML4,3,KICH;KIRC;KIRP,1,0.3333333333333333,1,0.3333333333333333,-0.04538501234575204,-0.05661053705268917,1.45906652200572,1.504459744726267,TRUE
CYP3A7,0.5,3,KICH;KIRC;KIRP,ENSG00000146530,VWDE,3,KICH;KIRC;KIRP,1,0.3333333333333333,2,0.6666666666666666,1.264603055248301,0.5224639178673247,1.5464610583088545,1.587641220383968,TRUE
CYP3A7,0.5,3,KICH;KIRC;KIRP,ENSG00000146678,IGFBP1,3,KICH;KIRC;KIRP,1,0.3333333333333333,2,0.6666666666666666,1.3053980893805377,0.6222347344542302,0.3460141708877318,0.4641337922132029,TRUE
CYP3A7,0.5,3,KICH;KIRC;KIRP,ENSG00000146755,TRIM50,3,KICH;KIRC;KIRP,2,0.6666666666666666,1,0.3333333333333333,-2.7692847564595153,0.03722592153016061,1.638287923917219,1.6947922852609854,TRUE
CYP3A7,0.5,3,KICH;KIRC;KIRP,ENSG00000146809,ASB15,3,KICH;KIRC;KIRP,3,1,0,0,-5.885406888815703,-5.933598635738341,0.827536340411004,0.9535992795591004,TRUE
CYP3A7,0.5,3,KICH;KIRC;KIRP,ENSG00000146955,RAB19,3,KICH;KIRC;KIRP,0,0,1,0.3333333333333333,0.49179705893884673,0.3115509494871385,1.5233872027354711,1.5790027053044622,TRUE
CYP3A7,0.5,3,KICH;KIRC;KIRP,ENSG00000147082,CCNB3,3,KICH;KIRC;KIRP,1,0.3333333333333333,0,0,-0.01597310636785164,-0.2831942041862924,1.635622039132703,1.6710665551219726,TRUE
CYP3A7,0.5,3,KICH;KIRC;KIRP,ENSG00000147138,GPR174,3,KICH;KIRC;KIRP,0,0,2,0.6666666666666666,0.8246302485623019,1.2730863393294747,1.3512022470910174,1.3592558454729513,TRUE
CYP3A7,0.5,3,KICH;KIRC;KIRP,ENSG00000147223,RIPPLY1,3,KICH;KIRC;KIRP,3,1,0,0,-2.97116479312732,-2.932071109768765,0.6934481839098795,0.7832560474661971,TRUE
CYP3A7,0.5,3,KICH;KIRC;KIRP,ENSG00000147613,PSKH2,3,KICH;KIRC;KIRP,2,0.6666666666666666,0,0,-4.75494694022728,-3.1662141076826185,0.7956279551922986,0.8485820230804911,TRUE
CYP3A7,0.5,3,KICH;KIRC;KIRP,ENSG00000147724,FAM135B,3,KICH;KIRC;KIRP,0,0,2,0.6666666666666666,0.8405977657448681,0.57179835270751,1.343048129108684,1.3592054595400045,TRUE
CYP3A7,0.5,3,KICH;KIRC;KIRP,ENSG00000148483,TMEM236,3,KICH;KIRC;KIRP,2,0.6666666666666666,0,0,-0.7883815057119512,-0.4074409164094638,1.690930187035846,1.6971777940495183,TRUE
CYP3A7,0.5,3,KICH;KIRC;KIRP,ENSG00000148677,ANKRD1,3,KICH;KIRC;KIRP,1,0.3333333333333333,1,0.3333333333333333,0.09987475025505407,-0.03475174705700246,1.5247385450781443,1.6123996505330382,TRUE
CYP3A7,0.5,3,KICH;KIRC;KIRP,ENSG00000148735,PLEKHS1,3,KICH;KIRC;KIRP,3,1,0,0,-2.329656486573377,-1.9475022921835197,0.7397426547753013,0.7640877783865216,TRUE
CYP3A7,0.5,3,KICH;KIRC;KIRP,ENSG00000149043,SYT8,3,KICH;KIRC;KIRP,2,0.6666666666666666,0,0,-1.238174720321071,-1.1341429656041742,1.1668717267752022,1.2643401776564838,TRUE
CYP3A7,0.5,3,KICH;KIRC;KIRP,ENSG00000149305,HTR3B,3,KICH;KIRC;KIRP,2,0.6666666666666666,0,0,-4.7780035793871045,-3.180065728790432,0.7437170217184176,0.7570916604544455,TRUE
CYP3A7,0.5,3,KICH;KIRC;KIRP,ENSG00000149646,CNBD2,3,KICH;KIRC;KIRP,3,1,0,0,-1.1085307157017954,-0.9969548047230563,1.092431157896215,1.1150191096725468,TRUE
CYP3A7,0.5,3,KICH;KIRC;KIRP,ENSG00000149948,HMGA2,3,KICH;KIRC;KIRP,0,0,2,0.6666666666666666,1.5616917134486272,1.2785447666261218,1.367635182216047,1.4172497376687148,TRUE
CYP3A7,0.5,3,KICH;KIRC;KIRP,ENSG00000149972,CNTN5,3,KICH;KIRC;KIRP,3,1,0,0,-3.6545102580381537,-3.725546445244222,1.536994975989151,1.631751064680936,TRUE
CYP3A7,0.5,3,KICH;KIRC;KIRP,ENSG00000150045,KLRF1,3,KICH;KIRC;KIRP,1,0.3333333333333333,1,0.3333333333333333,0.11190917829992438,-0.16014545530664698,1.350765940629879,1.4300959651909455,TRUE
CYP3A7,0.5,3,KICH;KIRC;KIRP,ENSG00000150551,LYPD1,3,KICH;KIRC;KIRP,2,0.6666666666666666,0,0,-0.9625295499235804,-0.6948250738188746,1.3561328277250744,1.39982504454406,TRUE
CYP3A7,0.5,3,KICH;KIRC;KIRP,ENSG00000150628,SPATA4,3,KICH;KIRC;KIRP,3,1,0,0,-0.7254849399009852,-1.6674119828829619,0.9780269461240936,1.118863364977152,TRUE
CYP3A7,0.5,3,KICH;KIRC;KIRP,ENSG00000150656,CNDP1,3,KICH;KIRC;KIRP,3,1,0,0,-1.975230632704919,-1.9055093611838745,1.099085100896661,1.1177200485405818,TRUE
CYP3A7,0.5,3,KICH;KIRC;KIRP,ENSG00000150667,FSIP1,3,KICH;KIRC;KIRP,1,0.3333333333333333,0,0,-0.5829135054636171,-1.4704994715946846,1.474824231415401,1.549843570229387,TRUE
CYP3A7,0.5,3,KICH;KIRC;KIRP,ENSG00000150722,PPP1R1C,3,KICH;KIRC;KIRP,2,0.6666666666666666,0,0,-1.4998271767953024,-1.3642747995614748,1.53443624596306,1.6083361191825958,TRUE
CYP3A7,0.5,3,KICH;KIRC;KIRP,ENSG00000150873,C2orf50,3,KICH;KIRC;KIRP,2,0.6666666666666666,1,0.3333333333333333,-0.8596858479790758,-0.30712227560966926,1.6586266150308566,1.733114240728301,TRUE
CYP3A7,0.5,3,KICH;KIRC;KIRP,ENSG00000151224,MAT1A,3,KICH;KIRC;KIRP,2,0.6666666666666666,0,0,-1.510878613525039,-1.3525200167465288,1.0903053459255014,1.3641830823253152,TRUE
CYP3A7,0.5,3,KICH;KIRC;KIRP,ENSG00000151365,THRSP,3,KICH;KIRC;KIRP,2,0.6666666666666666,1,0.3333333333333333,-2.5178808083842603,-0.5219909039910042,1.233836842995368,1.2794367116833936,TRUE
CYP3A7,0.5,3,KICH;KIRC;KIRP,ENSG00000151790,TDO2,3,KICH;KIRC;KIRP,0,0,2,0.6666666666666666,0.7957195530751291,0.7100252889155283,1.2022687472997728,1.212934261934912,TRUE
CYP3A7,0.5,3,KICH;KIRC;KIRP,ENSG00000152253,SPC25,3,KICH;KIRC;KIRP,0,0,3,1,1.9868711700070152,1.557221145374317,1.667556924176935,1.6875043104402698,TRUE
CYP3A7,0.5,3,KICH;KIRC;KIRP,ENSG00000152292,SH2D6,3,KICH;KIRC;KIRP,3,1,0,0,-2.5577110925157074,-2.3044022236003254,0.8418792054149774,0.8453426049998117,TRUE
CYP3A7,0.5,3,KICH;KIRC;KIRP,ENSG00000152463,OLAH,3,KICH;KIRC;KIRP,3,1,0,0,-1.8643128570223055,-2.4619541945716383,1.0072726891442687,1.0261304846022037,TRUE
CYP3A7,0.5,3,KICH;KIRC;KIRP,ENSG00000152467,ZSCAN1,3,KICH;KIRC;KIRP,3,1,0,0,-2.348629980597448,-2.5510219835624888,1.2316775195685226,1.3015047928312902,TRUE
CYP3A7,0.5,3,KICH;KIRC;KIRP,ENSG00000152578,GRIA4,3,KICH;KIRC;KIRP,2,0.6666666666666666,1,0.3333333333333333,-0.6197310874190826,0.21248323778447087,1.5379027309141715,1.5451045352421278,TRUE
CYP3A7,0.5,3,KICH;KIRC;KIRP,ENSG00000152611,CAPSL,3,KICH;KIRC;KIRP,3,1,0,0,-3.618246845019165,-3.063309000678207,0.4324428220518245,0.5018155815980916,TRUE
CYP3A7,0.5,3,KICH;KIRC;KIRP,ENSG00000153093,ACOXL,3,KICH;KIRC;KIRP,0,0,0,0,0.2998725633992491,0.059163986156484424,1.5881538557477914,1.724226797558593,TRUE
CYP3A7,0.5,3,KICH;KIRC;KIRP,ENSG00000153165,RGPD3,3,KICH;KIRC;KIRP,2,0.6666666666666666,0,0,-1.3038295054132585,-1.0004747317297695,1.4560713178023543,1.460379535628401,TRUE
CYP3A7,0.5,3,KICH;KIRC;KIRP,ENSG00000153347,FAM81B,3,KICH;KIRC;KIRP,1,0.3333333333333333,0,0,-0.5681528388065835,-2.080880075279946,0.8226765353534355,1.0284955299811351,TRUE
CYP3A7,0.5,3,KICH;KIRC;KIRP,ENSG00000153976,HS3ST3A1,3,KICH;KIRC;KIRP,3,1,0,0,-1.9612977395220017,-1.9678143495822937,1.4454936605809094,1.5254044662144162,TRUE
CYP3A7,0.5,3,KICH;KIRC;KIRP,ENSG00000154016,GRAP,3,KICH;KIRC;KIRP,1,0.3333333333333333,1,0.3333333333333333,-0.509944537166152,-0.3385448028052619,1.5505025795986855,1.616675593387108,TRUE
CYP3A7,0.5,3,KICH;KIRC;KIRP,ENSG00000154099,DNAAF1,3,KICH;KIRC;KIRP,2,0.6666666666666666,1,0.3333333333333333,-0.6652403368707872,-0.9200266179917018,1.5245462108997634,1.6543339021837822,TRUE
CYP3A7,0.5,3,KICH;KIRC;KIRP,ENSG00000154479,CCDC173,3,KICH;KIRC;KIRP,1,0.3333333333333333,0,0,-0.2326745533760136,-1.410204083758996,1.6148121280931842,1.67853770544226,TRUE
CYP3A7,0.5,3,KICH;KIRC;KIRP,ENSG00000154764,WNT7A,3,KICH;KIRC;KIRP,3,1,0,0,-3.663284487817097,-3.4332659010687134,1.5490722695227983,1.6460853040045826,TRUE
CYP3A7,0.5,3,KICH;KIRC;KIRP,ENSG00000155052,CNTNAP5,3,KICH;KIRC;KIRP,1,0.3333333333333333,1,0.3333333333333333,-0.4422123475773517,1.4201431218601699,0.9877030353288129,0.9987250639253386,TRUE
CYP3A7,0.5,3,KICH;KIRC;KIRP,ENSG00000155530,LRGUK,3,KICH;KIRC;KIRP,0,0,1,0.3333333333333333,0.2904798547197319,0.3672564228093739,0.9340523331385903,0.9885534872425358,TRUE
CYP3A7,0.5,3,KICH;KIRC;KIRP,ENSG00000155761,SPAG17,3,KICH;KIRC;KIRP,1,0.3333333333333333,0,0,0.3021045288733232,-0.3935507807083589,1.3647004479113385,1.585168173346689,TRUE
CYP3A7,0.5,3,KICH;KIRC;KIRP,ENSG00000155875,SAXO1,3,KICH;KIRC;KIRP,0,0,1,0.3333333333333333,-0.23110262832658576,0.443780337460682,1.3861255090149012,1.410872039399651,TRUE
CYP3A7,0.5,3,KICH;KIRC;KIRP,ENSG00000155886,SLC24A2,3,KICH;KIRC;KIRP,2,0.6666666666666666,1,0.3333333333333333,-3.239685915365558,-2.026461637188028,1.7216088976746509,1.795155578412186,TRUE
CYP3A7,0.5,3,KICH;KIRC;KIRP,ENSG00000156006,NAT2,3,KICH;KIRC;KIRP,3,1,0,0,-2.281806491015397,-2.8100118227311284,1.15361596788329,1.2504123072379438,TRUE
CYP3A7,0.5,3,KICH;KIRC;KIRP,ENSG00000156689,GLYATL2,3,KICH;KIRC;KIRP,2,0.6666666666666666,1,0.3333333333333333,-1.6436276193251822,-1.6555495560639986,1.447986355432028,1.4788588591452263,TRUE
CYP3A7,0.5,3,KICH;KIRC;KIRP,ENSG00000156738,MS4A1,3,KICH;KIRC;KIRP,2,0.6666666666666666,1,0.3333333333333333,-0.6751478652641144,-0.16016046640525622,0.5002516647842075,0.501232068677808,TRUE
CYP3A7,0.5,3,KICH;KIRC;KIRP,ENSG00000157005,SST,3,KICH;KIRC;KIRP,0,0,2,0.6666666666666666,1.6121002941272569,1.42054656752521,1.2190625129557575,1.3496937529665909,TRUE
CYP3A7,0.5,3,KICH;KIRC;KIRP,ENSG00000157315,TMED6,3,KICH;KIRC;KIRP,1,0.3333333333333333,0,0,-0.1970491207786695,-0.3663095530643531,1.3446104546572788,1.3638842196363536,TRUE
CYP3A7,0.5,3,KICH;KIRC;KIRP,ENSG00000157322,CLEC18A,3,KICH;KIRC;KIRP,2,0.6666666666666666,1,0.3333333333333333,-1.9994683240559064,-0.7430030696204126,1.4940248118399757,1.5558374972502147,TRUE
CYP3A7,0.5,3,KICH;KIRC;KIRP,ENSG00000157423,HYDIN,3,KICH;KIRC;KIRP,1,0.3333333333333333,1,0.3333333333333333,-0.5120721528661414,-1.3164138948404243,1.4127259249835395,1.5238873356633436,TRUE
CYP3A7,0.5,3,KICH;KIRC;KIRP,ENSG00000157542,KCNJ6,3,KICH;KIRC;KIRP,3,1,0,0,-2.111906212865401,-2.159427208092346,1.555768024359729,1.565281222255267,TRUE
CYP3A7,0.5,3,KICH;KIRC;KIRP,ENSG00000157578,LCA5L,3,KICH;KIRC;KIRP,1,0.3333333333333333,0,0,-0.03565223323759071,-0.5840210595124526,1.6200880387532552,1.7567689739772965,TRUE
CYP3A7,0.5,3,KICH;KIRC;KIRP,ENSG00000157653,C9orf43,3,KICH;KIRC;KIRP,3,1,0,0,-1.078172367900298,-1.2934906649479117,1.397973675574202,1.5161733529624415,TRUE
CYP3A7,0.5,3,KICH;KIRC;KIRP,ENSG00000157703,SVOPL,3,KICH;KIRC;KIRP,2,0.6666666666666666,1,0.3333333333333333,-3.744929837318676,-2.4105350107631027,1.135489915675293,1.4211877683788785,TRUE
CYP3A7,0.5,3,KICH;KIRC;KIRP,ENSG00000157766,ACAN,3,KICH;KIRC;KIRP,0,0,2,0.6666666666666666,1.7396354965662435,1.6962065737003822,1.5830826657521582,1.667170253654116,TRUE
CYP3A7,0.5,3,KICH;KIRC;KIRP,ENSG00000157856,DRC1,3,KICH;KIRC;KIRP,2,0.6666666666666666,0,0,-1.935291866542182,-1.688745328330091,1.561751435678287,1.6107496196787805,TRUE
CYP3A7,0.5,3,KICH;KIRC;KIRP,ENSG00000157890,MEGF11,3,KICH;KIRC;KIRP,1,0.3333333333333333,2,0.6666666666666666,1.4048232605749031,0.6552522466291414,1.2581508445710323,1.2731370143382117,TRUE
CYP3A7,0.5,3,KICH;KIRC;KIRP,ENSG00000158055,GRHL3,3,KICH;KIRC;KIRP,2,0.6666666666666666,0,0,-1.1409175478036826,-0.9921591687008445,1.4013788423141347,1.5080000125716555,TRUE
CYP3A7,0.5,3,KICH;KIRC;KIRP,ENSG00000158077,NLRP14,3,KICH;KIRC;KIRP,3,1,0,0,-1.382523824606063,-1.6902221787222544,1.215373082598812,1.2397670807149828,TRUE
CYP3A7,0.5,3,KICH;KIRC;KIRP,ENSG00000158113,LRRC43,3,KICH;KIRC;KIRP,2,0.6666666666666666,0,0,-1.727883676909599,-1.3811094661954753,1.5804754508552932,1.7185427718876116,TRUE
CYP3A7,0.5,3,KICH;KIRC;KIRP,ENSG00000158125,XDH,3,KICH;KIRC;KIRP,1,0.3333333333333333,1,0.3333333333333333,0.10677906735944924,0.30757297576025566,1.0769561122063982,1.134869519045845,TRUE
CYP3A7,0.5,3,KICH;KIRC;KIRP,ENSG00000158428,CATIP,3,KICH;KIRC;KIRP,2,0.6666666666666666,0,0,-1.472467489341626,-1.811735415041687,1.5388328044652824,1.66208857959684,TRUE
CYP3A7,0.5,3,KICH;KIRC;KIRP,ENSG00000158486,DNAH3,3,KICH;KIRC;KIRP,1,0.3333333333333333,2,0.6666666666666666,0.6182675360694138,0.5393496578572008,1.4972870874204118,1.5306368853560568,TRUE
CYP3A7,0.5,3,KICH;KIRC;KIRP,ENSG00000158571,PFKFB1,3,KICH;KIRC;KIRP,3,1,0,0,-1.3523410873626127,-1.497158422189929,0.7281602958389489,0.7407524708718229,TRUE
CYP3A7,0.5,3,KICH;KIRC;KIRP,ENSG00000158578,ALAS2,3,KICH;KIRC;KIRP,1,0.3333333333333333,1,0.3333333333333333,0.2544516780990991,0.20443903000985972,0.5841743765441854,0.7341305735612957,TRUE
CYP3A7,0.5,3,KICH;KIRC;KIRP,ENSG00000158865,SLC5A11,3,KICH;KIRC;KIRP,3,1,0,0,-3.4007277828411002,-3.4986416957512994,1.4128817673416783,1.51336187188275,TRUE
CYP3A7,0.5,3,KICH;KIRC;KIRP,ENSG00000159217,IGF2BP1,3,KICH;KIRC;KIRP,1,0.3333333333333333,0,0,0.03447156830799476,-0.9369685287357493,1.154513568837434,1.1795540276430752,TRUE
CYP3A7,0.5,3,KICH;KIRC;KIRP,ENSG00000159618,ADGRG5,3,KICH;KIRC;KIRP,2,0.6666666666666666,0,0,-1.4085558315393465,-1.223732232313246,1.4628938176234076,1.553455683864236,TRUE
CYP3A7,0.5,3,KICH;KIRC;KIRP,ENSG00000159625,DRC7,3,KICH;KIRC;KIRP,2,0.6666666666666666,1,0.3333333333333333,-1.2311370352873283,-1.1991536371219618,0.7302763672905402,0.8446595498171554,TRUE
CYP3A7,0.5,3,KICH;KIRC;KIRP,ENSG00000159708,LRRC36,3,KICH;KIRC;KIRP,1,0.3333333333333333,2,0.6666666666666666,1.0713603115558077,0.3354715558552118,0.43875626391831396,0.5406366390680533,TRUE
CYP3A7,0.5,3,KICH;KIRC;KIRP,ENSG00000159723,AGRP,3,KICH;KIRC;KIRP,3,1,0,0,-2.240562907166817,-2.2518037275727214,0.4248378193073576,0.4365280136806565,TRUE
CYP3A7,0.5,3,KICH;KIRC;KIRP,ENSG00000160185,UBASH3A,3,KICH;KIRC;KIRP,0,0,2,0.6666666666666666,1.0163242570984368,1.296210348590223,1.447686228428132,1.4554346319555171,TRUE
CYP3A7,0.5,3,KICH;KIRC;KIRP,ENSG00000160221,GATD3A,3,KICH;KIRC;KIRP,2,0.6666666666666666,0,0,-0.7030615958788873,-0.6530177201752577,1.4262842586249205,1.4648694332128722,TRUE
CYP3A7,0.5,3,KICH;KIRC;KIRP,ENSG00000160223,ICOSLG,3,KICH;KIRC;KIRP,2,0.6666666666666666,0,0,-0.7563700543064089,-0.6096805777792903,1.3678183117105718,1.4113636618713965,TRUE
CYP3A7,0.5,3,KICH;KIRC;KIRP,ENSG00000160339,FCN2,3,KICH;KIRC;KIRP,2,0.6666666666666666,0,0,-1.1059278802177723,-0.8553442372314449,1.5587322243645718,1.5650247368305472,TRUE
CYP3A7,0.5,3,KICH;KIRC;KIRP,ENSG00000160401,CFAP157,3,KICH;KIRC;KIRP,1,0.3333333333333333,0,0,-0.16009394809236813,-0.16012334681230814,1.5879969737981556,1.6655338141740286,TRUE
CYP3A7,0.5,3,KICH;KIRC;KIRP,ENSG00000160654,CD3G,3,KICH;KIRC;KIRP,0,0,2,0.6666666666666666,0.7950875088300342,1.2508973476192065,1.5713917467868217,1.5839911309925971,TRUE
CYP3A7,0.5,3,KICH;KIRC;KIRP,ENSG00000160856,FCRL3,3,KICH;KIRC;KIRP,0,0,1,0.3333333333333333,0.566981422121041,1.264040809315732,1.2519311039912182,1.2838141943939785,TRUE
CYP3A7,0.5,3,KICH;KIRC;KIRP,ENSG00000161040,FBXL13,3,KICH;KIRC;KIRP,1,0.3333333333333333,0,0,0.18487003481231665,-0.3948209180863031,1.573409048378942,1.625244376145836,TRUE
CYP3A7,0.5,3,KICH;KIRC;KIRP,ENSG00000161944,ASGR2,3,KICH;KIRC;KIRP,2,0.6666666666666666,0,0,-0.9402292701432512,-0.8242413628607531,1.3532093405384658,1.3598978607156365,TRUE
CYP3A7,0.5,3,KICH;KIRC;KIRP,ENSG00000162009,SSTR5,3,KICH;KIRC;KIRP,2,0.6666666666666666,0,0,-1.367437392811702,-1.7505597627064615,0.6303040217683482,0.9928692563733916,TRUE
CYP3A7,0.5,3,KICH;KIRC;KIRP,ENSG00000162039,MEIOB,3,KICH;KIRC;KIRP,3,1,0,0,-0.8084099662665712,-0.9757848561320555,0.8668624205925154,0.8791519866400859,TRUE
CYP3A7,0.5,3,KICH;KIRC;KIRP,ENSG00000162078,ZG16B,3,KICH;KIRC;KIRP,0,0,3,1,0.9937233321317388,1.6386548399467395,1.3793749622485958,1.404098616142491,TRUE
CYP3A7,0.5,3,KICH;KIRC;KIRP,ENSG00000162490,DRAXIN,3,KICH;KIRC;KIRP,2,0.6666666666666666,1,0.3333333333333333,-0.8492345944119977,0.6403508526352247,1.4852036503584802,1.4914201368751596,TRUE
CYP3A7,0.5,3,KICH;KIRC;KIRP,ENSG00000162571,TTLL10,3,KICH;KIRC;KIRP,2,0.6666666666666666,0,0,-1.2345933870617063,-1.153466575375083,1.1298511090595957,1.1464807978075326,TRUE
CYP3A7,0.5,3,KICH;KIRC;KIRP,ENSG00000162620,LRRIQ3,3,KICH;KIRC;KIRP,3,1,0,0,-1.3914842461129528,-1.517216731484876,1.3167446800800486,1.4583217734994998,TRUE
CYP3A7,0.5,3,KICH;KIRC;KIRP,ENSG00000162643,DNAI3,3,KICH;KIRC;KIRP,1,0.3333333333333333,0,0,-0.13312902056895162,-0.4711022278143998,0.9675861171275145,1.0853923832770174,TRUE
CYP3A7,0.5,3,KICH;KIRC;KIRP,ENSG00000162747,FCGR3B,3,KICH;KIRC;KIRP,0,0,2,0.6666666666666666,0.5922690625420245,0.5565645368860453,1.0619175660512994,1.1195836469304452,TRUE
CYP3A7,0.5,3,KICH;KIRC;KIRP,ENSG00000162763,LRRC52,3,KICH;KIRC;KIRP,2,0.6666666666666666,1,0.3333333333333333,-4.4800741110980145,-2.8222334701986025,0.792171595062555,0.8240855302930463,TRUE
CYP3A7,0.5,3,KICH;KIRC;KIRP,ENSG00000162779,AXDND1,3,KICH;KIRC;KIRP,3,1,0,0,-1.833146712095636,-2.232235332786356,1.0128794910651262,1.0148800989939184,TRUE
CYP3A7,0.5,3,KICH;KIRC;KIRP,ENSG00000162782,TDRD5,3,KICH;KIRC;KIRP,3,1,0,0,-3.661554109958552,-3.4212419286156344,0.9622847668154412,1.1508896019626516,TRUE
CYP3A7,0.5,3,KICH;KIRC;KIRP,ENSG00000162814,SPATA17,3,KICH;KIRC;KIRP,2,0.6666666666666666,0,0,-0.9436839705450444,-0.8904092195546723,1.1429550172046754,1.2679250707920813,TRUE
CYP3A7,0.5,3,KICH;KIRC;KIRP,ENSG00000162877,PM20D1,3,KICH;KIRC;KIRP,3,1,0,0,-3.317288493275904,-3.1387248977264344,0.6727226962645673,0.7803708523993816,TRUE
CYP3A7,0.5,3,KICH;KIRC;KIRP,ENSG00000163116,STPG2,3,KICH;KIRC;KIRP,2,0.6666666666666666,0,0,-1.5082584191151291,-1.0645101671961024,1.2028303995753353,1.3022525999411618,TRUE
CYP3A7,0.5,3,KICH;KIRC;KIRP,ENSG00000163141,BNIPL,3,KICH;KIRC;KIRP,3,1,0,0,-2.207476919310525,-2.272237951863581,1.4257697890638172,1.5701557845236551,TRUE
CYP3A7,0.5,3,KICH;KIRC;KIRP,ENSG00000163331,DAPL1,3,KICH;KIRC;KIRP,2,0.6666666666666666,1,0.3333333333333333,-0.9250939984021506,-0.3438186378568592,1.0690257247429205,1.1033417794741986,TRUE
CYP3A7,0.5,3,KICH;KIRC;KIRP,ENSG00000163464,CXCR1,3,KICH;KIRC;KIRP,0,0,1,0.3333333333333333,-0.1750156582276233,0.17297452072674957,1.1527786459280207,1.1861050913139497,TRUE
CYP3A7,0.5,3,KICH;KIRC;KIRP,ENSG00000163467,TSACC,3,KICH;KIRC;KIRP,2,0.6666666666666666,0,0,-0.94419513031301,-0.4759177596150632,1.4036355860399192,1.4330080058243344,TRUE
CYP3A7,0.5,3,KICH;KIRC;KIRP,ENSG00000163501,IHH,3,KICH;KIRC;KIRP,2,0.6666666666666666,0,0,-1.9273039664764533,-1.4532857046805172,1.5686098760794303,1.6426624068594955,TRUE
CYP3A7,0.5,3,KICH;KIRC;KIRP,ENSG00000163508,EOMES,3,KICH;KIRC;KIRP,0,0,2,0.6666666666666666,1.303836274764539,1.6686831298210845,1.5151226967314153,1.522046410906139,TRUE
CYP3A7,0.5,3,KICH;KIRC;KIRP,ENSG00000163519,TRAT1,3,KICH;KIRC;KIRP,0,0,2,0.6666666666666666,1.0114509986371187,1.3718681283534802,1.5339759997885312,1.5850182491982208,TRUE
CYP3A7,0.5,3,KICH;KIRC;KIRP,ENSG00000163564,PYHIN1,3,KICH;KIRC;KIRP,0,0,3,1,1.1241561468094767,1.6313902073998583,1.4476627570446081,1.457923394028718,TRUE
CYP3A7,0.5,3,KICH;KIRC;KIRP,ENSG00000163576,EFHB,3,KICH;KIRC;KIRP,2,0.6666666666666666,1,0.3333333333333333,-0.6619542603053846,-0.9399492582404312,1.366503329553103,1.4873921819958824,TRUE
CYP3A7,0.5,3,KICH;KIRC;KIRP,ENSG00000163689,CFAP20DC,3,KICH;KIRC;KIRP,1,0.3333333333333333,2,0.6666666666666666,1.7321642182215549,0.5969630445861326,1.4713544193364805,1.5619437152891256,TRUE
CYP3A7,0.5,3,KICH;KIRC;KIRP,ENSG00000163734,CXCL3,3,KICH;KIRC;KIRP,1,0.3333333333333333,0,0,0.10360918373084924,-0.8329066073998337,1.304829070211039,1.336294012186513,TRUE
CYP3A7,0.5,3,KICH;KIRC;KIRP,ENSG00000163746,PLSCR2,3,KICH;KIRC;KIRP,3,1,0,0,-0.7707455946253858,-0.7439667913120502,0.7274302980875723,0.8012620394280882,TRUE
CYP3A7,0.5,3,KICH;KIRC;KIRP,ENSG00000163749,CCDC158,3,KICH;KIRC;KIRP,1,0.3333333333333333,0,0,-0.5611107010404345,-1.243919928970162,1.4775908467225694,1.516826165379277,TRUE
CYP3A7,0.5,3,KICH;KIRC;KIRP,ENSG00000163792,TCF23,3,KICH;KIRC;KIRP,1,0.3333333333333333,0,0,-0.49877155154771136,-0.7303035565180477,1.5263098332440108,1.5347413391041935,TRUE
CYP3A7,0.5,3,KICH;KIRC;KIRP,ENSG00000163817,SLC6A20,3,KICH;KIRC;KIRP,2,0.6666666666666666,1,0.3333333333333333,-0.9739970112188202,-0.08792734086903058,1.320801673934595,1.363987595755248,TRUE
CYP3A7,0.5,3,KICH;KIRC;KIRP,ENSG00000164093,PITX2,3,KICH;KIRC;KIRP,2,0.6666666666666666,0,0,-1.4521328555988793,-2.041691524936768,1.067748343150347,1.0940395948666444,TRUE
CYP3A7,0.5,3,KICH;KIRC;KIRP,ENSG00000164287,CDC20B,3,KICH;KIRC;KIRP,2,0.6666666666666666,1,0.3333333333333333,-1.871798425125612,-0.9391440066947151,0.6390569110960075,0.6400297081342299,TRUE
CYP3A7,0.5,3,KICH;KIRC;KIRP,ENSG00000164363,SLC6A18,3,KICH;KIRC;KIRP,2,0.6666666666666666,0,0,-4.160596732528075,-3.916953931325041,1.1186245911140442,1.2157972063453135,TRUE
CYP3A7,0.5,3,KICH;KIRC;KIRP,ENSG00000164404,GDF9,3,KICH;KIRC;KIRP,3,1,0,0,-1.1175135925849704,-1.1043787355098487,1.6641162833265362,1.768498628720662,TRUE
CYP3A7,0.5,3,KICH;KIRC;KIRP,ENSG00000164483,SAMD3,3,KICH;KIRC;KIRP,0,0,2,0.6666666666666666,0.8742999277750888,1.1214869490824344,1.4701745177034584,1.4860255266596354,TRUE
CYP3A7,0.5,3,KICH;KIRC;KIRP,ENSG00000164520,RAET1E,3,KICH;KIRC;KIRP,3,1,0,0,-3.1325301885326327,-2.8922619343229297,0.5344019514522074,0.627832320008465,TRUE
CYP3A7,0.5,3,KICH;KIRC;KIRP,ENSG00000164675,IQUB,3,KICH;KIRC;KIRP,2,0.6666666666666666,0,0,-0.6785168174000933,-1.86968835646911,1.2897671499307,1.4553809710955576,TRUE
CYP3A7,0.5,3,KICH;KIRC;KIRP,ENSG00000164746,C7orf57,3,KICH;KIRC;KIRP,0,0,2,0.6666666666666666,1.746749894088274,1.8458681660294605,1.4119517882182175,1.44998963710159,TRUE
CYP3A7,0.5,3,KICH;KIRC;KIRP,ENSG00000164756,SLC30A8,3,KICH;KIRC;KIRP,3,1,0,0,-4.446717751673529,-4.359151662763231,1.0174830017810386,1.0488885868229538,TRUE
CYP3A7,0.5,3,KICH;KIRC;KIRP,ENSG00000164794,KCNV1,3,KICH;KIRC;KIRP,1,0.3333333333333333,2,0.6666666666666666,1.133122587210583,0.3055167040389984,1.4651522580982255,1.50941391148931,TRUE
CYP3A7,0.5,3,KICH;KIRC;KIRP,ENSG00000164853,UNCX,3,KICH;KIRC;KIRP,3,1,0,0,-6.23731833645836,-6.543449306035936,0.6136496469826457,0.9233550470866644,TRUE
CYP3A7,0.5,3,KICH;KIRC;KIRP,ENSG00000164893,SLC7A13,3,KICH;KIRC;KIRP,3,1,0,0,-6.283259411425615,-6.197463971335361,1.3653267311516246,1.546172025408788,TRUE
CYP3A7,0.5,3,KICH;KIRC;KIRP,ENSG00000165023,DIRAS2,3,KICH;KIRC;KIRP,1,0.3333333333333333,2,0.6666666666666666,1.8718851052113112,1.1764630644039882,1.4814124606234074,1.562703167946396,TRUE
CYP3A7,0.5,3,KICH;KIRC;KIRP,ENSG00000165091,TMC1,3,KICH;KIRC;KIRP,3,1,0,0,-2.275329365249601,-2.355491837096417,1.4364676607193765,1.4852435076284776,TRUE
CYP3A7,0.5,3,KICH;KIRC;KIRP,ENSG00000165164,CFAP47,3,KICH;KIRC;KIRP,1,0.3333333333333333,0,0,-0.09688038251824234,-0.6383735155919065,1.035602980777262,1.0393883902338634,TRUE
CYP3A7,0.5,3,KICH;KIRC;KIRP,ENSG00000165181,SHOC1,3,KICH;KIRC;KIRP,2,0.6666666666666666,1,0.3333333333333333,-3.763885531315771,-1.5692154452534448,1.3475556283833714,1.4796694165530178,TRUE
CYP3A7,0.5,3,KICH;KIRC;KIRP,ENSG00000165182,CXorf58,3,KICH;KIRC;KIRP,3,1,0,0,-1.6252008750847635,-1.7642026968279283,1.3398791568296373,1.386664897858468,TRUE
CYP3A7,0.5,3,KICH;KIRC;KIRP,ENSG00000165304,MELK,3,KICH;KIRC;KIRP,0,0,3,1,2.8444584260275145,3.0415829519104602,1.5519071956210309,1.58483913674579,TRUE
CYP3A7,0.5,3,KICH;KIRC;KIRP,ENSG00000165309,ARMC3,3,KICH;KIRC;KIRP,1,0.3333333333333333,1,0.3333333333333333,-0.47405519451333233,-1.4110396231313915,0.9362157335108267,1.0011279438759964,TRUE
CYP3A7,0.5,3,KICH;KIRC;KIRP,ENSG00000165325,DEUP1,3,KICH;KIRC;KIRP,3,1,0,0,-2.324659273931426,-2.3697721153692184,1.1221225683681701,1.1288611176542624,TRUE
CYP3A7,0.5,3,KICH;KIRC;KIRP,ENSG00000165555,NOXRED1,3,KICH;KIRC;KIRP,1,0.3333333333333333,0,0,-0.2184735255381332,-0.3767598996455773,1.5717206239647787,1.607649469136989,TRUE
CYP3A7,0.5,3,KICH;KIRC;KIRP,ENSG00000165694,FRMD7,3,KICH;KIRC;KIRP,3,1,0,0,-6.809168608915887,-4.9813157047569305,1.5129834060040896,1.5996786990779868,TRUE
CYP3A7,0.5,3,KICH;KIRC;KIRP,ENSG00000165863,C10orf82,3,KICH;KIRC;KIRP,3,1,0,0,-3.012499685914382,-2.588748646507855,1.6701963646901912,1.7724581809145885,TRUE
CYP3A7,0.5,3,KICH;KIRC;KIRP,ENSG00000165899,OTOGL,3,KICH;KIRC;KIRP,3,1,0,0,-3.0331566764657554,-2.747318853261505,1.591069298701434,1.6741074198651846,TRUE
CYP3A7,0.5,3,KICH;KIRC;KIRP,ENSG00000165917,RAPSN,3,KICH;KIRC;KIRP,1,0.3333333333333333,0,0,-0.5202929867463361,-0.41588108920531575,1.3525298150831233,1.380892825591728,TRUE
CYP3A7,0.5,3,KICH;KIRC;KIRP,ENSG00000165923,AGBL2,3,KICH;KIRC;KIRP,1,0.3333333333333333,2,0.6666666666666666,0.7194385344519285,0.19505310543211415,1.3467837348122433,1.5073645103128264,TRUE
CYP3A7,0.5,3,KICH;KIRC;KIRP,ENSG00000166143,PPP1R14D,3,KICH;KIRC;KIRP,2,0.6666666666666666,1,0.3333333333333333,-1.1466028635199512,-0.10106339981435115,1.4248605312512903,1.449038245336283,TRUE
CYP3A7,0.5,3,KICH;KIRC;KIRP,ENSG00000166153,DEPDC4,3,KICH;KIRC;KIRP,2,0.6666666666666666,0,0,-0.8651935162867687,-0.9086179214375307,1.3476757315282955,1.4111429910313344,TRUE
CYP3A7,0.5,3,KICH;KIRC;KIRP,ENSG00000166268,MYRFL,3,KICH;KIRC;KIRP,1,0.3333333333333333,1,0.3333333333333333,-0.5053392272035946,-0.13478228296283828,0.3654523804576531,0.428187543322971,TRUE
CYP3A7,0.5,3,KICH;KIRC;KIRP,ENSG00000166323,C11orf65,3,KICH;KIRC;KIRP,1,0.3333333333333333,0,0,-0.46410000766214415,-0.5056059176491815,1.4530851611351077,1.5253229849940582,TRUE
CYP3A7,0.5,3,KICH;KIRC;KIRP,ENSG00000166407,LMO1,3,KICH;KIRC;KIRP,3,1,0,0,-2.7199903223978388,-2.9970764070242666,1.4303811590622926,1.5714267354998122,TRUE
CYP3A7,0.5,3,KICH;KIRC;KIRP,ENSG00000166596,CFAP52,3,KICH;KIRC;KIRP,1,0.3333333333333333,1,0.3333333333333333,-0.0939406349719554,-0.3287901274927348,1.3304200972489995,1.3386326226339489,TRUE
CYP3A7,0.5,3,KICH;KIRC;KIRP,ENSG00000166796,LDHC,3,KICH;KIRC;KIRP,3,1,0,0,-1.774507377619295,-2.311436713054629,0.6308816306639607,0.6417907590112252,TRUE
CYP3A7,0.5,3,KICH;KIRC;KIRP,ENSG00000166800,LDHAL6A,3,KICH;KIRC;KIRP,3,1,0,0,-0.8641817935531219,-0.8129353530677266,1.5223076528041546,1.566374076107876,TRUE
CYP3A7,0.5,3,KICH;KIRC;KIRP,ENSG00000166803,PCLAF,3,KICH;KIRC;KIRP,0,0,3,1,2.069612650354087,1.865200678600093,1.4235273906851589,1.4471145466995698,TRUE
CYP3A7,0.5,3,KICH;KIRC;KIRP,ENSG00000166856,GPR182,3,KICH;KIRC;KIRP,3,1,0,0,-2.9574413331258147,-3.0082074084643065,0.9276951264375558,1.008183147948243,TRUE
CYP3A7,0.5,3,KICH;KIRC;KIRP,ENSG00000166897,ELFN2,3,KICH;KIRC;KIRP,1,0.3333333333333333,1,0.3333333333333333,-0.01346734143728373,-0.8803141884695801,1.5237266954880027,1.5454101186214098,TRUE
CYP3A7,0.5,3,KICH;KIRC;KIRP,ENSG00000166920,C15orf48,3,KICH;KIRC;KIRP,0,0,2,0.6666666666666666,1.3118919378393556,0.917671873551543,1.1950000984894107,1.207451477419595,TRUE
CYP3A7,0.5,3,KICH;KIRC;KIRP,ENSG00000166960,CCDC178,3,KICH;KIRC;KIRP,3,1,0,0,-2.3386603383265876,-2.3773537145734815,1.3773789152780636,1.5485827467122129,TRUE
CYP3A7,0.5,3,KICH;KIRC;KIRP,ENSG00000167077,MEI1,3,KICH;KIRC;KIRP,1,0.3333333333333333,1,0.3333333333333333,0.0923728281936151,0.14211893792495547,1.6112274638316777,1.6971688107712648,TRUE
CYP3A7,0.5,3,KICH;KIRC;KIRP,ENSG00000167094,TTC16,3,KICH;KIRC;KIRP,1,0.3333333333333333,1,0.3333333333333333,0.01271507106745518,-0.009269271573568884,1.0243525016457498,1.0313332555807946,TRUE
CYP3A7,0.5,3,KICH;KIRC;KIRP,ENSG00000167210,LOXHD1,3,KICH;KIRC;KIRP,1,0.3333333333333333,1,0.3333333333333333,-0.039229792260208,-0.23263621833337833,1.046110633899077,1.0951999334293103,TRUE
CYP3A7,0.5,3,KICH;KIRC;KIRP,ENSG00000167311,ART5,3,KICH;KIRC;KIRP,0,0,1,0.3333333333333333,-0.00301000942413456,0.5871059735181633,1.0333009975008185,1.1148310614012662,TRUE
CYP3A7,0.5,3,KICH;KIRC;KIRP,ENSG00000167332,OR51E2,3,KICH;KIRC;KIRP,1,0.3333333333333333,2,0.6666666666666666,1.3248979409409165,0.8981384824461404,1.2423558814680236,1.2549175023597114,TRUE
CYP3A7,0.5,3,KICH;KIRC;KIRP,ENSG00000167483,NIBAN3,3,KICH;KIRC;KIRP,1,0.3333333333333333,0,0,-0.432186882098152,-0.2279807133407127,1.4092189467616185,1.4447985095688032,TRUE
CYP3A7,0.5,3,KICH;KIRC;KIRP,ENSG00000167646,DNAAF3,3,KICH;KIRC;KIRP,2,0.6666666666666666,1,0.3333333333333333,-1.3072154782384238,-1.2668979636880509,0.7409359554828915,0.9354817207253208,TRUE
CYP3A7,0.5,3,KICH;KIRC;KIRP,ENSG00000167653,PSCA,3,KICH;KIRC;KIRP,2,0.6666666666666666,1,0.3333333333333333,-3.6524752852476414,-1.2337608332611796,0.9948570941227801,1.114268278270263,TRUE
CYP3A7,0.5,3,KICH;KIRC;KIRP,ENSG00000167914,GSDMA,3,KICH;KIRC;KIRP,0,0,2,0.6666666666666666,0.6423016905995155,0.713185224964993,1.2297859993312379,1.2617921997461536,TRUE
CYP3A7,0.5,3,KICH;KIRC;KIRP,ENSG00000168070,MAJIN,3,KICH;KIRC;KIRP,2,0.6666666666666666,0,0,-0.7929051905765899,-1.958266100958007,0.24577839362071324,0.355275965948501,TRUE
CYP3A7,0.5,3,KICH;KIRC;KIRP,ENSG00000168078,PBK,3,KICH;KIRC;KIRP,0,0,3,1,2.60690126767151,2.552401390512487,1.5253741291828953,1.545176110745741,TRUE
CYP3A7,0.5,3,KICH;KIRC;KIRP,ENSG00000168412,MTNR1A,3,KICH;KIRC;KIRP,3,1,0,0,-2.967995520102507,-3.3162252816540074,0.3261588342494066,0.33149271599190877,TRUE
CYP3A7,0.5,3,KICH;KIRC;KIRP,ENSG00000168621,GDNF,3,KICH;KIRC;KIRP,3,1,0,0,-3.761466524602862,-3.5513548631081853,1.477257078384269,1.510972703036326,TRUE
CYP3A7,0.5,3,KICH;KIRC;KIRP,ENSG00000168671,UGT3A2,3,KICH;KIRC;KIRP,3,1,0,0,-3.205142444446831,-3.1140885308303687,0.9561317288638242,1.0083576827612204,TRUE
CYP3A7,0.5,3,KICH;KIRC;KIRP,ENSG00000168878,SFTPB,3,KICH;KIRC;KIRP,2,0.6666666666666666,1,0.3333333333333333,-1.9432296364306187,0.4714605950331832,0.3342687022502676,0.4160054160213036,TRUE
CYP3A7,0.5,3,KICH;KIRC;KIRP,ENSG00000169064,ZBBX,3,KICH;KIRC;KIRP,1,0.3333333333333333,1,0.3333333333333333,-0.45947532826092097,-1.1876480494055532,0.8461166570346564,0.9005537704624179,TRUE
CYP3A7,0.5,3,KICH;KIRC;KIRP,ENSG00000169174,PCSK9,3,KICH;KIRC;KIRP,2,0.6666666666666666,1,0.3333333333333333,-2.935797784493444,-1.745952637351134,1.558427144114536,1.5847582970395373,TRUE
CYP3A7,0.5,3,KICH;KIRC;KIRP,ENSG00000169245,CXCL10,3,KICH;KIRC;KIRP,0,0,3,1,2.0874400176424364,2.016305901498054,1.6686101492284384,1.781908418746679,TRUE
CYP3A7,0.5,3,KICH;KIRC;KIRP,ENSG00000169248,CXCL11,3,KICH;KIRC;KIRP,0,0,2,0.6666666666666666,1.92371070383932,1.8812759958234273,1.37730847904507,1.386463625391897,TRUE
CYP3A7,0.5,3,KICH;KIRC;KIRP,ENSG00000169436,COL22A1,3,KICH;KIRC;KIRP,1,0.3333333333333333,0,0,0.02580984125286219,-0.49955326433656294,1.2524564168376904,1.273653992064249,TRUE
CYP3A7,0.5,3,KICH;KIRC;KIRP,ENSG00000169594,BNC1,3,KICH;KIRC;KIRP,1,0.3333333333333333,2,0.6666666666666666,1.0333853197947322,0.3966044737858535,1.5299104390262808,1.539053752352215,TRUE
CYP3A7,0.5,3,KICH;KIRC;KIRP,ENSG00000169607,CKAP2L,3,KICH;KIRC;KIRP,0,0,3,1,2.6131049259121415,2.604062978175075,1.5387553096475144,1.592924229349589,TRUE
CYP3A7,0.5,3,KICH;KIRC;KIRP,ENSG00000169894,MUC3A,3,KICH;KIRC;KIRP,0,0,3,1,2.904858479236414,2.478905093690192,1.5037215844479799,1.5231250855086913,TRUE
CYP3A7,0.5,3,KICH;KIRC;KIRP,ENSG00000169903,TM4SF4,3,KICH;KIRC;KIRP,1,0.3333333333333333,1,0.3333333333333333,-0.08729057803781957,-1.0305281934547508,0.7588119675115562,0.7820451839854781,TRUE
CYP3A7,0.5,3,KICH;KIRC;KIRP,ENSG00000169989,TIGD4,3,KICH;KIRC;KIRP,2,0.6666666666666666,0,0,-0.6504576333277985,-0.6139433523693683,1.4980651345003568,1.567187181036365,TRUE
CYP3A7,0.5,3,KICH;KIRC;KIRP,ENSG00000170044,ZPLD1,3,KICH;KIRC;KIRP,2,0.6666666666666666,1,0.3333333333333333,-1.6441327316835408,-0.7059459138487064,0.793002100718524,0.8377484611372642,TRUE
CYP3A7,0.5,3,KICH;KIRC;KIRP,ENSG00000170122,FOXD4,3,KICH;KIRC;KIRP,0,0,2,0.6666666666666666,0.750803891556313,0.4709733772904559,1.4932607674501404,1.495343206873009,TRUE
CYP3A7,0.5,3,KICH;KIRC;KIRP,ENSG00000170236,USP50,3,KICH;KIRC;KIRP,0,0,0,0,0.01610981813829249,-0.11991068713191907,0.7280988244238161,0.7617272587040721,TRUE
CYP3A7,0.5,3,KICH;KIRC;KIRP,ENSG00000170324,FRMPD2,3,KICH;KIRC;KIRP,0,0,1,0.3333333333333333,0.13979255137979604,0.2248660037224111,1.1724095140120006,1.1917628256806736,TRUE
CYP3A7,0.5,3,KICH;KIRC;KIRP,ENSG00000170367,CST5,3,KICH;KIRC;KIRP,3,1,0,0,-1.489364933719558,-1.6534696090915952,0.9870415766083561,1.006910713096936,TRUE
CYP3A7,0.5,3,KICH;KIRC;KIRP,ENSG00000170396,ZNF804A,3,KICH;KIRC;KIRP,3,1,0,0,-0.9334912044721831,-1.089461232129984,1.374483927104142,1.3876261699448589,TRUE
CYP3A7,0.5,3,KICH;KIRC;KIRP,ENSG00000170476,MZB1,3,KICH;KIRC;KIRP,1,0.3333333333333333,1,0.3333333333333333,0.17714595846678385,0.21698001525733202,1.2876320502024685,1.3158169825814812,TRUE
CYP3A7,0.5,3,KICH;KIRC;KIRP,ENSG00000170608,FOXA3,3,KICH;KIRC;KIRP,3,1,0,0,-4.422142549486773,-3.870294641186993,1.5112925146387222,1.7702474574598412,TRUE
CYP3A7,0.5,3,KICH;KIRC;KIRP,ENSG00000170703,TTLL6,3,KICH;KIRC;KIRP,0,0,2,0.6666666666666666,0.6481368652177245,0.7397789207407355,1.2069891422885437,1.2538032027584949,TRUE
CYP3A7,0.5,3,KICH;KIRC;KIRP,ENSG00000170819,BFSP2,3,KICH;KIRC;KIRP,2,0.6666666666666666,1,0.3333333333333333,-1.4605413594761172,-0.688435767566809,0.8349369416295692,0.8873124008480241,TRUE
CYP3A7,0.5,3,KICH;KIRC;KIRP,ENSG00000170959,DCDC1,3,KICH;KIRC;KIRP,1,0.3333333333333333,0,0,-0.4037088337568664,-1.4437652946532578,1.076255510471906,1.227367459321026,TRUE
CYP3A7,0.5,3,KICH;KIRC;KIRP,ENSG00000171017,LRRC8E,3,KICH;KIRC;KIRP,1,0.3333333333333333,1,0.3333333333333333,-0.09995751381431994,0.022717028391018856,1.1194455799122178,1.14094626552829,TRUE
CYP3A7,0.5,3,KICH;KIRC;KIRP,ENSG00000171126,KCNG3,3,KICH;KIRC;KIRP,2,0.6666666666666666,0,0,-0.6791772347092956,-1.5831848685072556,1.5433074882909432,1.574720860570225,TRUE
CYP3A7,0.5,3,KICH;KIRC;KIRP,ENSG00000171509,RXFP1,3,KICH;KIRC;KIRP,2,0.6666666666666666,0,0,-1.449572445574945,-1.140838804251878,1.2060157796754316,1.2683289425324302,TRUE
CYP3A7,0.5,3,KICH;KIRC;KIRP,ENSG00000171551,ECEL1,3,KICH;KIRC;KIRP,3,1,0,0,-2.45028695804539,-2.309564884031052,1.1731909815286856,1.2125487812548863,TRUE
CYP3A7,0.5,3,KICH;KIRC;KIRP,ENSG00000171631,P2RY6,3,KICH;KIRC;KIRP,1,0.3333333333333333,1,0.3333333333333333,0.5730436546141507,0.10569820149550244,1.3878272894146424,1.458223329797505,TRUE
CYP3A7,0.5,3,KICH;KIRC;KIRP,ENSG00000171811,CFAP46,3,KICH;KIRC;KIRP,2,0.6666666666666666,0,0,-1.451737704704701,-1.1436118049631765,1.4568010586249525,1.5988285388103491,TRUE
CYP3A7,0.5,3,KICH;KIRC;KIRP,ENSG00000171815,PCDHB1,3,KICH;KIRC;KIRP,3,1,0,0,-1.9271226019651797,-2.405919773036483,1.2371973278712873,1.284556599587703,TRUE
CYP3A7,0.5,3,KICH;KIRC;KIRP,ENSG00000171848,RRM2,3,KICH;KIRC;KIRP,0,0,3,1,2.515078122458553,2.0493483266329924,1.616758690979295,1.6780233779714226,TRUE
CYP3A7,0.5,3,KICH;KIRC;KIRP,ENSG00000171864,PRND,3,KICH;KIRC;KIRP,0,0,2,0.6666666666666666,2.364907608143143,1.5767707412815575,1.6468413486339697,1.7021970368882793,TRUE
CYP3A7,0.5,3,KICH;KIRC;KIRP,ENSG00000172000,ZNF556,3,KICH;KIRC;KIRP,2,0.6666666666666666,1,0.3333333333333333,-1.116791259633963,-0.652348427373781,1.039271273930459,1.0786444093759926,TRUE
CYP3A7,0.5,3,KICH;KIRC;KIRP,ENSG00000172139,SLC9C1,3,KICH;KIRC;KIRP,0,0,0,0,-0.22406206024384015,-0.014211391049941327,1.0647299524283829,1.102943260126242,TRUE
CYP3A7,0.5,3,KICH;KIRC;KIRP,ENSG00000172156,CCL11,3,KICH;KIRC;KIRP,3,1,0,0,-4.13126314326597,-4.046115005755699,1.5444967955581779,1.7000489145353426,TRUE
CYP3A7,0.5,3,KICH;KIRC;KIRP,ENSG00000172425,TTC36,3,KICH;KIRC;KIRP,3,1,0,0,-2.895819217308201,-2.595471937808655,1.3608803521304755,1.4195037807713675,TRUE
CYP3A7,0.5,3,KICH;KIRC;KIRP,ENSG00000172497,ACOT12,3,KICH;KIRC;KIRP,3,1,0,0,-5.109594039364722,-5.205202351648817,0.942280513490624,1.0311829628704614,TRUE
CYP3A7,0.5,3,KICH;KIRC;KIRP,ENSG00000172738,TMEM217,3,KICH;KIRC;KIRP,1,0.3333333333333333,1,0.3333333333333333,0.20163333661496943,-0.12287147046803817,1.5406999345971861,1.6096740734001136,TRUE
CYP3A7,0.5,3,KICH;KIRC;KIRP,ENSG00000172995,ARPP21,3,KICH;KIRC;KIRP,2,0.6666666666666666,0,0,-1.502963210638732,-1.5076799364888933,1.6723664364221629,1.6883180290007047,TRUE
CYP3A7,0.5,3,KICH;KIRC;KIRP,ENSG00000173212,MAB21L3,3,KICH;KIRC;KIRP,1,0.3333333333333333,1,0.3333333333333333,-0.3799118154821653,0.3219476329992186,1.0469173916541772,1.2168632553211252,TRUE
CYP3A7,0.5,3,KICH;KIRC;KIRP,ENSG00000173467,AGR3,3,KICH;KIRC;KIRP,3,1,0,0,-2.9037589157912453,-3.3759253682420347,1.0838026742433327,1.139419418380016,TRUE
CYP3A7,0.5,3,KICH;KIRC;KIRP,ENSG00000173535,TNFRSF10C,3,KICH;KIRC;KIRP,0,0,1,0.3333333333333333,0.47748217765565426,0.45825461108054166,1.5293032640812303,1.6234477095813329,TRUE
CYP3A7,0.5,3,KICH;KIRC;KIRP,ENSG00000173557,FAM166C,3,KICH;KIRC;KIRP,2,0.6666666666666666,1,0.3333333333333333,-0.7959163758885692,-1.1141496601153418,1.1216278755067624,1.2195808929812573,TRUE
CYP3A7,0.5,3,KICH;KIRC;KIRP,ENSG00000173578,XCR1,3,KICH;KIRC;KIRP,0,0,1,0.3333333333333333,-0.1751006814646985,0.4646755569578524,1.6235110656534395,1.6343115053947892,TRUE
CYP3A7,0.5,3,KICH;KIRC;KIRP,ENSG00000173585,CCR9,3,KICH;KIRC;KIRP,2,0.6666666666666666,1,0.3333333333333333,-1.6352163230738306,-0.9447381215055041,1.2613226310041468,1.2693000332749966,TRUE
CYP3A7,0.5,3,KICH;KIRC;KIRP,ENSG00000173838,MARCHF10,3,KICH;KIRC;KIRP,2,0.6666666666666666,1,0.3333333333333333,-3.174049755223459,-2.1323081907384793,0.9032426730417332,1.2079281985846295,TRUE
CYP3A7,0.5,3,KICH;KIRC;KIRP,ENSG00000173868,PHOSPHO1,3,KICH;KIRC;KIRP,0,0,1,0.3333333333333333,0.28722923554689517,0.3489801115107179,1.63081561406646,1.6946198679792248,TRUE
CYP3A7,0.5,3,KICH;KIRC;KIRP,ENSG00000174015,CBY2,3,KICH;KIRC;KIRP,3,1,0,0,-3.036586459357886,-2.9685732192617333,1.1810973248420733,1.2638289782872525,TRUE
CYP3A7,0.5,3,KICH;KIRC;KIRP,ENSG00000174482,LINGO2,3,KICH;KIRC;KIRP,3,1,0,0,-2.763078732160654,-2.8213551986487304,1.1772176891918045,1.1944054210625374,TRUE
CYP3A7,0.5,3,KICH;KIRC;KIRP,ENSG00000174500,GCSAM,3,KICH;KIRC;KIRP,0,0,0,0,-0.391848421246059,-0.23641775706724247,1.4433425706826502,1.5182691041724383,TRUE
CYP3A7,0.5,3,KICH;KIRC;KIRP,ENSG00000174527,MYO1H,3,KICH;KIRC;KIRP,1,0.3333333333333333,1,0.3333333333333333,0.13841725391846812,0.7171444957547527,1.4810272242712883,1.503584608088791,TRUE
CYP3A7,0.5,3,KICH;KIRC;KIRP,ENSG00000174837,ADGRE1,3,KICH;KIRC;KIRP,0,0,3,1,1.9442747289187,2.0792250450201903,1.4505251773842467,1.4647637354135172,TRUE
CYP3A7,0.5,3,KICH;KIRC;KIRP,ENSG00000174844,DNAH12,3,KICH;KIRC;KIRP,2,0.6666666666666666,0,0,-0.6934829989195389,-0.49116720859090507,1.6611370149425038,1.6790162226817955,TRUE
CYP3A7,0.5,3,KICH;KIRC;KIRP,ENSG00000174885,NLRP6,3,KICH;KIRC;KIRP,1,0.3333333333333333,1,0.3333333333333333,-0.363667337512608,-0.7262890760693731,0.6613485683347048,0.7557080046250643,TRUE
CYP3A7,0.5,3,KICH;KIRC;KIRP,ENSG00000174990,CA5A,3,KICH;KIRC;KIRP,3,1,0,0,-1.7984840921990952,-1.6110059379368487,1.4730608758035466,1.4849059090917958,TRUE
CYP3A7,0.5,3,KICH;KIRC;KIRP,ENSG00000175003,SLC22A1,3,KICH;KIRC;KIRP,3,1,0,0,-1.5423521567507144,-1.5009572468787542,1.2098150987138878,1.2328562340725058,TRUE
CYP3A7,0.5,3,KICH;KIRC;KIRP,ENSG00000175093,SPSB4,3,KICH;KIRC;KIRP,2,0.6666666666666666,1,0.3333333333333333,-2.610330734707919,-1.0944454187723391,1.327014726229738,1.429823922903777,TRUE
CYP3A7,0.5,3,KICH;KIRC;KIRP,ENSG00000175189,INHBC,3,KICH;KIRC;KIRP,0,0,0,0,0.17893304866688262,0.19577620552326544,1.3627918636316232,1.3738094547629214,TRUE
CYP3A7,0.5,3,KICH;KIRC;KIRP,ENSG00000175315,CST6,3,KICH;KIRC;KIRP,2,0.6666666666666666,0,0,-2.0923025309613608,-1.6024447697254414,1.6952616635971105,1.7924412412659645,TRUE
CYP3A7,0.5,3,KICH;KIRC;KIRP,ENSG00000175544,CABP4,3,KICH;KIRC;KIRP,1,0.3333333333333333,1,0.3333333333333333,0.10885901168722038,-0.46413120772040306,1.7007345548414332,1.8080267190624388,TRUE
CYP3A7,0.5,3,KICH;KIRC;KIRP,ENSG00000175874,CREG2,3,KICH;KIRC;KIRP,0,0,3,1,2.746582707170464,2.440184314469075,1.6300854876236712,1.681172276461753,TRUE
CYP3A7,0.5,3,KICH;KIRC;KIRP,ENSG00000175985,PLEKHD1,3,KICH;KIRC;KIRP,2,0.6666666666666666,1,0.3333333333333333,-4.327420518414542,-1.9914086011307335,1.1519665090403903,1.324404325964886,TRUE
CYP3A7,0.5,3,KICH;KIRC;KIRP,ENSG00000176029,C11orf16,3,KICH;KIRC;KIRP,3,1,0,0,-2.189663655630638,-2.035227074815521,0.6118723517741285,0.6504412654545604,TRUE
CYP3A7,0.5,3,KICH;KIRC;KIRP,ENSG00000176083,ZNF683,3,KICH;KIRC;KIRP,0,0,3,1,2.320530339883774,2.3642243739507403,1.4657678327649377,1.4985968281404554,TRUE
CYP3A7,0.5,3,KICH;KIRC;KIRP,ENSG00000176092,CRYBG2,3,KICH;KIRC;KIRP,1,0.3333333333333333,1,0.3333333333333333,0.20380208071923997,-0.24735321744707836,0.9921391619971511,1.0179877201531975,TRUE
CYP3A7,0.5,3,KICH;KIRC;KIRP,ENSG00000176383,B3GNT4,3,KICH;KIRC;KIRP,1,0.3333333333333333,1,0.3333333333333333,-0.5347220067709532,-0.007311633413364271,1.2397453263129332,1.2694369033547168,TRUE
CYP3A7,0.5,3,KICH;KIRC;KIRP,ENSG00000176402,GJC3,3,KICH;KIRC;KIRP,2,0.6666666666666666,0,0,-0.7343072181861322,-0.7459593821410895,1.6176276579451911,1.6220770307503367,TRUE
CYP3A7,0.5,3,KICH;KIRC;KIRP,ENSG00000176927,EFCAB5,3,KICH;KIRC;KIRP,2,0.6666666666666666,0,0,-1.0461987277059268,-1.044199309495369,1.3976775009157358,1.4300336653454218,TRUE
CYP3A7,0.5,3,KICH;KIRC;KIRP,ENSG00000177354,C10orf71,3,KICH;KIRC;KIRP,2,0.6666666666666666,0,0,-4.24119618163044,-2.912070797583369,1.0760308533961989,1.0930929423963376,TRUE
CYP3A7,0.5,3,KICH;KIRC;KIRP,ENSG00000177398,UMODL1,3,KICH;KIRC;KIRP,2,0.6666666666666666,1,0.3333333333333333,-4.224648544178428,-2.218610823004422,1.1941629924397825,1.2464487788669345,TRUE
CYP3A7,0.5,3,KICH;KIRC;KIRP,ENSG00000177455,CD19,3,KICH;KIRC;KIRP,1,0.3333333333333333,1,0.3333333333333333,-0.4745663598811508,-0.15694638671997324,1.0825013752340524,1.103624091413494,TRUE
CYP3A7,0.5,3,KICH;KIRC;KIRP,ENSG00000177494,ZBED2,3,KICH;KIRC;KIRP,1,0.3333333333333333,0,0,0.05467296386271423,-0.7393459835940701,1.1027545833304033,1.1496105003833774,TRUE
CYP3A7,0.5,3,KICH;KIRC;KIRP,ENSG00000177994,C2orf73,3,KICH;KIRC;KIRP,1,0.3333333333333333,0,0,-0.4098793724374643,-1.933841169750765,1.2675720298717135,1.329072689563335,TRUE
CYP3A7,0.5,3,KICH;KIRC;KIRP,ENSG00000178125,PPP1R42,3,KICH;KIRC;KIRP,2,0.6666666666666666,0,0,-2.3009906522226604,-2.3067561152474423,0.8788843663905509,0.9328098031855478,TRUE
CYP3A7,0.5,3,KICH;KIRC;KIRP,ENSG00000178199,ZC3H12D,3,KICH;KIRC;KIRP,0,0,1,0.3333333333333333,-0.4479827844513948,0.15861401241231665,1.658369482471511,1.683831601304322,TRUE
CYP3A7,0.5,3,KICH;KIRC;KIRP,ENSG00000178752,ERFE,3,KICH;KIRC;KIRP,2,0.6666666666666666,1,0.3333333333333333,-1.180464396196946,-0.5246019193460052,1.2473585482956273,1.438547663079929,TRUE
CYP3A7,0.5,3,KICH;KIRC;KIRP,ENSG00000178919,FOXE1,3,KICH;KIRC;KIRP,2,0.6666666666666666,0,0,-2.759252330238327,-2.207787582253656,1.3114606892018619,1.361132289915744,TRUE
CYP3A7,0.5,3,KICH;KIRC;KIRP,ENSG00000179058,C9orf50,3,KICH;KIRC;KIRP,1,0.3333333333333333,0,0,0.2437480189913292,-1.0911792463403944,1.2149724882945259,1.2477690782374224,TRUE
CYP3A7,0.5,3,KICH;KIRC;KIRP,ENSG00000179133,C10orf67,3,KICH;KIRC;KIRP,2,0.6666666666666666,0,0,-0.5888807940299019,-0.7108304220983819,0.7298654005843775,0.8386452068577636,TRUE
CYP3A7,0.5,3,KICH;KIRC;KIRP,ENSG00000179270,PCARE,3,KICH;KIRC;KIRP,3,1,0,0,-5.421149281648764,-4.988448989535333,0.8697492941774185,0.8739207436993021,TRUE
CYP3A7,0.5,3,KICH;KIRC;KIRP,ENSG00000179528,LBX2,3,KICH;KIRC;KIRP,1,0.3333333333333333,2,0.6666666666666666,1.7694204256138455,1.0970326185720474,0.8594369350751251,0.8928132622871899,TRUE
CYP3A7,0.5,3,KICH;KIRC;KIRP,ENSG00000179603,GRM8,3,KICH;KIRC;KIRP,1,0.3333333333333333,2,0.6666666666666666,2.1263916697921683,1.1505196681991119,1.3195680094118367,1.4297804642352532,TRUE
CYP3A7,0.5,3,KICH;KIRC;KIRP,ENSG00000179636,TPPP2,3,KICH;KIRC;KIRP,3,1,0,0,-4.667260013076159,-3.459772963301872,0.6948846823026132,0.8013484197983801,TRUE
CYP3A7,0.5,3,KICH;KIRC;KIRP,ENSG00000179750,APOBEC3B,3,KICH;KIRC;KIRP,0,0,3,1,1.154263895507517,1.2405801583166784,1.48923400159033,1.5987168692705338,TRUE
CYP3A7,0.5,3,KICH;KIRC;KIRP,ENSG00000179873,NLRP11,3,KICH;KIRC;KIRP,1,0.3333333333333333,1,0.3333333333333333,0.4380077896870222,-0.3911990532642411,0.968451469631405,1.0049939983892553,TRUE
CYP3A7,0.5,3,KICH;KIRC;KIRP,ENSG00000179914,ITLN1,3,KICH;KIRC;KIRP,3,1,0,0,-4.178263985822893,-4.860787374684026,1.5146224080475512,1.7702945917982242,TRUE
CYP3A7,0.5,3,KICH;KIRC;KIRP,ENSG00000180061,TMEM150B,3,KICH;KIRC;KIRP,1,0.3333333333333333,0,0,-0.19753809885339968,-0.5355428278308026,1.4081584322426404,1.4530823867202751,TRUE
CYP3A7,0.5,3,KICH;KIRC;KIRP,ENSG00000180071,ANKRD18A,3,KICH;KIRC;KIRP,1,0.3333333333333333,1,0.3333333333333333,0.21478719448285452,-0.20780491483825184,1.2359031173138648,1.3405791942352543,TRUE
CYP3A7,0.5,3,KICH;KIRC;KIRP,ENSG00000180316,PNPLA1,3,KICH;KIRC;KIRP,3,1,0,0,-3.690124176092058,-3.017010907561149,0.8818116930223305,1.0096734551445483,TRUE
CYP3A7,0.5,3,KICH;KIRC;KIRP,ENSG00000180318,ALX1,3,KICH;KIRC;KIRP,3,1,0,0,-4.3155977569159925,-3.9699519407624533,0.7877546543395735,0.9751999845974504,TRUE
CYP3A7,0.5,3,KICH;KIRC;KIRP,ENSG00000180336,MEIOC,3,KICH;KIRC;KIRP,2,0.6666666666666666,0,0,-1.6938508204540317,-1.2785070616837284,1.6420482010951958,1.6976620370812676,TRUE
CYP3A7,0.5,3,KICH;KIRC;KIRP,ENSG00000180509,KCNE1,3,KICH;KIRC;KIRP,3,1,0,0,-2.636187417389496,-2.4664973857915538,1.1922862414386604,1.2317625297844608,TRUE
CYP3A7,0.5,3,KICH;KIRC;KIRP,ENSG00000180535,BHLHA15,3,KICH;KIRC;KIRP,0,0,1,0.3333333333333333,-0.01847842428267499,0.6192943948986638,1.5817801825904285,1.6492766912989685,TRUE
CYP3A7,0.5,3,KICH;KIRC;KIRP,ENSG00000180767,CHST13,3,KICH;KIRC;KIRP,1,0.3333333333333333,2,0.6666666666666666,1.3637949055706042,0.8870899053086753,1.2894913563787305,1.3351347962085731,TRUE
CYP3A7,0.5,3,KICH;KIRC;KIRP,ENSG00000180785,OR51E1,3,KICH;KIRC;KIRP,1,0.3333333333333333,2,0.6666666666666666,1.1005531824911,0.9598771491159683,1.6352961222289308,1.6492909586558726,TRUE
CYP3A7,0.5,3,KICH;KIRC;KIRP,ENSG00000180871,CXCR2,3,KICH;KIRC;KIRP,0,0,1,0.3333333333333333,0.3903154692729331,0.5384689640338555,1.4544166842784065,1.4604893674453667,TRUE
CYP3A7,0.5,3,KICH;KIRC;KIRP,ENSG00000181036,FCRL6,3,KICH;KIRC;KIRP,0,0,2,0.6666666666666666,1.071570292531893,1.3547866212109871,1.2005450465581258,1.2069317255900078,TRUE
CYP3A7,0.5,3,KICH;KIRC;KIRP,ENSG00000181333,HEPHL1,3,KICH;KIRC;KIRP,2,0.6666666666666666,0,0,-1.1182577648973528,-1.2625757338998937,1.3913210199696822,1.4129002251328286,TRUE
CYP3A7,0.5,3,KICH;KIRC;KIRP,ENSG00000181378,CFAP65,3,KICH;KIRC;KIRP,2,0.6666666666666666,0,0,-1.7034087152707116,-2.2443920416076866,0.9718791056195029,1.0143997201258754,TRUE
CYP3A7,0.5,3,KICH;KIRC;KIRP,ENSG00000181562,EDDM3A,3,KICH;KIRC;KIRP,3,1,0,0,-4.234096524731786,-4.225316381985025,0.38775747416166334,0.46095164512039544,TRUE
CYP3A7,0.5,3,KICH;KIRC;KIRP,ENSG00000182010,RTKN2,3,KICH;KIRC;KIRP,1,0.3333333333333333,1,0.3333333333333333,0.1499228052207439,-0.07649172401093303,1.6520466956198026,1.7073783734821688,TRUE
CYP3A7,0.5,3,KICH;KIRC;KIRP,ENSG00000182132,KCNIP1,3,KICH;KIRC;KIRP,3,1,0,0,-2.1431607557833123,-1.829188141666225,1.6120627660396734,1.657769696758146,TRUE
CYP3A7,0.5,3,KICH;KIRC;KIRP,ENSG00000182308,DCAF4L1,3,KICH;KIRC;KIRP,0,0,1,0.3333333333333333,-0.11564892642385716,0.45146163033371767,1.3474394259756108,1.3750619423571966,TRUE
CYP3A7,0.5,3,KICH;KIRC;KIRP,ENSG00000182557,SPNS3,3,KICH;KIRC;KIRP,1,0.3333333333333333,0,0,2.2195773586492637e-4,-0.7737974454832632,1.5623804253303797,1.681351546534598,TRUE
CYP3A7,0.5,3,KICH;KIRC;KIRP,ENSG00000182782,HCAR2,3,KICH;KIRC;KIRP,2,0.6666666666666666,1,0.3333333333333333,-0.5930186932868878,0.17641606187870726,1.3891358292916602,1.4452613029781625,TRUE
CYP3A7,0.5,3,KICH;KIRC;KIRP,ENSG00000182791,CCDC87,3,KICH;KIRC;KIRP,1,0.3333333333333333,0,0,-0.4309263889070423,-0.46000342942279343,1.4903404589817069,1.5486903491091613,TRUE
CYP3A7,0.5,3,KICH;KIRC;KIRP,ENSG00000182901,RGS7,3,KICH;KIRC;KIRP,2,0.6666666666666666,0,0,-2.308796475564098,-1.3853272511861596,1.0980622020615094,1.1365213155638365,TRUE
CYP3A7,0.5,3,KICH;KIRC;KIRP,ENSG00000183032,SLC25A21,3,KICH;KIRC;KIRP,1,0.3333333333333333,0,0,-0.4736079316537899,-0.5210959121564418,1.5977356956367137,1.637365331524166,TRUE
CYP3A7,0.5,3,KICH;KIRC;KIRP,ENSG00000183066,WBP2NL,3,KICH;KIRC;KIRP,1,0.3333333333333333,0,0,-0.47847181004522327,-0.26898715634507153,1.4885265568312003,1.5821808076305584,TRUE
CYP3A7,0.5,3,KICH;KIRC;KIRP,ENSG00000183090,FREM3,3,KICH;KIRC;KIRP,2,0.6666666666666666,0,0,-1.7901649445964125,-1.7861516830847015,1.4016839109696324,1.446176258232955,TRUE
CYP3A7,0.5,3,KICH;KIRC;KIRP,ENSG00000183145,RIPPLY3,3,KICH;KIRC;KIRP,3,1,0,0,-2.0600311068698822,-2.2294820524735055,0.9790913145296483,1.0648539294143216,TRUE
CYP3A7,0.5,3,KICH;KIRC;KIRP,ENSG00000183571,PGPEP1L,3,KICH;KIRC;KIRP,2,0.6666666666666666,0,0,-2.677304386528317,-1.8010424548436823,1.1972938066299128,1.2188606430897382,TRUE
CYP3A7,0.5,3,KICH;KIRC;KIRP,ENSG00000183662,TAFA1,3,KICH;KIRC;KIRP,2,0.6666666666666666,0,0,-1.2867493389760352,-1.1130127754212649,1.2349807224542584,1.242448838121348,TRUE
CYP3A7,0.5,3,KICH;KIRC;KIRP,ENSG00000183734,ASCL2,3,KICH;KIRC;KIRP,2,0.6666666666666666,0,0,-1.171965183922652,-1.1056751944535808,1.56399975752684,1.6664552818566165,TRUE
CYP3A7,0.5,3,KICH;KIRC;KIRP,ENSG00000183780,SLC35F3,3,KICH;KIRC;KIRP,0,0,1,0.3333333333333333,0.2675538298850677,1.0532738349312722,1.624549532845511,1.6556906934037123,TRUE
CYP3A7,0.5,3,KICH;KIRC;KIRP,ENSG00000183813,CCR4,3,KICH;KIRC;KIRP,1,0.3333333333333333,1,0.3333333333333333,-0.2367302819952462,-0.010024054792690104,1.5604945470660858,1.5972991360461688,TRUE
CYP3A7,0.5,3,KICH;KIRC;KIRP,ENSG00000183831,ANKRD45,3,KICH;KIRC;KIRP,2,0.6666666666666666,0,0,-1.809317717379717,-1.4323945368631468,1.6580472036031777,1.7125171842730844,TRUE
CYP3A7,0.5,3,KICH;KIRC;KIRP,ENSG00000183840,GPR39,3,KICH;KIRC;KIRP,1,0.3333333333333333,0,0,-0.05635497022118412,-0.4547457897052688,1.4223153578415346,1.5272880532282849,TRUE
CYP3A7,0.5,3,KICH;KIRC;KIRP,ENSG00000183856,IQGAP3,3,KICH;KIRC;KIRP,0,0,3,1,2.5127158996005416,2.3184542894429447,1.528338376870263,1.5480854168246387,TRUE
CYP3A7,0.5,3,KICH;KIRC;KIRP,ENSG00000183888,SRARP,3,KICH;KIRC;KIRP,2,0.6666666666666666,0,0,-5.108272234145788,-3.4654971899767926,1.4682805059406685,1.5170109565994194,TRUE
CYP3A7,0.5,3,KICH;KIRC;KIRP,ENSG00000183908,LRRC55,3,KICH;KIRC;KIRP,3,1,0,0,-1.508158615115736,-2.189830772312114,1.5366640843305162,1.5404077492740271,TRUE
CYP3A7,0.5,3,KICH;KIRC;KIRP,ENSG00000183918,SH2D1A,3,KICH;KIRC;KIRP,0,0,2,0.6666666666666666,1.008390265658559,1.4090025254029985,1.6989697655213343,1.7033901757264254,TRUE
CYP3A7,0.5,3,KICH;KIRC;KIRP,ENSG00000184022,OR2T10,3,KICH;KIRC;KIRP,2,0.6666666666666666,0,0,-3.1682855471699027,-2.8636434872733836,0.6669119215070887,0.698861802049295,TRUE
CYP3A7,0.5,3,KICH;KIRC;KIRP,ENSG00000184344,GDF3,3,KICH;KIRC;KIRP,3,1,0,0,-2.7256669842349623,-2.8361357226562522,1.257046647348261,1.4771869913000777,TRUE
CYP3A7,0.5,3,KICH;KIRC;KIRP,ENSG00000184374,COLEC10,3,KICH;KIRC;KIRP,1,0.3333333333333333,2,0.6666666666666666,0.6290009385791823,0.21273880545863227,0.7208242588747091,0.8011365695519272,TRUE
CYP3A7,0.5,3,KICH;KIRC;KIRP,ENSG00000184454,NCMAP,3,KICH;KIRC;KIRP,2,0.6666666666666666,0,0,-1.0994517880676689,-1.2446266682467113,1.1699233597204168,1.2882470840205642,TRUE
CYP3A7,0.5,3,KICH;KIRC;KIRP,ENSG00000184661,CDCA2,3,KICH;KIRC;KIRP,0,0,3,1,2.1963500533673677,3.219280969408637,1.6039505343186806,1.6252604659620171,TRUE
CYP3A7,0.5,3,KICH;KIRC;KIRP,ENSG00000184697,CLDN6,3,KICH;KIRC;KIRP,2,0.6666666666666666,0,0,-1.7550577489836297,-1.4388506082172847,1.5333215904374755,1.5735006082883525,TRUE
CYP3A7,0.5,3,KICH;KIRC;KIRP,ENSG00000184788,SATL1,3,KICH;KIRC;KIRP,3,1,0,0,-2.435740843566149,-2.5556205506183423,1.4324640045660095,1.4581469123684505,TRUE
CYP3A7,0.5,3,KICH;KIRC;KIRP,ENSG00000184956,MUC6,3,KICH;KIRC;KIRP,3,1,0,0,-4.3709660445049465,-3.9823352420162794,0.9032814167046215,1.0810467794619094,TRUE
CYP3A7,0.5,3,KICH;KIRC;KIRP,ENSG00000185055,EFCAB10,3,KICH;KIRC;KIRP,0,0,0,0,0.4064782295662698,0.3721651403346716,1.634269306321535,1.6599457779614648,TRUE
CYP3A7,0.5,3,KICH;KIRC;KIRP,ENSG00000185056,C5orf47,3,KICH;KIRC;KIRP,2,0.6666666666666666,0,0,-1.7933723115568645,-1.4121575195456768,1.249160391937307,1.293985484830306,TRUE
CYP3A7,0.5,3,KICH;KIRC;KIRP,ENSG00000185156,MFSD6L,3,KICH;KIRC;KIRP,3,1,0,0,-5.2936132072726725,-3.968148633764417,1.527865648590061,1.762656817741382,TRUE
CYP3A7,0.5,3,KICH;KIRC;KIRP,ENSG00000185306,C12orf56,3,KICH;KIRC;KIRP,3,1,0,0,-1.7385233618111449,-2.288260401084981,0.5953394827621401,0.7755042633007744,TRUE
CYP3A7,0.5,3,KICH;KIRC;KIRP,ENSG00000185527,PDE6G,3,KICH;KIRC;KIRP,2,0.6666666666666666,0,0,-0.9663906322998008,-0.8732909212962524,1.0488974637876467,1.306421472078119,TRUE
CYP3A7,0.5,3,KICH;KIRC;KIRP,ENSG00000185686,PRAME,3,KICH;KIRC;KIRP,1,0.3333333333333333,2,0.6666666666666666,2.450942099252019,0.668154332673152,0.6350420700149332,0.6902228336810317,TRUE
CYP3A7,0.5,3,KICH;KIRC;KIRP,ENSG00000185737,NRG3,3,KICH;KIRC;KIRP,0,0,3,1,2.091739363618814,2.4214579500282034,1.5444398656632305,1.562733581829354,TRUE
CYP3A7,0.5,3,KICH;KIRC;KIRP,ENSG00000185823,NPAP1,3,KICH;KIRC;KIRP,3,1,0,0,-3.946384342574958,-3.79671259455165,0.5217531987005674,0.5228505457839878,TRUE
CYP3A7,0.5,3,KICH;KIRC;KIRP,ENSG00000185842,DNAH14,3,KICH;KIRC;KIRP,0,0,0,0,-0.0980780990075414,0.07222530393495069,1.3430903293098022,1.5759797208390611,TRUE
CYP3A7,0.5,3,KICH;KIRC;KIRP,ENSG00000185905,C16orf54,3,KICH;KIRC;KIRP,0,0,2,0.6666666666666666,1.2583805664071623,1.204323768363885,1.485722709345573,1.5335889645705758,TRUE
CYP3A7,0.5,3,KICH;KIRC;KIRP,ENSG00000185958,FAM186A,3,KICH;KIRC;KIRP,0,0,1,0.3333333333333333,0.21566568472063288,0.29318179852933984,1.4336167001211435,1.4587405014576995,TRUE
CYP3A7,0.5,3,KICH;KIRC;KIRP,ENSG00000186009,ATP4B,3,KICH;KIRC;KIRP,3,1,0,0,-3.617199627302809,-2.909208793878801,0.4757773425354239,0.5546010775170387,TRUE
CYP3A7,0.5,3,KICH;KIRC;KIRP,ENSG00000186094,AGBL4,3,KICH;KIRC;KIRP,3,1,0,0,-2.475566442120847,-2.4234120977280913,1.3440295265389768,1.436735426595903,TRUE
CYP3A7,0.5,3,KICH;KIRC;KIRP,ENSG00000186197,EDARADD,3,KICH;KIRC;KIRP,2,0.6666666666666666,1,0.3333333333333333,-1.7865468027481146,-0.7318094268306404,1.3992112445260316,1.5144639262965207,TRUE
CYP3A7,0.5,3,KICH;KIRC;KIRP,ENSG00000186265,BTLA,3,KICH;KIRC;KIRP,0,0,1,0.3333333333333333,0.15997859903720432,0.48212593392271735,1.5348464204466643,1.5723641366080787,TRUE
CYP3A7,0.5,3,KICH;KIRC;KIRP,ENSG00000186326,RGS9BP,3,KICH;KIRC;KIRP,1,0.3333333333333333,0,0,-0.02654544228751275,-0.3392697273166773,1.4735318828419603,1.475510475531192,TRUE
CYP3A7,0.5,3,KICH;KIRC;KIRP,ENSG00000186407,CD300E,3,KICH;KIRC;KIRP,1,0.3333333333333333,1,0.3333333333333333,0.2648526282829723,0.2667150232049769,1.6483174028186816,1.7536063875291106,TRUE
CYP3A7,0.5,3,KICH;KIRC;KIRP,ENSG00000186564,FOXD2,3,KICH;KIRC;KIRP,2,0.6666666666666666,0,0,-1.4515850352884203,-1.075070722752827,1.1827286702913482,1.2386288746259129,TRUE
CYP3A7,0.5,3,KICH;KIRC;KIRP,ENSG00000186583,SPATC1,3,KICH;KIRC;KIRP,1,0.3333333333333333,0,0,-0.4131689937109253,-0.4151703345992335,1.2298968514094066,1.2900285481202711,TRUE
CYP3A7,0.5,3,KICH;KIRC;KIRP,ENSG00000186710,CFAP73,3,KICH;KIRC;KIRP,3,1,0,0,-2.2800647338605353,-2.8144233004717085,0.988451926779831,1.0497252132441801,TRUE
CYP3A7,0.5,3,KICH;KIRC;KIRP,ENSG00000186810,CXCR3,3,KICH;KIRC;KIRP,0,0,3,1,0.9874117697577032,1.6936470055924688,1.4419382425286644,1.4468256557391654,TRUE
CYP3A7,0.5,3,KICH;KIRC;KIRP,ENSG00000186867,QRFPR,3,KICH;KIRC;KIRP,1,0.3333333333333333,2,0.6666666666666666,1.6343382608252854,0.5860108979165661,1.1766247550625628,1.3040243050996927,TRUE
CYP3A7,0.5,3,KICH;KIRC;KIRP,ENSG00000186897,C1QL4,3,KICH;KIRC;KIRP,1,0.3333333333333333,2,0.6666666666666666,0.69226404103158945,-0.03526071726669722,0.8340263829079507,0.8712204372696115,TRUE
CYP3A7,0.5,3,KICH;KIRC;KIRP,ENSG00000186973,FAM183A,3,KICH;KIRC;KIRP,1,0.3333333333333333,1,0.3333333333333333,0.25569012908141037,-0.9226416330847368,0.9826574664604423,1.0033181063183985,TRUE
CYP3A7,0.5,3,KICH;KIRC;KIRP,ENSG00000187416,LHFPL3,3,KICH;KIRC;KIRP,3,1,0,0,-2.1340102563546224,-3.0795186412965894,1.5336790883348677,1.634355826672274,TRUE
CYP3A7,0.5,3,KICH;KIRC;KIRP,ENSG00000187510,PLEKHG7,3,KICH;KIRC;KIRP,3,1,0,0,-1.9039910629671823,-1.7630553930483503,0.6691739211031869,0.8433219213051854,TRUE
CYP3A7,0.5,3,KICH;KIRC;KIRP,ENSG00000187546,AGMO,3,KICH;KIRC;KIRP,1,0.3333333333333333,1,0.3333333333333333,0.4983998139408713,-1.3211708002708336,1.2813986196030036,1.3250856766716956,TRUE
CYP3A7,0.5,3,KICH;KIRC;KIRP,ENSG00000187583,PLEKHN1,3,KICH;KIRC;KIRP,0,0,2,0.6666666666666666,2.0903154569682276,1.470125358901904,1.380817648538244,1.443382647713292,TRUE
CYP3A7,0.5,3,KICH;KIRC;KIRP,ENSG00000187642,PERM1,3,KICH;KIRC;KIRP,2,0.6666666666666666,1,0.3333333333333333,-1.3187098699340405,-0.6294181230918423,1.146943752276268,1.1828338395468811,TRUE
CYP3A7,0.5,3,KICH;KIRC;KIRP,ENSG00000187808,SOWAHD,3,KICH;KIRC;KIRP,0,0,3,1,1.0913508385984576,1.096057983732564,1.2563091179513952,1.3158647280271505,TRUE
CYP3A7,0.5,3,KICH;KIRC;KIRP,ENSG00000187821,HELT,3,KICH;KIRC;KIRP,3,1,0,0,-4.974895322900607,-5.1468970167803825,0.415057996895046,0.5386993205948684,TRUE
CYP3A7,0.5,3,KICH;KIRC;KIRP,ENSG00000187980,PLA2G2C,3,KICH;KIRC;KIRP,0,0,1,0.3333333333333333,0.26432074989458276,0.31609146759302614,1.5448058193852094,1.5565256373441498,TRUE
CYP3A7,0.5,3,KICH;KIRC;KIRP,ENSG00000188316,ENO4,3,KICH;KIRC;KIRP,1,0.3333333333333333,0,0,-0.518750051554336,-1.0166873739584077,1.7018779325550855,1.732997535352215,TRUE
CYP3A7,0.5,3,KICH;KIRC;KIRP,ENSG00000188389,PDCD1,3,KICH;KIRC;KIRP,0,0,2,0.6666666666666666,0.9582439648109392,1.1568128444203896,1.6997555910314714,1.714835922019642,TRUE
CYP3A7,0.5,3,KICH;KIRC;KIRP,ENSG00000188487,INSC,3,KICH;KIRC;KIRP,3,1,0,0,-2.2148886517208264,-1.96470437615149,1.5723672934454083,1.6053887180187911,TRUE
CYP3A7,0.5,3,KICH;KIRC;KIRP,ENSG00000188505,NCCRP1,3,KICH;KIRC;KIRP,3,1,0,0,-3.136118834553671,-2.7968398059937383,1.2469310614886726,1.3442421061865588,TRUE
CYP3A7,0.5,3,KICH;KIRC;KIRP,ENSG00000188626,GOLGA8M,3,KICH;KIRC;KIRP,1,0.3333333333333333,1,0.3333333333333333,0.24263353793883416,0.04743782837041332,1.1681137603480287,1.2070861154241717,TRUE
CYP3A7,0.5,3,KICH;KIRC;KIRP,ENSG00000188738,FSIP2,3,KICH;KIRC;KIRP,1,0.3333333333333333,0,0,-0.257448454675366,-0.3816673040558308,1.6507572837206232,1.6993980427901172,TRUE
CYP3A7,0.5,3,KICH;KIRC;KIRP,ENSG00000188897,AC099489.1,3,KICH;KIRC;KIRP,1,0.3333333333333333,1,0.3333333333333333,0.01837971021445004,-0.11259556136757937,1.6137715094353957,1.7793824487910983,TRUE
CYP3A7,0.5,3,KICH;KIRC;KIRP,ENSG00000188910,GJB3,3,KICH;KIRC;KIRP,2,0.6666666666666666,1,0.3333333333333333,-2.2474040552362116,-1.7551046871053466,1.669313952048818,1.7435060350526053,TRUE
CYP3A7,0.5,3,KICH;KIRC;KIRP,ENSG00000189057,FAM111B,3,KICH;KIRC;KIRP,0,0,3,1,2.7957524528119233,2.7983454291517265,1.4150259445831823,1.426443569234346,TRUE
CYP3A7,0.5,3,KICH;KIRC;KIRP,ENSG00000189108,IL1RAPL2,3,KICH;KIRC;KIRP,2,0.6666666666666666,0,0,-1.169502176858172,-1.4008092536060006,1.5412347235357358,1.5737545551679897,TRUE
CYP3A7,0.5,3,KICH;KIRC;KIRP,ENSG00000189127,ANKRD34B,3,KICH;KIRC;KIRP,3,1,0,0,-3.2100900660422966,-3.68470594525355,0.611249860594494,0.7980652906461049,TRUE
CYP3A7,0.5,3,KICH;KIRC;KIRP,ENSG00000189233,NUGGC,3,KICH;KIRC;KIRP,3,1,0,0,-3.607492655353623,-2.8877714041974274,1.317755305973471,1.3959026894738606,TRUE
CYP3A7,0.5,3,KICH;KIRC;KIRP,ENSG00000196092,PAX5,3,KICH;KIRC;KIRP,1,0.3333333333333333,1,0.3333333333333333,0.10350094998016995,0.019454139011546023,1.5430113083991073,1.5583432353920277,TRUE
CYP3A7,0.5,3,KICH;KIRC;KIRP,ENSG00000196260,SFTA2,3,KICH;KIRC;KIRP,3,1,0,0,-4.013685848946561,-3.2525599960087535,0.7245636617585717,1.0532244295349118,TRUE
CYP3A7,0.5,3,KICH;KIRC;KIRP,ENSG00000196353,CPNE4,3,KICH;KIRC;KIRP,2,0.6666666666666666,0,0,-3.4374667692806136,-2.2209192875567596,1.6049905348063411,1.6345219422003208,TRUE
CYP3A7,0.5,3,KICH;KIRC;KIRP,ENSG00000196420,S100A5,3,KICH;KIRC;KIRP,3,1,0,0,-1.5512757096655272,-1.6722918320246838,1.1317706270052628,1.2205082917684462,TRUE
CYP3A7,0.5,3,KICH;KIRC;KIRP,ENSG00000196611,MMP1,3,KICH;KIRC;KIRP,1,0.3333333333333333,1,0.3333333333333333,-0.4557230691542362,-0.36891827381565684,0.588756604338177,0.9243794634794756,TRUE
CYP3A7,0.5,3,KICH;KIRC;KIRP,ENSG00000196767,POU3F4,3,KICH;KIRC;KIRP,3,1,0,0,-6.552655132959426,-5.487234513533935,1.038764680547507,1.20737869101139,TRUE
CYP3A7,0.5,3,KICH;KIRC;KIRP,ENSG00000196860,TOMM20L,3,KICH;KIRC;KIRP,2,0.6666666666666666,0,0,-1.004123680244953,-0.7734653609573452,1.5576623745200653,1.5848436014122802,TRUE
CYP3A7,0.5,3,KICH;KIRC;KIRP,ENSG00000196862,RGPD4,3,KICH;KIRC;KIRP,0,0,0,0,-0.15356704024733978,-0.1670722475280227,1.6027753659979962,1.632984953722168,TRUE
CYP3A7,0.5,3,KICH;KIRC;KIRP,ENSG00000196917,HCAR1,3,KICH;KIRC;KIRP,2,0.6666666666666666,1,0.3333333333333333,-2.242779129755509,-1.0303298412829973,1.378362687000462,1.6207899611334209,TRUE
CYP3A7,0.5,3,KICH;KIRC;KIRP,ENSG00000196932,TMEM26,3,KICH;KIRC;KIRP,2,0.6666666666666666,1,0.3333333333333333,-1.0768542280252549,-0.8085352789943226,1.1234771987511243,1.2196831298404585,TRUE
CYP3A7,0.5,3,KICH;KIRC;KIRP,ENSG00000196990,FAM163B,3,KICH;KIRC;KIRP,3,1,0,0,-1.5187860023019304,-2.1507097269926714,1.6294842115840682,1.6456139017068194,TRUE
CYP3A7,0.5,3,KICH;KIRC;KIRP,ENSG00000197046,SIGLEC15,3,KICH;KIRC;KIRP,0,0,1,0.3333333333333333,0.26330027847516346,1.2781726043742254,1.7355619914748306,1.8023153749741792,TRUE
CYP3A7,0.5,3,KICH;KIRC;KIRP,ENSG00000197177,ADGRA1,3,KICH;KIRC;KIRP,2,0.6666666666666666,1,0.3333333333333333,-3.930847993370026,-2.3445686631818337,1.0066389343678332,1.01152913329811,TRUE
CYP3A7,0.5,3,KICH;KIRC;KIRP,ENSG00000197360,ZNF98,3,KICH;KIRC;KIRP,3,1,0,0,-2.4501466713996516,-2.6328435576668276,1.4630310237265032,1.5135173493973602,TRUE
CYP3A7,0.5,3,KICH;KIRC;KIRP,ENSG00000197520,FAM177B,3,KICH;KIRC;KIRP,0,0,2,0.6666666666666666,1.1956556238939873,1.0192614473909427,1.5888700223355667,1.6164498258302007,TRUE
CYP3A7,0.5,3,KICH;KIRC;KIRP,ENSG00000197584,KCNMB2,3,KICH;KIRC;KIRP,3,1,0,0,-2.144732919626965,-2.3255972189421388,1.5391999420848772,1.6826556148098244,TRUE
CYP3A7,0.5,3,KICH;KIRC;KIRP,ENSG00000197658,SLC22A24,3,KICH;KIRC;KIRP,2,0.6666666666666666,0,0,-0.9239613885887452,-1.5171331588564239,0.40846558755194073,0.4460524030903913,TRUE
CYP3A7,0.5,3,KICH;KIRC;KIRP,ENSG00000197721,CR1L,3,KICH;KIRC;KIRP,2,0.6666666666666666,1,0.3333333333333333,-0.6959325841811892,0.6869509761379391,0.5614712867678372,0.5903312487844768,TRUE
CYP3A7,0.5,3,KICH;KIRC;KIRP,ENSG00000197753,LHFPL5,3,KICH;KIRC;KIRP,0,0,2,0.6666666666666666,0.7419747370419502,0.7787857507787238,1.4639100771677833,1.48737846440431,TRUE
CYP3A7,0.5,3,KICH;KIRC;KIRP,ENSG00000197980,LEKR1,3,KICH;KIRC;KIRP,2,0.6666666666666666,0,0,-0.7689798591842901,-1.0134891564564157,1.5396452595413348,1.690145803789703,TRUE
CYP3A7,0.5,3,KICH;KIRC;KIRP,ENSG00000197993,KEL,3,KICH;KIRC;KIRP,1,0.3333333333333333,0,0,-0.41997502539182807,-0.3033820233670769,1.596244953744222,1.613591843597993,TRUE
CYP3A7,0.5,3,KICH;KIRC;KIRP,ENSG00000198010,DLGAP2,3,KICH;KIRC;KIRP,3,1,0,0,-3.374282799879974,-2.6431425035242198,1.4801325051787482,1.491458994950245,TRUE
CYP3A7,0.5,3,KICH;KIRC;KIRP,ENSG00000198049,AVPR1B,3,KICH;KIRC;KIRP,1,0.3333333333333333,2,0.6666666666666666,0.7662638896158667,-0.2667341147408905,0.7572824408952694,0.7726869095120055,TRUE
CYP3A7,0.5,3,KICH;KIRC;KIRP,ENSG00000198099,ADH4,3,KICH;KIRC;KIRP,2,0.6666666666666666,1,0.3333333333333333,-3.376958924435172,-1.3301580949650051,1.3879120626847328,1.390099606456296,TRUE
CYP3A7,0.5,3,KICH;KIRC;KIRP,ENSG00000198216,CACNA1E,3,KICH;KIRC;KIRP,2,0.6666666666666666,1,0.3333333333333333,-2.0339448035723047,-1.9046512702551046,1.1722419995592288,1.1855190272358536,TRUE
CYP3A7,0.5,3,KICH;KIRC;KIRP,ENSG00000198336,MYL4,3,KICH;KIRC;KIRP,0,0,2,0.6666666666666666,0.9342971420036864,0.7214434714978972,1.5245843900529845,1.5829902907174525,TRUE
CYP3A7,0.5,3,KICH;KIRC;KIRP,ENSG00000198535,C2CD4A,3,KICH;KIRC;KIRP,2,0.6666666666666666,1,0.3333333333333333,-0.6532619842669551,-0.5192204890576864,0.7201527472354187,0.8847682901699234,TRUE
CYP3A7,0.5,3,KICH;KIRC;KIRP,ENSG00000198574,SH2D1B,3,KICH;KIRC;KIRP,1,0.3333333333333333,2,0.6666666666666666,1.389950191379547,0.5616471679681154,0.701045689786924,0.7285833907614716,TRUE
CYP3A7,0.5,3,KICH;KIRC;KIRP,ENSG00000198889,DCAF12L1,3,KICH;KIRC;KIRP,3,1,0,0,-1.1929202115855708,-1.5921350200085596,1.306532263337594,1.442381046199176,TRUE
CYP3A7,0.5,3,KICH;KIRC;KIRP,ENSG00000203499,IQANK1,3,KICH;KIRC;KIRP,1,0.3333333333333333,0,0,-0.3781651645081706,-0.352245890556855,1.6373459180954157,1.7612539949430113,TRUE
CYP3A7,0.5,3,KICH;KIRC;KIRP,ENSG00000203697,CAPN8,3,KICH;KIRC;KIRP,3,1,0,0,-1.692842922036288,-1.9787668014962576,0.932125641099123,1.2212933139510234,TRUE
CYP3A7,0.5,3,KICH;KIRC;KIRP,ENSG00000203710,CR1,3,KICH;KIRC;KIRP,3,1,0,0,-1.6637475293777124,-1.7386390661758748,1.4596200954074112,1.4954086725954951,TRUE
CYP3A7,0.5,3,KICH;KIRC;KIRP,ENSG00000203722,RAET1G,3,KICH;KIRC;KIRP,2,0.6666666666666666,0,0,-1.1635130424329576,-0.847657714962448,1.651319415128149,1.6672655804840262,TRUE
CYP3A7,0.5,3,KICH;KIRC;KIRP,ENSG00000203995,ZYG11A,3,KICH;KIRC;KIRP,3,1,0,0,-3.241198565878968,-3.3030370632683894,0.766666580713899,0.8226944316917714,TRUE
CYP3A7,0.5,3,KICH;KIRC;KIRP,ENSG00000204025,TRPC5OS,3,KICH;KIRC;KIRP,3,1,0,0,-1.8121897505446984,-1.7021402921424298,1.218070440313724,1.2384945411218509,TRUE
CYP3A7,0.5,3,KICH;KIRC;KIRP,ENSG00000204099,NEU4,3,KICH;KIRC;KIRP,3,1,0,0,-3.741432364469349,-3.6356998162231955,1.4649662505714938,1.558469186097804,TRUE
CYP3A7,0.5,3,KICH;KIRC;KIRP,ENSG00000204475,NCR3,3,KICH;KIRC;KIRP,0,0,2,0.6666666666666666,0.6147828534742357,1.1426778606058625,1.4188096038889257,1.446092018145946,TRUE
CYP3A7,0.5,3,KICH;KIRC;KIRP,ENSG00000204583,LRCOL1,3,KICH;KIRC;KIRP,2,0.6666666666666666,0,0,-2.179605763708585,-1.634864754678869,1.2782869666038827,1.2811238106084155,TRUE
CYP3A7,0.5,3,KICH;KIRC;KIRP,ENSG00000204711,C9orf135,3,KICH;KIRC;KIRP,3,1,0,0,-3.876480718795524,-3.9022577096864963,0.45993137697373176,0.638467514720325,TRUE
CYP3A7,0.5,3,KICH;KIRC;KIRP,ENSG00000204740,MALRD1,3,KICH;KIRC;KIRP,2,0.6666666666666666,0,0,-2.5427477413449924,-2.054194566210587,1.471498635012644,1.6085995047300454,TRUE
CYP3A7,0.5,3,KICH;KIRC;KIRP,ENSG00000204936,CD177,3,KICH;KIRC;KIRP,0,0,1,0.3333333333333333,-0.04693870863935246,0.32475879603349395,1.1533260035038486,1.1927001319886203,TRUE
CYP3A7,0.5,3,KICH;KIRC;KIRP,ENSG00000204965,PCDHA5,3,KICH;KIRC;KIRP,2,0.6666666666666666,0,0,-0.6911397454790635,-0.7590513576698238,1.4871141687401654,1.4942643510945723,TRUE
CYP3A7,0.5,3,KICH;KIRC;KIRP,ENSG00000204969,PCDHA2,3,KICH;KIRC;KIRP,1,0.3333333333333333,1,0.3333333333333333,-0.4890169290341795,-0.59032370940692,1.5287601089498635,1.537304666011622,TRUE
CYP3A7,0.5,3,KICH;KIRC;KIRP,ENSG00000205002,AARD,3,KICH;KIRC;KIRP,3,1,0,0,-1.591394565175018,-2.3312928103553667,1.6161370794947503,1.6421298387848235,TRUE
CYP3A7,0.5,3,KICH;KIRC;KIRP,ENSG00000205832,C16orf96,3,KICH;KIRC;KIRP,0,0,1,0.3333333333333333,0.4781131547435718,0.5961881160443611,1.584060606676542,1.5888184453742753,TRUE
CYP3A7,0.5,3,KICH;KIRC;KIRP,ENSG00000205835,GMNC,3,KICH;KIRC;KIRP,3,1,0,0,-3.935643363478684,-3.8596804718447073,0.7529480933530668,0.8165785144542144,TRUE
CYP3A7,0.5,3,KICH;KIRC;KIRP,ENSG00000205838,TTC23L,3,KICH;KIRC;KIRP,1,0.3333333333333333,0,0,-0.4079472049947427,-0.9815289242510432,1.6525293517405704,1.7122807307618828,TRUE
CYP3A7,0.5,3,KICH;KIRC;KIRP,ENSG00000206113,CFAP99,3,KICH;KIRC;KIRP,2,0.6666666666666666,0,0,-1.05393139007393,-1.1726078449191628,0.6879772872508763,0.764906993417615,TRUE
CYP3A7,0.5,3,KICH;KIRC;KIRP,ENSG00000206140,TMEM191C,3,KICH;KIRC;KIRP,0,0,1,0.3333333333333333,0.4105468620240735,0.6488681426550617,1.5096159574404564,1.5351741900648532,TRUE
CYP3A7,0.5,3,KICH;KIRC;KIRP,ENSG00000206432,TMEM200C,3,KICH;KIRC;KIRP,3,1,0,0,-2.450354325735192,-2.072978441591838,1.496244721963332,1.519171023455011,TRUE
CYP3A7,0.5,3,KICH;KIRC;KIRP,ENSG00000213023,SYT3,3,KICH;KIRC;KIRP,2,0.6666666666666666,1,0.3333333333333333,-1.643853701299456,-0.7885277864432809,1.3824562825893145,1.4148626513625129,TRUE
CYP3A7,0.5,3,KICH;KIRC;KIRP,ENSG00000213171,LINGO4,3,KICH;KIRC;KIRP,2,0.6666666666666666,0,0,-0.6249066079780545,-0.7192039837928177,0.7624969623741683,0.8365015497553157,TRUE
CYP3A7,0.5,3,KICH;KIRC;KIRP,ENSG00000213973,ZNF99,3,KICH;KIRC;KIRP,2,0.6666666666666666,1,0.3333333333333333,-2.2534013498078886,-1.3921882753483958,1.170094938951281,1.1719076985565255,TRUE
CYP3A7,0.5,3,KICH;KIRC;KIRP,ENSG00000214376,VSTM5,3,KICH;KIRC;KIRP,1,0.3333333333333333,0,0,-0.413235867434113,-1.3232346320906823,1.630773686319034,1.650098099166896,TRUE
CYP3A7,0.5,3,KICH;KIRC;KIRP,ENSG00000214711,CAPN14,3,KICH;KIRC;KIRP,2,0.6666666666666666,0,0,-1.4091767573310363,-2.1358304537471478,1.3809780260479525,1.4419210278357522,TRUE
CYP3A7,0.5,3,KICH;KIRC;KIRP,ENSG00000214814,FER1L6,3,KICH;KIRC;KIRP,2,0.6666666666666666,0,0,-4.331150395263793,-2.832084340720878,1.1820744722176162,1.226734864462861,TRUE
CYP3A7,0.5,3,KICH;KIRC;KIRP,ENSG00000215277,RNF212B,3,KICH;KIRC;KIRP,3,1,0,0,-3.588161113220602,-2.9320091606723633,0.8541976223958335,0.8705438080089207,TRUE
CYP3A7,0.5,3,KICH;KIRC;KIRP,ENSG00000215475,SIAH3,3,KICH;KIRC;KIRP,3,1,0,0,-5.663978256152467,-5.16890591196704,1.3303870633606245,1.483994414571398,TRUE
CYP3A7,0.5,3,KICH;KIRC;KIRP,ENSG00000215912,TTC34,3,KICH;KIRC;KIRP,1,0.3333333333333333,0,0,-0.503781283921235,-0.29461737856024617,1.5126038712176846,1.6008321896982904,TRUE
CYP3A7,0.5,3,KICH;KIRC;KIRP,ENSG00000217442,SYCE3,3,KICH;KIRC;KIRP,0,0,1,0.3333333333333333,0.3534864121682193,0.6078016904235205,0.4883984148886319,0.58285044795562,TRUE
CYP3A7,0.5,3,KICH;KIRC;KIRP,ENSG00000223572,CKMT1A,3,KICH;KIRC;KIRP,1,0.3333333333333333,1,0.3333333333333333,0.09166060343922856,-0.13891116453722915,1.683929391256997,1.725655014478483,TRUE
CYP3A7,0.5,3,KICH;KIRC;KIRP,ENSG00000224982,TMEM233,3,KICH;KIRC;KIRP,0,0,2,0.6666666666666666,1.8525144728637863,1.5052330786958816,1.4938432227227199,1.5836108861420894,TRUE
CYP3A7,0.5,3,KICH;KIRC;KIRP,ENSG00000225556,C2CD4D,3,KICH;KIRC;KIRP,0,0,0,0,-0.32690578224230366,-0.1079917700397264,1.399848237365863,1.4677700364668222,TRUE
CYP3A7,0.5,3,KICH;KIRC;KIRP,ENSG00000226690,AC013470.2,3,KICH;KIRC;KIRP,2,0.6666666666666666,0,0,-1.856217194239272,-1.4439634543933726,0.8955339754546259,0.9571048179715408,TRUE
CYP3A7,0.5,3,KICH;KIRC;KIRP,ENSG00000230358,SPDYE21,3,KICH;KIRC;KIRP,0,0,0,0,0.09555991105606944,0.011818426676005477,1.4353104572735262,1.4485425756601515,TRUE
CYP3A7,0.5,3,KICH;KIRC;KIRP,ENSG00000232810,TNF,3,KICH;KIRC;KIRP,1,0.3333333333333333,0,0,0.01716748986258966,-0.28494981196733576,0.4655629271099071,0.4908002256383775,TRUE
CYP3A7,0.5,3,KICH;KIRC;KIRP,ENSG00000233087,RAB6D,3,KICH;KIRC;KIRP,1,0.3333333333333333,2,0.6666666666666666,0.6254100308377976,0.19555885028429215,1.607359836704907,1.6739733305452946,TRUE
CYP3A7,0.5,3,KICH;KIRC;KIRP,ENSG00000233198,RNF224,3,KICH;KIRC;KIRP,3,1,0,0,-1.8119074781049844,-1.710561197087409,1.129997498874628,1.1916745234424568,TRUE
CYP3A7,0.5,3,KICH;KIRC;KIRP,ENSG00000236383,CCDC200,3,KICH;KIRC;KIRP,2,0.6666666666666666,0,0,-0.6530967342397221,-0.4345927449173912,1.3217565417504284,1.377310161702939,TRUE
CYP3A7,0.5,3,KICH;KIRC;KIRP,ENSG00000237330,RNF223,3,KICH;KIRC;KIRP,3,1,0,0,-3.759560642448598,-3.387490327037667,0.5988178439108782,0.8096752764012506,TRUE
CYP3A7,0.5,3,KICH;KIRC;KIRP,ENSG00000240204,SMKR1,3,KICH;KIRC;KIRP,2,0.6666666666666666,1,0.3333333333333333,-0.6871844531181458,-0.4371761329968189,1.4207253742827683,1.471234112442818,TRUE
CYP3A7,0.5,3,KICH;KIRC;KIRP,ENSG00000241233,KRTAP5-8,3,KICH;KIRC;KIRP,2,0.6666666666666666,1,0.3333333333333333,-3.4229753906135727,-0.8938827119819172,1.1665223854077507,1.1737391875308854,TRUE
CYP3A7,0.5,3,KICH;KIRC;KIRP,ENSG00000241962,AC079447.1,3,KICH;KIRC;KIRP,1,0.3333333333333333,0,0,0.26410348353231516,-0.6857474692113292,1.1039411368198515,1.260552254753607,TRUE
CYP3A7,0.5,3,KICH;KIRC;KIRP,ENSG00000242715,CCDC169,3,KICH;KIRC;KIRP,1,0.3333333333333333,0,0,-0.5034252142043326,-0.482307325504017,1.414509494768574,1.450133602131285,TRUE
CYP3A7,0.5,3,KICH;KIRC;KIRP,ENSG00000243137,PSG4,3,KICH;KIRC;KIRP,1,0.3333333333333333,1,0.3333333333333333,0.25554636195282737,0.33138864272893404,0.2582930320088724,0.26097358793365827,TRUE
CYP3A7,0.5,3,KICH;KIRC;KIRP,ENSG00000243710,CFAP57,3,KICH;KIRC;KIRP,2,0.6666666666666666,0,0,-0.842371767051202,-1.7963669340334685,1.472891089117936,1.5483070387533513,TRUE
CYP3A7,0.5,3,KICH;KIRC;KIRP,ENSG00000243910,TUBA4B,3,KICH;KIRC;KIRP,2,0.6666666666666666,0,0,-0.7794039797434564,-1.4752836418919375,0.8779041172384309,0.902576772646742,TRUE
CYP3A7,0.5,3,KICH;KIRC;KIRP,ENSG00000244476,ERVFRD-1,3,KICH;KIRC;KIRP,2,0.6666666666666666,0,0,-2.044113402203859,-1.6365012880381262,1.6293753758232574,1.7200731690793822,TRUE
CYP3A7,0.5,3,KICH;KIRC;KIRP,ENSG00000244693,CTAGE8,3,KICH;KIRC;KIRP,0,0,0,0,-0.06734825149536298,0.05575434101439285,1.2355443322208641,1.2806648953006694,TRUE
CYP3A7,0.5,3,KICH;KIRC;KIRP,ENSG00000248329,APELA,3,KICH;KIRC;KIRP,3,1,0,0,-3.964450931812443,-4.704118909862023,1.3241175002789505,1.405921396162016,TRUE
CYP3A7,0.5,3,KICH;KIRC;KIRP,ENSG00000248713,C4orf54,3,KICH;KIRC;KIRP,3,1,0,0,-6.724199536270265,-6.17618869118172,1.4969735843373722,1.7228857501748875,TRUE
CYP3A7,0.5,3,KICH;KIRC;KIRP,ENSG00000249158,PCDHA11,3,KICH;KIRC;KIRP,2,0.6666666666666666,0,0,-1.3188015710335326,-1.2897769200538665,1.2445497917889592,1.3050245013396518,TRUE
CYP3A7,0.5,3,KICH;KIRC;KIRP,ENSG00000249715,FER1L5,3,KICH;KIRC;KIRP,2,0.6666666666666666,0,0,-1.4013839890116575,-1.2848055261905036,1.0785023949752874,1.212727686092492,TRUE
CYP3A7,0.5,3,KICH;KIRC;KIRP,ENSG00000250366,TUNAR,3,KICH;KIRC;KIRP,2,0.6666666666666666,1,0.3333333333333333,-2.402976861750638,-1.7708187982937509,1.5422365799040874,1.554594364972674,TRUE
CYP3A7,0.5,3,KICH;KIRC;KIRP,ENSG00000251493,FOXD1,3,KICH;KIRC;KIRP,2,0.6666666666666666,1,0.3333333333333333,-0.693643311099545,-0.47253408059892255,0.9865532968594701,1.1454473745973035,TRUE
CYP3A7,0.5,3,KICH;KIRC;KIRP,ENSG00000251664,PCDHA12,3,KICH;KIRC;KIRP,3,1,0,0,-1.8443839371716253,-2.2081437871720677,1.2750780768774506,1.3438307273987022,TRUE
CYP3A7,0.5,3,KICH;KIRC;KIRP,ENSG00000253626,EIF5AL1,3,KICH;KIRC;KIRP,0,0,1,0.3333333333333333,0.26856966059233717,0.4020748190606425,1.6714674168702541,1.8034756180839424,TRUE
CYP3A7,0.5,3,KICH;KIRC;KIRP,ENSG00000253649,PRSS51,3,KICH;KIRC;KIRP,0,0,1,0.3333333333333333,-0.1953960664992856,0.09590661838316762,1.3132915343080176,1.3283784355852712,TRUE
CYP3A7,0.5,3,KICH;KIRC;KIRP,ENSG00000254827,SLC22A18AS,3,KICH;KIRC;KIRP,1,0.3333333333333333,0,0,-0.4665851271660194,-0.5399742856745039,1.6834757124936262,1.711855541473961,TRUE
CYP3A7,0.5,3,KICH;KIRC;KIRP,ENSG00000255274,SMIM35,3,KICH;KIRC;KIRP,3,1,0,0,-2.7457693561835645,-2.3835993233302215,1.0535069195826765,1.0631840983865224,TRUE
CYP3A7,0.5,3,KICH;KIRC;KIRP,ENSG00000255346,NOX5,3,KICH;KIRC;KIRP,3,1,0,0,-1.0815047901240624,-1.1979727609729673,1.389856534754217,1.449463111720208,TRUE
CYP3A7,0.5,3,KICH;KIRC;KIRP,ENSG00000257446,ZNF878,3,KICH;KIRC;KIRP,2,0.6666666666666666,0,0,-1.209618441291386,-0.8863795920355658,1.5046343841613605,1.5101875305734598,TRUE
CYP3A7,0.5,3,KICH;KIRC;KIRP,ENSG00000260097,SPDYE6,3,KICH;KIRC;KIRP,0,0,0,0,0.2705463705809693,0.22404623246019834,1.5638497532279667,1.5946861303599618,TRUE
CYP3A7,0.5,3,KICH;KIRC;KIRP,ENSG00000260220,CCDC187,3,KICH;KIRC;KIRP,3,1,0,0,-2.2759282048152265,-2.139760789668469,0.8879635096719818,0.9067149524298096,TRUE
CYP3A7,0.5,3,KICH;KIRC;KIRP,ENSG00000260325,HSPB9,3,KICH;KIRC;KIRP,3,1,0,0,-2.2739492177614307,-2.2403435393754343,1.4522685662263812,1.4579589792117127,TRUE
CYP3A7,0.5,3,KICH;KIRC;KIRP,ENSG00000260802,SERTM2,3,KICH;KIRC;KIRP,1,0.3333333333333333,1,0.3333333333333333,-0.2608957688586322,1.4933130187651116,1.1730569525773429,1.2150277791477404,TRUE
CYP3A7,0.5,3,KICH;KIRC;KIRP,ENSG00000261308,FIGNL2,3,KICH;KIRC;KIRP,1,0.3333333333333333,0,0,-0.5274059919186191,-1.9761659550042427,1.4801376507029196,1.6235134783765233,TRUE
CYP3A7,0.5,3,KICH;KIRC;KIRP,ENSG00000262179,MYMX,3,KICH;KIRC;KIRP,2,0.6666666666666666,1,0.3333333333333333,-2.2732167064647033,-0.9718552557688748,0.8462328278954921,0.8826841141794463,TRUE
CYP3A7,0.5,3,KICH;KIRC;KIRP,ENSG00000262406,MMP12,3,KICH;KIRC;KIRP,0,0,3,1,0.74722250725951,0.8223430146769196,1.1275762822619135,1.157394045590892,TRUE
CYP3A7,0.5,3,KICH;KIRC;KIRP,ENSG00000265763,ZNF488,3,KICH;KIRC;KIRP,3,1,0,0,-3.5625897071221546,-3.6806425557935474,1.4199969893502282,1.4415813102925574,TRUE
CYP3A7,0.5,3,KICH;KIRC;KIRP,ENSG00000267710,EDDM13,3,KICH;KIRC;KIRP,1,0.3333333333333333,1,0.3333333333333333,0.0240304172778983,0.023710880173640685,1.5106294755089442,1.5431807328502007,TRUE
CYP3A7,0.5,3,KICH;KIRC;KIRP,ENSG00000273079,GRIN2B,3,KICH;KIRC;KIRP,3,1,0,0,-0.8755432786949213,-1.4504259383262954,1.5706252865194117,1.5777669176553313,TRUE
CYP3A7,0.5,3,KICH;KIRC;KIRP,ENSG00000274290,H2BC6,3,KICH;KIRC;KIRP,1,0.3333333333333333,0,0,0.11389993711589178,-0.7158603856145467,1.702962995442387,1.7388557596979308,TRUE
CYP3A7,0.5,3,KICH;KIRC;KIRP,ENSG00000275591,XKR5,3,KICH;KIRC;KIRP,1,0.3333333333333333,1,0.3333333333333333,0.4027835942295778,-0.003467957108270303,1.5325246713639527,1.6755948649901091,TRUE
CYP3A7,0.5,3,KICH;KIRC;KIRP,ENSG00000276070,CCL4L2,3,KICH;KIRC;KIRP,0,0,3,1,1.366655987518911,1.5531301162620088,1.7229936692808425,1.7527407314359778,TRUE
CYP3A7,0.5,3,KICH;KIRC;KIRP,ENSG00000276085,CCL3L3,3,KICH;KIRC;KIRP,0,0,3,1,0.7949930828219098,0.9794097412922115,1.6298256067742196,1.6510850778475838,TRUE
CYP3A7,0.5,3,KICH;KIRC;KIRP,ENSG00000276289,KCNE1B,3,KICH;KIRC;KIRP,3,1,0,0,-4.897516575658778,-4.215691925488162,0.7386401571945762,0.7830831260511333,TRUE
CYP3A7,0.5,3,KICH;KIRC;KIRP,ENSG00000277117,FP565260.3,3,KICH;KIRC;KIRP,2,0.6666666666666666,0,0,-0.6848274010866329,-0.6434564381506,1.4791292964653737,1.5766287511207149,TRUE
CYP3A7,0.5,3,KICH;KIRC;KIRP,ENSG00000281406,BLACAT1,3,KICH;KIRC;KIRP,2,0.6666666666666666,1,0.3333333333333333,-1.8706737639979325,-1.932421458542999,0.8162387467225025,1.025397877271471,TRUE
CYP3A7,0.5,3,KICH;KIRC;KIRP,ENSG00000283267,FAM237B,3,KICH;KIRC;KIRP,1,0.3333333333333333,0,0,-0.1940083035878804,-0.988724701735632,1.6365717648700884,1.6487501877335595,TRUE
CYP3A7,0.5,3,KICH;KIRC;KIRP,ENSG00000283526,PRRT1B,3,KICH;KIRC;KIRP,3,1,0,0,-2.2618727737903725,-2.3996466489667605,0.5459077651540464,0.705469777572094,TRUE
CYP3A7,0.6,3,KICH;KIRC;KIRP,ENSG00000000005,TNMD,3,KICH;KIRC;KIRP,2,0.6666666666666666,0,0,-3.1735202720177105,-2.3881015026011756,1.2668518493006535,1.3221157216717438,TRUE
CYP3A7,0.6,3,KICH;KIRC;KIRP,ENSG00000001626,CFTR,3,KICH;KIRC;KIRP,2,0.6666666666666666,1,0.3333333333333333,-1.1993238775607276,1.3000010229275332,1.0107597808220017,1.0658042560165488,TRUE
CYP3A7,0.6,3,KICH;KIRC;KIRP,ENSG00000002746,HECW1,3,KICH;KIRC;KIRP,3,1,0,0,-3.339972997757588,-3.9862353004716136,1.4531695895090235,1.6388746875242963,TRUE
CYP3A7,0.6,3,KICH;KIRC;KIRP,ENSG00000004948,CALCR,3,KICH;KIRC;KIRP,2,0.6666666666666666,0,0,-1.0137931694872078,-0.9670974391445805,1.0913294814412098,1.191055144314249,TRUE
CYP3A7,0.6,3,KICH;KIRC;KIRP,ENSG00000007171,NOS2,3,KICH;KIRC;KIRP,2,0.6666666666666666,1,0.3333333333333333,-1.069563264818686,-0.7084792092114119,1.6703412515220175,1.751902630078079,TRUE
CYP3A7,0.6,3,KICH;KIRC;KIRP,ENSG00000007314,SCN4A,3,KICH;KIRC;KIRP,1,0.3333333333333333,1,0.3333333333333333,-0.503729672659457,-0.5566000169996457,1.6985955174222425,1.7844581929070165,TRUE
CYP3A7,0.6,3,KICH;KIRC;KIRP,ENSG00000007968,E2F2,3,KICH;KIRC;KIRP,0,0,3,1,2.815502016073444,2.6762523840258767,1.6399820123532167,1.694457813744549,TRUE
CYP3A7,0.6,3,KICH;KIRC;KIRP,ENSG00000011590,ZBTB32,3,KICH;KIRC;KIRP,0,0,2,0.6666666666666666,0.5904131556603833,0.563550398600312,1.6781143497384394,1.695196675514481,TRUE
CYP3A7,0.6,3,KICH;KIRC;KIRP,ENSG00000013293,SLC7A14,3,KICH;KIRC;KIRP,3,1,0,0,-3.8640301716977934,-3.756756689334388,1.6783143027234837,1.6831425860481466,TRUE
CYP3A7,0.6,3,KICH;KIRC;KIRP,ENSG00000015520,NPC1L1,3,KICH;KIRC;KIRP,1,0.3333333333333333,0,0,-0.4502370970035398,-1.0403021589607002,1.1996439889064805,1.2284099713584775,TRUE
CYP3A7,0.6,3,KICH;KIRC;KIRP,ENSG00000035499,DEPDC1B,3,KICH;KIRC;KIRP,1,0.3333333333333333,0,0,-0.5217060173773824,-0.3788172219365801,1.0644219050554464,1.097400833933741,TRUE
CYP3A7,0.6,3,KICH;KIRC;KIRP,ENSG00000039600,SOX30,3,KICH;KIRC;KIRP,3,1,0,0,-2.11056468160136,-2.6389922488328206,1.592725734228021,1.6842622265084162,TRUE
CYP3A7,0.6,3,KICH;KIRC;KIRP,ENSG00000042781,USH2A,3,KICH;KIRC;KIRP,2,0.6666666666666666,0,0,-1.3534818926955574,-1.109827154858048,1.6358651999902176,1.6394652843223312,TRUE
CYP3A7,0.6,3,KICH;KIRC;KIRP,ENSG00000042832,TG,3,KICH;KIRC;KIRP,2,0.6666666666666666,1,0.3333333333333333,-0.6816276783381221,0.35322917989203395,1.5617222295947566,1.6406434842596307,TRUE
CYP3A7,0.6,3,KICH;KIRC;KIRP,ENSG00000047662,FAM184B,3,KICH;KIRC;KIRP,2,0.6666666666666666,1,0.3333333333333333,-2.444711234668977,-0.9022371798737159,1.6493582229107566,1.7431299914835277,TRUE
CYP3A7,0.6,3,KICH;KIRC;KIRP,ENSG00000047936,ROS1,3,KICH;KIRC;KIRP,3,1,0,0,-4.8068099875813095,-5.093783471973256,1.1999025748769836,1.3714289989521766,TRUE
CYP3A7,0.6,3,KICH;KIRC;KIRP,ENSG00000049249,TNFRSF9,3,KICH;KIRC;KIRP,0,0,2,0.6666666666666666,1.9468414741817257,2.1408976826870285,1.4111616663844049,1.4157824813897266,TRUE
CYP3A7,0.6,3,KICH;KIRC;KIRP,ENSG00000054803,CBLN4,3,KICH;KIRC;KIRP,1,0.3333333333333333,1,0.3333333333333333,-0.2233414406755026,-0.08145548589459521,1.3675731809764307,1.3770857784241166,TRUE
CYP3A7,0.6,3,KICH;KIRC;KIRP,ENSG00000057593,F7,3,KICH;KIRC;KIRP,2,0.6666666666666666,1,0.3333333333333333,-1.5917480282485148,-0.6940929446867145,1.2625676986198378,1.2791085135243203,TRUE
CYP3A7,0.6,3,KICH;KIRC;KIRP,ENSG00000058335,RASGRF1,3,KICH;KIRC;KIRP,0,0,0,0,-0.34563507722287273,-0.1846446025588118,1.4119858118831232,1.4220540455265909,TRUE
CYP3A7,0.6,3,KICH;KIRC;KIRP,ENSG00000062096,ARSF,3,KICH;KIRC;KIRP,2,0.6666666666666666,0,0,-3.2353981059683137,-3.2750676292021987,1.1446448565045872,1.263805339222777,TRUE
CYP3A7,0.6,3,KICH;KIRC;KIRP,ENSG00000064195,DLX3,3,KICH;KIRC;KIRP,3,1,0,0,-2.4630367341440067,-2.416548640870724,1.6492631119919887,1.7066513163209385,TRUE
CYP3A7,0.6,3,KICH;KIRC;KIRP,ENSG00000066405,CLDN18,3,KICH;KIRC;KIRP,1,0.3333333333333333,0,0,-0.3208620275746743,-1.279731401910025,1.651946479997736,1.6560156679816516,TRUE
CYP3A7,0.6,3,KICH;KIRC;KIRP,ENSG00000069812,HES2,3,KICH;KIRC;KIRP,2,0.6666666666666666,0,0,-1.60539917077261,-1.3071539407074633,0.8336235087665811,0.9384515863734773,TRUE
CYP3A7,0.6,3,KICH;KIRC;KIRP,ENSG00000070019,GUCY2C,3,KICH;KIRC;KIRP,0,0,1,0.3333333333333333,0.4585578627163573,0.3082717812664484,1.5061225572504398,1.5163424977996955,TRUE
CYP3A7,0.6,3,KICH;KIRC;KIRP,ENSG00000070601,FRMPD1,3,KICH;KIRC;KIRP,2,0.6666666666666666,1,0.3333333333333333,-0.971024637193441,-0.4748993718259834,1.2641056278171117,1.2781658790770172,TRUE
CYP3A7,0.6,3,KICH;KIRC;KIRP,ENSG00000072571,HMMR,3,KICH;KIRC;KIRP,0,0,3,1,1.5196401626771665,1.6123754090605655,1.2979756249771324,1.3510075580755885,TRUE
CYP3A7,0.6,3,KICH;KIRC;KIRP,ENSG00000073282,TP63,3,KICH;KIRC;KIRP,2,0.6666666666666666,0,0,-1.1325197042285682,-1.1214440601901232,1.7009639320227852,1.7151799077340235,TRUE
CYP3A7,0.6,3,KICH;KIRC;KIRP,ENSG00000073861,TBX21,3,KICH;KIRC;KIRP,0,0,3,1,0.7535149687293018,1.3135124552523723,1.5032757219201283,1.512340232628233,TRUE
CYP3A7,0.6,3,KICH;KIRC;KIRP,ENSG00000077009,NMRK2,3,KICH;KIRC;KIRP,1,0.3333333333333333,2,0.6666666666666666,3.07224980069544,2.0307035744697113,0.887462974385642,0.9376004277784964,TRUE
CYP3A7,0.6,3,KICH;KIRC;KIRP,ENSG00000077327,SPAG6,3,KICH;KIRC;KIRP,2,0.6666666666666666,1,0.3333333333333333,-2.2894208721806364,-1.2567012426549156,0.8291394702919295,0.8385939132705406,TRUE
CYP3A7,0.6,3,KICH;KIRC;KIRP,ENSG00000078081,LAMP3,3,KICH;KIRC;KIRP,0,0,2,0.6666666666666666,1.522996793087773,1.4211389592437147,1.4567823065546217,1.577928956221122,TRUE
CYP3A7,0.6,3,KICH;KIRC;KIRP,ENSG00000078589,P2RY10,3,KICH;KIRC;KIRP,0,0,2,0.6666666666666666,0.5976525668845464,1.1238491527255987,1.481629437694145,1.493644307998056,TRUE
CYP3A7,0.6,3,KICH;KIRC;KIRP,ENSG00000079112,CDH17,3,KICH;KIRC;KIRP,2,0.6666666666666666,1,0.3333333333333333,-0.7127454019080884,0.9354225050553835,1.2727477642911396,1.2959400608079326,TRUE
CYP3A7,0.6,3,KICH;KIRC;KIRP,ENSG00000081051,AFP,3,KICH;KIRC;KIRP,3,1,0,0,-2.1983610811160603,-2.6378724355314476,0.37616721437581463,0.3950515460594176,TRUE
CYP3A7,0.6,3,KICH;KIRC;KIRP,ENSG00000081277,PKP1,3,KICH;KIRC;KIRP,2,0.6666666666666666,1,0.3333333333333333,-1.8682272252466865,-1.6400079092426343,1.6717431664135678,1.6800410128138343,TRUE
CYP3A7,0.6,3,KICH;KIRC;KIRP,ENSG00000081842,PCDHA6,3,KICH;KIRC;KIRP,3,1,0,0,-1.6384940577349636,-1.9041251201874867,1.491268878999293,1.5074027127933114,TRUE
CYP3A7,0.6,3,KICH;KIRC;KIRP,ENSG00000082293,COL19A1,3,KICH;KIRC;KIRP,3,1,0,0,-1.8129444571190056,-2.538819531357263,1.4836445164032501,1.4975638565698135,TRUE
CYP3A7,0.6,3,KICH;KIRC;KIRP,ENSG00000084110,HAL,3,KICH;KIRC;KIRP,1,0.3333333333333333,1,0.3333333333333333,0.3113619532799517,-0.05596144035771674,1.4528127227597738,1.4891765985754708,TRUE
CYP3A7,0.6,3,KICH;KIRC;KIRP,ENSG00000084453,SLCO1A2,3,KICH;KIRC;KIRP,3,1,0,0,-3.4082837323095374,-4.600460923850878,1.6358564178372756,1.8013692111974102,TRUE
CYP3A7,0.6,3,KICH;KIRC;KIRP,ENSG00000086696,HSD17B2,3,KICH;KIRC;KIRP,1,0.3333333333333333,0,0,-0.24336085929779347,-1.0238921858706649,1.1516835468068463,1.3970101451681751,TRUE
CYP3A7,0.6,3,KICH;KIRC;KIRP,ENSG00000086967,MYBPC2,3,KICH;KIRC;KIRP,0,0,2,0.6666666666666666,0.76642260958852515,0.618291748924999,1.2002324568215406,1.2046888810956573,TRUE
CYP3A7,0.6,3,KICH;KIRC;KIRP,ENSG00000087237,CETP,3,KICH;KIRC;KIRP,0,0,2,0.6666666666666666,0.7213728864843144,0.5892940263419545,1.4588308383200719,1.5508018028104391,TRUE
CYP3A7,0.6,3,KICH;KIRC;KIRP,ENSG00000088002,SULT2B1,3,KICH;KIRC;KIRP,3,1,0,0,-3.287787000239079,-2.8599043235823585,1.4093953331172273,1.793253205505819,TRUE
CYP3A7,0.6,3,KICH;KIRC;KIRP,ENSG00000089012,SIRPG,3,KICH;KIRC;KIRP,0,0,2,0.6666666666666666,1.6478416010641483,1.878884023967866,1.4189957916034153,1.4320951015807957,TRUE
CYP3A7,0.6,3,KICH;KIRC;KIRP,ENSG00000089101,CFAP61,3,KICH;KIRC;KIRP,2,0.6666666666666666,0,0,-1.710564724874884,-1.6242984084659888,1.475910801962488,1.5157579683323026,TRUE
CYP3A7,0.6,3,KICH;KIRC;KIRP,ENSG00000089685,BIRC5,3,KICH;KIRC;KIRP,0,0,3,1,2.7308846131468467,2.6876411645328755,1.6952079768038906,1.7400665359707277,TRUE
CYP3A7,0.6,3,KICH;KIRC;KIRP,ENSG00000089723,OTUB2,3,KICH;KIRC;KIRP,0,0,2,0.6666666666666666,0.7825207288211826,0.4260058363599562,1.5000728535315146,1.5521582266778708,TRUE
CYP3A7,0.6,3,KICH;KIRC;KIRP,ENSG00000091128,LAMB4,3,KICH;KIRC;KIRP,2,0.6666666666666666,1,0.3333333333333333,-1.768086716157106,-0.7516636412607338,1.1281772150984024,1.280773061871943,TRUE
CYP3A7,0.6,3,KICH;KIRC;KIRP,ENSG00000091137,SLC26A4,3,KICH;KIRC;KIRP,2,0.6666666666666666,1,0.3333333333333333,-3.150287584180502,-2.0033792554428156,1.5048148175244898,1.5774671625786,TRUE
CYP3A7,0.6,3,KICH;KIRC;KIRP,ENSG00000091181,IL5RA,3,KICH;KIRC;KIRP,3,1,0,0,-2.127349420593403,-2.800047251674829,1.7270860348075252,1.7754247538576535,TRUE
CYP3A7,0.6,3,KICH;KIRC;KIRP,ENSG00000094755,GABRP,3,KICH;KIRC;KIRP,3,1,0,0,-3.3981932768490988,-3.2157587053517074,1.6997811213567449,1.7756113432632017,TRUE
CYP3A7,0.6,3,KICH;KIRC;KIRP,ENSG00000095627,TDRD1,3,KICH;KIRC;KIRP,3,1,0,0,-4.030307332821377,-4.147841784961775,1.7093220605665933,1.8003762383827977,TRUE
CYP3A7,0.6,3,KICH;KIRC;KIRP,ENSG00000095752,IL11,3,KICH;KIRC;KIRP,3,1,0,0,-3.742138478337251,-3.550722146051935,1.0758895875839602,1.347628013086686,TRUE
CYP3A7,0.6,3,KICH;KIRC;KIRP,ENSG00000095777,MYO3A,3,KICH;KIRC;KIRP,1,0.3333333333333333,2,0.6666666666666666,1.5550689835951383,0.9541584192077107,0.8749826141722865,0.9192928010192288,TRUE
CYP3A7,0.6,3,KICH;KIRC;KIRP,ENSG00000096996,IL12RB1,3,KICH;KIRC;KIRP,0,0,3,1,1.461414295634168,1.7862733932044808,1.6841459013086153,1.710193177887197,TRUE
CYP3A7,0.6,3,KICH;KIRC;KIRP,ENSG00000099769,IGFALS,3,KICH;KIRC;KIRP,3,1,0,0,-2.151754762169032,-1.9423267306724799,1.5735004244519968,1.6458659262370992,TRUE
CYP3A7,0.6,3,KICH;KIRC;KIRP,ENSG00000099985,OSM,3,KICH;KIRC;KIRP,0,0,3,1,1.5428781944095733,1.369474544889926,1.430104973967061,1.517646759407792,TRUE
CYP3A7,0.6,3,KICH;KIRC;KIRP,ENSG00000100053,CRYBB3,3,KICH;KIRC;KIRP,2,0.6666666666666666,0,0,-2.0290583003856826,-1.5483745634112704,1.037793162069929,1.0569062738203168,TRUE
CYP3A7,0.6,3,KICH;KIRC;KIRP,ENSG00000100078,PLA2G3,3,KICH;KIRC;KIRP,2,0.6666666666666666,1,0.3333333333333333,-4.17854038925972,-2.280063564074154,0.5362105848189492,0.5723349042549492,TRUE
CYP3A7,0.6,3,KICH;KIRC;KIRP,ENSG00000100162,CENPM,3,KICH;KIRC;KIRP,0,0,3,1,1.9885134210347248,2.2940233302672217,1.6212809638087984,1.6784818766526155,TRUE
CYP3A7,0.6,3,KICH;KIRC;KIRP,ENSG00000100218,RSPH14,3,KICH;KIRC;KIRP,1,0.3333333333333333,0,0,-0.1995483918882525,-0.6620643590631579,1.5660536513051855,1.708820456843539,TRUE
CYP3A7,0.6,3,KICH;KIRC;KIRP,ENSG00000100344,PNPLA3,3,KICH;KIRC;KIRP,3,1,0,0,-1.8425331217021743,-1.6787057689550584,0.7249090585053565,0.8261042600701312,TRUE
CYP3A7,0.6,3,KICH;KIRC;KIRP,ENSG00000100433,KCNK10,3,KICH;KIRC;KIRP,3,1,0,0,-3.748738005442431,-3.8661014449897992,1.2776684399043174,1.3666231603809875,TRUE
CYP3A7,0.6,3,KICH;KIRC;KIRP,ENSG00000100450,GZMH,3,KICH;KIRC;KIRP,0,0,2,0.6666666666666666,1.033342756485935,1.4167038193988188,1.7107545014899146,1.7415423384378366,TRUE
CYP3A7,0.6,3,KICH;KIRC;KIRP,ENSG00000100583,SAMD15,3,KICH;KIRC;KIRP,2,0.6666666666666666,0,0,-0.6056968451240832,-0.8732141414206771,1.2801839182690367,1.4329031603044406,TRUE
CYP3A7,0.6,3,KICH;KIRC;KIRP,ENSG00000100593,ISM2,3,KICH;KIRC;KIRP,2,0.6666666666666666,1,0.3333333333333333,-1.5391894261426229,-0.9438482546547288,1.086262620843338,1.2604819721313565,TRUE
CYP3A7,0.6,3,KICH;KIRC;KIRP,ENSG00000100867,DHRS2,3,KICH;KIRC;KIRP,2,0.6666666666666666,1,0.3333333333333333,-0.7030026514558948,1.144007953249774,0.8999780570612644,0.9997656421415912,TRUE
CYP3A7,0.6,3,KICH;KIRC;KIRP,ENSG00000100985,MMP9,3,KICH;KIRC;KIRP,0,0,3,1,2.1675859322616904,2.337780291248986,1.5916730579218596,1.6163368699660885,TRUE
CYP3A7,0.6,3,KICH;KIRC;KIRP,ENSG00000101115,SALL4,3,KICH;KIRC;KIRP,0,0,1,0.3333333333333333,0.17036582279116697,0.9958187319358951,1.2640453939386118,1.32914290125767,TRUE
CYP3A7,0.6,3,KICH;KIRC;KIRP,ENSG00000101162,TUBB1,3,KICH;KIRC;KIRP,1,0.3333333333333333,0,0,-0.26002098530358847,-0.3430664134279585,1.6276854826994647,1.6532406000705324,TRUE
CYP3A7,0.6,3,KICH;KIRC;KIRP,ENSG00000101188,NTSR1,3,KICH;KIRC;KIRP,1,0.3333333333333333,1,0.3333333333333333,-0.5216953224221034,-0.4104841613028928,0.7981673791933694,0.857931568284702,TRUE
CYP3A7,0.6,3,KICH;KIRC;KIRP,ENSG00000101197,BIRC7,3,KICH;KIRC;KIRP,0,0,3,1,3.988471284053703,4.525118892617017,1.4548861878644732,1.5921454808551,TRUE
CYP3A7,0.6,3,KICH;KIRC;KIRP,ENSG00000101204,CHRNA4,3,KICH;KIRC;KIRP,3,1,0,0,-6.03798274164041,-5.6247653928560855,1.4752337861292242,1.6095482548818654,TRUE
CYP3A7,0.6,3,KICH;KIRC;KIRP,ENSG00000101222,SPEF1,3,KICH;KIRC;KIRP,1,0.3333333333333333,1,0.3333333333333333,0.00707043593507964,-0.8468332730275014,1.6417712183690192,1.7600579448474634,TRUE
CYP3A7,0.6,3,KICH;KIRC;KIRP,ENSG00000101307,SIRPB1,3,KICH;KIRC;KIRP,0,0,2,0.6666666666666666,3.0150793631017656,2.131436539722697,1.6554688813280902,1.6860624117286012,TRUE
CYP3A7,0.6,3,KICH;KIRC;KIRP,ENSG00000101349,PAK5,3,KICH;KIRC;KIRP,2,0.6666666666666666,1,0.3333333333333333,-2.622111378285659,-1.7905234393550837,1.475631218075501,1.4808487865006144,TRUE
CYP3A7,0.6,3,KICH;KIRC;KIRP,ENSG00000101405,OXT,3,KICH;KIRC;KIRP,3,1,0,0,-2.373658143765238,-2.503911084277157,0.9887791101323985,1.0294232882166152,TRUE
CYP3A7,0.6,3,KICH;KIRC;KIRP,ENSG00000101425,BPI,3,KICH;KIRC;KIRP,3,1,0,0,-4.0821863462587435,-3.9123912643302003,1.0359906671293517,1.0809551268982638,TRUE
CYP3A7,0.6,3,KICH;KIRC;KIRP,ENSG00000101638,ST8SIA5,3,KICH;KIRC;KIRP,2,0.6666666666666666,1,0.3333333333333333,-2.7016131603615454,-0.5216928201608487,1.285285224668238,1.3634978947393523,TRUE
CYP3A7,0.6,3,KICH;KIRC;KIRP,ENSG00000101977,MCF2,3,KICH;KIRC;KIRP,3,1,0,0,-2.1561998462534,-2.180275758921871,1.451982000286728,1.4952434060250124,TRUE
CYP3A7,0.6,3,KICH;KIRC;KIRP,ENSG00000102243,VGLL1,3,KICH;KIRC;KIRP,3,1,0,0,-7.465004797531042,-7.158246145672915,1.0861871864338561,1.5089534570616892,TRUE
CYP3A7,0.6,3,KICH;KIRC;KIRP,ENSG00000102245,CD40LG,3,KICH;KIRC;KIRP,1,0.3333333333333333,2,0.6666666666666666,0.6831163044027532,0.6538659998800926,1.5748528738421657,1.5851887724596665,TRUE
CYP3A7,0.6,3,KICH;KIRC;KIRP,ENSG00000102387,TAF7L,3,KICH;KIRC;KIRP,2,0.6666666666666666,1,0.3333333333333333,-2.045485216081562,-0.37262747879393165,0.984048388568066,1.000051046129226,TRUE
CYP3A7,0.6,3,KICH;KIRC;KIRP,ENSG00000102962,CCL22,3,KICH;KIRC;KIRP,0,0,1,0.3333333333333333,0.4935374706190664,0.745714273724417,1.5971313588517442,1.6027079503476211,TRUE
CYP3A7,0.6,3,KICH;KIRC;KIRP,ENSG00000103154,NECAB2,3,KICH;KIRC;KIRP,2,0.6666666666666666,0,0,-0.7702982295843603,-1.4720203544354136,1.5488928713224286,1.6295401103573826,TRUE
CYP3A7,0.6,3,KICH;KIRC;KIRP,ENSG00000103313,MEFV,3,KICH;KIRC;KIRP,0,0,1,0.3333333333333333,0.4962310734230896,0.9195501192162359,1.5554758089859484,1.5741618738323575,TRUE
CYP3A7,0.6,3,KICH;KIRC;KIRP,ENSG00000103522,IL21R,3,KICH;KIRC;KIRP,0,0,2,0.6666666666666666,0.8494673252315782,1.3099942118867085,0.747604371764624,0.7577488892636861,TRUE
CYP3A7,0.6,3,KICH;KIRC;KIRP,ENSG00000103534,TMC5,3,KICH;KIRC;KIRP,1,0.3333333333333333,2,0.6666666666666666,1.1075535930572653,1.3482926761246856,1.4714213079705494,1.4874343788529287,TRUE
CYP3A7,0.6,3,KICH;KIRC;KIRP,ENSG00000103546,SLC6A2,3,KICH;KIRC;KIRP,2,0.6666666666666666,1,0.3333333333333333,-4.632729234854273,-2.0270477885418816,1.072724168777144,1.0815308509463049,TRUE
CYP3A7,0.6,3,KICH;KIRC;KIRP,ENSG00000103569,AQP9,3,KICH;KIRC;KIRP,0,0,2,0.6666666666666666,2.164596820646599,1.710982462433638,1.531662674409374,1.5646224674993832,TRUE
CYP3A7,0.6,3,KICH;KIRC;KIRP,ENSG00000103599,IQCH,3,KICH;KIRC;KIRP,2,0.6666666666666666,0,0,-1.1560201482773795,-0.9296789359964773,1.3619331691404797,1.5511634930057088,TRUE
CYP3A7,0.6,3,KICH;KIRC;KIRP,ENSG00000104237,RP1,3,KICH;KIRC;KIRP,3,1,0,0,-1.8285373158070777,-1.6345733807356382,1.3356095063613471,1.559751841987972,TRUE
CYP3A7,0.6,3,KICH;KIRC;KIRP,ENSG00000104537,ANXA13,3,KICH;KIRC;KIRP,1,0.3333333333333333,2,0.6666666666666666,2.0231675224504366,-0.847478866557285,1.190276999908181,1.240676003249647,TRUE
CYP3A7,0.6,3,KICH;KIRC;KIRP,ENSG00000104892,KLC3,3,KICH;KIRC;KIRP,2,0.6666666666666666,0,0,-1.259737668429708,-1.5681887340958183,1.3063598044603921,1.5814023630435214,TRUE
CYP3A7,0.6,3,KICH;KIRC;KIRP,ENSG00000104901,DKKL1,3,KICH;KIRC;KIRP,1,0.3333333333333333,0,0,0.243999819159464,-0.1467402599103546,1.574642033795772,1.6418776382103375,TRUE
CYP3A7,0.6,3,KICH;KIRC;KIRP,ENSG00000104951,IL4I1,3,KICH;KIRC;KIRP,0,0,2,0.6666666666666666,1.85765401553333,1.3309594378405951,1.2074408902943718,1.3466778978582636,TRUE
CYP3A7,0.6,3,KICH;KIRC;KIRP,ENSG00000105131,EPHX3,3,KICH;KIRC;KIRP,3,1,0,0,-0.979849819524164,-1.0580011101439109,1.4588041473806104,1.6671330111224678,TRUE
CYP3A7,0.6,3,KICH;KIRC;KIRP,ENSG00000105369,CD79A,3,KICH;KIRC;KIRP,0,0,1,0.3333333333333333,-0.1293377736483638,0.33657861219760743,1.42367298569312,1.432135610116383,TRUE
CYP3A7,0.6,3,KICH;KIRC;KIRP,ENSG00000105479,CCDC114,3,KICH;KIRC;KIRP,2,0.6666666666666666,1,0.3333333333333333,-0.611117022705173,0.03093340131677902,1.6184735651482538,1.6718393931797473,TRUE
CYP3A7,0.6,3,KICH;KIRC;KIRP,ENSG00000105523,FAM83E,3,KICH;KIRC;KIRP,3,1,0,0,-3.44414882158461,-3.1233148329052733,1.0059403253078587,1.0823469072988103,TRUE
CYP3A7,0.6,3,KICH;KIRC;KIRP,ENSG00000105991,HOXA1,3,KICH;KIRC;KIRP,0,0,1,0.3333333333333333,0.1368199303396598,0.4311374032605002,1.576726577084767,1.6340171651643534,TRUE
CYP3A7,0.6,3,KICH;KIRC;KIRP,ENSG00000106013,ANKRD7,3,KICH;KIRC;KIRP,1,0.3333333333333333,0,0,0.15024748631247054,-0.08286481981198404,1.101990640117506,1.1475614359623414,TRUE
CYP3A7,0.6,3,KICH;KIRC;KIRP,ENSG00000107014,RLN2,3,KICH;KIRC;KIRP,2,0.6666666666666666,0,0,-1.3177254290013511,-1.435023836554614,1.0072132835065388,1.0599241908530654,TRUE
CYP3A7,0.6,3,KICH;KIRC;KIRP,ENSG00000107018,RLN1,3,KICH;KIRC;KIRP,2,0.6666666666666666,0,0,-1.3585857205201324,-1.0723268653164406,1.3420680274423007,1.4203497565698804,TRUE
CYP3A7,0.6,3,KICH;KIRC;KIRP,ENSG00000107593,PKD2L1,3,KICH;KIRC;KIRP,0,0,3,1,2.8948128804663074,2.8693374328059043,1.3241571166020323,1.3463429338309028,TRUE
CYP3A7,0.6,3,KICH;KIRC;KIRP,ENSG00000108244,KRT23,3,KICH;KIRC;KIRP,2,0.6666666666666666,1,0.3333333333333333,-2.146851556020964,-1.0338774401188884,1.0786836747546198,1.0922699823008533,TRUE
CYP3A7,0.6,3,KICH;KIRC;KIRP,ENSG00000108576,SLC6A4,3,KICH;KIRC;KIRP,2,0.6666666666666666,1,0.3333333333333333,-2.6544108199456753,-1.5211614852965358,1.4182785553671724,1.4485726776085917,TRUE
CYP3A7,0.6,3,KICH;KIRC;KIRP,ENSG00000108602,ALDH3A1,3,KICH;KIRC;KIRP,1,0.3333333333333333,2,0.6666666666666666,0.6063190818064896,0.37650570574137726,1.4899479219358647,1.5199331620420338,TRUE
CYP3A7,0.6,3,KICH;KIRC;KIRP,ENSG00000108684,ASIC2,3,KICH;KIRC;KIRP,1,0.3333333333333333,0,0,-0.5825281975710427,-1.005133078525084,1.4647092613475707,1.6164038200560935,TRUE
CYP3A7,0.6,3,KICH;KIRC;KIRP,ENSG00000108700,CCL8,3,KICH;KIRC;KIRP,2,0.6666666666666666,0,0,-1.5853759026664664,-1.205535078814737,1.6426086768859667,1.8080382188073496,TRUE
CYP3A7,0.6,3,KICH;KIRC;KIRP,ENSG00000109101,FOXN1,3,KICH;KIRC;KIRP,3,1,0,0,-2.703961045606426,-2.6419211772279794,1.3645941210024297,1.3799553220621543,TRUE
CYP3A7,0.6,3,KICH;KIRC;KIRP,ENSG00000109163,GNRHR,3,KICH;KIRC;KIRP,0,0,1,0.3333333333333333,-0.14543030355985612,0.3195071237267631,1.5766992769978287,1.6283387734538328,TRUE
CYP3A7,0.6,3,KICH;KIRC;KIRP,ENSG00000109205,ODAM,3,KICH;KIRC;KIRP,2,0.6666666666666666,1,0.3333333333333333,-6.13765032628913,-3.5456309455689663,0.5961477620433067,0.8025790053940988,TRUE
CYP3A7,0.6,3,KICH;KIRC;KIRP,ENSG00000109272,PF4V1,3,KICH;KIRC;KIRP,1,0.3333333333333333,2,0.6666666666666666,1.4108443956921,-0.4722360298609578,0.43388232963632734,0.512684348845707,TRUE
CYP3A7,0.6,3,KICH;KIRC;KIRP,ENSG00000110975,SYT10,3,KICH;KIRC;KIRP,1,0.3333333333333333,1,0.3333333333333333,-0.43348690479198754,-0.6434650969468809,1.1692015964156113,1.3272222741882245,TRUE
CYP3A7,0.6,3,KICH;KIRC;KIRP,ENSG00000111218,PRMT8,3,KICH;KIRC;KIRP,2,0.6666666666666666,1,0.3333333333333333,-2.9370579112665554,-1.44174262605682,1.3303915838041065,1.3506739008254764,TRUE
CYP3A7,0.6,3,KICH;KIRC;KIRP,ENSG00000111291,GPRC5D,3,KICH;KIRC;KIRP,0,0,1,0.3333333333333333,-0.0558334198642067,0.08170807466623091,1.6605711610382645,1.694421285402273,TRUE
CYP3A7,0.6,3,KICH;KIRC;KIRP,ENSG00000111305,GSG1,3,KICH;KIRC;KIRP,1,0.3333333333333333,1,0.3333333333333333,-0.5720156447861674,-0.7670612211145282,1.4073591737701259,1.4308403191674357,TRUE
CYP3A7,0.6,3,KICH;KIRC;KIRP,ENSG00000111339,ART4,3,KICH;KIRC;KIRP,2,0.6666666666666666,0,0,-1.7399387347592596,-1.3352638804864976,1.1556975106262477,1.197364379833552,TRUE
CYP3A7,0.6,3,KICH;KIRC;KIRP,ENSG00000111796,KLRB1,3,KICH;KIRC;KIRP,0,0,2,0.6666666666666666,0.6677009109630354,0.9543821591443551,1.6250587002448011,1.6629827718672194,TRUE
CYP3A7,0.6,3,KICH;KIRC;KIRP,ENSG00000111981,ULBP1,3,KICH;KIRC;KIRP,1,0.3333333333333333,0,0,0.09951709025611225,-0.15629813764161812,0.7612480381885459,0.8456327214799454,TRUE
CYP3A7,0.6,3,KICH;KIRC;KIRP,ENSG00000112175,BMP5,3,KICH;KIRC;KIRP,3,1,0,0,-2.788776773437804,-3.1635845255452066,0.9461331098686268,0.9568450236407374,TRUE
CYP3A7,0.6,3,KICH;KIRC;KIRP,ENSG00000112212,TSPO2,3,KICH;KIRC;KIRP,3,1,0,0,-0.7087035517430481,-1.021885265005535,0.8557179131017701,0.9041812920969138,TRUE
CYP3A7,0.6,3,KICH;KIRC;KIRP,ENSG00000112706,IMPG1,3,KICH;KIRC;KIRP,1,0.3333333333333333,0,0,-0.49069061976714073,-0.4771449009125884,1.5008778496278097,1.5107492871009685,TRUE
CYP3A7,0.6,3,KICH;KIRC;KIRP,ENSG00000112742,TTK,3,KICH;KIRC;KIRP,0,0,3,1,2.2585794161022075,2.1200669876188054,1.6422305216022286,1.6541324176433552,TRUE
CYP3A7,0.6,3,KICH;KIRC;KIRP,ENSG00000112761,CCN6,3,KICH;KIRC;KIRP,3,1,0,0,-2.8286672823930816,-3.5092754281875798,1.1337759967658048,1.2285586527854684,TRUE
CYP3A7,0.6,3,KICH;KIRC;KIRP,ENSG00000112984,KIF20A,3,KICH;KIRC;KIRP,0,0,3,1,2.6851388491834323,2.4812807283185925,1.6505722357235302,1.6696374546561426,TRUE
CYP3A7,0.6,3,KICH;KIRC;KIRP,ENSG00000113100,CDH9,3,KICH;KIRC;KIRP,3,1,0,0,-2.669610077099343,-3.502300681983584,1.249041877794062,1.286279921509783,TRUE
CYP3A7,0.6,3,KICH;KIRC;KIRP,ENSG00000113262,GRM6,3,KICH;KIRC;KIRP,2,0.6666666666666666,0,0,-0.8088151316516724,-0.9795701128718914,1.6876677497830423,1.6981144556264054,TRUE
CYP3A7,0.6,3,KICH;KIRC;KIRP,ENSG00000113600,C9,3,KICH;KIRC;KIRP,2,0.6666666666666666,1,0.3333333333333333,-1.3935716300550651,-0.6971077624494348,0.6635204690298142,0.7936331939453507,TRUE
CYP3A7,0.6,3,KICH;KIRC;KIRP,ENSG00000114113,RBP2,3,KICH;KIRC;KIRP,3,1,0,0,-4.3375568410749485,-4.361848967379848,0.517630280101053,0.7452995254097522,TRUE
CYP3A7,0.6,3,KICH;KIRC;KIRP,ENSG00000114248,LRRC31,3,KICH;KIRC;KIRP,0,0,2,0.6666666666666666,0.6487439793647876,1.2486249963703302,1.0974817172276372,1.1448808719587236,TRUE
CYP3A7,0.6,3,KICH;KIRC;KIRP,ENSG00000115009,CCL20,3,KICH;KIRC;KIRP,1,0.3333333333333333,1,0.3333333333333333,0.14043965590688393,0.43111473093836433,1.3445727598569477,1.4281554752853638,TRUE
CYP3A7,0.6,3,KICH;KIRC;KIRP,ENSG00000115423,DNAH6,3,KICH;KIRC;KIRP,1,0.3333333333333333,0,0,-0.30432611364044915,-1.3142127206297045,1.4967171918711293,1.6544236019718788,TRUE
CYP3A7,0.6,3,KICH;KIRC;KIRP,ENSG00000115474,KCNJ13,3,KICH;KIRC;KIRP,3,1,0,0,-2.1641378007559817,-2.6912532417558213,1.115402322522107,1.3510835656120588,TRUE
CYP3A7,0.6,3,KICH;KIRC;KIRP,ENSG00000115607,IL18RAP,3,KICH;KIRC;KIRP,1,0.3333333333333333,2,0.6666666666666666,1.2447025251857475,0.9509199305422038,1.67713298127937,1.7164916882978674,TRUE
CYP3A7,0.6,3,KICH;KIRC;KIRP,ENSG00000115665,SLC5A7,3,KICH;KIRC;KIRP,3,1,0,0,-4.369345528702887,-3.501956353874648,1.0810474253572289,1.0843811562910946,TRUE
CYP3A7,0.6,3,KICH;KIRC;KIRP,ENSG00000115919,KYNU,3,KICH;KIRC;KIRP,0,0,1,0.3333333333333333,0.161953645719473,0.1978036000347813,1.6027219060985687,1.6379883405647266,TRUE
CYP3A7,0.6,3,KICH;KIRC;KIRP,ENSG00000116329,OPRD1,3,KICH;KIRC;KIRP,0,0,3,1,1.5435832141741987,1.583885128229921,1.603678976763136,1.6188462377186867,TRUE
CYP3A7,0.6,3,KICH;KIRC;KIRP,ENSG00000117090,SLAMF1,3,KICH;KIRC;KIRP,1,0.3333333333333333,1,0.3333333333333333,0.08768187514228275,0.303653120548451,1.2168051445085553,1.2417721304727674,TRUE
CYP3A7,0.6,3,KICH;KIRC;KIRP,ENSG00000117322,CR2,3,KICH;KIRC;KIRP,3,1,0,0,-4.303703447534936,-3.4501036960004656,0.9831872435413235,1.11556525436528,TRUE
CYP3A7,0.6,3,KICH;KIRC;KIRP,ENSG00000117560,FASLG,3,KICH;KIRC;KIRP,0,0,3,1,1.4901012424864493,2.074450610407787,1.4816581650108782,1.5417662065387223,TRUE
CYP3A7,0.6,3,KICH;KIRC;KIRP,ENSG00000117601,SERPINC1,3,KICH;KIRC;KIRP,3,1,0,0,-2.025119687054208,-2.2350883321073183,0.39053706297122737,0.40307073020571366,TRUE
CYP3A7,0.6,3,KICH;KIRC;KIRP,ENSG00000117971,CHRNB4,3,KICH;KIRC;KIRP,2,0.6666666666666666,0,0,-1.144123096317163,-0.803855739120276,1.0006597552965488,1.009870745469356,TRUE
CYP3A7,0.6,3,KICH;KIRC;KIRP,ENSG00000118017,A4GNT,3,KICH;KIRC;KIRP,1,0.3333333333333333,1,0.3333333333333333,-0.11782525998229684,-1.0531779013396287,0.45141250250873116,0.49892912977310216,TRUE
CYP3A7,0.6,3,KICH;KIRC;KIRP,ENSG00000118156,ZNF541,3,KICH;KIRC;KIRP,1,0.3333333333333333,1,0.3333333333333333,0.05302971200267006,0.08250460415747075,1.3542770977117176,1.386888094272545,TRUE
CYP3A7,0.6,3,KICH;KIRC;KIRP,ENSG00000118271,TTR,3,KICH;KIRC;KIRP,2,0.6666666666666666,1,0.3333333333333333,-4.397772763696345,-2.0431069375816717,1.2217126152165132,1.295678779412539,TRUE
CYP3A7,0.6,3,KICH;KIRC;KIRP,ENSG00000118557,PMFBP1,3,KICH;KIRC;KIRP,0,0,2,0.6666666666666666,1.438663937659379,1.0768065503140969,1.545796670006418,1.5781168313830365,TRUE
CYP3A7,0.6,3,KICH;KIRC;KIRP,ENSG00000118733,OLFM3,3,KICH;KIRC;KIRP,3,1,0,0,-5.546945586878985,-5.644529729578486,1.5751851216117898,1.5888360726254227,TRUE
CYP3A7,0.6,3,KICH;KIRC;KIRP,ENSG00000119547,ONECUT2,3,KICH;KIRC;KIRP,1,0.3333333333333333,2,0.6666666666666666,1.7824642132865596,1.1653121777225925,1.5458943236164433,1.5650246788755664,TRUE
CYP3A7,0.6,3,KICH;KIRC;KIRP,ENSG00000119915,ELOVL3,3,KICH;KIRC;KIRP,3,1,0,0,-1.511603445262855,-1.4627852160642052,1.5236502461359525,1.5383731770194944,TRUE
CYP3A7,0.6,3,KICH;KIRC;KIRP,ENSG00000120215,MLANA,3,KICH;KIRC;KIRP,1,0.3333333333333333,0,0,0.06174933796872355,-0.1884872816986636,1.6453611956348295,1.6706851314514093,TRUE
CYP3A7,0.6,3,KICH;KIRC;KIRP,ENSG00000120280,CXorf21,3,KICH;KIRC;KIRP,0,0,2,0.6666666666666666,0.6901147081111082,0.9107472424547767,1.6426630667560784,1.6633676847208472,TRUE
CYP3A7,0.6,3,KICH;KIRC;KIRP,ENSG00000120332,TNN,3,KICH;KIRC;KIRP,1,0.3333333333333333,1,0.3333333333333333,-0.5713783441368055,-0.6300144391569523,1.4255934372448407,1.4305918742886987,TRUE
CYP3A7,0.6,3,KICH;KIRC;KIRP,ENSG00000120471,TP53AIP1,3,KICH;KIRC;KIRP,3,1,0,0,-2.6779212770865417,-3.3860183577526977,1.0893153086586431,1.1680245384040495,TRUE
CYP3A7,0.6,3,KICH;KIRC;KIRP,ENSG00000120669,SOHLH2,3,KICH;KIRC;KIRP,0,0,1,0.3333333333333333,-0.3983558569747821,-0.052852133444268576,1.310994895567209,1.3687987145136624,TRUE
CYP3A7,0.6,3,KICH;KIRC;KIRP,ENSG00000121380,BCL2L14,3,KICH;KIRC;KIRP,1,0.3333333333333333,0,0,-0.46088652297486127,-0.6058817175927758,1.453392079055339,1.5161613881303906,TRUE
CYP3A7,0.6,3,KICH;KIRC;KIRP,ENSG00000121621,KIF18A,3,KICH;KIRC;KIRP,0,0,2,0.6666666666666666,1.6005412856079817,1.2810515227159,1.7193683726098223,1.7572774601986896,TRUE
CYP3A7,0.6,3,KICH;KIRC;KIRP,ENSG00000121743,GJA3,3,KICH;KIRC;KIRP,3,1,0,0,-4.377488177030049,-3.736132966141583,0.7326283526590945,0.7370413452661074,TRUE
CYP3A7,0.6,3,KICH;KIRC;KIRP,ENSG00000121895,TMEM156,3,KICH;KIRC;KIRP,0,0,2,0.6666666666666666,1.0109717593843464,0.9822635232490292,1.454782427734188,1.4632842673193376,TRUE
CYP3A7,0.6,3,KICH;KIRC;KIRP,ENSG00000122224,LY9,3,KICH;KIRC;KIRP,0,0,3,1,0.9269081956923744,1.356459767626546,1.4142939687369114,1.4215251466821135,TRUE
CYP3A7,0.6,3,KICH;KIRC;KIRP,ENSG00000122432,SPATA1,3,KICH;KIRC;KIRP,1,0.3333333333333333,0,0,-0.26280291334621586,-0.5105594011381867,1.6491060296898148,1.667927122731032,TRUE
CYP3A7,0.6,3,KICH;KIRC;KIRP,ENSG00000122735,DNAI1,3,KICH;KIRC;KIRP,2,0.6666666666666666,1,0.3333333333333333,-1.0457715706665391,-0.9283179023502601,0.6117855021261265,0.785334571796359,TRUE
CYP3A7,0.6,3,KICH;KIRC;KIRP,ENSG00000123388,HOXC11,3,KICH;KIRC;KIRP,1,0.3333333333333333,1,0.3333333333333333,0.198838149271566,-0.17064829405918563,0.7759778620901099,0.9844895696710688,TRUE
CYP3A7,0.6,3,KICH;KIRC;KIRP,ENSG00000123405,NFE2,3,KICH;KIRC;KIRP,1,0.3333333333333333,1,0.3333333333333333,0.4541647354808856,0.1963775503580862,1.020453107799717,1.0531687636096327,TRUE
CYP3A7,0.6,3,KICH;KIRC;KIRP,ENSG00000123454,DBH,3,KICH;KIRC;KIRP,3,1,0,0,-2.114657445548108,-2.335824483270768,1.0711773355845278,1.1125844796740278,TRUE
CYP3A7,0.6,3,KICH;KIRC;KIRP,ENSG00000123485,HJURP,3,KICH;KIRC;KIRP,0,0,3,1,2.9154462933275744,2.7000735244291927,1.491005552972494,1.5339564798296867,TRUE
CYP3A7,0.6,3,KICH;KIRC;KIRP,ENSG00000123496,IL13RA2,3,KICH;KIRC;KIRP,3,1,0,0,-4.3817836050107335,-3.2539088257739675,1.2615730352520351,1.331740488969483,TRUE
CYP3A7,0.6,3,KICH;KIRC;KIRP,ENSG00000123500,COL10A1,3,KICH;KIRC;KIRP,1,0.3333333333333333,0,0,-0.5342151578227479,-0.457132275967316,1.488857237443535,1.496144363633298,TRUE
CYP3A7,0.6,3,KICH;KIRC;KIRP,ENSG00000123977,DAW1,3,KICH;KIRC;KIRP,2,0.6666666666666666,1,0.3333333333333333,-1.4509292258286015,-1.1190989835750964,1.1965094451449974,1.2032435913177582,TRUE
CYP3A7,0.6,3,KICH;KIRC;KIRP,ENSG00000124116,WFDC3,3,KICH;KIRC;KIRP,1,0.3333333333333333,0,0,0.21959426043690644,-0.050361979512943925,1.6707984277135333,1.6849128457793832,TRUE
CYP3A7,0.6,3,KICH;KIRC;KIRP,ENSG00000124134,KCNS1,3,KICH;KIRC;KIRP,2,0.6666666666666666,1,0.3333333333333333,-0.8936904515339833,-0.970211002818652,1.5950619477872354,1.6736213976510912,TRUE
CYP3A7,0.6,3,KICH;KIRC;KIRP,ENSG00000124157,SEMG2,3,KICH;KIRC;KIRP,3,1,0,0,-6.2350099194096025,-6.090963279411411,0.7519128721199752,0.9043957427378352,TRUE
CYP3A7,0.6,3,KICH;KIRC;KIRP,ENSG00000124256,ZBP1,3,KICH;KIRC;KIRP,0,0,2,0.6666666666666666,1.0839877788908745,1.2183860220939882,1.573434072317636,1.5929777014955826,TRUE
CYP3A7,0.6,3,KICH;KIRC;KIRP,ENSG00000124490,CRISP2,3,KICH;KIRC;KIRP,3,1,0,0,-5.027346558644855,-5.015658401898898,0.40734602728085045,0.4118866449480473,TRUE
CYP3A7,0.6,3,KICH;KIRC;KIRP,ENSG00000124678,TCP11,3,KICH;KIRC;KIRP,3,1,0,0,-1.2250284228231665,-1.2657538698072859,0.8795431288626908,0.8910807056922212,TRUE
CYP3A7,0.6,3,KICH;KIRC;KIRP,ENSG00000124721,DNAH8,3,KICH;KIRC;KIRP,3,1,0,0,-2.0169936948145653,-1.665483361240082,1.331900974017518,1.3696790705158903,TRUE
CYP3A7,0.6,3,KICH;KIRC;KIRP,ENSG00000124731,TREM1,3,KICH;KIRC;KIRP,1,0.3333333333333333,2,0.6666666666666666,1.8746848780035448,1.3192352915246712,1.1925127343429645,1.285470381000036,TRUE
CYP3A7,0.6,3,KICH;KIRC;KIRP,ENSG00000124875,CXCL6,3,KICH;KIRC;KIRP,1,0.3333333333333333,1,0.3333333333333333,-0.41297566554750254,-0.7338999694364597,0.8725290729799801,0.9405207887564035,TRUE
CYP3A7,0.6,3,KICH;KIRC;KIRP,ENSG00000124935,SCGB1D2,3,KICH;KIRC;KIRP,3,1,0,0,-1.863501467890854,-2.118271936185942,1.3226064624015572,1.520469558830815,TRUE
CYP3A7,0.6,3,KICH;KIRC;KIRP,ENSG00000124939,SCGB2A1,3,KICH;KIRC;KIRP,2,0.6666666666666666,0,0,-1.351681512739938,-1.599678888368822,1.3164134705415071,1.45294002707713,TRUE
CYP3A7,0.6,3,KICH;KIRC;KIRP,ENSG00000125046,SSUH2,3,KICH;KIRC;KIRP,3,1,0,0,-2.753405126864103,-2.4734728496991396,1.1305490874031292,1.2337027370650524,TRUE
CYP3A7,0.6,3,KICH;KIRC;KIRP,ENSG00000125207,PIWIL1,3,KICH;KIRC;KIRP,3,1,0,0,-2.4842074434396513,-2.377019699817623,0.6549877813415383,0.7128126603624692,TRUE
CYP3A7,0.6,3,KICH;KIRC;KIRP,ENSG00000125508,SRMS,3,KICH;KIRC;KIRP,2,0.6666666666666666,0,0,-0.9620717301399784,-0.7979014652866602,1.5288592791843616,1.5390120268745158,TRUE
CYP3A7,0.6,3,KICH;KIRC;KIRP,ENSG00000125531,FNDC11,3,KICH;KIRC;KIRP,3,1,0,0,-2.359934960720888,-2.3506398894932223,1.4170084574757809,1.548480031980098,TRUE
CYP3A7,0.6,3,KICH;KIRC;KIRP,ENSG00000125726,CD70,3,KICH;KIRC;KIRP,0,0,2,0.6666666666666666,4.626079695734138,4.100891313859579,1.549034958964203,1.571303543184097,TRUE
CYP3A7,0.6,3,KICH;KIRC;KIRP,ENSG00000126262,FFAR2,3,KICH;KIRC;KIRP,0,0,2,0.6666666666666666,1.0125432007917778,0.8526957518405571,1.4887414431556638,1.607744134746928,TRUE
CYP3A7,0.6,3,KICH;KIRC;KIRP,ENSG00000126733,DACH2,3,KICH;KIRC;KIRP,3,1,0,0,-5.650935528612369,-5.371130684565172,1.0161923687947645,1.169086787300064,TRUE
CYP3A7,0.6,3,KICH;KIRC;KIRP,ENSG00000126787,DLGAP5,3,KICH;KIRC;KIRP,0,0,3,1,2.819086261087827,2.912024888153062,1.5125180387788024,1.5714727961860857,TRUE
CYP3A7,0.6,3,KICH;KIRC;KIRP,ENSG00000127325,BEST3,3,KICH;KIRC;KIRP,1,0.3333333333333333,2,0.6666666666666666,1.1199228325099009,0.3119077588468162,1.14908157603689,1.1622396943908109,TRUE
CYP3A7,0.6,3,KICH;KIRC;KIRP,ENSG00000127412,TRPV5,3,KICH;KIRC;KIRP,3,1,0,0,-5.318709127425619,-5.3164652235867225,1.619284392299521,1.6309533578035074,TRUE
CYP3A7,0.6,3,KICH;KIRC;KIRP,ENSG00000127928,GNGT1,3,KICH;KIRC;KIRP,0,0,3,1,0.8803619555877584,1.2954658326860948,0.8257168256689392,0.91317930713173,TRUE
CYP3A7,0.6,3,KICH;KIRC;KIRP,ENSG00000128218,VPREB3,3,KICH;KIRC;KIRP,0,0,1,0.3333333333333333,0.549691643543897,0.5885372421997499,1.4962215251297941,1.498600700775098,TRUE
CYP3A7,0.6,3,KICH;KIRC;KIRP,ENSG00000128383,APOBEC3A,3,KICH;KIRC;KIRP,1,0.3333333333333333,1,0.3333333333333333,-0.02086306216586592,0.06991556127241434,1.2588767604338205,1.2958246531913375,TRUE
CYP3A7,0.6,3,KICH;KIRC;KIRP,ENSG00000128510,CPA4,3,KICH;KIRC;KIRP,1,0.3333333333333333,2,0.6666666666666666,1.356048202293206,0.37229936463325186,1.2624288380862307,1.3171115033091223,TRUE
CYP3A7,0.6,3,KICH;KIRC;KIRP,ENSG00000128564,VGF,3,KICH;KIRC;KIRP,2,0.6666666666666666,1,0.3333333333333333,-1.153965111482413,0.05270913644318501,1.6425591287651606,1.6644288199379642,TRUE
CYP3A7,0.6,3,KICH;KIRC;KIRP,ENSG00000128645,HOXD1,3,KICH;KIRC;KIRP,3,1,0,0,-1.387788169653975,-1.5491712936931137,1.1976616836578646,1.3213501132742065,TRUE
CYP3A7,0.6,3,KICH;KIRC;KIRP,ENSG00000128655,PDE11A,3,KICH;KIRC;KIRP,0,0,3,1,0.9868446157314822,1.2519231737235683,1.6016539020472198,1.6774209133244486,TRUE
CYP3A7,0.6,3,KICH;KIRC;KIRP,ENSG00000129204,USP6,3,KICH;KIRC;KIRP,1,0.3333333333333333,0,0,-0.3941891755094803,-0.5134712580867556,1.633974450897421,1.6808712555907204,TRUE
CYP3A7,0.6,3,KICH;KIRC;KIRP,ENSG00000129214,SHBG,3,KICH;KIRC;KIRP,3,1,0,0,-2.095978992078426,-1.9046631949913357,0.9932889596409593,1.0345511638277678,TRUE
CYP3A7,0.6,3,KICH;KIRC;KIRP,ENSG00000129810,SGO1,3,KICH;KIRC;KIRP,0,0,3,1,1.0591601084263718,1.2354660338554169,1.4744590460383673,1.520847166391285,TRUE
CYP3A7,0.6,3,KICH;KIRC;KIRP,ENSG00000129988,LBP,3,KICH;KIRC;KIRP,2,0.6666666666666666,1,0.3333333333333333,-3.031302185521791,-2.016901500465833,1.1234305196463579,1.1719565433651875,TRUE
CYP3A7,0.6,3,KICH;KIRC;KIRP,ENSG00000130045,NXNL2,3,KICH;KIRC;KIRP,1,0.3333333333333333,1,0.3333333333333333,0.26627439653216983,-1.044460303198298,1.3530447355253574,1.4634499994610808,TRUE
CYP3A7,0.6,3,KICH;KIRC;KIRP,ENSG00000130055,GDPD2,3,KICH;KIRC;KIRP,2,0.6666666666666666,0,0,-0.9933439320680192,-1.66739739962152,1.639901995100858,1.6721347244140468,TRUE
CYP3A7,0.6,3,KICH;KIRC;KIRP,ENSG00000130377,ACSBG2,3,KICH;KIRC;KIRP,3,1,0,0,-1.7253681685691191,-1.9851974446192782,0.9925126856183899,0.9981170546395391,TRUE
CYP3A7,0.6,3,KICH;KIRC;KIRP,ENSG00000130487,KLHDC7B,3,KICH;KIRC;KIRP,0,0,1,0.3333333333333333,-0.4926586155943089,0.7142577334016489,1.4130890358710941,1.4286838197094371,TRUE
CYP3A7,0.6,3,KICH;KIRC;KIRP,ENSG00000130701,RBBP8NL,3,KICH;KIRC;KIRP,2,0.6666666666666666,1,0.3333333333333333,-6.149834178232125,-3.8986363206259784,1.1406289946473034,1.3042756598645364,TRUE
CYP3A7,0.6,3,KICH;KIRC;KIRP,ENSG00000131015,ULBP2,3,KICH;KIRC;KIRP,0,0,2,0.6666666666666666,0.6724399786525884,0.5700437674741058,1.2964180867313473,1.340055991498424,TRUE
CYP3A7,0.6,3,KICH;KIRC;KIRP,ENSG00000131044,TTLL9,3,KICH;KIRC;KIRP,2,0.6666666666666666,0,0,-0.6736912596947415,-0.6048195997254272,1.523338270043106,1.6032637622442898,TRUE
CYP3A7,0.6,3,KICH;KIRC;KIRP,ENSG00000131096,PYY,3,KICH;KIRC;KIRP,2,0.6666666666666666,1,0.3333333333333333,-0.8678355602814041,0.4598069104946942,0.3002381501990965,0.38640685045942946,TRUE
CYP3A7,0.6,3,KICH;KIRC;KIRP,ENSG00000131187,F12,3,KICH;KIRC;KIRP,1,0.3333333333333333,2,0.6666666666666666,1.0789807788350811,0.1979647308580136,1.5947017798754979,1.6204714386635095,TRUE
CYP3A7,0.6,3,KICH;KIRC;KIRP,ENSG00000131203,IDO1,3,KICH;KIRC;KIRP,0,0,3,1,2.40094544094442,2.7458626912272845,1.4350130452689664,1.4630681959389926,TRUE
CYP3A7,0.6,3,KICH;KIRC;KIRP,ENSG00000131355,ADGRE3,3,KICH;KIRC;KIRP,0,0,2,0.6666666666666666,1.1781952622225544,0.8526318451860496,1.4989923921565662,1.6142282341053646,TRUE
CYP3A7,0.6,3,KICH;KIRC;KIRP,ENSG00000131379,C3orf20,3,KICH;KIRC;KIRP,3,1,0,0,-0.997278254159528,-0.9372073217474404,1.534463409165961,1.5470393801146036,TRUE
CYP3A7,0.6,3,KICH;KIRC;KIRP,ENSG00000131746,TNS4,3,KICH;KIRC;KIRP,2,0.6666666666666666,1,0.3333333333333333,-3.4812110662947804,-2.0554487018850236,1.345641657915334,1.5269613515753375,TRUE
CYP3A7,0.6,3,KICH;KIRC;KIRP,ENSG00000132517,SLC52A1,3,KICH;KIRC;KIRP,1,0.3333333333333333,1,0.3333333333333333,-0.04787975406640609,0.04182751639796674,1.2166968705023802,1.219193441029281,TRUE
CYP3A7,0.6,3,KICH;KIRC;KIRP,ENSG00000132746,ALDH3B2,3,KICH;KIRC;KIRP,3,1,0,0,-5.7484623849266985,-4.464302326502579,0.840016691612404,1.0044301172890429,TRUE
CYP3A7,0.6,3,KICH;KIRC;KIRP,ENSG00000132932,ATP8A2,3,KICH;KIRC;KIRP,0,0,0,0,-0.04992873835828504,0.0326310145667974,1.6202498222682185,1.6755666406433856,TRUE
CYP3A7,0.6,3,KICH;KIRC;KIRP,ENSG00000133020,MYH8,3,KICH;KIRC;KIRP,3,1,0,0,-2.829742712626516,-4.443134878567076,1.2496962720753926,1.4740168119041055,TRUE
CYP3A7,0.6,3,KICH;KIRC;KIRP,ENSG00000133055,MYBPH,3,KICH;KIRC;KIRP,3,1,0,0,-3.274369873057104,-3.0789663686913356,0.49302776971471857,0.5071047657729407,TRUE
CYP3A7,0.6,3,KICH;KIRC;KIRP,ENSG00000133063,CHIT1,3,KICH;KIRC;KIRP,0,0,3,1,4.354242818884674,3.823461543690451,1.7041086515948616,1.7081511275082344,TRUE
CYP3A7,0.6,3,KICH;KIRC;KIRP,ENSG00000133107,TRPC4,3,KICH;KIRC;KIRP,2,0.6666666666666666,1,0.3333333333333333,-1.1375642875937584,-0.602134361805871,1.5994152544846643,1.678808425015987,TRUE
CYP3A7,0.6,3,KICH;KIRC;KIRP,ENSG00000133317,LGALS12,3,KICH;KIRC;KIRP,0,0,2,0.6666666666666666,2.0054835998433513,1.8389888479168777,1.6339513052542587,1.656506134596101,TRUE
CYP3A7,0.6,3,KICH;KIRC;KIRP,ENSG00000133328,PLAAT2,3,KICH;KIRC;KIRP,3,1,0,0,-1.879834860651636,-2.2831579749028545,1.677898702925294,1.6937475557411077,TRUE
CYP3A7,0.6,3,KICH;KIRC;KIRP,ENSG00000133454,MYO18B,3,KICH;KIRC;KIRP,3,1,0,0,-2.5850339719848647,-2.5813834627311705,1.570548624471552,1.577692376443392,TRUE
CYP3A7,0.6,3,KICH;KIRC;KIRP,ENSG00000133475,GGT2,3,KICH;KIRC;KIRP,1,0.3333333333333333,0,0,0.16833260602573932,-0.7310731707586022,1.6288507580737968,1.637248020280253,TRUE
CYP3A7,0.6,3,KICH;KIRC;KIRP,ENSG00000133488,SEC14L4,3,KICH;KIRC;KIRP,2,0.6666666666666666,0,0,-0.9867363181731862,-1.627761900802979,1.1537503710187091,1.1843055956191897,TRUE
CYP3A7,0.6,3,KICH;KIRC;KIRP,ENSG00000133640,LRRIQ1,3,KICH;KIRC;KIRP,2,0.6666666666666666,1,0.3333333333333333,-0.7518497657049014,-1.294078670844982,1.1749114400271763,1.3633049093679122,TRUE
CYP3A7,0.6,3,KICH;KIRC;KIRP,ENSG00000133665,DYDC2,3,KICH;KIRC;KIRP,2,0.6666666666666666,0,0,-1.5189360831043637,-1.1858428758814932,1.4402263799098185,1.5219785621718918,TRUE
CYP3A7,0.6,3,KICH;KIRC;KIRP,ENSG00000133710,SPINK5,3,KICH;KIRC;KIRP,0,0,2,0.6666666666666666,1.313675497824926,1.307793328345324,1.45086949750999,1.5177262769436854,TRUE
CYP3A7,0.6,3,KICH;KIRC;KIRP,ENSG00000133958,UNC79,3,KICH;KIRC;KIRP,1,0.3333333333333333,0,0,-0.11913343487585187,-0.2310510200878495,1.4798566878412815,1.4884670530592217,TRUE
CYP3A7,0.6,3,KICH;KIRC;KIRP,ENSG00000134115,CNTN6,3,KICH;KIRC;KIRP,0,0,1,0.3333333333333333,0.36359501874647926,1.7826227031210506,1.4340185616331902,1.439663392049607,TRUE
CYP3A7,0.6,3,KICH;KIRC;KIRP,ENSG00000134160,TRPM1,3,KICH;KIRC;KIRP,3,1,0,0,-1.8660788690326449,-1.7537170720031052,1.1934592624191322,1.2211626507934907,TRUE
CYP3A7,0.6,3,KICH;KIRC;KIRP,ENSG00000134207,SYT6,3,KICH;KIRC;KIRP,1,0.3333333333333333,1,0.3333333333333333,0.13379142289835097,-0.04951217145363418,0.9786605495422458,1.02495344753618,TRUE
CYP3A7,0.6,3,KICH;KIRC;KIRP,ENSG00000134343,ANO3,3,KICH;KIRC;KIRP,2,0.6666666666666666,0,0,-1.8089514567683784,-1.4077663935491447,1.3300866913991038,1.3854955297795335,TRUE
CYP3A7,0.6,3,KICH;KIRC;KIRP,ENSG00000134460,IL2RA,3,KICH;KIRC;KIRP,0,0,2,0.6666666666666666,0.8904855583897876,1.1899010572157502,1.2474751690079742,1.2670850018568116,TRUE
CYP3A7,0.6,3,KICH;KIRC;KIRP,ENSG00000134539,KLRD1,3,KICH;KIRC;KIRP,0,0,3,1,2.060647247508442,1.8462510179735308,1.6677259987349815,1.693727885617362,TRUE
CYP3A7,0.6,3,KICH;KIRC;KIRP,ENSG00000134962,KLB,3,KICH;KIRC;KIRP,2,0.6666666666666666,0,0,-0.7511618401569811,-0.8839825880080775,1.7240087570266163,1.7825973420164851,TRUE
CYP3A7,0.6,3,KICH;KIRC;KIRP,ENSG00000135346,CGA,3,KICH;KIRC;KIRP,3,1,0,0,-4.694914825937189,-3.648288661953994,0.3945400823438105,0.5011147748103011,TRUE
CYP3A7,0.6,3,KICH;KIRC;KIRP,ENSG00000135436,FAM186B,3,KICH;KIRC;KIRP,0,0,1,0.3333333333333333,0.3911314330554232,0.49910727724595444,1.4697130689421245,1.4787812499708537,TRUE
CYP3A7,0.6,3,KICH;KIRC;KIRP,ENSG00000135476,ESPL1,3,KICH;KIRC;KIRP,0,0,0,0,-0.00829113847495652,0.04076657099251735,1.4120436944244614,1.498688804560361,TRUE
CYP3A7,0.6,3,KICH;KIRC;KIRP,ENSG00000135697,BCO1,3,KICH;KIRC;KIRP,1,0.3333333333333333,2,0.6666666666666666,1.3618351682529473,-0.34559915431785293,1.4112414291193822,1.468876979513426,TRUE
CYP3A7,0.6,3,KICH;KIRC;KIRP,ENSG00000135914,HTR2B,3,KICH;KIRC;KIRP,3,1,0,0,-1.5046564701882508,-2.0386316193603,1.494716634864324,1.5789680470484433,TRUE
CYP3A7,0.6,3,KICH;KIRC;KIRP,ENSG00000135960,EDAR,3,KICH;KIRC;KIRP,2,0.6666666666666666,0,0,-1.6440078703158847,-2.6060253627468684,0.9496053302265459,1.0342843181211698,TRUE
CYP3A7,0.6,3,KICH;KIRC;KIRP,ENSG00000136449,MYCBPAP,3,KICH;KIRC;KIRP,2,0.6666666666666666,0,0,-0.8937103786866154,-0.8407041713740621,1.6932747277851385,1.774257855251722,TRUE
CYP3A7,0.6,3,KICH;KIRC;KIRP,ENSG00000136573,BLK,3,KICH;KIRC;KIRP,2,0.6666666666666666,1,0.3333333333333333,-0.6151839478885218,-0.4051775584128096,0.5527070083747015,0.6174053996058523,TRUE
CYP3A7,0.6,3,KICH;KIRC;KIRP,ENSG00000136881,BAAT,3,KICH;KIRC;KIRP,1,0.3333333333333333,1,0.3333333333333333,-0.2441995376327174,0.6318951197664185,1.443730463673621,1.473335364043792,TRUE
CYP3A7,0.6,3,KICH;KIRC;KIRP,ENSG00000136943,CTSV,3,KICH;KIRC;KIRP,3,1,0,0,-2.772357207627592,-2.700684676121526,1.625677838490531,1.7185779363920617,TRUE
CYP3A7,0.6,3,KICH;KIRC;KIRP,ENSG00000137078,SIT1,3,KICH;KIRC;KIRP,0,0,2,0.6666666666666666,1.118663172551765,1.2456158095417322,1.614151693344259,1.62290123385923,TRUE
CYP3A7,0.6,3,KICH;KIRC;KIRP,ENSG00000137270,GCM1,3,KICH;KIRC;KIRP,3,1,0,0,-2.4831114433416928,-3.2055647990480534,0.7853445559909918,0.8087253086133834,TRUE
CYP3A7,0.6,3,KICH;KIRC;KIRP,ENSG00000137440,FGFBP1,3,KICH;KIRC;KIRP,3,1,0,0,-4.972057497194235,-3.716625021474794,1.195691674434406,1.286971565817035,TRUE
CYP3A7,0.6,3,KICH;KIRC;KIRP,ENSG00000137561,TTPA,3,KICH;KIRC;KIRP,3,1,0,0,-3.804175503054632,-3.5487932932394535,1.3591101659046927,1.3766059328563045,TRUE
CYP3A7,0.6,3,KICH;KIRC;KIRP,ENSG00000137709,POU2F3,3,KICH;KIRC;KIRP,2,0.6666666666666666,0,0,-1.6662864400012511,-1.555577875013124,1.3265808185324972,1.5036896761785268,TRUE
CYP3A7,0.6,3,KICH;KIRC;KIRP,ENSG00000137812,KNL1,3,KICH;KIRC;KIRP,1,0.3333333333333333,1,0.3333333333333333,-0.3764739663528376,-0.23019615894194523,1.3786725256956385,1.525075569281097,TRUE
CYP3A7,0.6,3,KICH;KIRC;KIRP,ENSG00000137860,SLC28A2,3,KICH;KIRC;KIRP,3,1,0,0,-3.486664524605522,-3.258592054537752,0.6531299552119127,0.7415903961974647,TRUE
CYP3A7,0.6,3,KICH;KIRC;KIRP,ENSG00000138075,ABCG5,3,KICH;KIRC;KIRP,3,1,0,0,-1.1286907742134629,-1.460682704661142,1.4185144081971948,1.4511823986576031,TRUE
CYP3A7,0.6,3,KICH;KIRC;KIRP,ENSG00000138315,OIT3,3,KICH;KIRC;KIRP,2,0.6666666666666666,1,0.3333333333333333,-1.452467482449685,-0.9691682540786675,0.40742926415421243,0.507348210348155,TRUE
CYP3A7,0.6,3,KICH;KIRC;KIRP,ENSG00000138472,GUCA1C,3,KICH;KIRC;KIRP,3,1,0,0,-3.813443891461447,-3.594412162431715,0.6762740500362485,0.7082272296103446,TRUE
CYP3A7,0.6,3,KICH;KIRC;KIRP,ENSG00000138622,HCN4,3,KICH;KIRC;KIRP,3,1,0,0,-1.444514299706778,-1.316096248160065,1.1775818801063653,1.18652354300137,TRUE
CYP3A7,0.6,3,KICH;KIRC;KIRP,ENSG00000138823,MTTP,3,KICH;KIRC;KIRP,3,1,0,0,-4.230040719205407,-3.6691237303666417,1.4062644291453563,1.4357187750571316,TRUE
CYP3A7,0.6,3,KICH;KIRC;KIRP,ENSG00000139151,PLCZ1,3,KICH;KIRC;KIRP,2,0.6666666666666666,0,0,-3.3614380744064696,-2.317720138504812,0.8817036595030378,0.9370421539032828,TRUE
CYP3A7,0.6,3,KICH;KIRC;KIRP,ENSG00000139269,INHBE,3,KICH;KIRC;KIRP,0,0,3,1,2.590235436215787,2.7971551729838433,1.6523247846864666,1.7055314560901218,TRUE
CYP3A7,0.6,3,KICH;KIRC;KIRP,ENSG00000139344,AMDHD1,3,KICH;KIRC;KIRP,2,0.6666666666666666,0,0,-0.7289549412161059,-1.7510975428475306,1.3823293222447095,1.3928680143367853,TRUE
CYP3A7,0.6,3,KICH;KIRC;KIRP,ENSG00000139351,SYCP3,3,KICH;KIRC;KIRP,0,0,1,0.3333333333333333,0.01599459731541513,0.3729970780691483,1.5922495848375577,1.6211861886078804,TRUE
CYP3A7,0.6,3,KICH;KIRC;KIRP,ENSG00000139445,FOXN4,3,KICH;KIRC;KIRP,3,1,0,0,-2.371768548578864,-2.375353067054961,0.7276568308668916,0.7438648562458623,TRUE
CYP3A7,0.6,3,KICH;KIRC;KIRP,ENSG00000139572,GPR84,3,KICH;KIRC;KIRP,0,0,3,1,2.2307895536438243,1.861432504448402,1.5728429730617952,1.6411106961493538,TRUE
CYP3A7,0.6,3,KICH;KIRC;KIRP,ENSG00000139767,SRRM4,3,KICH;KIRC;KIRP,2,0.6666666666666666,0,0,-0.5994820054083837,-1.0094797574636862,1.637550287216891,1.6464727009260784,TRUE
CYP3A7,0.6,3,KICH;KIRC;KIRP,ENSG00000139973,SYT16,3,KICH;KIRC;KIRP,2,0.6666666666666666,1,0.3333333333333333,-1.1921151378293071,-0.12013220224036156,1.0985106994521334,1.157456914056692,TRUE
CYP3A7,0.6,3,KICH;KIRC;KIRP,ENSG00000139988,RDH12,3,KICH;KIRC;KIRP,3,1,0,0,-2.6961164224880636,-2.7128562319054064,1.2022874684380302,1.2774531788881416,TRUE
CYP3A7,0.6,3,KICH;KIRC;KIRP,ENSG00000140009,ESR2,3,KICH;KIRC;KIRP,2,0.6666666666666666,0,0,-1.2920495805163006,-0.940382246968047,1.6747910543795792,1.7793509043584177,TRUE
CYP3A7,0.6,3,KICH;KIRC;KIRP,ENSG00000140279,DUOX2,3,KICH;KIRC;KIRP,2,0.6666666666666666,0,0,-1.650214904440156,-1.6525996494364203,1.4560174671765251,1.4869835679240675,TRUE
CYP3A7,0.6,3,KICH;KIRC;KIRP,ENSG00000140527,WDR93,3,KICH;KIRC;KIRP,1,0.3333333333333333,0,0,0.08021894106307492,-0.941795987476773,0.8836106806419957,1.0198586823084386,TRUE
CYP3A7,0.6,3,KICH;KIRC;KIRP,ENSG00000140795,MYLK3,3,KICH;KIRC;KIRP,3,1,0,0,-3.1928367651781113,-3.196213823138871,1.1527317380284734,1.1795583078893193,TRUE
CYP3A7,0.6,3,KICH;KIRC;KIRP,ENSG00000140873,ADAMTS18,3,KICH;KIRC;KIRP,1,0.3333333333333333,2,0.6666666666666666,1.0896479716066167,0.39863105460438564,0.8840938472866636,0.93965038211161,TRUE
CYP3A7,0.6,3,KICH;KIRC;KIRP,ENSG00000140932,CMTM2,3,KICH;KIRC;KIRP,0,0,1,0.3333333333333333,0.12296699402924556,0.2925343034076231,1.4191062226331326,1.446209919756569,TRUE
CYP3A7,0.6,3,KICH;KIRC;KIRP,ENSG00000140986,RPL3L,3,KICH;KIRC;KIRP,1,0.3333333333333333,0,0,-0.02302342353495699,-0.4859783680101473,1.6037156850978276,1.6144277666630793,TRUE
CYP3A7,0.6,3,KICH;KIRC;KIRP,ENSG00000141161,UNC45B,3,KICH;KIRC;KIRP,2,0.6666666666666666,0,0,-1.9555884329493844,-1.6563828591476017,1.4245935331176192,1.4297878694649475,TRUE
CYP3A7,0.6,3,KICH;KIRC;KIRP,ENSG00000141294,LRRC46,3,KICH;KIRC;KIRP,0,0,1,0.3333333333333333,-0.07076419306645186,0.3369137046303628,1.4564349647694286,1.5429965765934588,TRUE
CYP3A7,0.6,3,KICH;KIRC;KIRP,ENSG00000141579,ZNF750,3,KICH;KIRC;KIRP,3,1,0,0,-2.1245117270918787,-2.1642684431676003,1.30337084052931,1.3796535799146024,TRUE
CYP3A7,0.6,3,KICH;KIRC;KIRP,ENSG00000141665,FBXO15,3,KICH;KIRC;KIRP,1,0.3333333333333333,0,0,-0.4748744839528735,-1.3670450373427356,1.4154717758012194,1.5587613337475166,TRUE
CYP3A7,0.6,3,KICH;KIRC;KIRP,ENSG00000141668,CBLN2,3,KICH;KIRC;KIRP,3,1,0,0,-3.735216640129774,-3.6372880535266434,1.4668143235124975,1.6533162688291163,TRUE
CYP3A7,0.6,3,KICH;KIRC;KIRP,ENSG00000142405,NLRP12,3,KICH;KIRC;KIRP,0,0,2,0.6666666666666666,1.4559353293933592,0.9714230560891857,1.5472625542132747,1.5856339325807192,TRUE
CYP3A7,0.6,3,KICH;KIRC;KIRP,ENSG00000142606,MMEL1,3,KICH;KIRC;KIRP,2,0.6666666666666666,0,0,-0.6001906295403091,-1.0754030138932125,1.491337220243492,1.5895630808828198,TRUE
CYP3A7,0.6,3,KICH;KIRC;KIRP,ENSG00000142621,FHAD1,3,KICH;KIRC;KIRP,1,0.3333333333333333,0,0,-0.12938663935012357,-0.5845214041247777,1.4024324503635273,1.480025952485791,TRUE
CYP3A7,0.6,3,KICH;KIRC;KIRP,ENSG00000142677,IL22RA1,3,KICH;KIRC;KIRP,1,0.3333333333333333,2,0.6666666666666666,0.9480042893362628,-0.7646359143818331,1.1908276678448704,1.2049046495780549,TRUE
CYP3A7,0.6,3,KICH;KIRC;KIRP,ENSG00000143185,XCL2,3,KICH;KIRC;KIRP,0,0,2,0.6666666666666666,0.6561515752517968,1.1781903824299096,1.479714840711468,1.5976067661667257,TRUE
CYP3A7,0.6,3,KICH;KIRC;KIRP,ENSG00000143194,MAEL,3,KICH;KIRC;KIRP,1,0.3333333333333333,0,0,-0.04927748368516321,-1.5313022243066572,0.9370890401479851,0.9969272053776296,TRUE
CYP3A7,0.6,3,KICH;KIRC;KIRP,ENSG00000143199,ADCY10,3,KICH;KIRC;KIRP,0,0,1,0.3333333333333333,0.24460293102081784,0.527355071236548,1.4860917591759915,1.5378795588826126,TRUE
CYP3A7,0.6,3,KICH;KIRC;KIRP,ENSG00000143257,NR1I3,3,KICH;KIRC;KIRP,3,1,0,0,-2.600148242550469,-2.5712060895836064,1.0818926094301535,1.1596994386652832,TRUE
CYP3A7,0.6,3,KICH;KIRC;KIRP,ENSG00000143297,FCRL5,3,KICH;KIRC;KIRP,1,0.3333333333333333,1,0.3333333333333333,-0.5275065457598015,0.09492548613172598,1.1322365560775172,1.1487087850751876,TRUE
CYP3A7,0.6,3,KICH;KIRC;KIRP,ENSG00000143450,OAZ3,3,KICH;KIRC;KIRP,1,0.3333333333333333,0,0,0.15560475679311306,-0.2800489539925506,1.664428658090939,1.6725256484447744,TRUE
CYP3A7,0.6,3,KICH;KIRC;KIRP,ENSG00000143469,SYT14,3,KICH;KIRC;KIRP,1,0.3333333333333333,2,0.6666666666666666,1.9435338329076464,0.6650826384608489,1.5079336849714278,1.5117933341020504,TRUE
CYP3A7,0.6,3,KICH;KIRC;KIRP,ENSG00000143631,FLG,3,KICH;KIRC;KIRP,2,0.6666666666666666,0,0,-0.9405116779034306,-0.7329765683657782,1.6296691139839232,1.6772108769340692,TRUE
CYP3A7,0.6,3,KICH;KIRC;KIRP,ENSG00000143921,ABCG8,3,KICH;KIRC;KIRP,3,1,0,0,-1.693063235631745,-2.1596185111229413,1.465809882057433,1.5285827703508943,TRUE
CYP3A7,0.6,3,KICH;KIRC;KIRP,ENSG00000144395,CCDC150,3,KICH;KIRC;KIRP,1,0.3333333333333333,1,0.3333333333333333,0.540021608175786,-0.1210605262779428,1.047707138756094,1.0913876247488592,TRUE
CYP3A7,0.6,3,KICH;KIRC;KIRP,ENSG00000144406,UNC80,3,KICH;KIRC;KIRP,1,0.3333333333333333,1,0.3333333333333333,-0.5130419308019133,0.4994645378955979,1.6931937024906898,1.7090355352664215,TRUE
CYP3A7,0.6,3,KICH;KIRC;KIRP,ENSG00000144452,ABCA12,3,KICH;KIRC;KIRP,1,0.3333333333333333,2,0.6666666666666666,3.0003572059152805,2.3716362086870704,1.19748480777941,1.2224124692700111,TRUE
CYP3A7,0.6,3,KICH;KIRC;KIRP,ENSG00000144644,GADL1,3,KICH;KIRC;KIRP,3,1,0,0,-5.766052498806807,-5.6833971956822475,1.4625217352479563,1.5856219623024597,TRUE
CYP3A7,0.6,3,KICH;KIRC;KIRP,ENSG00000144852,NR1I2,3,KICH;KIRC;KIRP,1,0.3333333333333333,2,0.6666666666666666,0.6052098316957658,-0.07688353639626574,1.3178580294115143,1.3671405388478794,TRUE
CYP3A7,0.6,3,KICH;KIRC;KIRP,ENSG00000145113,MUC4,3,KICH;KIRC;KIRP,1,0.3333333333333333,1,0.3333333333333333,-0.3602139626757259,-0.1804580341702077,1.203260121121878,1.2644384176966776,TRUE
CYP3A7,0.6,3,KICH;KIRC;KIRP,ENSG00000145321,GC,3,KICH;KIRC;KIRP,3,1,0,0,-5.438771053572575,-4.326174757820131,1.1330510215425782,1.2236274425293137,TRUE
CYP3A7,0.6,3,KICH;KIRC;KIRP,ENSG00000145491,ROPN1L,3,KICH;KIRC;KIRP,1,0.3333333333333333,2,0.6666666666666666,0.6810218754876503,0.06328480327042951,1.352989754151277,1.3743622917487512,TRUE
CYP3A7,0.6,3,KICH;KIRC;KIRP,ENSG00000145850,TIMD4,3,KICH;KIRC;KIRP,0,0,3,1,1.6199600274170134,2.3099136837325442,1.6259361539610075,1.7082955750876092,TRUE
CYP3A7,0.6,3,KICH;KIRC;KIRP,ENSG00000145864,GABRB2,3,KICH;KIRC;KIRP,3,1,0,0,-2.962453182228079,-3.1596551121784144,1.6209092114940251,1.6847613136135469,TRUE
CYP3A7,0.6,3,KICH;KIRC;KIRP,ENSG00000145975,FAM217A,3,KICH;KIRC;KIRP,3,1,0,0,-3.1884815172492975,-3.348327642463115,1.0744577240066484,1.0960475563895142,TRUE
CYP3A7,0.6,3,KICH;KIRC;KIRP,ENSG00000146166,LGSN,3,KICH;KIRC;KIRP,3,1,0,0,-3.9299441000268103,-3.6069844709182703,0.9553547491490911,1.0334621197591156,TRUE
CYP3A7,0.6,3,KICH;KIRC;KIRP,ENSG00000146216,TTBK1,3,KICH;KIRC;KIRP,1,0.3333333333333333,1,0.3333333333333333,-0.37939052687427793,-0.5859802062159946,1.5631927751724362,1.6039242069353123,TRUE
CYP3A7,0.6,3,KICH;KIRC;KIRP,ENSG00000146285,SCML4,3,KICH;KIRC;KIRP,1,0.3333333333333333,1,0.3333333333333333,-0.04538501234575204,-0.05661053705268917,1.45906652200572,1.504459744726267,TRUE
CYP3A7,0.6,3,KICH;KIRC;KIRP,ENSG00000146530,VWDE,3,KICH;KIRC;KIRP,1,0.3333333333333333,2,0.6666666666666666,1.264603055248301,0.5224639178673247,1.5464610583088545,1.587641220383968,TRUE
CYP3A7,0.6,3,KICH;KIRC;KIRP,ENSG00000146678,IGFBP1,3,KICH;KIRC;KIRP,1,0.3333333333333333,2,0.6666666666666666,1.3053980893805377,0.6222347344542302,0.3460141708877318,0.4641337922132029,TRUE
CYP3A7,0.6,3,KICH;KIRC;KIRP,ENSG00000146755,TRIM50,3,KICH;KIRC;KIRP,2,0.6666666666666666,1,0.3333333333333333,-2.7692847564595153,0.03722592153016061,1.638287923917219,1.6947922852609854,TRUE
CYP3A7,0.6,3,KICH;KIRC;KIRP,ENSG00000146809,ASB15,3,KICH;KIRC;KIRP,3,1,0,0,-5.885406888815703,-5.933598635738341,0.827536340411004,0.9535992795591004,TRUE
CYP3A7,0.6,3,KICH;KIRC;KIRP,ENSG00000146955,RAB19,3,KICH;KIRC;KIRP,0,0,1,0.3333333333333333,0.49179705893884673,0.3115509494871385,1.5233872027354711,1.5790027053044622,TRUE
CYP3A7,0.6,3,KICH;KIRC;KIRP,ENSG00000147082,CCNB3,3,KICH;KIRC;KIRP,1,0.3333333333333333,0,0,-0.01597310636785164,-0.2831942041862924,1.635622039132703,1.6710665551219726,TRUE
CYP3A7,0.6,3,KICH;KIRC;KIRP,ENSG00000147138,GPR174,3,KICH;KIRC;KIRP,0,0,2,0.6666666666666666,0.8246302485623019,1.2730863393294747,1.3512022470910174,1.3592558454729513,TRUE
CYP3A7,0.6,3,KICH;KIRC;KIRP,ENSG00000147223,RIPPLY1,3,KICH;KIRC;KIRP,3,1,0,0,-2.97116479312732,-2.932071109768765,0.6934481839098795,0.7832560474661971,TRUE
CYP3A7,0.6,3,KICH;KIRC;KIRP,ENSG00000147613,PSKH2,3,KICH;KIRC;KIRP,2,0.6666666666666666,0,0,-4.75494694022728,-3.1662141076826185,0.7956279551922986,0.8485820230804911,TRUE
CYP3A7,0.6,3,KICH;KIRC;KIRP,ENSG00000147724,FAM135B,3,KICH;KIRC;KIRP,0,0,2,0.6666666666666666,0.8405977657448681,0.57179835270751,1.343048129108684,1.3592054595400045,TRUE
CYP3A7,0.6,3,KICH;KIRC;KIRP,ENSG00000148483,TMEM236,3,KICH;KIRC;KIRP,2,0.6666666666666666,0,0,-0.7883815057119512,-0.4074409164094638,1.690930187035846,1.6971777940495183,TRUE
CYP3A7,0.6,3,KICH;KIRC;KIRP,ENSG00000148677,ANKRD1,3,KICH;KIRC;KIRP,1,0.3333333333333333,1,0.3333333333333333,0.09987475025505407,-0.03475174705700246,1.5247385450781443,1.6123996505330382,TRUE
CYP3A7,0.6,3,KICH;KIRC;KIRP,ENSG00000148735,PLEKHS1,3,KICH;KIRC;KIRP,3,1,0,0,-2.329656486573377,-1.9475022921835197,0.7397426547753013,0.7640877783865216,TRUE
CYP3A7,0.6,3,KICH;KIRC;KIRP,ENSG00000149043,SYT8,3,KICH;KIRC;KIRP,2,0.6666666666666666,0,0,-1.238174720321071,-1.1341429656041742,1.1668717267752022,1.2643401776564838,TRUE
CYP3A7,0.6,3,KICH;KIRC;KIRP,ENSG00000149305,HTR3B,3,KICH;KIRC;KIRP,2,0.6666666666666666,0,0,-4.7780035793871045,-3.180065728790432,0.7437170217184176,0.7570916604544455,TRUE
CYP3A7,0.6,3,KICH;KIRC;KIRP,ENSG00000149646,CNBD2,3,KICH;KIRC;KIRP,3,1,0,0,-1.1085307157017954,-0.9969548047230563,1.092431157896215,1.1150191096725468,TRUE
CYP3A7,0.6,3,KICH;KIRC;KIRP,ENSG00000149948,HMGA2,3,KICH;KIRC;KIRP,0,0,2,0.6666666666666666,1.5616917134486272,1.2785447666261218,1.367635182216047,1.4172497376687148,TRUE
CYP3A7,0.6,3,KICH;KIRC;KIRP,ENSG00000149972,CNTN5,3,KICH;KIRC;KIRP,3,1,0,0,-3.6545102580381537,-3.725546445244222,1.536994975989151,1.631751064680936,TRUE
CYP3A7,0.6,3,KICH;KIRC;KIRP,ENSG00000150045,KLRF1,3,KICH;KIRC;KIRP,1,0.3333333333333333,1,0.3333333333333333,0.11190917829992438,-0.16014545530664698,1.350765940629879,1.4300959651909455,TRUE
CYP3A7,0.6,3,KICH;KIRC;KIRP,ENSG00000150551,LYPD1,3,KICH;KIRC;KIRP,2,0.6666666666666666,0,0,-0.9625295499235804,-0.6948250738188746,1.3561328277250744,1.39982504454406,TRUE
CYP3A7,0.6,3,KICH;KIRC;KIRP,ENSG00000150628,SPATA4,3,KICH;KIRC;KIRP,3,1,0,0,-0.7254849399009852,-1.6674119828829619,0.9780269461240936,1.118863364977152,TRUE
CYP3A7,0.6,3,KICH;KIRC;KIRP,ENSG00000150656,CNDP1,3,KICH;KIRC;KIRP,3,1,0,0,-1.975230632704919,-1.9055093611838745,1.099085100896661,1.1177200485405818,TRUE
CYP3A7,0.6,3,KICH;KIRC;KIRP,ENSG00000150667,FSIP1,3,KICH;KIRC;KIRP,1,0.3333333333333333,0,0,-0.5829135054636171,-1.4704994715946846,1.474824231415401,1.549843570229387,TRUE
CYP3A7,0.6,3,KICH;KIRC;KIRP,ENSG00000150722,PPP1R1C,3,KICH;KIRC;KIRP,2,0.6666666666666666,0,0,-1.4998271767953024,-1.3642747995614748,1.53443624596306,1.6083361191825958,TRUE
CYP3A7,0.6,3,KICH;KIRC;KIRP,ENSG00000150873,C2orf50,3,KICH;KIRC;KIRP,2,0.6666666666666666,1,0.3333333333333333,-0.8596858479790758,-0.30712227560966926,1.6586266150308566,1.733114240728301,TRUE
CYP3A7,0.6,3,KICH;KIRC;KIRP,ENSG00000151224,MAT1A,3,KICH;KIRC;KIRP,2,0.6666666666666666,0,0,-1.510878613525039,-1.3525200167465288,1.0903053459255014,1.3641830823253152,TRUE
CYP3A7,0.6,3,KICH;KIRC;KIRP,ENSG00000151365,THRSP,3,KICH;KIRC;KIRP,2,0.6666666666666666,1,0.3333333333333333,-2.5178808083842603,-0.5219909039910042,1.233836842995368,1.2794367116833936,TRUE
CYP3A7,0.6,3,KICH;KIRC;KIRP,ENSG00000151790,TDO2,3,KICH;KIRC;KIRP,0,0,2,0.6666666666666666,0.7957195530751291,0.7100252889155283,1.2022687472997728,1.212934261934912,TRUE
CYP3A7,0.6,3,KICH;KIRC;KIRP,ENSG00000152253,SPC25,3,KICH;KIRC;KIRP,0,0,3,1,1.9868711700070152,1.557221145374317,1.667556924176935,1.6875043104402698,TRUE
CYP3A7,0.6,3,KICH;KIRC;KIRP,ENSG00000152292,SH2D6,3,KICH;KIRC;KIRP,3,1,0,0,-2.5577110925157074,-2.3044022236003254,0.8418792054149774,0.8453426049998117,TRUE
CYP3A7,0.6,3,KICH;KIRC;KIRP,ENSG00000152463,OLAH,3,KICH;KIRC;KIRP,3,1,0,0,-1.8643128570223055,-2.4619541945716383,1.0072726891442687,1.0261304846022037,TRUE
CYP3A7,0.6,3,KICH;KIRC;KIRP,ENSG00000152467,ZSCAN1,3,KICH;KIRC;KIRP,3,1,0,0,-2.348629980597448,-2.5510219835624888,1.2316775195685226,1.3015047928312902,TRUE
CYP3A7,0.6,3,KICH;KIRC;KIRP,ENSG00000152578,GRIA4,3,KICH;KIRC;KIRP,2,0.6666666666666666,1,0.3333333333333333,-0.6197310874190826,0.21248323778447087,1.5379027309141715,1.5451045352421278,TRUE
CYP3A7,0.6,3,KICH;KIRC;KIRP,ENSG00000152611,CAPSL,3,KICH;KIRC;KIRP,3,1,0,0,-3.618246845019165,-3.063309000678207,0.4324428220518245,0.5018155815980916,TRUE
CYP3A7,0.6,3,KICH;KIRC;KIRP,ENSG00000153093,ACOXL,3,KICH;KIRC;KIRP,0,0,0,0,0.2998725633992491,0.059163986156484424,1.5881538557477914,1.724226797558593,TRUE
CYP3A7,0.6,3,KICH;KIRC;KIRP,ENSG00000153165,RGPD3,3,KICH;KIRC;KIRP,2,0.6666666666666666,0,0,-1.3038295054132585,-1.0004747317297695,1.4560713178023543,1.460379535628401,TRUE
CYP3A7,0.6,3,KICH;KIRC;KIRP,ENSG00000153347,FAM81B,3,KICH;KIRC;KIRP,1,0.3333333333333333,0,0,-0.5681528388065835,-2.080880075279946,0.8226765353534355,1.0284955299811351,TRUE
CYP3A7,0.6,3,KICH;KIRC;KIRP,ENSG00000153976,HS3ST3A1,3,KICH;KIRC;KIRP,3,1,0,0,-1.9612977395220017,-1.9678143495822937,1.4454936605809094,1.5254044662144162,TRUE
CYP3A7,0.6,3,KICH;KIRC;KIRP,ENSG00000154016,GRAP,3,KICH;KIRC;KIRP,1,0.3333333333333333,1,0.3333333333333333,-0.509944537166152,-0.3385448028052619,1.5505025795986855,1.616675593387108,TRUE
CYP3A7,0.6,3,KICH;KIRC;KIRP,ENSG00000154099,DNAAF1,3,KICH;KIRC;KIRP,2,0.6666666666666666,1,0.3333333333333333,-0.6652403368707872,-0.9200266179917018,1.5245462108997634,1.6543339021837822,TRUE
CYP3A7,0.6,3,KICH;KIRC;KIRP,ENSG00000154479,CCDC173,3,KICH;KIRC;KIRP,1,0.3333333333333333,0,0,-0.2326745533760136,-1.410204083758996,1.6148121280931842,1.67853770544226,TRUE
CYP3A7,0.6,3,KICH;KIRC;KIRP,ENSG00000154764,WNT7A,3,KICH;KIRC;KIRP,3,1,0,0,-3.663284487817097,-3.4332659010687134,1.5490722695227983,1.6460853040045826,TRUE
CYP3A7,0.6,3,KICH;KIRC;KIRP,ENSG00000155052,CNTNAP5,3,KICH;KIRC;KIRP,1,0.3333333333333333,1,0.3333333333333333,-0.4422123475773517,1.4201431218601699,0.9877030353288129,0.9987250639253386,TRUE
CYP3A7,0.6,3,KICH;KIRC;KIRP,ENSG00000155530,LRGUK,3,KICH;KIRC;KIRP,0,0,1,0.3333333333333333,0.2904798547197319,0.3672564228093739,0.9340523331385903,0.9885534872425358,TRUE
CYP3A7,0.6,3,KICH;KIRC;KIRP,ENSG00000155761,SPAG17,3,KICH;KIRC;KIRP,1,0.3333333333333333,0,0,0.3021045288733232,-0.3935507807083589,1.3647004479113385,1.585168173346689,TRUE
CYP3A7,0.6,3,KICH;KIRC;KIRP,ENSG00000155875,SAXO1,3,KICH;KIRC;KIRP,0,0,1,0.3333333333333333,-0.23110262832658576,0.443780337460682,1.3861255090149012,1.410872039399651,TRUE
CYP3A7,0.6,3,KICH;KIRC;KIRP,ENSG00000155886,SLC24A2,3,KICH;KIRC;KIRP,2,0.6666666666666666,1,0.3333333333333333,-3.239685915365558,-2.026461637188028,1.7216088976746509,1.795155578412186,TRUE
CYP3A7,0.6,3,KICH;KIRC;KIRP,ENSG00000156006,NAT2,3,KICH;KIRC;KIRP,3,1,0,0,-2.281806491015397,-2.8100118227311284,1.15361596788329,1.2504123072379438,TRUE
CYP3A7,0.6,3,KICH;KIRC;KIRP,ENSG00000156689,GLYATL2,3,KICH;KIRC;KIRP,2,0.6666666666666666,1,0.3333333333333333,-1.6436276193251822,-1.6555495560639986,1.447986355432028,1.4788588591452263,TRUE
CYP3A7,0.6,3,KICH;KIRC;KIRP,ENSG00000156738,MS4A1,3,KICH;KIRC;KIRP,2,0.6666666666666666,1,0.3333333333333333,-0.6751478652641144,-0.16016046640525622,0.5002516647842075,0.501232068677808,TRUE
CYP3A7,0.6,3,KICH;KIRC;KIRP,ENSG00000157005,SST,3,KICH;KIRC;KIRP,0,0,2,0.6666666666666666,1.6121002941272569,1.42054656752521,1.2190625129557575,1.3496937529665909,TRUE
CYP3A7,0.6,3,KICH;KIRC;KIRP,ENSG00000157315,TMED6,3,KICH;KIRC;KIRP,1,0.3333333333333333,0,0,-0.1970491207786695,-0.3663095530643531,1.3446104546572788,1.3638842196363536,TRUE
CYP3A7,0.6,3,KICH;KIRC;KIRP,ENSG00000157322,CLEC18A,3,KICH;KIRC;KIRP,2,0.6666666666666666,1,0.3333333333333333,-1.9994683240559064,-0.7430030696204126,1.4940248118399757,1.5558374972502147,TRUE
CYP3A7,0.6,3,KICH;KIRC;KIRP,ENSG00000157423,HYDIN,3,KICH;KIRC;KIRP,1,0.3333333333333333,1,0.3333333333333333,-0.5120721528661414,-1.3164138948404243,1.4127259249835395,1.5238873356633436,TRUE
CYP3A7,0.6,3,KICH;KIRC;KIRP,ENSG00000157542,KCNJ6,3,KICH;KIRC;KIRP,3,1,0,0,-2.111906212865401,-2.159427208092346,1.555768024359729,1.565281222255267,TRUE
CYP3A7,0.6,3,KICH;KIRC;KIRP,ENSG00000157578,LCA5L,3,KICH;KIRC;KIRP,1,0.3333333333333333,0,0,-0.03565223323759071,-0.5840210595124526,1.6200880387532552,1.7567689739772965,TRUE
CYP3A7,0.6,3,KICH;KIRC;KIRP,ENSG00000157653,C9orf43,3,KICH;KIRC;KIRP,3,1,0,0,-1.078172367900298,-1.2934906649479117,1.397973675574202,1.5161733529624415,TRUE
CYP3A7,0.6,3,KICH;KIRC;KIRP,ENSG00000157703,SVOPL,3,KICH;KIRC;KIRP,2,0.6666666666666666,1,0.3333333333333333,-3.744929837318676,-2.4105350107631027,1.135489915675293,1.4211877683788785,TRUE
CYP3A7,0.6,3,KICH;KIRC;KIRP,ENSG00000157766,ACAN,3,KICH;KIRC;KIRP,0,0,2,0.6666666666666666,1.7396354965662435,1.6962065737003822,1.5830826657521582,1.667170253654116,TRUE
CYP3A7,0.6,3,KICH;KIRC;KIRP,ENSG00000157856,DRC1,3,KICH;KIRC;KIRP,2,0.6666666666666666,0,0,-1.935291866542182,-1.688745328330091,1.561751435678287,1.6107496196787805,TRUE
CYP3A7,0.6,3,KICH;KIRC;KIRP,ENSG00000157890,MEGF11,3,KICH;KIRC;KIRP,1,0.3333333333333333,2,0.6666666666666666,1.4048232605749031,0.6552522466291414,1.2581508445710323,1.2731370143382117,TRUE
CYP3A7,0.6,3,KICH;KIRC;KIRP,ENSG00000158055,GRHL3,3,KICH;KIRC;KIRP,2,0.6666666666666666,0,0,-1.1409175478036826,-0.9921591687008445,1.4013788423141347,1.5080000125716555,TRUE
CYP3A7,0.6,3,KICH;KIRC;KIRP,ENSG00000158077,NLRP14,3,KICH;KIRC;KIRP,3,1,0,0,-1.382523824606063,-1.6902221787222544,1.215373082598812,1.2397670807149828,TRUE
CYP3A7,0.6,3,KICH;KIRC;KIRP,ENSG00000158113,LRRC43,3,KICH;KIRC;KIRP,2,0.6666666666666666,0,0,-1.727883676909599,-1.3811094661954753,1.5804754508552932,1.7185427718876116,TRUE
CYP3A7,0.6,3,KICH;KIRC;KIRP,ENSG00000158125,XDH,3,KICH;KIRC;KIRP,1,0.3333333333333333,1,0.3333333333333333,0.10677906735944924,0.30757297576025566,1.0769561122063982,1.134869519045845,TRUE
CYP3A7,0.6,3,KICH;KIRC;KIRP,ENSG00000158428,CATIP,3,KICH;KIRC;KIRP,2,0.6666666666666666,0,0,-1.472467489341626,-1.811735415041687,1.5388328044652824,1.66208857959684,TRUE
CYP3A7,0.6,3,KICH;KIRC;KIRP,ENSG00000158486,DNAH3,3,KICH;KIRC;KIRP,1,0.3333333333333333,2,0.6666666666666666,0.6182675360694138,0.5393496578572008,1.4972870874204118,1.5306368853560568,TRUE
CYP3A7,0.6,3,KICH;KIRC;KIRP,ENSG00000158571,PFKFB1,3,KICH;KIRC;KIRP,3,1,0,0,-1.3523410873626127,-1.497158422189929,0.7281602958389489,0.7407524708718229,TRUE
CYP3A7,0.6,3,KICH;KIRC;KIRP,ENSG00000158578,ALAS2,3,KICH;KIRC;KIRP,1,0.3333333333333333,1,0.3333333333333333,0.2544516780990991,0.20443903000985972,0.5841743765441854,0.7341305735612957,TRUE
CYP3A7,0.6,3,KICH;KIRC;KIRP,ENSG00000158865,SLC5A11,3,KICH;KIRC;KIRP,3,1,0,0,-3.4007277828411002,-3.4986416957512994,1.4128817673416783,1.51336187188275,TRUE
CYP3A7,0.6,3,KICH;KIRC;KIRP,ENSG00000159217,IGF2BP1,3,KICH;KIRC;KIRP,1,0.3333333333333333,0,0,0.03447156830799476,-0.9369685287357493,1.154513568837434,1.1795540276430752,TRUE
CYP3A7,0.6,3,KICH;KIRC;KIRP,ENSG00000159618,ADGRG5,3,KICH;KIRC;KIRP,2,0.6666666666666666,0,0,-1.4085558315393465,-1.223732232313246,1.4628938176234076,1.553455683864236,TRUE
CYP3A7,0.6,3,KICH;KIRC;KIRP,ENSG00000159625,DRC7,3,KICH;KIRC;KIRP,2,0.6666666666666666,1,0.3333333333333333,-1.2311370352873283,-1.1991536371219618,0.7302763672905402,0.8446595498171554,TRUE
CYP3A7,0.6,3,KICH;KIRC;KIRP,ENSG00000159708,LRRC36,3,KICH;KIRC;KIRP,1,0.3333333333333333,2,0.6666666666666666,1.0713603115558077,0.3354715558552118,0.43875626391831396,0.5406366390680533,TRUE
CYP3A7,0.6,3,KICH;KIRC;KIRP,ENSG00000159723,AGRP,3,KICH;KIRC;KIRP,3,1,0,0,-2.240562907166817,-2.2518037275727214,0.4248378193073576,0.4365280136806565,TRUE
CYP3A7,0.6,3,KICH;KIRC;KIRP,ENSG00000160185,UBASH3A,3,KICH;KIRC;KIRP,0,0,2,0.6666666666666666,1.0163242570984368,1.296210348590223,1.447686228428132,1.4554346319555171,TRUE
CYP3A7,0.6,3,KICH;KIRC;KIRP,ENSG00000160221,GATD3A,3,KICH;KIRC;KIRP,2,0.6666666666666666,0,0,-0.7030615958788873,-0.6530177201752577,1.4262842586249205,1.4648694332128722,TRUE
CYP3A7,0.6,3,KICH;KIRC;KIRP,ENSG00000160223,ICOSLG,3,KICH;KIRC;KIRP,2,0.6666666666666666,0,0,-0.7563700543064089,-0.6096805777792903,1.3678183117105718,1.4113636618713965,TRUE
CYP3A7,0.6,3,KICH;KIRC;KIRP,ENSG00000160339,FCN2,3,KICH;KIRC;KIRP,2,0.6666666666666666,0,0,-1.1059278802177723,-0.8553442372314449,1.5587322243645718,1.5650247368305472,TRUE
CYP3A7,0.6,3,KICH;KIRC;KIRP,ENSG00000160401,CFAP157,3,KICH;KIRC;KIRP,1,0.3333333333333333,0,0,-0.16009394809236813,-0.16012334681230814,1.5879969737981556,1.6655338141740286,TRUE
CYP3A7,0.6,3,KICH;KIRC;KIRP,ENSG00000160654,CD3G,3,KICH;KIRC;KIRP,0,0,2,0.6666666666666666,0.7950875088300342,1.2508973476192065,1.5713917467868217,1.5839911309925971,TRUE
CYP3A7,0.6,3,KICH;KIRC;KIRP,ENSG00000160856,FCRL3,3,KICH;KIRC;KIRP,0,0,1,0.3333333333333333,0.566981422121041,1.264040809315732,1.2519311039912182,1.2838141943939785,TRUE
CYP3A7,0.6,3,KICH;KIRC;KIRP,ENSG00000161040,FBXL13,3,KICH;KIRC;KIRP,1,0.3333333333333333,0,0,0.18487003481231665,-0.3948209180863031,1.573409048378942,1.625244376145836,TRUE
CYP3A7,0.6,3,KICH;KIRC;KIRP,ENSG00000161944,ASGR2,3,KICH;KIRC;KIRP,2,0.6666666666666666,0,0,-0.9402292701432512,-0.8242413628607531,1.3532093405384658,1.3598978607156365,TRUE
CYP3A7,0.6,3,KICH;KIRC;KIRP,ENSG00000162009,SSTR5,3,KICH;KIRC;KIRP,2,0.6666666666666666,0,0,-1.367437392811702,-1.7505597627064615,0.6303040217683482,0.9928692563733916,TRUE
CYP3A7,0.6,3,KICH;KIRC;KIRP,ENSG00000162039,MEIOB,3,KICH;KIRC;KIRP,3,1,0,0,-0.8084099662665712,-0.9757848561320555,0.8668624205925154,0.8791519866400859,TRUE
CYP3A7,0.6,3,KICH;KIRC;KIRP,ENSG00000162078,ZG16B,3,KICH;KIRC;KIRP,0,0,3,1,0.9937233321317388,1.6386548399467395,1.3793749622485958,1.404098616142491,TRUE
CYP3A7,0.6,3,KICH;KIRC;KIRP,ENSG00000162490,DRAXIN,3,KICH;KIRC;KIRP,2,0.6666666666666666,1,0.3333333333333333,-0.8492345944119977,0.6403508526352247,1.4852036503584802,1.4914201368751596,TRUE
CYP3A7,0.6,3,KICH;KIRC;KIRP,ENSG00000162571,TTLL10,3,KICH;KIRC;KIRP,2,0.6666666666666666,0,0,-1.2345933870617063,-1.153466575375083,1.1298511090595957,1.1464807978075326,TRUE
CYP3A7,0.6,3,KICH;KIRC;KIRP,ENSG00000162620,LRRIQ3,3,KICH;KIRC;KIRP,3,1,0,0,-1.3914842461129528,-1.517216731484876,1.3167446800800486,1.4583217734994998,TRUE
CYP3A7,0.6,3,KICH;KIRC;KIRP,ENSG00000162643,DNAI3,3,KICH;KIRC;KIRP,1,0.3333333333333333,0,0,-0.13312902056895162,-0.4711022278143998,0.9675861171275145,1.0853923832770174,TRUE
CYP3A7,0.6,3,KICH;KIRC;KIRP,ENSG00000162747,FCGR3B,3,KICH;KIRC;KIRP,0,0,2,0.6666666666666666,0.5922690625420245,0.5565645368860453,1.0619175660512994,1.1195836469304452,TRUE
CYP3A7,0.6,3,KICH;KIRC;KIRP,ENSG00000162763,LRRC52,3,KICH;KIRC;KIRP,2,0.6666666666666666,1,0.3333333333333333,-4.4800741110980145,-2.8222334701986025,0.792171595062555,0.8240855302930463,TRUE
CYP3A7,0.6,3,KICH;KIRC;KIRP,ENSG00000162779,AXDND1,3,KICH;KIRC;KIRP,3,1,0,0,-1.833146712095636,-2.232235332786356,1.0128794910651262,1.0148800989939184,TRUE
CYP3A7,0.6,3,KICH;KIRC;KIRP,ENSG00000162782,TDRD5,3,KICH;KIRC;KIRP,3,1,0,0,-3.661554109958552,-3.4212419286156344,0.9622847668154412,1.1508896019626516,TRUE
CYP3A7,0.6,3,KICH;KIRC;KIRP,ENSG00000162814,SPATA17,3,KICH;KIRC;KIRP,2,0.6666666666666666,0,0,-0.9436839705450444,-0.8904092195546723,1.1429550172046754,1.2679250707920813,TRUE
CYP3A7,0.6,3,KICH;KIRC;KIRP,ENSG00000162877,PM20D1,3,KICH;KIRC;KIRP,3,1,0,0,-3.317288493275904,-3.1387248977264344,0.6727226962645673,0.7803708523993816,TRUE
CYP3A7,0.6,3,KICH;KIRC;KIRP,ENSG00000163116,STPG2,3,KICH;KIRC;KIRP,2,0.6666666666666666,0,0,-1.5082584191151291,-1.0645101671961024,1.2028303995753353,1.3022525999411618,TRUE
CYP3A7,0.6,3,KICH;KIRC;KIRP,ENSG00000163141,BNIPL,3,KICH;KIRC;KIRP,3,1,0,0,-2.207476919310525,-2.272237951863581,1.4257697890638172,1.5701557845236551,TRUE
CYP3A7,0.6,3,KICH;KIRC;KIRP,ENSG00000163331,DAPL1,3,KICH;KIRC;KIRP,2,0.6666666666666666,1,0.3333333333333333,-0.9250939984021506,-0.3438186378568592,1.0690257247429205,1.1033417794741986,TRUE
CYP3A7,0.6,3,KICH;KIRC;KIRP,ENSG00000163464,CXCR1,3,KICH;KIRC;KIRP,0,0,1,0.3333333333333333,-0.1750156582276233,0.17297452072674957,1.1527786459280207,1.1861050913139497,TRUE
CYP3A7,0.6,3,KICH;KIRC;KIRP,ENSG00000163467,TSACC,3,KICH;KIRC;KIRP,2,0.6666666666666666,0,0,-0.94419513031301,-0.4759177596150632,1.4036355860399192,1.4330080058243344,TRUE
CYP3A7,0.6,3,KICH;KIRC;KIRP,ENSG00000163501,IHH,3,KICH;KIRC;KIRP,2,0.6666666666666666,0,0,-1.9273039664764533,-1.4532857046805172,1.5686098760794303,1.6426624068594955,TRUE
CYP3A7,0.6,3,KICH;KIRC;KIRP,ENSG00000163508,EOMES,3,KICH;KIRC;KIRP,0,0,2,0.6666666666666666,1.303836274764539,1.6686831298210845,1.5151226967314153,1.522046410906139,TRUE
CYP3A7,0.6,3,KICH;KIRC;KIRP,ENSG00000163519,TRAT1,3,KICH;KIRC;KIRP,0,0,2,0.6666666666666666,1.0114509986371187,1.3718681283534802,1.5339759997885312,1.5850182491982208,TRUE
CYP3A7,0.6,3,KICH;KIRC;KIRP,ENSG00000163564,PYHIN1,3,KICH;KIRC;KIRP,0,0,3,1,1.1241561468094767,1.6313902073998583,1.4476627570446081,1.457923394028718,TRUE
CYP3A7,0.6,3,KICH;KIRC;KIRP,ENSG00000163576,EFHB,3,KICH;KIRC;KIRP,2,0.6666666666666666,1,0.3333333333333333,-0.6619542603053846,-0.9399492582404312,1.366503329553103,1.4873921819958824,TRUE
CYP3A7,0.6,3,KICH;KIRC;KIRP,ENSG00000163689,CFAP20DC,3,KICH;KIRC;KIRP,1,0.3333333333333333,2,0.6666666666666666,1.7321642182215549,0.5969630445861326,1.4713544193364805,1.5619437152891256,TRUE
CYP3A7,0.6,3,KICH;KIRC;KIRP,ENSG00000163734,CXCL3,3,KICH;KIRC;KIRP,1,0.3333333333333333,0,0,0.10360918373084924,-0.8329066073998337,1.304829070211039,1.336294012186513,TRUE
CYP3A7,0.6,3,KICH;KIRC;KIRP,ENSG00000163746,PLSCR2,3,KICH;KIRC;KIRP,3,1,0,0,-0.7707455946253858,-0.7439667913120502,0.7274302980875723,0.8012620394280882,TRUE
CYP3A7,0.6,3,KICH;KIRC;KIRP,ENSG00000163749,CCDC158,3,KICH;KIRC;KIRP,1,0.3333333333333333,0,0,-0.5611107010404345,-1.243919928970162,1.4775908467225694,1.516826165379277,TRUE
CYP3A7,0.6,3,KICH;KIRC;KIRP,ENSG00000163792,TCF23,3,KICH;KIRC;KIRP,1,0.3333333333333333,0,0,-0.49877155154771136,-0.7303035565180477,1.5263098332440108,1.5347413391041935,TRUE
CYP3A7,0.6,3,KICH;KIRC;KIRP,ENSG00000163817,SLC6A20,3,KICH;KIRC;KIRP,2,0.6666666666666666,1,0.3333333333333333,-0.9739970112188202,-0.08792734086903058,1.320801673934595,1.363987595755248,TRUE
CYP3A7,0.6,3,KICH;KIRC;KIRP,ENSG00000164093,PITX2,3,KICH;KIRC;KIRP,2,0.6666666666666666,0,0,-1.4521328555988793,-2.041691524936768,1.067748343150347,1.0940395948666444,TRUE
CYP3A7,0.6,3,KICH;KIRC;KIRP,ENSG00000164287,CDC20B,3,KICH;KIRC;KIRP,2,0.6666666666666666,1,0.3333333333333333,-1.871798425125612,-0.9391440066947151,0.6390569110960075,0.6400297081342299,TRUE
CYP3A7,0.6,3,KICH;KIRC;KIRP,ENSG00000164363,SLC6A18,3,KICH;KIRC;KIRP,2,0.6666666666666666,0,0,-4.160596732528075,-3.916953931325041,1.1186245911140442,1.2157972063453135,TRUE
CYP3A7,0.6,3,KICH;KIRC;KIRP,ENSG00000164404,GDF9,3,KICH;KIRC;KIRP,3,1,0,0,-1.1175135925849704,-1.1043787355098487,1.6641162833265362,1.768498628720662,TRUE
CYP3A7,0.6,3,KICH;KIRC;KIRP,ENSG00000164483,SAMD3,3,KICH;KIRC;KIRP,0,0,2,0.6666666666666666,0.8742999277750888,1.1214869490824344,1.4701745177034584,1.4860255266596354,TRUE
CYP3A7,0.6,3,KICH;KIRC;KIRP,ENSG00000164520,RAET1E,3,KICH;KIRC;KIRP,3,1,0,0,-3.1325301885326327,-2.8922619343229297,0.5344019514522074,0.627832320008465,TRUE
CYP3A7,0.6,3,KICH;KIRC;KIRP,ENSG00000164675,IQUB,3,KICH;KIRC;KIRP,2,0.6666666666666666,0,0,-0.6785168174000933,-1.86968835646911,1.2897671499307,1.4553809710955576,TRUE
CYP3A7,0.6,3,KICH;KIRC;KIRP,ENSG00000164746,C7orf57,3,KICH;KIRC;KIRP,0,0,2,0.6666666666666666,1.746749894088274,1.8458681660294605,1.4119517882182175,1.44998963710159,TRUE
CYP3A7,0.6,3,KICH;KIRC;KIRP,ENSG00000164756,SLC30A8,3,KICH;KIRC;KIRP,3,1,0,0,-4.446717751673529,-4.359151662763231,1.0174830017810386,1.0488885868229538,TRUE
CYP3A7,0.6,3,KICH;KIRC;KIRP,ENSG00000164794,KCNV1,3,KICH;KIRC;KIRP,1,0.3333333333333333,2,0.6666666666666666,1.133122587210583,0.3055167040389984,1.4651522580982255,1.50941391148931,TRUE
CYP3A7,0.6,3,KICH;KIRC;KIRP,ENSG00000164853,UNCX,3,KICH;KIRC;KIRP,3,1,0,0,-6.23731833645836,-6.543449306035936,0.6136496469826457,0.9233550470866644,TRUE
CYP3A7,0.6,3,KICH;KIRC;KIRP,ENSG00000164893,SLC7A13,3,KICH;KIRC;KIRP,3,1,0,0,-6.283259411425615,-6.197463971335361,1.3653267311516246,1.546172025408788,TRUE
CYP3A7,0.6,3,KICH;KIRC;KIRP,ENSG00000165023,DIRAS2,3,KICH;KIRC;KIRP,1,0.3333333333333333,2,0.6666666666666666,1.8718851052113112,1.1764630644039882,1.4814124606234074,1.562703167946396,TRUE
CYP3A7,0.6,3,KICH;KIRC;KIRP,ENSG00000165091,TMC1,3,KICH;KIRC;KIRP,3,1,0,0,-2.275329365249601,-2.355491837096417,1.4364676607193765,1.4852435076284776,TRUE
CYP3A7,0.6,3,KICH;KIRC;KIRP,ENSG00000165164,CFAP47,3,KICH;KIRC;KIRP,1,0.3333333333333333,0,0,-0.09688038251824234,-0.6383735155919065,1.035602980777262,1.0393883902338634,TRUE
CYP3A7,0.6,3,KICH;KIRC;KIRP,ENSG00000165181,SHOC1,3,KICH;KIRC;KIRP,2,0.6666666666666666,1,0.3333333333333333,-3.763885531315771,-1.5692154452534448,1.3475556283833714,1.4796694165530178,TRUE
CYP3A7,0.6,3,KICH;KIRC;KIRP,ENSG00000165182,CXorf58,3,KICH;KIRC;KIRP,3,1,0,0,-1.6252008750847635,-1.7642026968279283,1.3398791568296373,1.386664897858468,TRUE
CYP3A7,0.6,3,KICH;KIRC;KIRP,ENSG00000165304,MELK,3,KICH;KIRC;KIRP,0,0,3,1,2.8444584260275145,3.0415829519104602,1.5519071956210309,1.58483913674579,TRUE
CYP3A7,0.6,3,KICH;KIRC;KIRP,ENSG00000165309,ARMC3,3,KICH;KIRC;KIRP,1,0.3333333333333333,1,0.3333333333333333,-0.47405519451333233,-1.4110396231313915,0.9362157335108267,1.0011279438759964,TRUE
CYP3A7,0.6,3,KICH;KIRC;KIRP,ENSG00000165325,DEUP1,3,KICH;KIRC;KIRP,3,1,0,0,-2.324659273931426,-2.3697721153692184,1.1221225683681701,1.1288611176542624,TRUE
CYP3A7,0.6,3,KICH;KIRC;KIRP,ENSG00000165555,NOXRED1,3,KICH;KIRC;KIRP,1,0.3333333333333333,0,0,-0.2184735255381332,-0.3767598996455773,1.5717206239647787,1.607649469136989,TRUE
CYP3A7,0.6,3,KICH;KIRC;KIRP,ENSG00000165694,FRMD7,3,KICH;KIRC;KIRP,3,1,0,0,-6.809168608915887,-4.9813157047569305,1.5129834060040896,1.5996786990779868,TRUE
CYP3A7,0.6,3,KICH;KIRC;KIRP,ENSG00000165863,C10orf82,3,KICH;KIRC;KIRP,3,1,0,0,-3.012499685914382,-2.588748646507855,1.6701963646901912,1.7724581809145885,TRUE
CYP3A7,0.6,3,KICH;KIRC;KIRP,ENSG00000165899,OTOGL,3,KICH;KIRC;KIRP,3,1,0,0,-3.0331566764657554,-2.747318853261505,1.591069298701434,1.6741074198651846,TRUE
CYP3A7,0.6,3,KICH;KIRC;KIRP,ENSG00000165917,RAPSN,3,KICH;KIRC;KIRP,1,0.3333333333333333,0,0,-0.5202929867463361,-0.41588108920531575,1.3525298150831233,1.380892825591728,TRUE
CYP3A7,0.6,3,KICH;KIRC;KIRP,ENSG00000165923,AGBL2,3,KICH;KIRC;KIRP,1,0.3333333333333333,2,0.6666666666666666,0.7194385344519285,0.19505310543211415,1.3467837348122433,1.5073645103128264,TRUE
CYP3A7,0.6,3,KICH;KIRC;KIRP,ENSG00000166143,PPP1R14D,3,KICH;KIRC;KIRP,2,0.6666666666666666,1,0.3333333333333333,-1.1466028635199512,-0.10106339981435115,1.4248605312512903,1.449038245336283,TRUE
CYP3A7,0.6,3,KICH;KIRC;KIRP,ENSG00000166153,DEPDC4,3,KICH;KIRC;KIRP,2,0.6666666666666666,0,0,-0.8651935162867687,-0.9086179214375307,1.3476757315282955,1.4111429910313344,TRUE
CYP3A7,0.6,3,KICH;KIRC;KIRP,ENSG00000166268,MYRFL,3,KICH;KIRC;KIRP,1,0.3333333333333333,1,0.3333333333333333,-0.5053392272035946,-0.13478228296283828,0.3654523804576531,0.428187543322971,TRUE
CYP3A7,0.6,3,KICH;KIRC;KIRP,ENSG00000166323,C11orf65,3,KICH;KIRC;KIRP,1,0.3333333333333333,0,0,-0.46410000766214415,-0.5056059176491815,1.4530851611351077,1.5253229849940582,TRUE
CYP3A7,0.6,3,KICH;KIRC;KIRP,ENSG00000166407,LMO1,3,KICH;KIRC;KIRP,3,1,0,0,-2.7199903223978388,-2.9970764070242666,1.4303811590622926,1.5714267354998122,TRUE
CYP3A7,0.6,3,KICH;KIRC;KIRP,ENSG00000166596,CFAP52,3,KICH;KIRC;KIRP,1,0.3333333333333333,1,0.3333333333333333,-0.0939406349719554,-0.3287901274927348,1.3304200972489995,1.3386326226339489,TRUE
CYP3A7,0.6,3,KICH;KIRC;KIRP,ENSG00000166796,LDHC,3,KICH;KIRC;KIRP,3,1,0,0,-1.774507377619295,-2.311436713054629,0.6308816306639607,0.6417907590112252,TRUE
CYP3A7,0.6,3,KICH;KIRC;KIRP,ENSG00000166800,LDHAL6A,3,KICH;KIRC;KIRP,3,1,0,0,-0.8641817935531219,-0.8129353530677266,1.5223076528041546,1.566374076107876,TRUE
CYP3A7,0.6,3,KICH;KIRC;KIRP,ENSG00000166803,PCLAF,3,KICH;KIRC;KIRP,0,0,3,1,2.069612650354087,1.865200678600093,1.4235273906851589,1.4471145466995698,TRUE
CYP3A7,0.6,3,KICH;KIRC;KIRP,ENSG00000166856,GPR182,3,KICH;KIRC;KIRP,3,1,0,0,-2.9574413331258147,-3.0082074084643065,0.9276951264375558,1.008183147948243,TRUE
CYP3A7,0.6,3,KICH;KIRC;KIRP,ENSG00000166897,ELFN2,3,KICH;KIRC;KIRP,1,0.3333333333333333,1,0.3333333333333333,-0.01346734143728373,-0.8803141884695801,1.5237266954880027,1.5454101186214098,TRUE
CYP3A7,0.6,3,KICH;KIRC;KIRP,ENSG00000166920,C15orf48,3,KICH;KIRC;KIRP,0,0,2,0.6666666666666666,1.3118919378393556,0.917671873551543,1.1950000984894107,1.207451477419595,TRUE
CYP3A7,0.6,3,KICH;KIRC;KIRP,ENSG00000166960,CCDC178,3,KICH;KIRC;KIRP,3,1,0,0,-2.3386603383265876,-2.3773537145734815,1.3773789152780636,1.5485827467122129,TRUE
CYP3A7,0.6,3,KICH;KIRC;KIRP,ENSG00000167077,MEI1,3,KICH;KIRC;KIRP,1,0.3333333333333333,1,0.3333333333333333,0.0923728281936151,0.14211893792495547,1.6112274638316777,1.6971688107712648,TRUE
CYP3A7,0.6,3,KICH;KIRC;KIRP,ENSG00000167094,TTC16,3,KICH;KIRC;KIRP,1,0.3333333333333333,1,0.3333333333333333,0.01271507106745518,-0.009269271573568884,1.0243525016457498,1.0313332555807946,TRUE
CYP3A7,0.6,3,KICH;KIRC;KIRP,ENSG00000167210,LOXHD1,3,KICH;KIRC;KIRP,1,0.3333333333333333,1,0.3333333333333333,-0.039229792260208,-0.23263621833337833,1.046110633899077,1.0951999334293103,TRUE
CYP3A7,0.6,3,KICH;KIRC;KIRP,ENSG00000167311,ART5,3,KICH;KIRC;KIRP,0,0,1,0.3333333333333333,-0.00301000942413456,0.5871059735181633,1.0333009975008185,1.1148310614012662,TRUE
CYP3A7,0.6,3,KICH;KIRC;KIRP,ENSG00000167332,OR51E2,3,KICH;KIRC;KIRP,1,0.3333333333333333,2,0.6666666666666666,1.3248979409409165,0.8981384824461404,1.2423558814680236,1.2549175023597114,TRUE
CYP3A7,0.6,3,KICH;KIRC;KIRP,ENSG00000167483,NIBAN3,3,KICH;KIRC;KIRP,1,0.3333333333333333,0,0,-0.432186882098152,-0.2279807133407127,1.4092189467616185,1.4447985095688032,TRUE
CYP3A7,0.6,3,KICH;KIRC;KIRP,ENSG00000167646,DNAAF3,3,KICH;KIRC;KIRP,2,0.6666666666666666,1,0.3333333333333333,-1.3072154782384238,-1.2668979636880509,0.7409359554828915,0.9354817207253208,TRUE
CYP3A7,0.6,3,KICH;KIRC;KIRP,ENSG00000167653,PSCA,3,KICH;KIRC;KIRP,2,0.6666666666666666,1,0.3333333333333333,-3.6524752852476414,-1.2337608332611796,0.9948570941227801,1.114268278270263,TRUE
CYP3A7,0.6,3,KICH;KIRC;KIRP,ENSG00000167914,GSDMA,3,KICH;KIRC;KIRP,0,0,2,0.6666666666666666,0.6423016905995155,0.713185224964993,1.2297859993312379,1.2617921997461536,TRUE
CYP3A7,0.6,3,KICH;KIRC;KIRP,ENSG00000168070,MAJIN,3,KICH;KIRC;KIRP,2,0.6666666666666666,0,0,-0.7929051905765899,-1.958266100958007,0.24577839362071324,0.355275965948501,TRUE
CYP3A7,0.6,3,KICH;KIRC;KIRP,ENSG00000168078,PBK,3,KICH;KIRC;KIRP,0,0,3,1,2.60690126767151,2.552401390512487,1.5253741291828953,1.545176110745741,TRUE
CYP3A7,0.6,3,KICH;KIRC;KIRP,ENSG00000168412,MTNR1A,3,KICH;KIRC;KIRP,3,1,0,0,-2.967995520102507,-3.3162252816540074,0.3261588342494066,0.33149271599190877,TRUE
CYP3A7,0.6,3,KICH;KIRC;KIRP,ENSG00000168621,GDNF,3,KICH;KIRC;KIRP,3,1,0,0,-3.761466524602862,-3.5513548631081853,1.477257078384269,1.510972703036326,TRUE
CYP3A7,0.6,3,KICH;KIRC;KIRP,ENSG00000168671,UGT3A2,3,KICH;KIRC;KIRP,3,1,0,0,-3.205142444446831,-3.1140885308303687,0.9561317288638242,1.0083576827612204,TRUE
CYP3A7,0.6,3,KICH;KIRC;KIRP,ENSG00000168878,SFTPB,3,KICH;KIRC;KIRP,2,0.6666666666666666,1,0.3333333333333333,-1.9432296364306187,0.4714605950331832,0.3342687022502676,0.4160054160213036,TRUE
CYP3A7,0.6,3,KICH;KIRC;KIRP,ENSG00000169064,ZBBX,3,KICH;KIRC;KIRP,1,0.3333333333333333,1,0.3333333333333333,-0.45947532826092097,-1.1876480494055532,0.8461166570346564,0.9005537704624179,TRUE
CYP3A7,0.6,3,KICH;KIRC;KIRP,ENSG00000169174,PCSK9,3,KICH;KIRC;KIRP,2,0.6666666666666666,1,0.3333333333333333,-2.935797784493444,-1.745952637351134,1.558427144114536,1.5847582970395373,TRUE
CYP3A7,0.6,3,KICH;KIRC;KIRP,ENSG00000169245,CXCL10,3,KICH;KIRC;KIRP,0,0,3,1,2.0874400176424364,2.016305901498054,1.6686101492284384,1.781908418746679,TRUE
CYP3A7,0.6,3,KICH;KIRC;KIRP,ENSG00000169248,CXCL11,3,KICH;KIRC;KIRP,0,0,2,0.6666666666666666,1.92371070383932,1.8812759958234273,1.37730847904507,1.386463625391897,TRUE
CYP3A7,0.6,3,KICH;KIRC;KIRP,ENSG00000169436,COL22A1,3,KICH;KIRC;KIRP,1,0.3333333333333333,0,0,0.02580984125286219,-0.49955326433656294,1.2524564168376904,1.273653992064249,TRUE
CYP3A7,0.6,3,KICH;KIRC;KIRP,ENSG00000169594,BNC1,3,KICH;KIRC;KIRP,1,0.3333333333333333,2,0.6666666666666666,1.0333853197947322,0.3966044737858535,1.5299104390262808,1.539053752352215,TRUE
CYP3A7,0.6,3,KICH;KIRC;KIRP,ENSG00000169607,CKAP2L,3,KICH;KIRC;KIRP,0,0,3,1,2.6131049259121415,2.604062978175075,1.5387553096475144,1.592924229349589,TRUE
CYP3A7,0.6,3,KICH;KIRC;KIRP,ENSG00000169894,MUC3A,3,KICH;KIRC;KIRP,0,0,3,1,2.904858479236414,2.478905093690192,1.5037215844479799,1.5231250855086913,TRUE
CYP3A7,0.6,3,KICH;KIRC;KIRP,ENSG00000169903,TM4SF4,3,KICH;KIRC;KIRP,1,0.3333333333333333,1,0.3333333333333333,-0.08729057803781957,-1.0305281934547508,0.7588119675115562,0.7820451839854781,TRUE
CYP3A7,0.6,3,KICH;KIRC;KIRP,ENSG00000169989,TIGD4,3,KICH;KIRC;KIRP,2,0.6666666666666666,0,0,-0.6504576333277985,-0.6139433523693683,1.4980651345003568,1.567187181036365,TRUE
CYP3A7,0.6,3,KICH;KIRC;KIRP,ENSG00000170044,ZPLD1,3,KICH;KIRC;KIRP,2,0.6666666666666666,1,0.3333333333333333,-1.6441327316835408,-0.7059459138487064,0.793002100718524,0.8377484611372642,TRUE
CYP3A7,0.6,3,KICH;KIRC;KIRP,ENSG00000170122,FOXD4,3,KICH;KIRC;KIRP,0,0,2,0.6666666666666666,0.750803891556313,0.4709733772904559,1.4932607674501404,1.495343206873009,TRUE
CYP3A7,0.6,3,KICH;KIRC;KIRP,ENSG00000170236,USP50,3,KICH;KIRC;KIRP,0,0,0,0,0.01610981813829249,-0.11991068713191907,0.7280988244238161,0.7617272587040721,TRUE
CYP3A7,0.6,3,KICH;KIRC;KIRP,ENSG00000170324,FRMPD2,3,KICH;KIRC;KIRP,0,0,1,0.3333333333333333,0.13979255137979604,0.2248660037224111,1.1724095140120006,1.1917628256806736,TRUE
CYP3A7,0.6,3,KICH;KIRC;KIRP,ENSG00000170367,CST5,3,KICH;KIRC;KIRP,3,1,0,0,-1.489364933719558,-1.6534696090915952,0.9870415766083561,1.006910713096936,TRUE
CYP3A7,0.6,3,KICH;KIRC;KIRP,ENSG00000170396,ZNF804A,3,KICH;KIRC;KIRP,3,1,0,0,-0.9334912044721831,-1.089461232129984,1.374483927104142,1.3876261699448589,TRUE
CYP3A7,0.6,3,KICH;KIRC;KIRP,ENSG00000170476,MZB1,3,KICH;KIRC;KIRP,1,0.3333333333333333,1,0.3333333333333333,0.17714595846678385,0.21698001525733202,1.2876320502024685,1.3158169825814812,TRUE
CYP3A7,0.6,3,KICH;KIRC;KIRP,ENSG00000170608,FOXA3,3,KICH;KIRC;KIRP,3,1,0,0,-4.422142549486773,-3.870294641186993,1.5112925146387222,1.7702474574598412,TRUE
CYP3A7,0.6,3,KICH;KIRC;KIRP,ENSG00000170703,TTLL6,3,KICH;KIRC;KIRP,0,0,2,0.6666666666666666,0.6481368652177245,0.7397789207407355,1.2069891422885437,1.2538032027584949,TRUE
CYP3A7,0.6,3,KICH;KIRC;KIRP,ENSG00000170819,BFSP2,3,KICH;KIRC;KIRP,2,0.6666666666666666,1,0.3333333333333333,-1.4605413594761172,-0.688435767566809,0.8349369416295692,0.8873124008480241,TRUE
CYP3A7,0.6,3,KICH;KIRC;KIRP,ENSG00000170959,DCDC1,3,KICH;KIRC;KIRP,1,0.3333333333333333,0,0,-0.4037088337568664,-1.4437652946532578,1.076255510471906,1.227367459321026,TRUE
CYP3A7,0.6,3,KICH;KIRC;KIRP,ENSG00000171017,LRRC8E,3,KICH;KIRC;KIRP,1,0.3333333333333333,1,0.3333333333333333,-0.09995751381431994,0.022717028391018856,1.1194455799122178,1.14094626552829,TRUE
CYP3A7,0.6,3,KICH;KIRC;KIRP,ENSG00000171126,KCNG3,3,KICH;KIRC;KIRP,2,0.6666666666666666,0,0,-0.6791772347092956,-1.5831848685072556,1.5433074882909432,1.574720860570225,TRUE
CYP3A7,0.6,3,KICH;KIRC;KIRP,ENSG00000171509,RXFP1,3,KICH;KIRC;KIRP,2,0.6666666666666666,0,0,-1.449572445574945,-1.140838804251878,1.2060157796754316,1.2683289425324302,TRUE
CYP3A7,0.6,3,KICH;KIRC;KIRP,ENSG00000171551,ECEL1,3,KICH;KIRC;KIRP,3,1,0,0,-2.45028695804539,-2.309564884031052,1.1731909815286856,1.2125487812548863,TRUE
CYP3A7,0.6,3,KICH;KIRC;KIRP,ENSG00000171631,P2RY6,3,KICH;KIRC;KIRP,1,0.3333333333333333,1,0.3333333333333333,0.5730436546141507,0.10569820149550244,1.3878272894146424,1.458223329797505,TRUE
CYP3A7,0.6,3,KICH;KIRC;KIRP,ENSG00000171811,CFAP46,3,KICH;KIRC;KIRP,2,0.6666666666666666,0,0,-1.451737704704701,-1.1436118049631765,1.4568010586249525,1.5988285388103491,TRUE
CYP3A7,0.6,3,KICH;KIRC;KIRP,ENSG00000171815,PCDHB1,3,KICH;KIRC;KIRP,3,1,0,0,-1.9271226019651797,-2.405919773036483,1.2371973278712873,1.284556599587703,TRUE
CYP3A7,0.6,3,KICH;KIRC;KIRP,ENSG00000171848,RRM2,3,KICH;KIRC;KIRP,0,0,3,1,2.515078122458553,2.0493483266329924,1.616758690979295,1.6780233779714226,TRUE
CYP3A7,0.6,3,KICH;KIRC;KIRP,ENSG00000171864,PRND,3,KICH;KIRC;KIRP,0,0,2,0.6666666666666666,2.364907608143143,1.5767707412815575,1.6468413486339697,1.7021970368882793,TRUE
CYP3A7,0.6,3,KICH;KIRC;KIRP,ENSG00000172000,ZNF556,3,KICH;KIRC;KIRP,2,0.6666666666666666,1,0.3333333333333333,-1.116791259633963,-0.652348427373781,1.039271273930459,1.0786444093759926,TRUE
CYP3A7,0.6,3,KICH;KIRC;KIRP,ENSG00000172139,SLC9C1,3,KICH;KIRC;KIRP,0,0,0,0,-0.22406206024384015,-0.014211391049941327,1.0647299524283829,1.102943260126242,TRUE
CYP3A7,0.6,3,KICH;KIRC;KIRP,ENSG00000172156,CCL11,3,KICH;KIRC;KIRP,3,1,0,0,-4.13126314326597,-4.046115005755699,1.5444967955581779,1.7000489145353426,TRUE
CYP3A7,0.6,3,KICH;KIRC;KIRP,ENSG00000172425,TTC36,3,KICH;KIRC;KIRP,3,1,0,0,-2.895819217308201,-2.595471937808655,1.3608803521304755,1.4195037807713675,TRUE
CYP3A7,0.6,3,KICH;KIRC;KIRP,ENSG00000172497,ACOT12,3,KICH;KIRC;KIRP,3,1,0,0,-5.109594039364722,-5.205202351648817,0.942280513490624,1.0311829628704614,TRUE
CYP3A7,0.6,3,KICH;KIRC;KIRP,ENSG00000172738,TMEM217,3,KICH;KIRC;KIRP,1,0.3333333333333333,1,0.3333333333333333,0.20163333661496943,-0.12287147046803817,1.5406999345971861,1.6096740734001136,TRUE
CYP3A7,0.6,3,KICH;KIRC;KIRP,ENSG00000172995,ARPP21,3,KICH;KIRC;KIRP,2,0.6666666666666666,0,0,-1.502963210638732,-1.5076799364888933,1.6723664364221629,1.6883180290007047,TRUE
CYP3A7,0.6,3,KICH;KIRC;KIRP,ENSG00000173212,MAB21L3,3,KICH;KIRC;KIRP,1,0.3333333333333333,1,0.3333333333333333,-0.3799118154821653,0.3219476329992186,1.0469173916541772,1.2168632553211252,TRUE
CYP3A7,0.6,3,KICH;KIRC;KIRP,ENSG00000173467,AGR3,3,KICH;KIRC;KIRP,3,1,0,0,-2.9037589157912453,-3.3759253682420347,1.0838026742433327,1.139419418380016,TRUE
CYP3A7,0.6,3,KICH;KIRC;KIRP,ENSG00000173535,TNFRSF10C,3,KICH;KIRC;KIRP,0,0,1,0.3333333333333333,0.47748217765565426,0.45825461108054166,1.5293032640812303,1.6234477095813329,TRUE
CYP3A7,0.6,3,KICH;KIRC;KIRP,ENSG00000173557,FAM166C,3,KICH;KIRC;KIRP,2,0.6666666666666666,1,0.3333333333333333,-0.7959163758885692,-1.1141496601153418,1.1216278755067624,1.2195808929812573,TRUE
CYP3A7,0.6,3,KICH;KIRC;KIRP,ENSG00000173578,XCR1,3,KICH;KIRC;KIRP,0,0,1,0.3333333333333333,-0.1751006814646985,0.4646755569578524,1.6235110656534395,1.6343115053947892,TRUE
CYP3A7,0.6,3,KICH;KIRC;KIRP,ENSG00000173585,CCR9,3,KICH;KIRC;KIRP,2,0.6666666666666666,1,0.3333333333333333,-1.6352163230738306,-0.9447381215055041,1.2613226310041468,1.2693000332749966,TRUE
CYP3A7,0.6,3,KICH;KIRC;KIRP,ENSG00000173838,MARCHF10,3,KICH;KIRC;KIRP,2,0.6666666666666666,1,0.3333333333333333,-3.174049755223459,-2.1323081907384793,0.9032426730417332,1.2079281985846295,TRUE
CYP3A7,0.6,3,KICH;KIRC;KIRP,ENSG00000173868,PHOSPHO1,3,KICH;KIRC;KIRP,0,0,1,0.3333333333333333,0.28722923554689517,0.3489801115107179,1.63081561406646,1.6946198679792248,TRUE
CYP3A7,0.6,3,KICH;KIRC;KIRP,ENSG00000174015,CBY2,3,KICH;KIRC;KIRP,3,1,0,0,-3.036586459357886,-2.9685732192617333,1.1810973248420733,1.2638289782872525,TRUE
CYP3A7,0.6,3,KICH;KIRC;KIRP,ENSG00000174482,LINGO2,3,KICH;KIRC;KIRP,3,1,0,0,-2.763078732160654,-2.8213551986487304,1.1772176891918045,1.1944054210625374,TRUE
CYP3A7,0.6,3,KICH;KIRC;KIRP,ENSG00000174500,GCSAM,3,KICH;KIRC;KIRP,0,0,0,0,-0.391848421246059,-0.23641775706724247,1.4433425706826502,1.5182691041724383,TRUE
CYP3A7,0.6,3,KICH;KIRC;KIRP,ENSG00000174527,MYO1H,3,KICH;KIRC;KIRP,1,0.3333333333333333,1,0.3333333333333333,0.13841725391846812,0.7171444957547527,1.4810272242712883,1.503584608088791,TRUE
CYP3A7,0.6,3,KICH;KIRC;KIRP,ENSG00000174837,ADGRE1,3,KICH;KIRC;KIRP,0,0,3,1,1.9442747289187,2.0792250450201903,1.4505251773842467,1.4647637354135172,TRUE
CYP3A7,0.6,3,KICH;KIRC;KIRP,ENSG00000174844,DNAH12,3,KICH;KIRC;KIRP,2,0.6666666666666666,0,0,-0.6934829989195389,-0.49116720859090507,1.6611370149425038,1.6790162226817955,TRUE
CYP3A7,0.6,3,KICH;KIRC;KIRP,ENSG00000174885,NLRP6,3,KICH;KIRC;KIRP,1,0.3333333333333333,1,0.3333333333333333,-0.363667337512608,-0.7262890760693731,0.6613485683347048,0.7557080046250643,TRUE
CYP3A7,0.6,3,KICH;KIRC;KIRP,ENSG00000174990,CA5A,3,KICH;KIRC;KIRP,3,1,0,0,-1.7984840921990952,-1.6110059379368487,1.4730608758035466,1.4849059090917958,TRUE
CYP3A7,0.6,3,KICH;KIRC;KIRP,ENSG00000175003,SLC22A1,3,KICH;KIRC;KIRP,3,1,0,0,-1.5423521567507144,-1.5009572468787542,1.2098150987138878,1.2328562340725058,TRUE
CYP3A7,0.6,3,KICH;KIRC;KIRP,ENSG00000175093,SPSB4,3,KICH;KIRC;KIRP,2,0.6666666666666666,1,0.3333333333333333,-2.610330734707919,-1.0944454187723391,1.327014726229738,1.429823922903777,TRUE
CYP3A7,0.6,3,KICH;KIRC;KIRP,ENSG00000175189,INHBC,3,KICH;KIRC;KIRP,0,0,0,0,0.17893304866688262,0.19577620552326544,1.3627918636316232,1.3738094547629214,TRUE
CYP3A7,0.6,3,KICH;KIRC;KIRP,ENSG00000175315,CST6,3,KICH;KIRC;KIRP,2,0.6666666666666666,0,0,-2.0923025309613608,-1.6024447697254414,1.6952616635971105,1.7924412412659645,TRUE
CYP3A7,0.6,3,KICH;KIRC;KIRP,ENSG00000175544,CABP4,3,KICH;KIRC;KIRP,1,0.3333333333333333,1,0.3333333333333333,0.10885901168722038,-0.46413120772040306,1.7007345548414332,1.8080267190624388,TRUE
CYP3A7,0.6,3,KICH;KIRC;KIRP,ENSG00000175874,CREG2,3,KICH;KIRC;KIRP,0,0,3,1,2.746582707170464,2.440184314469075,1.6300854876236712,1.681172276461753,TRUE
CYP3A7,0.6,3,KICH;KIRC;KIRP,ENSG00000175985,PLEKHD1,3,KICH;KIRC;KIRP,2,0.6666666666666666,1,0.3333333333333333,-4.327420518414542,-1.9914086011307335,1.1519665090403903,1.324404325964886,TRUE
CYP3A7,0.6,3,KICH;KIRC;KIRP,ENSG00000176029,C11orf16,3,KICH;KIRC;KIRP,3,1,0,0,-2.189663655630638,-2.035227074815521,0.6118723517741285,0.6504412654545604,TRUE
CYP3A7,0.6,3,KICH;KIRC;KIRP,ENSG00000176083,ZNF683,3,KICH;KIRC;KIRP,0,0,3,1,2.320530339883774,2.3642243739507403,1.4657678327649377,1.4985968281404554,TRUE
CYP3A7,0.6,3,KICH;KIRC;KIRP,ENSG00000176092,CRYBG2,3,KICH;KIRC;KIRP,1,0.3333333333333333,1,0.3333333333333333,0.20380208071923997,-0.24735321744707836,0.9921391619971511,1.0179877201531975,TRUE
CYP3A7,0.6,3,KICH;KIRC;KIRP,ENSG00000176383,B3GNT4,3,KICH;KIRC;KIRP,1,0.3333333333333333,1,0.3333333333333333,-0.5347220067709532,-0.007311633413364271,1.2397453263129332,1.2694369033547168,TRUE
CYP3A7,0.6,3,KICH;KIRC;KIRP,ENSG00000176402,GJC3,3,KICH;KIRC;KIRP,2,0.6666666666666666,0,0,-0.7343072181861322,-0.7459593821410895,1.6176276579451911,1.6220770307503367,TRUE
CYP3A7,0.6,3,KICH;KIRC;KIRP,ENSG00000176927,EFCAB5,3,KICH;KIRC;KIRP,2,0.6666666666666666,0,0,-1.0461987277059268,-1.044199309495369,1.3976775009157358,1.4300336653454218,TRUE
CYP3A7,0.6,3,KICH;KIRC;KIRP,ENSG00000177354,C10orf71,3,KICH;KIRC;KIRP,2,0.6666666666666666,0,0,-4.24119618163044,-2.912070797583369,1.0760308533961989,1.0930929423963376,TRUE
CYP3A7,0.6,3,KICH;KIRC;KIRP,ENSG00000177398,UMODL1,3,KICH;KIRC;KIRP,2,0.6666666666666666,1,0.3333333333333333,-4.224648544178428,-2.218610823004422,1.1941629924397825,1.2464487788669345,TRUE
CYP3A7,0.6,3,KICH;KIRC;KIRP,ENSG00000177455,CD19,3,KICH;KIRC;KIRP,1,0.3333333333333333,1,0.3333333333333333,-0.4745663598811508,-0.15694638671997324,1.0825013752340524,1.103624091413494,TRUE
CYP3A7,0.6,3,KICH;KIRC;KIRP,ENSG00000177494,ZBED2,3,KICH;KIRC;KIRP,1,0.3333333333333333,0,0,0.05467296386271423,-0.7393459835940701,1.1027545833304033,1.1496105003833774,TRUE
CYP3A7,0.6,3,KICH;KIRC;KIRP,ENSG00000177994,C2orf73,3,KICH;KIRC;KIRP,1,0.3333333333333333,0,0,-0.4098793724374643,-1.933841169750765,1.2675720298717135,1.329072689563335,TRUE
CYP3A7,0.6,3,KICH;KIRC;KIRP,ENSG00000178125,PPP1R42,3,KICH;KIRC;KIRP,2,0.6666666666666666,0,0,-2.3009906522226604,-2.3067561152474423,0.8788843663905509,0.9328098031855478,TRUE
CYP3A7,0.6,3,KICH;KIRC;KIRP,ENSG00000178199,ZC3H12D,3,KICH;KIRC;KIRP,0,0,1,0.3333333333333333,-0.4479827844513948,0.15861401241231665,1.658369482471511,1.683831601304322,TRUE
CYP3A7,0.6,3,KICH;KIRC;KIRP,ENSG00000178752,ERFE,3,KICH;KIRC;KIRP,2,0.6666666666666666,1,0.3333333333333333,-1.180464396196946,-0.5246019193460052,1.2473585482956273,1.438547663079929,TRUE
CYP3A7,0.6,3,KICH;KIRC;KIRP,ENSG00000178919,FOXE1,3,KICH;KIRC;KIRP,2,0.6666666666666666,0,0,-2.759252330238327,-2.207787582253656,1.3114606892018619,1.361132289915744,TRUE
CYP3A7,0.6,3,KICH;KIRC;KIRP,ENSG00000179058,C9orf50,3,KICH;KIRC;KIRP,1,0.3333333333333333,0,0,0.2437480189913292,-1.0911792463403944,1.2149724882945259,1.2477690782374224,TRUE
CYP3A7,0.6,3,KICH;KIRC;KIRP,ENSG00000179133,C10orf67,3,KICH;KIRC;KIRP,2,0.6666666666666666,0,0,-0.5888807940299019,-0.7108304220983819,0.7298654005843775,0.8386452068577636,TRUE
CYP3A7,0.6,3,KICH;KIRC;KIRP,ENSG00000179270,PCARE,3,KICH;KIRC;KIRP,3,1,0,0,-5.421149281648764,-4.988448989535333,0.8697492941774185,0.8739207436993021,TRUE
CYP3A7,0.6,3,KICH;KIRC;KIRP,ENSG00000179528,LBX2,3,KICH;KIRC;KIRP,1,0.3333333333333333,2,0.6666666666666666,1.7694204256138455,1.0970326185720474,0.8594369350751251,0.8928132622871899,TRUE
CYP3A7,0.6,3,KICH;KIRC;KIRP,ENSG00000179603,GRM8,3,KICH;KIRC;KIRP,1,0.3333333333333333,2,0.6666666666666666,2.1263916697921683,1.1505196681991119,1.3195680094118367,1.4297804642352532,TRUE
CYP3A7,0.6,3,KICH;KIRC;KIRP,ENSG00000179636,TPPP2,3,KICH;KIRC;KIRP,3,1,0,0,-4.667260013076159,-3.459772963301872,0.6948846823026132,0.8013484197983801,TRUE
CYP3A7,0.6,3,KICH;KIRC;KIRP,ENSG00000179750,APOBEC3B,3,KICH;KIRC;KIRP,0,0,3,1,1.154263895507517,1.2405801583166784,1.48923400159033,1.5987168692705338,TRUE
CYP3A7,0.6,3,KICH;KIRC;KIRP,ENSG00000179873,NLRP11,3,KICH;KIRC;KIRP,1,0.3333333333333333,1,0.3333333333333333,0.4380077896870222,-0.3911990532642411,0.968451469631405,1.0049939983892553,TRUE
CYP3A7,0.6,3,KICH;KIRC;KIRP,ENSG00000179914,ITLN1,3,KICH;KIRC;KIRP,3,1,0,0,-4.178263985822893,-4.860787374684026,1.5146224080475512,1.7702945917982242,TRUE
CYP3A7,0.6,3,KICH;KIRC;KIRP,ENSG00000180061,TMEM150B,3,KICH;KIRC;KIRP,1,0.3333333333333333,0,0,-0.19753809885339968,-0.5355428278308026,1.4081584322426404,1.4530823867202751,TRUE
CYP3A7,0.6,3,KICH;KIRC;KIRP,ENSG00000180071,ANKRD18A,3,KICH;KIRC;KIRP,1,0.3333333333333333,1,0.3333333333333333,0.21478719448285452,-0.20780491483825184,1.2359031173138648,1.3405791942352543,TRUE
CYP3A7,0.6,3,KICH;KIRC;KIRP,ENSG00000180316,PNPLA1,3,KICH;KIRC;KIRP,3,1,0,0,-3.690124176092058,-3.017010907561149,0.8818116930223305,1.0096734551445483,TRUE
CYP3A7,0.6,3,KICH;KIRC;KIRP,ENSG00000180318,ALX1,3,KICH;KIRC;KIRP,3,1,0,0,-4.3155977569159925,-3.9699519407624533,0.7877546543395735,0.9751999845974504,TRUE
CYP3A7,0.6,3,KICH;KIRC;KIRP,ENSG00000180336,MEIOC,3,KICH;KIRC;KIRP,2,0.6666666666666666,0,0,-1.6938508204540317,-1.2785070616837284,1.6420482010951958,1.6976620370812676,TRUE
CYP3A7,0.6,3,KICH;KIRC;KIRP,ENSG00000180509,KCNE1,3,KICH;KIRC;KIRP,3,1,0,0,-2.636187417389496,-2.4664973857915538,1.1922862414386604,1.2317625297844608,TRUE
CYP3A7,0.6,3,KICH;KIRC;KIRP,ENSG00000180535,BHLHA15,3,KICH;KIRC;KIRP,0,0,1,0.3333333333333333,-0.01847842428267499,0.6192943948986638,1.5817801825904285,1.6492766912989685,TRUE
CYP3A7,0.6,3,KICH;KIRC;KIRP,ENSG00000180767,CHST13,3,KICH;KIRC;KIRP,1,0.3333333333333333,2,0.6666666666666666,1.3637949055706042,0.8870899053086753,1.2894913563787305,1.3351347962085731,TRUE
CYP3A7,0.6,3,KICH;KIRC;KIRP,ENSG00000180785,OR51E1,3,KICH;KIRC;KIRP,1,0.3333333333333333,2,0.6666666666666666,1.1005531824911,0.9598771491159683,1.6352961222289308,1.6492909586558726,TRUE
CYP3A7,0.6,3,KICH;KIRC;KIRP,ENSG00000180871,CXCR2,3,KICH;KIRC;KIRP,0,0,1,0.3333333333333333,0.3903154692729331,0.5384689640338555,1.4544166842784065,1.4604893674453667,TRUE
CYP3A7,0.6,3,KICH;KIRC;KIRP,ENSG00000181036,FCRL6,3,KICH;KIRC;KIRP,0,0,2,0.6666666666666666,1.071570292531893,1.3547866212109871,1.2005450465581258,1.2069317255900078,TRUE
CYP3A7,0.6,3,KICH;KIRC;KIRP,ENSG00000181333,HEPHL1,3,KICH;KIRC;KIRP,2,0.6666666666666666,0,0,-1.1182577648973528,-1.2625757338998937,1.3913210199696822,1.4129002251328286,TRUE
CYP3A7,0.6,3,KICH;KIRC;KIRP,ENSG00000181378,CFAP65,3,KICH;KIRC;KIRP,2,0.6666666666666666,0,0,-1.7034087152707116,-2.2443920416076866,0.9718791056195029,1.0143997201258754,TRUE
CYP3A7,0.6,3,KICH;KIRC;KIRP,ENSG00000181562,EDDM3A,3,KICH;KIRC;KIRP,3,1,0,0,-4.234096524731786,-4.225316381985025,0.38775747416166334,0.46095164512039544,TRUE
CYP3A7,0.6,3,KICH;KIRC;KIRP,ENSG00000182010,RTKN2,3,KICH;KIRC;KIRP,1,0.3333333333333333,1,0.3333333333333333,0.1499228052207439,-0.07649172401093303,1.6520466956198026,1.7073783734821688,TRUE
CYP3A7,0.6,3,KICH;KIRC;KIRP,ENSG00000182132,KCNIP1,3,KICH;KIRC;KIRP,3,1,0,0,-2.1431607557833123,-1.829188141666225,1.6120627660396734,1.657769696758146,TRUE
CYP3A7,0.6,3,KICH;KIRC;KIRP,ENSG00000182308,DCAF4L1,3,KICH;KIRC;KIRP,0,0,1,0.3333333333333333,-0.11564892642385716,0.45146163033371767,1.3474394259756108,1.3750619423571966,TRUE
CYP3A7,0.6,3,KICH;KIRC;KIRP,ENSG00000182557,SPNS3,3,KICH;KIRC;KIRP,1,0.3333333333333333,0,0,2.2195773586492637e-4,-0.7737974454832632,1.5623804253303797,1.681351546534598,TRUE
CYP3A7,0.6,3,KICH;KIRC;KIRP,ENSG00000182782,HCAR2,3,KICH;KIRC;KIRP,2,0.6666666666666666,1,0.3333333333333333,-0.5930186932868878,0.17641606187870726,1.3891358292916602,1.4452613029781625,TRUE
CYP3A7,0.6,3,KICH;KIRC;KIRP,ENSG00000182791,CCDC87,3,KICH;KIRC;KIRP,1,0.3333333333333333,0,0,-0.4309263889070423,-0.46000342942279343,1.4903404589817069,1.5486903491091613,TRUE
CYP3A7,0.6,3,KICH;KIRC;KIRP,ENSG00000182901,RGS7,3,KICH;KIRC;KIRP,2,0.6666666666666666,0,0,-2.308796475564098,-1.3853272511861596,1.0980622020615094,1.1365213155638365,TRUE
CYP3A7,0.6,3,KICH;KIRC;KIRP,ENSG00000183032,SLC25A21,3,KICH;KIRC;KIRP,1,0.3333333333333333,0,0,-0.4736079316537899,-0.5210959121564418,1.5977356956367137,1.637365331524166,TRUE
CYP3A7,0.6,3,KICH;KIRC;KIRP,ENSG00000183066,WBP2NL,3,KICH;KIRC;KIRP,1,0.3333333333333333,0,0,-0.47847181004522327,-0.26898715634507153,1.4885265568312003,1.5821808076305584,TRUE
CYP3A7,0.6,3,KICH;KIRC;KIRP,ENSG00000183090,FREM3,3,KICH;KIRC;KIRP,2,0.6666666666666666,0,0,-1.7901649445964125,-1.7861516830847015,1.4016839109696324,1.446176258232955,TRUE
CYP3A7,0.6,3,KICH;KIRC;KIRP,ENSG00000183145,RIPPLY3,3,KICH;KIRC;KIRP,3,1,0,0,-2.0600311068698822,-2.2294820524735055,0.9790913145296483,1.0648539294143216,TRUE
CYP3A7,0.6,3,KICH;KIRC;KIRP,ENSG00000183571,PGPEP1L,3,KICH;KIRC;KIRP,2,0.6666666666666666,0,0,-2.677304386528317,-1.8010424548436823,1.1972938066299128,1.2188606430897382,TRUE
CYP3A7,0.6,3,KICH;KIRC;KIRP,ENSG00000183662,TAFA1,3,KICH;KIRC;KIRP,2,0.6666666666666666,0,0,-1.2867493389760352,-1.1130127754212649,1.2349807224542584,1.242448838121348,TRUE
CYP3A7,0.6,3,KICH;KIRC;KIRP,ENSG00000183734,ASCL2,3,KICH;KIRC;KIRP,2,0.6666666666666666,0,0,-1.171965183922652,-1.1056751944535808,1.56399975752684,1.6664552818566165,TRUE
CYP3A7,0.6,3,KICH;KIRC;KIRP,ENSG00000183780,SLC35F3,3,KICH;KIRC;KIRP,0,0,1,0.3333333333333333,0.2675538298850677,1.0532738349312722,1.624549532845511,1.6556906934037123,TRUE
CYP3A7,0.6,3,KICH;KIRC;KIRP,ENSG00000183813,CCR4,3,KICH;KIRC;KIRP,1,0.3333333333333333,1,0.3333333333333333,-0.2367302819952462,-0.010024054792690104,1.5604945470660858,1.5972991360461688,TRUE
CYP3A7,0.6,3,KICH;KIRC;KIRP,ENSG00000183831,ANKRD45,3,KICH;KIRC;KIRP,2,0.6666666666666666,0,0,-1.809317717379717,-1.4323945368631468,1.6580472036031777,1.7125171842730844,TRUE
CYP3A7,0.6,3,KICH;KIRC;KIRP,ENSG00000183840,GPR39,3,KICH;KIRC;KIRP,1,0.3333333333333333,0,0,-0.05635497022118412,-0.4547457897052688,1.4223153578415346,1.5272880532282849,TRUE
CYP3A7,0.6,3,KICH;KIRC;KIRP,ENSG00000183856,IQGAP3,3,KICH;KIRC;KIRP,0,0,3,1,2.5127158996005416,2.3184542894429447,1.528338376870263,1.5480854168246387,TRUE
CYP3A7,0.6,3,KICH;KIRC;KIRP,ENSG00000183888,SRARP,3,KICH;KIRC;KIRP,2,0.6666666666666666,0,0,-5.108272234145788,-3.4654971899767926,1.4682805059406685,1.5170109565994194,TRUE
CYP3A7,0.6,3,KICH;KIRC;KIRP,ENSG00000183908,LRRC55,3,KICH;KIRC;KIRP,3,1,0,0,-1.508158615115736,-2.189830772312114,1.5366640843305162,1.5404077492740271,TRUE
CYP3A7,0.6,3,KICH;KIRC;KIRP,ENSG00000183918,SH2D1A,3,KICH;KIRC;KIRP,0,0,2,0.6666666666666666,1.008390265658559,1.4090025254029985,1.6989697655213343,1.7033901757264254,TRUE
CYP3A7,0.6,3,KICH;KIRC;KIRP,ENSG00000184022,OR2T10,3,KICH;KIRC;KIRP,2,0.6666666666666666,0,0,-3.1682855471699027,-2.8636434872733836,0.6669119215070887,0.698861802049295,TRUE
CYP3A7,0.6,3,KICH;KIRC;KIRP,ENSG00000184344,GDF3,3,KICH;KIRC;KIRP,3,1,0,0,-2.7256669842349623,-2.8361357226562522,1.257046647348261,1.4771869913000777,TRUE
CYP3A7,0.6,3,KICH;KIRC;KIRP,ENSG00000184374,COLEC10,3,KICH;KIRC;KIRP,1,0.3333333333333333,2,0.6666666666666666,0.6290009385791823,0.21273880545863227,0.7208242588747091,0.8011365695519272,TRUE
CYP3A7,0.6,3,KICH;KIRC;KIRP,ENSG00000184454,NCMAP,3,KICH;KIRC;KIRP,2,0.6666666666666666,0,0,-1.0994517880676689,-1.2446266682467113,1.1699233597204168,1.2882470840205642,TRUE
CYP3A7,0.6,3,KICH;KIRC;KIRP,ENSG00000184661,CDCA2,3,KICH;KIRC;KIRP,0,0,3,1,2.1963500533673677,3.219280969408637,1.6039505343186806,1.6252604659620171,TRUE
CYP3A7,0.6,3,KICH;KIRC;KIRP,ENSG00000184697,CLDN6,3,KICH;KIRC;KIRP,2,0.6666666666666666,0,0,-1.7550577489836297,-1.4388506082172847,1.5333215904374755,1.5735006082883525,TRUE
CYP3A7,0.6,3,KICH;KIRC;KIRP,ENSG00000184788,SATL1,3,KICH;KIRC;KIRP,3,1,0,0,-2.435740843566149,-2.5556205506183423,1.4324640045660095,1.4581469123684505,TRUE
CYP3A7,0.6,3,KICH;KIRC;KIRP,ENSG00000184956,MUC6,3,KICH;KIRC;KIRP,3,1,0,0,-4.3709660445049465,-3.9823352420162794,0.9032814167046215,1.0810467794619094,TRUE
CYP3A7,0.6,3,KICH;KIRC;KIRP,ENSG00000185055,EFCAB10,3,KICH;KIRC;KIRP,0,0,0,0,0.4064782295662698,0.3721651403346716,1.634269306321535,1.6599457779614648,TRUE
CYP3A7,0.6,3,KICH;KIRC;KIRP,ENSG00000185056,C5orf47,3,KICH;KIRC;KIRP,2,0.6666666666666666,0,0,-1.7933723115568645,-1.4121575195456768,1.249160391937307,1.293985484830306,TRUE
CYP3A7,0.6,3,KICH;KIRC;KIRP,ENSG00000185156,MFSD6L,3,KICH;KIRC;KIRP,3,1,0,0,-5.2936132072726725,-3.968148633764417,1.527865648590061,1.762656817741382,TRUE
CYP3A7,0.6,3,KICH;KIRC;KIRP,ENSG00000185306,C12orf56,3,KICH;KIRC;KIRP,3,1,0,0,-1.7385233618111449,-2.288260401084981,0.5953394827621401,0.7755042633007744,TRUE
CYP3A7,0.6,3,KICH;KIRC;KIRP,ENSG00000185527,PDE6G,3,KICH;KIRC;KIRP,2,0.6666666666666666,0,0,-0.9663906322998008,-0.8732909212962524,1.0488974637876467,1.306421472078119,TRUE
CYP3A7,0.6,3,KICH;KIRC;KIRP,ENSG00000185686,PRAME,3,KICH;KIRC;KIRP,1,0.3333333333333333,2,0.6666666666666666,2.450942099252019,0.668154332673152,0.6350420700149332,0.6902228336810317,TRUE
CYP3A7,0.6,3,KICH;KIRC;KIRP,ENSG00000185737,NRG3,3,KICH;KIRC;KIRP,0,0,3,1,2.091739363618814,2.4214579500282034,1.5444398656632305,1.562733581829354,TRUE
CYP3A7,0.6,3,KICH;KIRC;KIRP,ENSG00000185823,NPAP1,3,KICH;KIRC;KIRP,3,1,0,0,-3.946384342574958,-3.79671259455165,0.5217531987005674,0.5228505457839878,TRUE
CYP3A7,0.6,3,KICH;KIRC;KIRP,ENSG00000185842,DNAH14,3,KICH;KIRC;KIRP,0,0,0,0,-0.0980780990075414,0.07222530393495069,1.3430903293098022,1.5759797208390611,TRUE
CYP3A7,0.6,3,KICH;KIRC;KIRP,ENSG00000185905,C16orf54,3,KICH;KIRC;KIRP,0,0,2,0.6666666666666666,1.2583805664071623,1.204323768363885,1.485722709345573,1.5335889645705758,TRUE
CYP3A7,0.6,3,KICH;KIRC;KIRP,ENSG00000185958,FAM186A,3,KICH;KIRC;KIRP,0,0,1,0.3333333333333333,0.21566568472063288,0.29318179852933984,1.4336167001211435,1.4587405014576995,TRUE
CYP3A7,0.6,3,KICH;KIRC;KIRP,ENSG00000186009,ATP4B,3,KICH;KIRC;KIRP,3,1,0,0,-3.617199627302809,-2.909208793878801,0.4757773425354239,0.5546010775170387,TRUE
CYP3A7,0.6,3,KICH;KIRC;KIRP,ENSG00000186094,AGBL4,3,KICH;KIRC;KIRP,3,1,0,0,-2.475566442120847,-2.4234120977280913,1.3440295265389768,1.436735426595903,TRUE
CYP3A7,0.6,3,KICH;KIRC;KIRP,ENSG00000186197,EDARADD,3,KICH;KIRC;KIRP,2,0.6666666666666666,1,0.3333333333333333,-1.7865468027481146,-0.7318094268306404,1.3992112445260316,1.5144639262965207,TRUE
CYP3A7,0.6,3,KICH;KIRC;KIRP,ENSG00000186265,BTLA,3,KICH;KIRC;KIRP,0,0,1,0.3333333333333333,0.15997859903720432,0.48212593392271735,1.5348464204466643,1.5723641366080787,TRUE
CYP3A7,0.6,3,KICH;KIRC;KIRP,ENSG00000186326,RGS9BP,3,KICH;KIRC;KIRP,1,0.3333333333333333,0,0,-0.02654544228751275,-0.3392697273166773,1.4735318828419603,1.475510475531192,TRUE
CYP3A7,0.6,3,KICH;KIRC;KIRP,ENSG00000186407,CD300E,3,KICH;KIRC;KIRP,1,0.3333333333333333,1,0.3333333333333333,0.2648526282829723,0.2667150232049769,1.6483174028186816,1.7536063875291106,TRUE
CYP3A7,0.6,3,KICH;KIRC;KIRP,ENSG00000186564,FOXD2,3,KICH;KIRC;KIRP,2,0.6666666666666666,0,0,-1.4515850352884203,-1.075070722752827,1.1827286702913482,1.2386288746259129,TRUE
CYP3A7,0.6,3,KICH;KIRC;KIRP,ENSG00000186583,SPATC1,3,KICH;KIRC;KIRP,1,0.3333333333333333,0,0,-0.4131689937109253,-0.4151703345992335,1.2298968514094066,1.2900285481202711,TRUE
CYP3A7,0.6,3,KICH;KIRC;KIRP,ENSG00000186710,CFAP73,3,KICH;KIRC;KIRP,3,1,0,0,-2.2800647338605353,-2.8144233004717085,0.988451926779831,1.0497252132441801,TRUE
CYP3A7,0.6,3,KICH;KIRC;KIRP,ENSG00000186810,CXCR3,3,KICH;KIRC;KIRP,0,0,3,1,0.9874117697577032,1.6936470055924688,1.4419382425286644,1.4468256557391654,TRUE
CYP3A7,0.6,3,KICH;KIRC;KIRP,ENSG00000186867,QRFPR,3,KICH;KIRC;KIRP,1,0.3333333333333333,2,0.6666666666666666,1.6343382608252854,0.5860108979165661,1.1766247550625628,1.3040243050996927,TRUE
CYP3A7,0.6,3,KICH;KIRC;KIRP,ENSG00000186897,C1QL4,3,KICH;KIRC;KIRP,1,0.3333333333333333,2,0.6666666666666666,0.69226404103158945,-0.03526071726669722,0.8340263829079507,0.8712204372696115,TRUE
CYP3A7,0.6,3,KICH;KIRC;KIRP,ENSG00000186973,FAM183A,3,KICH;KIRC;KIRP,1,0.3333333333333333,1,0.3333333333333333,0.25569012908141037,-0.9226416330847368,0.9826574664604423,1.0033181063183985,TRUE
CYP3A7,0.6,3,KICH;KIRC;KIRP,ENSG00000187416,LHFPL3,3,KICH;KIRC;KIRP,3,1,0,0,-2.1340102563546224,-3.0795186412965894,1.5336790883348677,1.634355826672274,TRUE
CYP3A7,0.6,3,KICH;KIRC;KIRP,ENSG00000187510,PLEKHG7,3,KICH;KIRC;KIRP,3,1,0,0,-1.9039910629671823,-1.7630553930483503,0.6691739211031869,0.8433219213051854,TRUE
CYP3A7,0.6,3,KICH;KIRC;KIRP,ENSG00000187546,AGMO,3,KICH;KIRC;KIRP,1,0.3333333333333333,1,0.3333333333333333,0.4983998139408713,-1.3211708002708336,1.2813986196030036,1.3250856766716956,TRUE
CYP3A7,0.6,3,KICH;KIRC;KIRP,ENSG00000187583,PLEKHN1,3,KICH;KIRC;KIRP,0,0,2,0.6666666666666666,2.0903154569682276,1.470125358901904,1.380817648538244,1.443382647713292,TRUE
CYP3A7,0.6,3,KICH;KIRC;KIRP,ENSG00000187642,PERM1,3,KICH;KIRC;KIRP,2,0.6666666666666666,1,0.3333333333333333,-1.3187098699340405,-0.6294181230918423,1.146943752276268,1.1828338395468811,TRUE
CYP3A7,0.6,3,KICH;KIRC;KIRP,ENSG00000187808,SOWAHD,3,KICH;KIRC;KIRP,0,0,3,1,1.0913508385984576,1.096057983732564,1.2563091179513952,1.3158647280271505,TRUE
CYP3A7,0.6,3,KICH;KIRC;KIRP,ENSG00000187821,HELT,3,KICH;KIRC;KIRP,3,1,0,0,-4.974895322900607,-5.1468970167803825,0.415057996895046,0.5386993205948684,TRUE
CYP3A7,0.6,3,KICH;KIRC;KIRP,ENSG00000187980,PLA2G2C,3,KICH;KIRC;KIRP,0,0,1,0.3333333333333333,0.26432074989458276,0.31609146759302614,1.5448058193852094,1.5565256373441498,TRUE
CYP3A7,0.6,3,KICH;KIRC;KIRP,ENSG00000188316,ENO4,3,KICH;KIRC;KIRP,1,0.3333333333333333,0,0,-0.518750051554336,-1.0166873739584077,1.7018779325550855,1.732997535352215,TRUE
CYP3A7,0.6,3,KICH;KIRC;KIRP,ENSG00000188389,PDCD1,3,KICH;KIRC;KIRP,0,0,2,0.6666666666666666,0.9582439648109392,1.1568128444203896,1.6997555910314714,1.714835922019642,TRUE
CYP3A7,0.6,3,KICH;KIRC;KIRP,ENSG00000188487,INSC,3,KICH;KIRC;KIRP,3,1,0,0,-2.2148886517208264,-1.96470437615149,1.5723672934454083,1.6053887180187911,TRUE
CYP3A7,0.6,3,KICH;KIRC;KIRP,ENSG00000188505,NCCRP1,3,KICH;KIRC;KIRP,3,1,0,0,-3.136118834553671,-2.7968398059937383,1.2469310614886726,1.3442421061865588,TRUE
CYP3A7,0.6,3,KICH;KIRC;KIRP,ENSG00000188626,GOLGA8M,3,KICH;KIRC;KIRP,1,0.3333333333333333,1,0.3333333333333333,0.24263353793883416,0.04743782837041332,1.1681137603480287,1.2070861154241717,TRUE
CYP3A7,0.6,3,KICH;KIRC;KIRP,ENSG00000188738,FSIP2,3,KICH;KIRC;KIRP,1,0.3333333333333333,0,0,-0.257448454675366,-0.3816673040558308,1.6507572837206232,1.6993980427901172,TRUE
CYP3A7,0.6,3,KICH;KIRC;KIRP,ENSG00000188897,AC099489.1,3,KICH;KIRC;KIRP,1,0.3333333333333333,1,0.3333333333333333,0.01837971021445004,-0.11259556136757937,1.6137715094353957,1.7793824487910983,TRUE
CYP3A7,0.6,3,KICH;KIRC;KIRP,ENSG00000188910,GJB3,3,KICH;KIRC;KIRP,2,0.6666666666666666,1,0.3333333333333333,-2.2474040552362116,-1.7551046871053466,1.669313952048818,1.7435060350526053,TRUE
CYP3A7,0.6,3,KICH;KIRC;KIRP,ENSG00000189057,FAM111B,3,KICH;KIRC;KIRP,0,0,3,1,2.7957524528119233,2.7983454291517265,1.4150259445831823,1.426443569234346,TRUE
CYP3A7,0.6,3,KICH;KIRC;KIRP,ENSG00000189108,IL1RAPL2,3,KICH;KIRC;KIRP,2,0.6666666666666666,0,0,-1.169502176858172,-1.4008092536060006,1.5412347235357358,1.5737545551679897,TRUE
CYP3A7,0.6,3,KICH;KIRC;KIRP,ENSG00000189127,ANKRD34B,3,KICH;KIRC;KIRP,3,1,0,0,-3.2100900660422966,-3.68470594525355,0.611249860594494,0.7980652906461049,TRUE
CYP3A7,0.6,3,KICH;KIRC;KIRP,ENSG00000189233,NUGGC,3,KICH;KIRC;KIRP,3,1,0,0,-3.607492655353623,-2.8877714041974274,1.317755305973471,1.3959026894738606,TRUE
CYP3A7,0.6,3,KICH;KIRC;KIRP,ENSG00000196092,PAX5,3,KICH;KIRC;KIRP,1,0.3333333333333333,1,0.3333333333333333,0.10350094998016995,0.019454139011546023,1.5430113083991073,1.5583432353920277,TRUE
CYP3A7,0.6,3,KICH;KIRC;KIRP,ENSG00000196260,SFTA2,3,KICH;KIRC;KIRP,3,1,0,0,-4.013685848946561,-3.2525599960087535,0.7245636617585717,1.0532244295349118,TRUE
CYP3A7,0.6,3,KICH;KIRC;KIRP,ENSG00000196353,CPNE4,3,KICH;KIRC;KIRP,2,0.6666666666666666,0,0,-3.4374667692806136,-2.2209192875567596,1.6049905348063411,1.6345219422003208,TRUE
CYP3A7,0.6,3,KICH;KIRC;KIRP,ENSG00000196420,S100A5,3,KICH;KIRC;KIRP,3,1,0,0,-1.5512757096655272,-1.6722918320246838,1.1317706270052628,1.2205082917684462,TRUE
CYP3A7,0.6,3,KICH;KIRC;KIRP,ENSG00000196611,MMP1,3,KICH;KIRC;KIRP,1,0.3333333333333333,1,0.3333333333333333,-0.4557230691542362,-0.36891827381565684,0.588756604338177,0.9243794634794756,TRUE
CYP3A7,0.6,3,KICH;KIRC;KIRP,ENSG00000196767,POU3F4,3,KICH;KIRC;KIRP,3,1,0,0,-6.552655132959426,-5.487234513533935,1.038764680547507,1.20737869101139,TRUE
CYP3A7,0.6,3,KICH;KIRC;KIRP,ENSG00000196860,TOMM20L,3,KICH;KIRC;KIRP,2,0.6666666666666666,0,0,-1.004123680244953,-0.7734653609573452,1.5576623745200653,1.5848436014122802,TRUE
CYP3A7,0.6,3,KICH;KIRC;KIRP,ENSG00000196862,RGPD4,3,KICH;KIRC;KIRP,0,0,0,0,-0.15356704024733978,-0.1670722475280227,1.6027753659979962,1.632984953722168,TRUE
CYP3A7,0.6,3,KICH;KIRC;KIRP,ENSG00000196917,HCAR1,3,KICH;KIRC;KIRP,2,0.6666666666666666,1,0.3333333333333333,-2.242779129755509,-1.0303298412829973,1.378362687000462,1.6207899611334209,TRUE
CYP3A7,0.6,3,KICH;KIRC;KIRP,ENSG00000196932,TMEM26,3,KICH;KIRC;KIRP,2,0.6666666666666666,1,0.3333333333333333,-1.0768542280252549,-0.8085352789943226,1.1234771987511243,1.2196831298404585,TRUE
CYP3A7,0.6,3,KICH;KIRC;KIRP,ENSG00000196990,FAM163B,3,KICH;KIRC;KIRP,3,1,0,0,-1.5187860023019304,-2.1507097269926714,1.6294842115840682,1.6456139017068194,TRUE
CYP3A7,0.6,3,KICH;KIRC;KIRP,ENSG00000197046,SIGLEC15,3,KICH;KIRC;KIRP,0,0,1,0.3333333333333333,0.26330027847516346,1.2781726043742254,1.7355619914748306,1.8023153749741792,TRUE
CYP3A7,0.6,3,KICH;KIRC;KIRP,ENSG00000197177,ADGRA1,3,KICH;KIRC;KIRP,2,0.6666666666666666,1,0.3333333333333333,-3.930847993370026,-2.3445686631818337,1.0066389343678332,1.01152913329811,TRUE
CYP3A7,0.6,3,KICH;KIRC;KIRP,ENSG00000197360,ZNF98,3,KICH;KIRC;KIRP,3,1,0,0,-2.4501466713996516,-2.6328435576668276,1.4630310237265032,1.5135173493973602,TRUE
CYP3A7,0.6,3,KICH;KIRC;KIRP,ENSG00000197520,FAM177B,3,KICH;KIRC;KIRP,0,0,2,0.6666666666666666,1.1956556238939873,1.0192614473909427,1.5888700223355667,1.6164498258302007,TRUE
CYP3A7,0.6,3,KICH;KIRC;KIRP,ENSG00000197584,KCNMB2,3,KICH;KIRC;KIRP,3,1,0,0,-2.144732919626965,-2.3255972189421388,1.5391999420848772,1.6826556148098244,TRUE
CYP3A7,0.6,3,KICH;KIRC;KIRP,ENSG00000197658,SLC22A24,3,KICH;KIRC;KIRP,2,0.6666666666666666,0,0,-0.9239613885887452,-1.5171331588564239,0.40846558755194073,0.4460524030903913,TRUE
CYP3A7,0.6,3,KICH;KIRC;KIRP,ENSG00000197721,CR1L,3,KICH;KIRC;KIRP,2,0.6666666666666666,1,0.3333333333333333,-0.6959325841811892,0.6869509761379391,0.5614712867678372,0.5903312487844768,TRUE
CYP3A7,0.6,3,KICH;KIRC;KIRP,ENSG00000197753,LHFPL5,3,KICH;KIRC;KIRP,0,0,2,0.6666666666666666,0.7419747370419502,0.7787857507787238,1.4639100771677833,1.48737846440431,TRUE
CYP3A7,0.6,3,KICH;KIRC;KIRP,ENSG00000197980,LEKR1,3,KICH;KIRC;KIRP,2,0.6666666666666666,0,0,-0.7689798591842901,-1.0134891564564157,1.5396452595413348,1.690145803789703,TRUE
CYP3A7,0.6,3,KICH;KIRC;KIRP,ENSG00000197993,KEL,3,KICH;KIRC;KIRP,1,0.3333333333333333,0,0,-0.41997502539182807,-0.3033820233670769,1.596244953744222,1.613591843597993,TRUE
CYP3A7,0.6,3,KICH;KIRC;KIRP,ENSG00000198010,DLGAP2,3,KICH;KIRC;KIRP,3,1,0,0,-3.374282799879974,-2.6431425035242198,1.4801325051787482,1.491458994950245,TRUE
CYP3A7,0.6,3,KICH;KIRC;KIRP,ENSG00000198049,AVPR1B,3,KICH;KIRC;KIRP,1,0.3333333333333333,2,0.6666666666666666,0.7662638896158667,-0.2667341147408905,0.7572824408952694,0.7726869095120055,TRUE
CYP3A7,0.6,3,KICH;KIRC;KIRP,ENSG00000198099,ADH4,3,KICH;KIRC;KIRP,2,0.6666666666666666,1,0.3333333333333333,-3.376958924435172,-1.3301580949650051,1.3879120626847328,1.390099606456296,TRUE
CYP3A7,0.6,3,KICH;KIRC;KIRP,ENSG00000198216,CACNA1E,3,KICH;KIRC;KIRP,2,0.6666666666666666,1,0.3333333333333333,-2.0339448035723047,-1.9046512702551046,1.1722419995592288,1.1855190272358536,TRUE
CYP3A7,0.6,3,KICH;KIRC;KIRP,ENSG00000198336,MYL4,3,KICH;KIRC;KIRP,0,0,2,0.6666666666666666,0.9342971420036864,0.7214434714978972,1.5245843900529845,1.5829902907174525,TRUE
CYP3A7,0.6,3,KICH;KIRC;KIRP,ENSG00000198535,C2CD4A,3,KICH;KIRC;KIRP,2,0.6666666666666666,1,0.3333333333333333,-0.6532619842669551,-0.5192204890576864,0.7201527472354187,0.8847682901699234,TRUE
CYP3A7,0.6,3,KICH;KIRC;KIRP,ENSG00000198574,SH2D1B,3,KICH;KIRC;KIRP,1,0.3333333333333333,2,0.6666666666666666,1.389950191379547,0.5616471679681154,0.701045689786924,0.7285833907614716,TRUE
CYP3A7,0.6,3,KICH;KIRC;KIRP,ENSG00000198889,DCAF12L1,3,KICH;KIRC;KIRP,3,1,0,0,-1.1929202115855708,-1.5921350200085596,1.306532263337594,1.442381046199176,TRUE
CYP3A7,0.6,3,KICH;KIRC;KIRP,ENSG00000203499,IQANK1,3,KICH;KIRC;KIRP,1,0.3333333333333333,0,0,-0.3781651645081706,-0.352245890556855,1.6373459180954157,1.7612539949430113,TRUE
CYP3A7,0.6,3,KICH;KIRC;KIRP,ENSG00000203697,CAPN8,3,KICH;KIRC;KIRP,3,1,0,0,-1.692842922036288,-1.9787668014962576,0.932125641099123,1.2212933139510234,TRUE
CYP3A7,0.6,3,KICH;KIRC;KIRP,ENSG00000203710,CR1,3,KICH;KIRC;KIRP,3,1,0,0,-1.6637475293777124,-1.7386390661758748,1.4596200954074112,1.4954086725954951,TRUE
CYP3A7,0.6,3,KICH;KIRC;KIRP,ENSG00000203722,RAET1G,3,KICH;KIRC;KIRP,2,0.6666666666666666,0,0,-1.1635130424329576,-0.847657714962448,1.651319415128149,1.6672655804840262,TRUE
CYP3A7,0.6,3,KICH;KIRC;KIRP,ENSG00000203995,ZYG11A,3,KICH;KIRC;KIRP,3,1,0,0,-3.241198565878968,-3.3030370632683894,0.766666580713899,0.8226944316917714,TRUE
CYP3A7,0.6,3,KICH;KIRC;KIRP,ENSG00000204025,TRPC5OS,3,KICH;KIRC;KIRP,3,1,0,0,-1.8121897505446984,-1.7021402921424298,1.218070440313724,1.2384945411218509,TRUE
CYP3A7,0.6,3,KICH;KIRC;KIRP,ENSG00000204099,NEU4,3,KICH;KIRC;KIRP,3,1,0,0,-3.741432364469349,-3.6356998162231955,1.4649662505714938,1.558469186097804,TRUE
CYP3A7,0.6,3,KICH;KIRC;KIRP,ENSG00000204475,NCR3,3,KICH;KIRC;KIRP,0,0,2,0.6666666666666666,0.6147828534742357,1.1426778606058625,1.4188096038889257,1.446092018145946,TRUE
CYP3A7,0.6,3,KICH;KIRC;KIRP,ENSG00000204583,LRCOL1,3,KICH;KIRC;KIRP,2,0.6666666666666666,0,0,-2.179605763708585,-1.634864754678869,1.2782869666038827,1.2811238106084155,TRUE
CYP3A7,0.6,3,KICH;KIRC;KIRP,ENSG00000204711,C9orf135,3,KICH;KIRC;KIRP,3,1,0,0,-3.876480718795524,-3.9022577096864963,0.45993137697373176,0.638467514720325,TRUE
CYP3A7,0.6,3,KICH;KIRC;KIRP,ENSG00000204740,MALRD1,3,KICH;KIRC;KIRP,2,0.6666666666666666,0,0,-2.5427477413449924,-2.054194566210587,1.471498635012644,1.6085995047300454,TRUE
CYP3A7,0.6,3,KICH;KIRC;KIRP,ENSG00000204936,CD177,3,KICH;KIRC;KIRP,0,0,1,0.3333333333333333,-0.04693870863935246,0.32475879603349395,1.1533260035038486,1.1927001319886203,TRUE
CYP3A7,0.6,3,KICH;KIRC;KIRP,ENSG00000204965,PCDHA5,3,KICH;KIRC;KIRP,2,0.6666666666666666,0,0,-0.6911397454790635,-0.7590513576698238,1.4871141687401654,1.4942643510945723,TRUE
CYP3A7,0.6,3,KICH;KIRC;KIRP,ENSG00000204969,PCDHA2,3,KICH;KIRC;KIRP,1,0.3333333333333333,1,0.3333333333333333,-0.4890169290341795,-0.59032370940692,1.5287601089498635,1.537304666011622,TRUE
CYP3A7,0.6,3,KICH;KIRC;KIRP,ENSG00000205002,AARD,3,KICH;KIRC;KIRP,3,1,0,0,-1.591394565175018,-2.3312928103553667,1.6161370794947503,1.6421298387848235,TRUE
CYP3A7,0.6,3,KICH;KIRC;KIRP,ENSG00000205832,C16orf96,3,KICH;KIRC;KIRP,0,0,1,0.3333333333333333,0.4781131547435718,0.5961881160443611,1.584060606676542,1.5888184453742753,TRUE
CYP3A7,0.6,3,KICH;KIRC;KIRP,ENSG00000205835,GMNC,3,KICH;KIRC;KIRP,3,1,0,0,-3.935643363478684,-3.8596804718447073,0.7529480933530668,0.8165785144542144,TRUE
CYP3A7,0.6,3,KICH;KIRC;KIRP,ENSG00000205838,TTC23L,3,KICH;KIRC;KIRP,1,0.3333333333333333,0,0,-0.4079472049947427,-0.9815289242510432,1.6525293517405704,1.7122807307618828,TRUE
CYP3A7,0.6,3,KICH;KIRC;KIRP,ENSG00000206113,CFAP99,3,KICH;KIRC;KIRP,2,0.6666666666666666,0,0,-1.05393139007393,-1.1726078449191628,0.6879772872508763,0.764906993417615,TRUE
CYP3A7,0.6,3,KICH;KIRC;KIRP,ENSG00000206140,TMEM191C,3,KICH;KIRC;KIRP,0,0,1,0.3333333333333333,0.4105468620240735,0.6488681426550617,1.5096159574404564,1.5351741900648532,TRUE
CYP3A7,0.6,3,KICH;KIRC;KIRP,ENSG00000206432,TMEM200C,3,KICH;KIRC;KIRP,3,1,0,0,-2.450354325735192,-2.072978441591838,1.496244721963332,1.519171023455011,TRUE
CYP3A7,0.6,3,KICH;KIRC;KIRP,ENSG00000213023,SYT3,3,KICH;KIRC;KIRP,2,0.6666666666666666,1,0.3333333333333333,-1.643853701299456,-0.7885277864432809,1.3824562825893145,1.4148626513625129,TRUE
CYP3A7,0.6,3,KICH;KIRC;KIRP,ENSG00000213171,LINGO4,3,KICH;KIRC;KIRP,2,0.6666666666666666,0,0,-0.6249066079780545,-0.7192039837928177,0.7624969623741683,0.8365015497553157,TRUE
CYP3A7,0.6,3,KICH;KIRC;KIRP,ENSG00000213973,ZNF99,3,KICH;KIRC;KIRP,2,0.6666666666666666,1,0.3333333333333333,-2.2534013498078886,-1.3921882753483958,1.170094938951281,1.1719076985565255,TRUE
CYP3A7,0.6,3,KICH;KIRC;KIRP,ENSG00000214376,VSTM5,3,KICH;KIRC;KIRP,1,0.3333333333333333,0,0,-0.413235867434113,-1.3232346320906823,1.630773686319034,1.650098099166896,TRUE
CYP3A7,0.6,3,KICH;KIRC;KIRP,ENSG00000214711,CAPN14,3,KICH;KIRC;KIRP,2,0.6666666666666666,0,0,-1.4091767573310363,-2.1358304537471478,1.3809780260479525,1.4419210278357522,TRUE
CYP3A7,0.6,3,KICH;KIRC;KIRP,ENSG00000214814,FER1L6,3,KICH;KIRC;KIRP,2,0.6666666666666666,0,0,-4.331150395263793,-2.832084340720878,1.1820744722176162,1.226734864462861,TRUE
CYP3A7,0.6,3,KICH;KIRC;KIRP,ENSG00000215277,RNF212B,3,KICH;KIRC;KIRP,3,1,0,0,-3.588161113220602,-2.9320091606723633,0.8541976223958335,0.8705438080089207,TRUE
CYP3A7,0.6,3,KICH;KIRC;KIRP,ENSG00000215475,SIAH3,3,KICH;KIRC;KIRP,3,1,0,0,-5.663978256152467,-5.16890591196704,1.3303870633606245,1.483994414571398,TRUE
CYP3A7,0.6,3,KICH;KIRC;KIRP,ENSG00000215912,TTC34,3,KICH;KIRC;KIRP,1,0.3333333333333333,0,0,-0.503781283921235,-0.29461737856024617,1.5126038712176846,1.6008321896982904,TRUE
CYP3A7,0.6,3,KICH;KIRC;KIRP,ENSG00000217442,SYCE3,3,KICH;KIRC;KIRP,0,0,1,0.3333333333333333,0.3534864121682193,0.6078016904235205,0.4883984148886319,0.58285044795562,TRUE
CYP3A7,0.6,3,KICH;KIRC;KIRP,ENSG00000223572,CKMT1A,3,KICH;KIRC;KIRP,1,0.3333333333333333,1,0.3333333333333333,0.09166060343922856,-0.13891116453722915,1.683929391256997,1.725655014478483,TRUE
CYP3A7,0.6,3,KICH;KIRC;KIRP,ENSG00000224982,TMEM233,3,KICH;KIRC;KIRP,0,0,2,0.6666666666666666,1.8525144728637863,1.5052330786958816,1.4938432227227199,1.5836108861420894,TRUE
CYP3A7,0.6,3,KICH;KIRC;KIRP,ENSG00000225556,C2CD4D,3,KICH;KIRC;KIRP,0,0,0,0,-0.32690578224230366,-0.1079917700397264,1.399848237365863,1.4677700364668222,TRUE
CYP3A7,0.6,3,KICH;KIRC;KIRP,ENSG00000226690,AC013470.2,3,KICH;KIRC;KIRP,2,0.6666666666666666,0,0,-1.856217194239272,-1.4439634543933726,0.8955339754546259,0.9571048179715408,TRUE
CYP3A7,0.6,3,KICH;KIRC;KIRP,ENSG00000230358,SPDYE21,3,KICH;KIRC;KIRP,0,0,0,0,0.09555991105606944,0.011818426676005477,1.4353104572735262,1.4485425756601515,TRUE
CYP3A7,0.6,3,KICH;KIRC;KIRP,ENSG00000232810,TNF,3,KICH;KIRC;KIRP,1,0.3333333333333333,0,0,0.01716748986258966,-0.28494981196733576,0.4655629271099071,0.4908002256383775,TRUE
CYP3A7,0.6,3,KICH;KIRC;KIRP,ENSG00000233087,RAB6D,3,KICH;KIRC;KIRP,1,0.3333333333333333,2,0.6666666666666666,0.6254100308377976,0.19555885028429215,1.607359836704907,1.6739733305452946,TRUE
CYP3A7,0.6,3,KICH;KIRC;KIRP,ENSG00000233198,RNF224,3,KICH;KIRC;KIRP,3,1,0,0,-1.8119074781049844,-1.710561197087409,1.129997498874628,1.1916745234424568,TRUE
CYP3A7,0.6,3,KICH;KIRC;KIRP,ENSG00000236383,CCDC200,3,KICH;KIRC;KIRP,2,0.6666666666666666,0,0,-0.6530967342397221,-0.4345927449173912,1.3217565417504284,1.377310161702939,TRUE
CYP3A7,0.6,3,KICH;KIRC;KIRP,ENSG00000237330,RNF223,3,KICH;KIRC;KIRP,3,1,0,0,-3.759560642448598,-3.387490327037667,0.5988178439108782,0.8096752764012506,TRUE
CYP3A7,0.6,3,KICH;KIRC;KIRP,ENSG00000240204,SMKR1,3,KICH;KIRC;KIRP,2,0.6666666666666666,1,0.3333333333333333,-0.6871844531181458,-0.4371761329968189,1.4207253742827683,1.471234112442818,TRUE
CYP3A7,0.6,3,KICH;KIRC;KIRP,ENSG00000241233,KRTAP5-8,3,KICH;KIRC;KIRP,2,0.6666666666666666,1,0.3333333333333333,-3.4229753906135727,-0.8938827119819172,1.1665223854077507,1.1737391875308854,TRUE
CYP3A7,0.6,3,KICH;KIRC;KIRP,ENSG00000241962,AC079447.1,3,KICH;KIRC;KIRP,1,0.3333333333333333,0,0,0.26410348353231516,-0.6857474692113292,1.1039411368198515,1.260552254753607,TRUE
CYP3A7,0.6,3,KICH;KIRC;KIRP,ENSG00000242715,CCDC169,3,KICH;KIRC;KIRP,1,0.3333333333333333,0,0,-0.5034252142043326,-0.482307325504017,1.414509494768574,1.450133602131285,TRUE
CYP3A7,0.6,3,KICH;KIRC;KIRP,ENSG00000243137,PSG4,3,KICH;KIRC;KIRP,1,0.3333333333333333,1,0.3333333333333333,0.25554636195282737,0.33138864272893404,0.2582930320088724,0.26097358793365827,TRUE
CYP3A7,0.6,3,KICH;KIRC;KIRP,ENSG00000243710,CFAP57,3,KICH;KIRC;KIRP,2,0.6666666666666666,0,0,-0.842371767051202,-1.7963669340334685,1.472891089117936,1.5483070387533513,TRUE
CYP3A7,0.6,3,KICH;KIRC;KIRP,ENSG00000243910,TUBA4B,3,KICH;KIRC;KIRP,2,0.6666666666666666,0,0,-0.7794039797434564,-1.4752836418919375,0.8779041172384309,0.902576772646742,TRUE
CYP3A7,0.6,3,KICH;KIRC;KIRP,ENSG00000244476,ERVFRD-1,3,KICH;KIRC;KIRP,2,0.6666666666666666,0,0,-2.044113402203859,-1.6365012880381262,1.6293753758232574,1.7200731690793822,TRUE
CYP3A7,0.6,3,KICH;KIRC;KIRP,ENSG00000244693,CTAGE8,3,KICH;KIRC;KIRP,0,0,0,0,-0.06734825149536298,0.05575434101439285,1.2355443322208641,1.2806648953006694,TRUE
CYP3A7,0.6,3,KICH;KIRC;KIRP,ENSG00000248329,APELA,3,KICH;KIRC;KIRP,3,1,0,0,-3.964450931812443,-4.704118909862023,1.3241175002789505,1.405921396162016,TRUE
CYP3A7,0.6,3,KICH;KIRC;KIRP,ENSG00000248713,C4orf54,3,KICH;KIRC;KIRP,3,1,0,0,-6.724199536270265,-6.17618869118172,1.4969735843373722,1.7228857501748875,TRUE
CYP3A7,0.6,3,KICH;KIRC;KIRP,ENSG00000249158,PCDHA11,3,KICH;KIRC;KIRP,2,0.6666666666666666,0,0,-1.3188015710335326,-1.2897769200538665,1.2445497917889592,1.3050245013396518,TRUE
CYP3A7,0.6,3,KICH;KIRC;KIRP,ENSG00000249715,FER1L5,3,KICH;KIRC;KIRP,2,0.6666666666666666,0,0,-1.4013839890116575,-1.2848055261905036,1.0785023949752874,1.212727686092492,TRUE
CYP3A7,0.6,3,KICH;KIRC;KIRP,ENSG00000250366,TUNAR,3,KICH;KIRC;KIRP,2,0.6666666666666666,1,0.3333333333333333,-2.402976861750638,-1.7708187982937509,1.5422365799040874,1.554594364972674,TRUE
CYP3A7,0.6,3,KICH;KIRC;KIRP,ENSG00000251493,FOXD1,3,KICH;KIRC;KIRP,2,0.6666666666666666,1,0.3333333333333333,-0.693643311099545,-0.47253408059892255,0.9865532968594701,1.1454473745973035,TRUE
CYP3A7,0.6,3,KICH;KIRC;KIRP,ENSG00000251664,PCDHA12,3,KICH;KIRC;KIRP,3,1,0,0,-1.8443839371716253,-2.2081437871720677,1.2750780768774506,1.3438307273987022,TRUE
CYP3A7,0.6,3,KICH;KIRC;KIRP,ENSG00000253626,EIF5AL1,3,KICH;KIRC;KIRP,0,0,1,0.3333333333333333,0.26856966059233717,0.4020748190606425,1.6714674168702541,1.8034756180839424,TRUE
CYP3A7,0.6,3,KICH;KIRC;KIRP,ENSG00000253649,PRSS51,3,KICH;KIRC;KIRP,0,0,1,0.3333333333333333,-0.1953960664992856,0.09590661838316762,1.3132915343080176,1.3283784355852712,TRUE
CYP3A7,0.6,3,KICH;KIRC;KIRP,ENSG00000254827,SLC22A18AS,3,KICH;KIRC;KIRP,1,0.3333333333333333,0,0,-0.4665851271660194,-0.5399742856745039,1.6834757124936262,1.711855541473961,TRUE
CYP3A7,0.6,3,KICH;KIRC;KIRP,ENSG00000255274,SMIM35,3,KICH;KIRC;KIRP,3,1,0,0,-2.7457693561835645,-2.3835993233302215,1.0535069195826765,1.0631840983865224,TRUE
CYP3A7,0.6,3,KICH;KIRC;KIRP,ENSG00000255346,NOX5,3,KICH;KIRC;KIRP,3,1,0,0,-1.0815047901240624,-1.1979727609729673,1.389856534754217,1.449463111720208,TRUE
CYP3A7,0.6,3,KICH;KIRC;KIRP,ENSG00000257446,ZNF878,3,KICH;KIRC;KIRP,2,0.6666666666666666,0,0,-1.209618441291386,-0.8863795920355658,1.5046343841613605,1.5101875305734598,TRUE
CYP3A7,0.6,3,KICH;KIRC;KIRP,ENSG00000260097,SPDYE6,3,KICH;KIRC;KIRP,0,0,0,0,0.2705463705809693,0.22404623246019834,1.5638497532279667,1.5946861303599618,TRUE
CYP3A7,0.6,3,KICH;KIRC;KIRP,ENSG00000260220,CCDC187,3,KICH;KIRC;KIRP,3,1,0,0,-2.2759282048152265,-2.139760789668469,0.8879635096719818,0.9067149524298096,TRUE
CYP3A7,0.6,3,KICH;KIRC;KIRP,ENSG00000260325,HSPB9,3,KICH;KIRC;KIRP,3,1,0,0,-2.2739492177614307,-2.2403435393754343,1.4522685662263812,1.4579589792117127,TRUE
CYP3A7,0.6,3,KICH;KIRC;KIRP,ENSG00000260802,SERTM2,3,KICH;KIRC;KIRP,1,0.3333333333333333,1,0.3333333333333333,-0.2608957688586322,1.4933130187651116,1.1730569525773429,1.2150277791477404,TRUE
CYP3A7,0.6,3,KICH;KIRC;KIRP,ENSG00000261308,FIGNL2,3,KICH;KIRC;KIRP,1,0.3333333333333333,0,0,-0.5274059919186191,-1.9761659550042427,1.4801376507029196,1.6235134783765233,TRUE
CYP3A7,0.6,3,KICH;KIRC;KIRP,ENSG00000262179,MYMX,3,KICH;KIRC;KIRP,2,0.6666666666666666,1,0.3333333333333333,-2.2732167064647033,-0.9718552557688748,0.8462328278954921,0.8826841141794463,TRUE
CYP3A7,0.6,3,KICH;KIRC;KIRP,ENSG00000262406,MMP12,3,KICH;KIRC;KIRP,0,0,3,1,0.74722250725951,0.8223430146769196,1.1275762822619135,1.157394045590892,TRUE
CYP3A7,0.6,3,KICH;KIRC;KIRP,ENSG00000265763,ZNF488,3,KICH;KIRC;KIRP,3,1,0,0,-3.5625897071221546,-3.6806425557935474,1.4199969893502282,1.4415813102925574,TRUE
CYP3A7,0.6,3,KICH;KIRC;KIRP,ENSG00000267710,EDDM13,3,KICH;KIRC;KIRP,1,0.3333333333333333,1,0.3333333333333333,0.0240304172778983,0.023710880173640685,1.5106294755089442,1.5431807328502007,TRUE
CYP3A7,0.6,3,KICH;KIRC;KIRP,ENSG00000273079,GRIN2B,3,KICH;KIRC;KIRP,3,1,0,0,-0.8755432786949213,-1.4504259383262954,1.5706252865194117,1.5777669176553313,TRUE
CYP3A7,0.6,3,KICH;KIRC;KIRP,ENSG00000274290,H2BC6,3,KICH;KIRC;KIRP,1,0.3333333333333333,0,0,0.11389993711589178,-0.7158603856145467,1.702962995442387,1.7388557596979308,TRUE
CYP3A7,0.6,3,KICH;KIRC;KIRP,ENSG00000275591,XKR5,3,KICH;KIRC;KIRP,1,0.3333333333333333,1,0.3333333333333333,0.4027835942295778,-0.003467957108270303,1.5325246713639527,1.6755948649901091,TRUE
CYP3A7,0.6,3,KICH;KIRC;KIRP,ENSG00000276070,CCL4L2,3,KICH;KIRC;KIRP,0,0,3,1,1.366655987518911,1.5531301162620088,1.7229936692808425,1.7527407314359778,TRUE
CYP3A7,0.6,3,KICH;KIRC;KIRP,ENSG00000276085,CCL3L3,3,KICH;KIRC;KIRP,0,0,3,1,0.7949930828219098,0.9794097412922115,1.6298256067742196,1.6510850778475838,TRUE
CYP3A7,0.6,3,KICH;KIRC;KIRP,ENSG00000276289,KCNE1B,3,KICH;KIRC;KIRP,3,1,0,0,-4.897516575658778,-4.215691925488162,0.7386401571945762,0.7830831260511333,TRUE
CYP3A7,0.6,3,KICH;KIRC;KIRP,ENSG00000277117,FP565260.3,3,KICH;KIRC;KIRP,2,0.6666666666666666,0,0,-0.6848274010866329,-0.6434564381506,1.4791292964653737,1.5766287511207149,TRUE
CYP3A7,0.6,3,KICH;KIRC;KIRP,ENSG00000281406,BLACAT1,3,KICH;KIRC;KIRP,2,0.6666666666666666,1,0.3333333333333333,-1.8706737639979325,-1.932421458542999,0.8162387467225025,1.025397877271471,TRUE
CYP3A7,0.6,3,KICH;KIRC;KIRP,ENSG00000283267,FAM237B,3,KICH;KIRC;KIRP,1,0.3333333333333333,0,0,-0.1940083035878804,-0.988724701735632,1.6365717648700884,1.6487501877335595,TRUE
CYP3A7,0.6,3,KICH;KIRC;KIRP,ENSG00000283526,PRRT1B,3,KICH;KIRC;KIRP,3,1,0,0,-2.2618727737903725,-2.3996466489667605,0.5459077651540464,0.705469777572094,TRUE
CYP3A7,0.7,4,KICH;KIRC;KIRP;LUSC,ENSG00000007968,E2F2,4,KICH;KIRC;KIRP;LUSC,0,0,4,1,2.9518701655507797,2.7792488667764363,1.508115838890802,1.694457813744549,TRUE
CYP3A7,0.7,4,KICH;KIRC;KIRP;LUSC,ENSG00000011590,ZBTB32,4,KICH;KIRC;KIRP;LUSC,0,0,2,0.5,0.4682312924889177,0.509175156279597,1.5194330737768398,1.695196675514481,TRUE
CYP3A7,0.7,4,KICH;KIRC;KIRP;LUSC,ENSG00000042832,TG,4,KICH;KIRC;KIRP;LUSC,2,0.5,2,0.5,0.6440201781153682,0.7573388935612401,1.6274739454196732,1.8247290928944229,TRUE
CYP3A7,0.7,4,KICH;KIRC;KIRP;LUSC,ENSG00000049249,TNFRSF9,4,KICH;KIRC;KIRP;LUSC,0,0,2,0.5,1.2261483412271217,1.7320370640834006,1.4551371850002257,1.5870637408476884,TRUE
CYP3A7,0.7,4,KICH;KIRC;KIRP;LUSC,ENSG00000069812,HES2,4,KICH;KIRC;KIRP;LUSC,2,0.5,1,0.25,-0.7914468232796605,-0.1895964202905276,0.9342137696838121,1.235984552435505,TRUE
CYP3A7,0.7,4,KICH;KIRC;KIRP;LUSC,ENSG00000072571,HMMR,4,KICH;KIRC;KIRP;LUSC,0,0,4,1,1.7435640173601392,2.051984004203719,1.4460638002634687,1.890328326122478,TRUE
CYP3A7,0.7,4,KICH;KIRC;KIRP;LUSC,ENSG00000073861,TBX21,4,KICH;KIRC;KIRP;LUSC,1,0.25,3,0.75,0.6969725708857449,0.4091542718151472,1.5420151249688467,1.6582333341150024,TRUE
CYP3A7,0.7,4,KICH;KIRC;KIRP;LUSC,ENSG00000077327,SPAG6,4,KICH;KIRC;KIRP;LUSC,3,0.75,1,0.25,-2.3196354563298396,-1.8616153551933456,1.0339241030292778,1.648278001241323,TRUE
CYP3A7,0.7,4,KICH;KIRC;KIRP;LUSC,ENSG00000078589,P2RY10,4,KICH;KIRC;KIRP;LUSC,1,0.25,2,0.5,0.44834893735241405,0.5949684293632826,1.4781796422386273,1.493644307998056,TRUE
CYP3A7,0.7,4,KICH;KIRC;KIRP;LUSC,ENSG00000081277,PKP1,4,KICH;KIRC;KIRP;LUSC,2,0.5,2,0.5,-0.38712553511486103,0.26855019047372286,1.7454399752230034,1.9665304016513108,TRUE
CYP3A7,0.7,4,KICH;KIRC;KIRP;LUSC,ENSG00000084110,HAL,4,KICH;KIRC;KIRP;LUSC,2,0.5,1,0.25,-0.5276969204714697,-0.3836600288240103,1.344465184172908,1.4891765985754708,TRUE
CYP3A7,0.7,4,KICH;KIRC;KIRP;LUSC,ENSG00000086696,HSD17B2,4,KICH;KIRC;KIRP;LUSC,1,0.25,0,0,-0.36627430590843063,-0.8902160775327655,1.150108925247635,1.3970101451681751,TRUE
CYP3A7,0.7,4,KICH;KIRC;KIRP;LUSC,ENSG00000087237,CETP,4,KICH;KIRC;KIRP;LUSC,1,0.25,2,0.5,0.25744721756814437,-0.004906075190884318,1.5022670738285713,1.6325757803540697,TRUE
CYP3A7,0.7,4,KICH;KIRC;KIRP;LUSC,ENSG00000089012,SIRPG,4,KICH;KIRC;KIRP;LUSC,0,0,2,0.5,1.082184269672236,1.5239219401440667,1.3526911861468802,1.4320951015807957,TRUE
CYP3A7,0.7,4,KICH;KIRC;KIRP;LUSC,ENSG00000089685,BIRC5,4,KICH;KIRC;KIRP;LUSC,0,0,4,1,2.968124433429292,3.2134525988425358,1.6889213553032725,1.7400665359707277,TRUE
CYP3A7,0.7,4,KICH;KIRC;KIRP;LUSC,ENSG00000091181,IL5RA,4,KICH;KIRC;KIRP;LUSC,4,1,0,0,-2.709945328934827,-2.9231707480751847,1.7232653915578164,1.7754247538576535,TRUE
CYP3A7,0.7,4,KICH;KIRC;KIRP;LUSC,ENSG00000096996,IL12RB1,4,KICH;KIRC;KIRP;LUSC,1,0.25,3,0.75,1.3684198804905199,0.9467143584650795,1.7621563094743897,1.9961875339717123,TRUE
CYP3A7,0.7,4,KICH;KIRC;KIRP;LUSC,ENSG00000099985,OSM,4,KICH;KIRC;KIRP;LUSC,1,0.25,3,0.75,1.1476590925451466,0.8178569085586156,1.5276642791529116,1.820342194710463,TRUE
CYP3A7,0.7,4,KICH;KIRC;KIRP;LUSC,ENSG00000100078,PLA2G3,4,KICH;KIRC;KIRP;LUSC,3,0.75,1,0.25,-2.4379573368862584,-1.8843912441838144,0.8653006901574686,1.8525710061730265,TRUE
CYP3A7,0.7,4,KICH;KIRC;KIRP;LUSC,ENSG00000100162,CENPM,4,KICH;KIRC;KIRP;LUSC,0,0,4,1,2.5010585235068756,2.4739184041951727,1.6927995153981028,1.907355170166016,TRUE
CYP3A7,0.7,4,KICH;KIRC;KIRP;LUSC,ENSG00000100344,PNPLA3,4,KICH;KIRC;KIRP;LUSC,3,0.75,1,0.25,-1.4131378864490693,-1.0208604237049803,0.8882164287534418,1.3781385394976975,TRUE
CYP3A7,0.7,4,KICH;KIRC;KIRP;LUSC,ENSG00000101162,TUBB1,4,KICH;KIRC;KIRP;LUSC,2,0.5,0,0,-0.483948963226587,-1.1677380651577098,1.5535448760937105,1.6532406000705324,TRUE
CYP3A7,0.7,4,KICH;KIRC;KIRP;LUSC,ENSG00000101197,BIRC7,4,KICH;KIRC;KIRP;LUSC,1,0.25,3,0.75,3.9587903447844086,3.146805775225835,1.4519454287837479,1.5921454808551,TRUE
CYP3A7,0.7,4,KICH;KIRC;KIRP;LUSC,ENSG00000101222,SPEF1,4,KICH;KIRC;KIRP;LUSC,2,0.5,1,0.25,-1.3174360146451731,-1.2956105710769825,1.6845213205247755,1.8127716269920444,TRUE
CYP3A7,0.7,4,KICH;KIRC;KIRP;LUSC,ENSG00000101425,BPI,4,KICH;KIRC;KIRP;LUSC,4,1,0,0,-3.225281174045689,-3.332801487438846,0.9665928153898891,1.0809551268982638,TRUE
CYP3A7,0.7,4,KICH;KIRC;KIRP;LUSC,ENSG00000102243,VGLL1,4,KICH;KIRC;KIRP;LUSC,3,0.75,0,0,-6.655569076508787,-5.36201635419517,1.1220978051307848,1.5089534570616892,TRUE
CYP3A7,0.7,4,KICH;KIRC;KIRP;LUSC,ENSG00000102245,CD40LG,4,KICH;KIRC;KIRP;LUSC,2,0.5,2,0.5,0.04837454243073891,-0.12606302686078574,1.4998808577383385,1.5851887724596665,TRUE
CYP3A7,0.7,4,KICH;KIRC;KIRP;LUSC,ENSG00000102962,CCL22,4,KICH;KIRC;KIRP;LUSC,0,0,1,0.25,0.26404136225394215,0.48573574805393815,1.5896505089959094,1.6027079503476211,TRUE
CYP3A7,0.7,4,KICH;KIRC;KIRP;LUSC,ENSG00000103522,IL21R,4,KICH;KIRC;KIRP;LUSC,0,0,2,0.5,0.6462809819905492,0.9132770095573549,0.9192357889951959,1.4341300406869113,TRUE
CYP3A7,0.7,4,KICH;KIRC;KIRP;LUSC,ENSG00000104237,RP1,4,KICH;KIRC;KIRP;LUSC,4,1,0,0,-1.8859523549902701,-2.22682164718841,1.4211734915176368,1.6778654469865064,TRUE
CYP3A7,0.7,4,KICH;KIRC;KIRP;LUSC,ENSG00000104892,KLC3,4,KICH;KIRC;KIRP;LUSC,2,0.5,1,0.25,-0.47676042070518404,-0.39185924603003763,1.2666949216565122,1.5814023630435214,TRUE
CYP3A7,0.7,4,KICH;KIRC;KIRP;LUSC,ENSG00000104901,DKKL1,4,KICH;KIRC;KIRP;LUSC,1,0.25,1,0.25,0.3616856105763139,0.08456536422308042,1.6805134075239367,1.9981275287084312,TRUE
CYP3A7,0.7,4,KICH;KIRC;KIRP;LUSC,ENSG00000104951,IL4I1,4,KICH;KIRC;KIRP;LUSC,0,0,3,0.75,1.6627669753701029,1.3651895621821653,1.3266643724826213,1.6843348190473693,TRUE
CYP3A7,0.7,4,KICH;KIRC;KIRP;LUSC,ENSG00000105131,EPHX3,4,KICH;KIRC;KIRP;LUSC,3,0.75,1,0.25,-0.9072614602271991,-0.5135579977636998,1.511915221102688,1.671248442268921,TRUE
CYP3A7,0.7,4,KICH;KIRC;KIRP;LUSC,ENSG00000105369,CD79A,4,KICH;KIRC;KIRP;LUSC,0,0,1,0.25,0.021199783039745485,0.2953682940801693,1.538933884801231,1.884716582125564,TRUE
CYP3A7,0.7,4,KICH;KIRC;KIRP;LUSC,ENSG00000105479,CCDC114,4,KICH;KIRC;KIRP;LUSC,3,0.75,1,0.25,-0.6327611023117474,-0.41234940598889847,1.6273819907196467,1.6718393931797473,TRUE
CYP3A7,0.7,4,KICH;KIRC;KIRP;LUSC,ENSG00000107014,RLN2,4,KICH;KIRC;KIRP;LUSC,2,0.5,0,0,-0.8986660574791515,-1.1961695489051984,1.213867292176025,1.8338293181844831,TRUE
CYP3A7,0.7,4,KICH;KIRC;KIRP;LUSC,ENSG00000107593,PKD2L1,4,KICH;KIRC;KIRP;LUSC,1,0.25,3,0.75,2.644549663456135,1.6798685939600237,1.23852302466194,1.3463429338309028,TRUE
CYP3A7,0.7,4,KICH;KIRC;KIRP;LUSC,ENSG00000108244,KRT23,4,KICH;KIRC;KIRP;LUSC,2,0.5,2,0.5,0.08590513920872711,-0.08264006264604329,1.083335819713656,1.0972922545907646,TRUE
CYP3A7,0.7,4,KICH;KIRC;KIRP;LUSC,ENSG00000108700,CCL8,4,KICH;KIRC;KIRP;LUSC,2,0.5,0,0,-0.9945501804609853,-1.0050824236749287,1.655166167782479,1.8080382188073496,TRUE
CYP3A7,0.7,4,KICH;KIRC;KIRP;LUSC,ENSG00000109101,FOXN1,4,KICH;KIRC;KIRP;LUSC,3,0.75,1,0.25,-2.0358742382296966,-0.9962999764964025,1.4999811808025492,1.9061423602029075,TRUE
CYP3A7,0.7,4,KICH;KIRC;KIRP;LUSC,ENSG00000109205,ODAM,4,KICH;KIRC;KIRP;LUSC,3,0.75,1,0.25,-4.41575654037962,-3.3326888977942524,0.7590828738184576,1.2478882091439107,TRUE
CYP3A7,0.7,4,KICH;KIRC;KIRP;LUSC,ENSG00000111218,PRMT8,4,KICH;KIRC;KIRP;LUSC,3,0.75,1,0.25,-2.9781369690595065,-1.8361109762557297,1.3309065897653658,1.3506739008254764,TRUE
CYP3A7,0.7,4,KICH;KIRC;KIRP;LUSC,ENSG00000111291,GPRC5D,4,KICH;KIRC;KIRP;LUSC,0,0,2,0.5,0.30848753360591463,0.27723730095702726,1.5985640319787975,1.694421285402273,TRUE
CYP3A7,0.7,4,KICH;KIRC;KIRP;LUSC,ENSG00000111339,ART4,4,KICH;KIRC;KIRP;LUSC,3,0.75,0,0,-1.7604036002442214,-1.9922622923534992,1.3062353193576661,1.757848745551921,TRUE
CYP3A7,0.7,4,KICH;KIRC;KIRP;LUSC,ENSG00000111981,ULBP1,4,KICH;KIRC;KIRP;LUSC,1,0.25,1,0.25,0.14721231295779805,0.0421004055786164,0.9263563410377023,1.4216812495851712,TRUE
CYP3A7,0.7,4,KICH;KIRC;KIRP;LUSC,ENSG00000112706,IMPG1,4,KICH;KIRC;KIRP;LUSC,2,0.5,0,0,-0.5847847003763932,-0.6223725170273917,1.6180711080262848,1.969650883221711,TRUE
CYP3A7,0.7,4,KICH;KIRC;KIRP;LUSC,ENSG00000112742,TTK,4,KICH;KIRC;KIRP;LUSC,0,0,4,1,2.28356313349403,2.7686094438041087,1.6625023302451545,1.723317756173932,TRUE
CYP3A7,0.7,4,KICH;KIRC;KIRP;LUSC,ENSG00000112984,KIF20A,4,KICH;KIRC;KIRP;LUSC,0,0,4,1,2.786431984753734,2.85477375355211,1.635605014660788,1.6696374546561426,TRUE
CYP3A7,0.7,4,KICH;KIRC;KIRP;LUSC,ENSG00000114113,RBP2,4,KICH;KIRC;KIRP;LUSC,4,1,0,0,-4.271573514301326,-4.262497026845489,0.6915130435282453,1.2131613338098222,TRUE
CYP3A7,0.7,4,KICH;KIRC;KIRP;LUSC,ENSG00000114248,LRRC31,4,KICH;KIRC;KIRP;LUSC,1,0.25,2,0.5,0.5734355706358436,0.013964079573816068,1.3188020423895381,1.9827630178752411,TRUE
CYP3A7,0.7,4,KICH;KIRC;KIRP;LUSC,ENSG00000117090,SLAMF1,4,KICH;KIRC;KIRP;LUSC,2,0.5,1,0.25,-0.4141895264183422,-0.014317361183060984,1.293274280611084,1.52268168891867,TRUE
CYP3A7,0.7,4,KICH;KIRC;KIRP;LUSC,ENSG00000117560,FASLG,4,KICH;KIRC;KIRP;LUSC,1,0.25,3,0.75,1.3949179773759723,1.2493299310094885,1.3253727511571298,1.5417662065387223,TRUE
CYP3A7,0.7,4,KICH;KIRC;KIRP;LUSC,ENSG00000119915,ELOVL3,4,KICH;KIRC;KIRP;LUSC,4,1,0,0,-1.329744879090295,-1.29816689877363,1.390801584683042,1.5383731770194944,TRUE
CYP3A7,0.7,4,KICH;KIRC;KIRP;LUSC,ENSG00000120280,CXorf21,4,KICH;KIRC;KIRP;LUSC,1,0.25,2,0.5,0.3262038377460167,0.25486770528242064,1.6738892162117724,1.7675676645788552,TRUE
CYP3A7,0.7,4,KICH;KIRC;KIRP;LUSC,ENSG00000120332,TNN,4,KICH;KIRC;KIRP;LUSC,1,0.25,1,0.25,-0.4837878652777165,-0.5715601759723712,1.52304308616764,1.8153920329360376,TRUE
CYP3A7,0.7,4,KICH;KIRC;KIRP;LUSC,ENSG00000121380,BCL2L14,4,KICH;KIRC;KIRP;LUSC,1,0.25,0,0,-0.3754953481215314,-0.4502253971618255,1.488786565282092,1.594970023962351,TRUE
CYP3A7,0.7,4,KICH;KIRC;KIRP;LUSC,ENSG00000121621,KIF18A,4,KICH;KIRC;KIRP;LUSC,0,0,3,0.75,1.6328586189626377,1.5553593383802666,1.6710483378018002,1.7572774601986896,TRUE
CYP3A7,0.7,4,KICH;KIRC;KIRP;LUSC,ENSG00000121895,TMEM156,4,KICH;KIRC;KIRP;LUSC,0,0,2,0.5,0.6984263151299188,0.8331678601556447,1.4463145673969415,1.4632842673193376,TRUE
CYP3A7,0.7,4,KICH;KIRC;KIRP;LUSC,ENSG00000122224,LY9,4,KICH;KIRC;KIRP;LUSC,1,0.25,3,0.75,0.8282134811829944,0.7955148550266604,1.431010624259996,1.4811605908292502,TRUE
CYP3A7,0.7,4,KICH;KIRC;KIRP;LUSC,ENSG00000122735,DNAI1,4,KICH;KIRC;KIRP;LUSC,3,0.75,1,0.25,-1.8106262590663245,-1.6315002045196239,0.7625718571560652,1.2149309222458815,TRUE
CYP3A7,0.7,4,KICH;KIRC;KIRP;LUSC,ENSG00000123454,DBH,4,KICH;KIRC;KIRP;LUSC,4,1,0,0,-2.0025364837881647,-2.224472242960131,1.1434960963109515,1.3604523784902225,TRUE
CYP3A7,0.7,4,KICH;KIRC;KIRP;LUSC,ENSG00000123485,HJURP,4,KICH;KIRC;KIRP;LUSC,0,0,4,1,3.1303459510585903,3.220284108972712,1.338605872173059,1.5339564798296867,TRUE
CYP3A7,0.7,4,KICH;KIRC;KIRP;LUSC,ENSG00000123496,IL13RA2,4,KICH;KIRC;KIRP;LUSC,3,0.75,0,0,-2.689502247634847,-2.5138033870536893,1.4370418097320408,1.9634481331720584,TRUE
CYP3A7,0.7,4,KICH;KIRC;KIRP;LUSC,ENSG00000123500,COL10A1,4,KICH;KIRC;KIRP;LUSC,1,0.25,1,0.25,-0.39198763098275374,0.6776766558689539,1.5809962692406134,1.857413364631849,TRUE
CYP3A7,0.7,4,KICH;KIRC;KIRP;LUSC,ENSG00000123977,DAW1,4,KICH;KIRC;KIRP;LUSC,3,0.75,1,0.25,-2.2893631843730207,-1.7655396849761371,1.248967578086785,1.4063419769121477,TRUE
CYP3A7,0.7,4,KICH;KIRC;KIRP;LUSC,ENSG00000124256,ZBP1,4,KICH;KIRC;KIRP;LUSC,0,0,2,0.5,0.6226789091635637,0.8140092598360344,1.5324498074256898,1.5929777014955826,TRUE
CYP3A7,0.7,4,KICH;KIRC;KIRP;LUSC,ENSG00000124490,CRISP2,4,KICH;KIRC;KIRP;LUSC,4,1,0,0,-4.857292685028682,-4.460268919715448,0.5313868149099275,0.9035091777971586,TRUE
CYP3A7,0.7,4,KICH;KIRC;KIRP;LUSC,ENSG00000124875,CXCL6,4,KICH;KIRC;KIRP;LUSC,1,0.25,2,0.5,0.7111085040322901,-0.09162680867432416,0.9675628912094232,1.2526643458977524,TRUE
CYP3A7,0.7,4,KICH;KIRC;KIRP;LUSC,ENSG00000124939,SCGB2A1,4,KICH;KIRC;KIRP;LUSC,3,0.75,0,0,-2.015964609570225,-1.8698210928767445,1.2105504081191998,1.45294002707713,TRUE
CYP3A7,0.7,4,KICH;KIRC;KIRP;LUSC,ENSG00000125531,FNDC11,4,KICH;KIRC;KIRP;LUSC,3,0.75,0,0,-1.5773747077319107,-1.8980456360780182,1.50705600598771,1.7771986515234977,TRUE
CYP3A7,0.7,4,KICH;KIRC;KIRP;LUSC,ENSG00000125726,CD70,4,KICH;KIRC;KIRP;LUSC,0,0,3,0.75,2.943907944219339,3.391102533570819,1.5367744116225013,1.571303543184097,TRUE
CYP3A7,0.7,4,KICH;KIRC;KIRP;LUSC,ENSG00000126262,FFAR2,4,KICH;KIRC;KIRP;LUSC,1,0.25,2,0.5,0.544126260444955,0.2795494044803782,1.6122485272322953,1.9827697794621897,TRUE
CYP3A7,0.7,4,KICH;KIRC;KIRP;LUSC,ENSG00000126787,DLGAP5,4,KICH;KIRC;KIRP;LUSC,0,0,4,1,3.01685530588691,3.3571586585968216,1.4343715958861396,1.5714727961860857,TRUE
CYP3A7,0.7,4,KICH;KIRC;KIRP;LUSC,ENSG00000128645,HOXD1,4,KICH;KIRC;KIRP;LUSC,4,1,0,0,-1.494657888669664,-1.5622603721911734,1.326682944496943,1.7137467270141782,TRUE
CYP3A7,0.7,4,KICH;KIRC;KIRP;LUSC,ENSG00000129810,SGO1,4,KICH;KIRC;KIRP;LUSC,0,0,4,1,1.32698404985641,1.8817348682594952,1.560775515037451,1.8197249220347016,TRUE
CYP3A7,0.7,4,KICH;KIRC;KIRP;LUSC,ENSG00000129988,LBP,4,KICH;KIRC;KIRP;LUSC,2,0.5,2,0.5,-1.1186249689815857,-1.31416306345972,1.2312069104538226,1.5545360828762167,TRUE
CYP3A7,0.7,4,KICH;KIRC;KIRP;LUSC,ENSG00000130487,KLHDC7B,4,KICH;KIRC;KIRP;LUSC,0,0,2,0.5,0.7249472149044741,1.021331561402051,1.461131789698164,1.605260051179373,TRUE
CYP3A7,0.7,4,KICH;KIRC;KIRP;LUSC,ENSG00000130701,RBBP8NL,4,KICH;KIRC;KIRP;LUSC,2,0.5,2,0.5,-2.6773739575254156,-2.302748958732308,1.2814309098675554,1.7038366555283118,TRUE
CYP3A7,0.7,4,KICH;KIRC;KIRP;LUSC,ENSG00000131015,ULBP2,4,KICH;KIRC;KIRP;LUSC,0,0,3,0.75,0.9576178453997739,0.9435834266153906,1.3723156653170214,1.600008401074044,TRUE
CYP3A7,0.7,4,KICH;KIRC;KIRP;LUSC,ENSG00000131044,TTLL9,4,KICH;KIRC;KIRP;LUSC,3,0.75,0,0,-0.9450727148105417,-1.009735000826059,1.5956945396962627,1.8127633486557335,TRUE
CYP3A7,0.7,4,KICH;KIRC;KIRP;LUSC,ENSG00000131355,ADGRE3,4,KICH;KIRC;KIRP;LUSC,1,0.25,2,0.5,0.5637958261545053,-0.2242963040284356,1.4989280971257943,1.6142282341053646,TRUE
CYP3A7,0.7,4,KICH;KIRC;KIRP;LUSC,ENSG00000132517,SLC52A1,4,KICH;KIRC;KIRP;LUSC,1,0.25,2,0.5,0.7003791771168062,0.40708671396220814,1.4032817499574322,1.9630363883225883,TRUE
CYP3A7,0.7,4,KICH;KIRC;KIRP;LUSC,ENSG00000132746,ALDH3B2,4,KICH;KIRC;KIRP;LUSC,3,0.75,1,0.25,-3.7342280996570363,-2.1824072170083655,1.032596602621108,1.6103363356472196,TRUE
CYP3A7,0.7,4,KICH;KIRC;KIRP;LUSC,ENSG00000133055,MYBPH,4,KICH;KIRC;KIRP;LUSC,3,0.75,0,0,-2.8912164022640905,-2.426955549198856,0.866352602002404,1.9863270988654604,TRUE
CYP3A7,0.7,4,KICH;KIRC;KIRP;LUSC,ENSG00000133107,TRPC4,4,KICH;KIRC;KIRP;LUSC,3,0.75,1,0.25,-0.9690359231822476,-0.6517276610470875,1.5876539989169556,1.678808425015987,TRUE
CYP3A7,0.7,4,KICH;KIRC;KIRP;LUSC,ENSG00000133317,LGALS12,4,KICH;KIRC;KIRP;LUSC,1,0.25,2,0.5,0.8349457824617696,0.8098910475764651,1.4330444475522954,1.656506134596101,TRUE
CYP3A7,0.7,4,KICH;KIRC;KIRP;LUSC,ENSG00000133328,PLAAT2,4,KICH;KIRC;KIRP;LUSC,3,0.75,0,0,-1.6373238981342506,-1.843079479572711,1.494897682042767,1.6937475557411077,TRUE
CYP3A7,0.7,4,KICH;KIRC;KIRP;LUSC,ENSG00000133475,GGT2,4,KICH;KIRC;KIRP;LUSC,2,0.5,0,0,-0.8520774168417348,-1.016426737996254,1.3908854926067395,1.637248020280253,TRUE
CYP3A7,0.7,4,KICH;KIRC;KIRP;LUSC,ENSG00000133488,SEC14L4,4,KICH;KIRC;KIRP;LUSC,3,0.75,0,0,-1.6469998498487592,-1.7976372709833173,1.35668288632597,1.965480432247752,TRUE
CYP3A7,0.7,4,KICH;KIRC;KIRP;LUSC,ENSG00000133665,DYDC2,4,KICH;KIRC;KIRP;LUSC,3,0.75,0,0,-1.7215332609023033,-1.5542023429275433,1.395289917254832,1.5219785621718918,TRUE
CYP3A7,0.7,4,KICH;KIRC;KIRP;LUSC,ENSG00000134460,IL2RA,4,KICH;KIRC;KIRP;LUSC,0,0,3,0.75,0.9427214618013529,1.1411651342150422,1.292270263511862,1.4266555470235247,TRUE
CYP3A7,0.7,4,KICH;KIRC;KIRP;LUSC,ENSG00000134539,KLRD1,4,KICH;KIRC;KIRP;LUSC,1,0.25,3,0.75,1.5496634769809399,0.8552479598165394,1.7167897492875088,1.8639810009450903,TRUE
CYP3A7,0.7,4,KICH;KIRC;KIRP;LUSC,ENSG00000135476,ESPL1,4,KICH;KIRC;KIRP;LUSC,0,0,1,0.25,0.18832376450116406,0.9803288354612734,1.5012446533474835,1.7688475301165492,TRUE
CYP3A7,0.7,4,KICH;KIRC;KIRP;LUSC,ENSG00000136573,BLK,4,KICH;KIRC;KIRP;LUSC,3,0.75,1,0.25,-0.7353513523031279,-0.5177628579890408,0.5847778897626574,0.6809905339265252,TRUE
CYP3A7,0.7,4,KICH;KIRC;KIRP;LUSC,ENSG00000137078,SIT1,4,KICH;KIRC;KIRP;LUSC,0,0,2,0.5,0.39018126130427105,0.7943820053061248,1.5731174940128836,1.62290123385923,TRUE
CYP3A7,0.7,4,KICH;KIRC;KIRP;LUSC,ENSG00000137440,FGFBP1,4,KICH;KIRC;KIRP;LUSC,3,0.75,1,0.25,-2.8382782922999725,-2.036755335805002,1.3074426435475355,1.6426955508869243,TRUE
CYP3A7,0.7,4,KICH;KIRC;KIRP;LUSC,ENSG00000137709,POU2F3,4,KICH;KIRC;KIRP;LUSC,2,0.5,1,0.25,-0.9286933695102417,-1.0003426092905,1.3745861232786782,1.5186020375172211,TRUE
CYP3A7,0.7,4,KICH;KIRC;KIRP;LUSC,ENSG00000137812,KNL1,4,KICH;KIRC;KIRP;LUSC,1,0.25,2,0.5,0.2322521011443932,0.7206454077326074,1.464645166057577,1.7225630871433926,TRUE
CYP3A7,0.7,4,KICH;KIRC;KIRP;LUSC,ENSG00000138315,OIT3,4,KICH;KIRC;KIRP;LUSC,3,0.75,1,0.25,-1.9564265419409042,-1.3419725909170315,0.7989969600455915,1.973700047719729,TRUE
CYP3A7,0.7,4,KICH;KIRC;KIRP;LUSC,ENSG00000139344,AMDHD1,4,KICH;KIRC;KIRP;LUSC,2,0.5,0,0,-0.5416545549172451,-1.3707569735805283,1.5315436035281749,1.979186447378571,TRUE
CYP3A7,0.7,4,KICH;KIRC;KIRP;LUSC,ENSG00000139572,GPR84,4,KICH;KIRC;KIRP;LUSC,0,0,4,1,1.508510010519609,1.5926319951851498,1.4389299225651768,1.6411106961493538,TRUE
CYP3A7,0.7,4,KICH;KIRC;KIRP;LUSC,ENSG00000140279,DUOX2,4,KICH;KIRC;KIRP;LUSC,2,0.5,0,0,-1.0753333532951819,-1.1130256830848035,1.5586918489708734,1.866714994353918,TRUE
CYP3A7,0.7,4,KICH;KIRC;KIRP;LUSC,ENSG00000140932,CMTM2,4,KICH;KIRC;KIRP;LUSC,1,0.25,1,0.25,0.10524957637339605,-0.4291760509241673,1.3582941358895286,1.446209919756569,TRUE
CYP3A7,0.7,4,KICH;KIRC;KIRP;LUSC,ENSG00000141161,UNC45B,4,KICH;KIRC;KIRP;LUSC,3,0.75,0,0,-2.2589406774873773,-2.126947663930027,1.300509240407981,1.4297878694649475,TRUE
CYP3A7,0.7,4,KICH;KIRC;KIRP;LUSC,ENSG00000141294,LRRC46,4,KICH;KIRC;KIRP;LUSC,1,0.25,1,0.25,-0.2122063859797968,-0.38903239312602256,1.57806863652811,1.9429696518041544,TRUE
CYP3A7,0.7,4,KICH;KIRC;KIRP;LUSC,ENSG00000141579,ZNF750,4,KICH;KIRC;KIRP;LUSC,3,0.75,1,0.25,-1.5815969654941093,-0.935324770833259,1.3867339309426239,1.6368232021825653,TRUE
CYP3A7,0.7,4,KICH;KIRC;KIRP;LUSC,ENSG00000142405,NLRP12,4,KICH;KIRC;KIRP;LUSC,1,0.25,2,0.5,0.5453842414350643,-0.04409646054643657,1.4916366835629327,1.5856339325807192,TRUE
CYP3A7,0.7,4,KICH;KIRC;KIRP;LUSC,ENSG00000142606,MMEL1,4,KICH;KIRC;KIRP;LUSC,3,0.75,0,0,-1.1624855187123107,-1.2377473623909874,1.4356930564442987,1.5895630808828198,TRUE
CYP3A7,0.7,4,KICH;KIRC;KIRP;LUSC,ENSG00000142621,FHAD1,4,KICH;KIRC;KIRP;LUSC,2,0.5,0,0,-0.9194456947939817,-0.8657672406530432,1.48309850833086,1.7250966822328584,TRUE
CYP3A7,0.7,4,KICH;KIRC;KIRP;LUSC,ENSG00000142677,IL22RA1,4,KICH;KIRC;KIRP;LUSC,1,0.25,3,0.75,1.2986147622655246,0.0034079586317187216,1.351101186637732,1.831921743016317,TRUE
CYP3A7,0.7,4,KICH;KIRC;KIRP;LUSC,ENSG00000143185,XCL2,4,KICH;KIRC;KIRP;LUSC,1,0.25,2,0.5,0.506947894649259,0.5945949445526881,1.26525002534234,1.5976067661667257,TRUE
CYP3A7,0.7,4,KICH;KIRC;KIRP;LUSC,ENSG00000143297,FCRL5,4,KICH;KIRC;KIRP;LUSC,1,0.25,2,0.5,0.3043154470399048,0.35522847455869727,1.1331764450943522,1.1487087850751876,TRUE
CYP3A7,0.7,4,KICH;KIRC;KIRP;LUSC,ENSG00000145491,ROPN1L,4,KICH;KIRC;KIRP;LUSC,2,0.5,2,0.5,-0.5618649548328932,-0.7208995076316811,1.3917486394912297,1.5080252955110878,TRUE
CYP3A7,0.7,4,KICH;KIRC;KIRP;LUSC,ENSG00000145850,TIMD4,4,KICH;KIRC;KIRP;LUSC,1,0.25,3,0.75,1.4484212643999417,1.3149458037706014,1.642641803842485,1.7082955750876092,TRUE
CYP3A7,0.7,4,KICH;KIRC;KIRP;LUSC,ENSG00000145864,GABRB2,4,KICH;KIRC;KIRP;LUSC,4,1,0,0,-2.937310321260094,-2.9416508694630017,1.6449158900544858,1.7169359257358678,TRUE
CYP3A7,0.7,4,KICH;KIRC;KIRP;LUSC,ENSG00000146166,LGSN,4,KICH;KIRC;KIRP;LUSC,4,1,0,0,-2.8167869576334894,-2.92220946606725,1.1339028106569506,1.6695469951805293,TRUE
CYP3A7,0.7,4,KICH;KIRC;KIRP;LUSC,ENSG00000146285,SCML4,4,KICH;KIRC;KIRP;LUSC,2,0.5,1,0.25,-0.597082292146476,-0.5304595024140959,1.4342714575403943,1.504459744726267,TRUE
CYP3A7,0.7,4,KICH;KIRC;KIRP;LUSC,ENSG00000146955,RAB19,4,KICH;KIRC;KIRP;LUSC,1,0.25,1,0.25,-0.01470403900140177,0.07721291589452822,1.5017013680811158,1.5790027053044622,TRUE
CYP3A7,0.7,4,KICH;KIRC;KIRP;LUSC,ENSG00000147082,CCNB3,4,KICH;KIRC;KIRP;LUSC,2,0.5,0,0,-0.4537270857398345,-0.4352659194176737,1.6982600339222182,1.8861740182907645,TRUE
CYP3A7,0.7,4,KICH;KIRC;KIRP;LUSC,ENSG00000147138,GPR174,4,KICH;KIRC;KIRP;LUSC,1,0.25,2,0.5,0.5918692993957668,0.6879839888396762,1.3162665734087033,1.3592558454729513,TRUE
CYP3A7,0.7,4,KICH;KIRC;KIRP;LUSC,ENSG00000148483,TMEM236,4,KICH;KIRC;KIRP;LUSC,3,0.75,0,0,-0.8683975471996093,-0.999181380143881,1.6270993476389473,1.6971777940495183,TRUE
CYP3A7,0.7,4,KICH;KIRC;KIRP;LUSC,ENSG00000148735,PLEKHS1,4,KICH;KIRC;KIRP;LUSC,4,1,0,0,-1.9221880363319206,-1.8393066156602558,0.9258065016995591,1.4839980424723322,TRUE
CYP3A7,0.7,4,KICH;KIRC;KIRP;LUSC,ENSG00000150045,KLRF1,4,KICH;KIRC;KIRP;LUSC,2,0.5,1,0.25,-0.7318282214105551,-0.8135990350386593,1.3995009834699805,1.5457061119902846,TRUE
CYP3A7,0.7,4,KICH;KIRC;KIRP;LUSC,ENSG00000151224,MAT1A,4,KICH;KIRC;KIRP;LUSC,2,0.5,1,0.25,-0.9140815520782803,-0.7163785592542617,1.2076408521802635,1.5596473709445504,TRUE
CYP3A7,0.7,4,KICH;KIRC;KIRP;LUSC,ENSG00000151790,TDO2,4,KICH;KIRC;KIRP;LUSC,0,0,3,0.75,0.9322462496953124,0.7997122032655202,1.188745239874711,1.212934261934912,TRUE
CYP3A7,0.7,4,KICH;KIRC;KIRP;LUSC,ENSG00000152253,SPC25,4,KICH;KIRC;KIRP;LUSC,0,0,4,1,2.0390990184870237,2.031103367394116,1.6831838986334522,1.7300648220030037,TRUE
CYP3A7,0.7,4,KICH;KIRC;KIRP;LUSC,ENSG00000152463,OLAH,4,KICH;KIRC;KIRP;LUSC,4,1,0,0,-2.0129462666550815,-2.386860565000693,1.1127241603839106,1.429078574102837,TRUE
CYP3A7,0.7,4,KICH;KIRC;KIRP;LUSC,ENSG00000152611,CAPSL,4,KICH;KIRC;KIRP;LUSC,4,1,0,0,-3.4855316222488426,-3.1356858503782856,0.7202842647084555,1.583808592678349,TRUE
CYP3A7,0.7,4,KICH;KIRC;KIRP;LUSC,ENSG00000153347,FAM81B,4,KICH;KIRC;KIRP;LUSC,2,0.5,0,0,-2.3950080936851808,-2.6161258936009038,0.9547903024477711,1.3511316037307777,TRUE
CYP3A7,0.7,4,KICH;KIRC;KIRP;LUSC,ENSG00000153976,HS3ST3A1,4,KICH;KIRC;KIRP;LUSC,3,0.75,1,0.25,-1.8116985345850034,-1.0120373644642382,1.532604160863219,1.7939356617101478,TRUE
CYP3A7,0.7,4,KICH;KIRC;KIRP;LUSC,ENSG00000154016,GRAP,4,KICH;KIRC;KIRP;LUSC,2,0.5,1,0.25,-1.0494815420285448,-0.7026341516007674,1.5879669450607399,1.7003600414469031,TRUE
CYP3A7,0.7,4,KICH;KIRC;KIRP;LUSC,ENSG00000154099,DNAAF1,4,KICH;KIRC;KIRP;LUSC,3,0.75,1,0.25,-1.7230547658325124,-1.4503153782938005,1.6375262948095464,1.9764665465388949,TRUE
CYP3A7,0.7,4,KICH;KIRC;KIRP;LUSC,ENSG00000154479,CCDC173,4,KICH;KIRC;KIRP;LUSC,2,0.5,0,0,-1.5169323345379353,-1.7579505917442113,1.704547894352656,1.9737551931310715,TRUE
CYP3A7,0.7,4,KICH;KIRC;KIRP;LUSC,ENSG00000155530,LRGUK,4,KICH;KIRC;KIRP;LUSC,1,0.25,1,0.25,0.1310688530116552,-0.030378803136110744,1.1079660070937076,1.62970702895906,TRUE
CYP3A7,0.7,4,KICH;KIRC;KIRP;LUSC,ENSG00000155761,SPAG17,4,KICH;KIRC;KIRP;LUSC,1,0.25,0,0,-0.048363711491722,-0.394871073495461,1.3821971609516088,1.585168173346689,TRUE
CYP3A7,0.7,4,KICH;KIRC;KIRP;LUSC,ENSG00000156738,MS4A1,4,KICH;KIRC;KIRP;LUSC,3,0.75,1,0.25,-0.7898235222777636,-0.38498085775807367,0.6855975153006983,1.241635066850171,TRUE
CYP3A7,0.7,4,KICH;KIRC;KIRP;LUSC,ENSG00000157766,ACAN,4,KICH;KIRC;KIRP;LUSC,0,0,3,0.75,1.393145293385075,1.533818702826263,1.6767398530334865,1.9577114148774712,TRUE
CYP3A7,0.7,4,KICH;KIRC;KIRP;LUSC,ENSG00000157856,DRC1,4,KICH;KIRC;KIRP;LUSC,3,0.75,0,0,-2.409159680788242,-1.9873158700061437,1.5351325642578915,1.6107496196787805,TRUE
CYP3A7,0.7,4,KICH;KIRC;KIRP;LUSC,ENSG00000158428,CATIP,4,KICH;KIRC;KIRP;LUSC,3,0.75,0,0,-2.559976542204271,-2.2706729600479942,1.398392739928745,1.66208857959684,TRUE
CYP3A7,0.7,4,KICH;KIRC;KIRP;LUSC,ENSG00000158486,DNAH3,4,KICH;KIRC;KIRP;LUSC,2,0.5,2,0.5,-0.23600759871032267,0.10426869730719979,1.484294332949598,1.5306368853560568,TRUE
CYP3A7,0.7,4,KICH;KIRC;KIRP;LUSC,ENSG00000158578,ALAS2,4,KICH;KIRC;KIRP;LUSC,2,0.5,1,0.25,-0.3291521481535183,-0.7751783931478287,0.6337542318345495,0.7824937977056416,TRUE
CYP3A7,0.7,4,KICH;KIRC;KIRP;LUSC,ENSG00000159618,ADGRG5,4,KICH;KIRC;KIRP;LUSC,3,0.75,0,0,-1.038751844486146,-1.085036138593171,1.485198534995526,1.553455683864236,TRUE
CYP3A7,0.7,4,KICH;KIRC;KIRP;LUSC,ENSG00000159625,DRC7,4,KICH;KIRC;KIRP;LUSC,3,0.75,1,0.25,-2.404061741688275,-1.7936118398637768,0.8483179274500224,1.202442607928469,TRUE
CYP3A7,0.7,4,KICH;KIRC;KIRP;LUSC,ENSG00000159723,AGRP,4,KICH;KIRC;KIRP;LUSC,4,1,0,0,-2.3577262785095354,-2.873861693479579,0.6677903426258283,1.39664791258124,TRUE
CYP3A7,0.7,4,KICH;KIRC;KIRP;LUSC,ENSG00000160185,UBASH3A,4,KICH;KIRC;KIRP;LUSC,1,0.25,2,0.5,0.5183224432866818,0.7323255425478861,1.3743020818052685,1.4554346319555171,TRUE
CYP3A7,0.7,4,KICH;KIRC;KIRP;LUSC,ENSG00000160401,CFAP157,4,KICH;KIRC;KIRP;LUSC,2,0.5,0,0,-0.42128038642361076,-0.3388553984865051,1.6680685371052064,1.9082832270263592,TRUE
CYP3A7,0.7,4,KICH;KIRC;KIRP;LUSC,ENSG00000160654,CD3G,4,KICH;KIRC;KIRP;LUSC,1,0.25,2,0.5,0.4776462523180386,0.6558545591685558,1.5831166066181779,1.6182911861122464,TRUE
CYP3A7,0.7,4,KICH;KIRC;KIRP;LUSC,ENSG00000160856,FCRL3,4,KICH;KIRC;KIRP;LUSC,1,0.25,1,0.25,0.4363253114083462,0.719807603663529,1.1839653643224963,1.2838141943939785,TRUE
CYP3A7,0.7,4,KICH;KIRC;KIRP;LUSC,ENSG00000161040,FBXL13,4,KICH;KIRC;KIRP;LUSC,1,0.25,0,0,-0.1998153474462674,-0.44224087099094017,1.672867841702405,1.971244221672794,TRUE
CYP3A7,0.7,4,KICH;KIRC;KIRP;LUSC,ENSG00000161944,ASGR2,4,KICH;KIRC;KIRP;LUSC,3,0.75,0,0,-1.1288735128988436,-0.9475604610591737,1.278749558051903,1.3598978607156365,TRUE
CYP3A7,0.7,4,KICH;KIRC;KIRP;LUSC,ENSG00000162078,ZG16B,4,KICH;KIRC;KIRP;LUSC,0,0,4,1,0.9027478708605592,1.4319342323573996,1.4224276075362297,1.5515855433991317,TRUE
CYP3A7,0.7,4,KICH;KIRC;KIRP;LUSC,ENSG00000162571,TTLL10,4,KICH;KIRC;KIRP;LUSC,3,0.75,0,0,-1.5773527479110048,-1.3986013810629045,1.1336204625120985,1.1464807978075326,TRUE
CYP3A7,0.7,4,KICH;KIRC;KIRP;LUSC,ENSG00000162643,DNAI3,4,KICH;KIRC;KIRP;LUSC,2,0.5,0,0,-0.8106630394798633,-1.0929316740171433,1.073598735332281,1.39163658994658,TRUE
CYP3A7,0.7,4,KICH;KIRC;KIRP;LUSC,ENSG00000163501,IHH,4,KICH;KIRC;KIRP;LUSC,3,0.75,0,0,-1.9421123141028602,-2.4144921906904235,1.5000112828752026,1.6426624068594955,TRUE
CYP3A7,0.7,4,KICH;KIRC;KIRP;LUSC,ENSG00000163508,EOMES,4,KICH;KIRC;KIRP;LUSC,1,0.25,2,0.5,0.8299090103419515,1.0983456684794632,1.4307343785654,1.522046410906139,TRUE
CYP3A7,0.7,4,KICH;KIRC;KIRP;LUSC,ENSG00000163519,TRAT1,4,KICH;KIRC;KIRP;LUSC,1,0.25,2,0.5,0.6970874031184089,0.6599414607430423,1.4353129883379654,1.5850182491982208,TRUE
CYP3A7,0.7,4,KICH;KIRC;KIRP;LUSC,ENSG00000163564,PYHIN1,4,KICH;KIRC;KIRP;LUSC,1,0.25,3,0.75,0.8963480381098301,0.8526222164430399,1.4664216415646958,1.5226982951249584,TRUE
CYP3A7,0.7,4,KICH;KIRC;KIRP;LUSC,ENSG00000164483,SAMD3,4,KICH;KIRC;KIRP;LUSC,1,0.25,2,0.5,0.4527776486821632,0.41609802614264013,1.443177194297735,1.4860255266596354,TRUE
CYP3A7,0.7,4,KICH;KIRC;KIRP;LUSC,ENSG00000164675,IQUB,4,KICH;KIRC;KIRP;LUSC,3,0.75,0,0,-1.3012043360309415,-1.88323923101728,1.4364660538327751,1.8765627655390005,TRUE
CYP3A7,0.7,4,KICH;KIRC;KIRP;LUSC,ENSG00000164746,C7orf57,4,KICH;KIRC;KIRP;LUSC,1,0.25,2,0.5,0.741777591474318,0.8160667812768845,1.3660144664766847,1.44998963710159,TRUE
CYP3A7,0.7,4,KICH;KIRC;KIRP;LUSC,ENSG00000165164,CFAP47,4,KICH;KIRC;KIRP;LUSC,2,0.5,0,0,-0.4724409217935359,-0.6907805019611373,1.1550740585414183,1.513487291833888,TRUE
CYP3A7,0.7,4,KICH;KIRC;KIRP;LUSC,ENSG00000165304,MELK,4,KICH;KIRC;KIRP;LUSC,0,0,4,1,3.3331151514063833,3.44988456264195,1.4764583667858795,1.58483913674579,TRUE
CYP3A7,0.7,4,KICH;KIRC;KIRP;LUSC,ENSG00000165309,ARMC3,4,KICH;KIRC;KIRP;LUSC,2,0.5,1,0.25,-2.141358978027033,-2.010445407733727,1.0737365813651147,1.486299124927979,TRUE
CYP3A7,0.7,4,KICH;KIRC;KIRP;LUSC,ENSG00000165917,RAPSN,4,KICH;KIRC;KIRP;LUSC,1,0.25,0,0,-0.31613551734430123,-0.3399053288895534,1.3911476368695914,1.5070011022289962,TRUE
CYP3A7,0.7,4,KICH;KIRC;KIRP;LUSC,ENSG00000166143,PPP1R14D,4,KICH;KIRC;KIRP;LUSC,2,0.5,2,0.5,-0.19988034073506583,0.11091299565169158,1.5662254792750228,1.9903203233462201,TRUE
CYP3A7,0.7,4,KICH;KIRC;KIRP;LUSC,ENSG00000166596,CFAP52,4,KICH;KIRC;KIRP;LUSC,2,0.5,1,0.25,-0.8803011284015191,-1.0229326840331292,1.3449198480260414,1.388419100357167,TRUE
CYP3A7,0.7,4,KICH;KIRC;KIRP;LUSC,ENSG00000166803,PCLAF,4,KICH;KIRC;KIRP;LUSC,0,0,4,1,2.217451895990938,2.2421788343501743,1.490249362349079,1.6904152773408387,TRUE
CYP3A7,0.7,4,KICH;KIRC;KIRP;LUSC,ENSG00000166856,GPR182,4,KICH;KIRC;KIRP;LUSC,4,1,0,0,-2.6373911702108312,-2.8354908081721915,0.9780511627900635,1.1291192718475869,TRUE
CYP3A7,0.7,4,KICH;KIRC;KIRP;LUSC,ENSG00000166897,ELFN2,4,KICH;KIRC;KIRP;LUSC,2,0.5,1,0.25,-1.01444836739275,-1.1640929896892391,1.631522237619967,1.9549088640158596,TRUE
CYP3A7,0.7,4,KICH;KIRC;KIRP;LUSC,ENSG00000166920,C15orf48,4,KICH;KIRC;KIRP;LUSC,0,0,3,0.75,1.3982480073592982,1.0594049243834673,1.2454047229659604,1.3966185963956097,TRUE
CYP3A7,0.7,4,KICH;KIRC;KIRP;LUSC,ENSG00000167077,MEI1,4,KICH;KIRC;KIRP;LUSC,1,0.25,1,0.25,-0.172341742905369,-0.0026748750573716423,1.631195026340369,1.6971688107712648,TRUE
CYP3A7,0.7,4,KICH;KIRC;KIRP;LUSC,ENSG00000167094,TTC16,4,KICH;KIRC;KIRP;LUSC,2,0.5,1,0.25,-0.38039552224900797,-0.6216107555158591,1.0345691994618345,1.0652192929100883,TRUE
CYP3A7,0.7,4,KICH;KIRC;KIRP;LUSC,ENSG00000167210,LOXHD1,4,KICH;KIRC;KIRP;LUSC,2,0.5,1,0.25,-1.4124137106566947,-1.044301604467159,1.08005517119495,1.1818887830825688,TRUE
CYP3A7,0.7,4,KICH;KIRC;KIRP;LUSC,ENSG00000167311,ART5,4,KICH;KIRC;KIRP;LUSC,0,0,1,0.25,-0.09237099073320118,0.3948964871280556,1.2229322093313244,1.7918258448228417,TRUE
CYP3A7,0.7,4,KICH;KIRC;KIRP;LUSC,ENSG00000167483,NIBAN3,4,KICH;KIRC;KIRP;LUSC,2,0.5,0,0,-0.6262195766877138,-0.5371292653332961,1.4367457645647046,1.5193262179739624,TRUE
CYP3A7,0.7,4,KICH;KIRC;KIRP;LUSC,ENSG00000167646,DNAAF3,4,KICH;KIRC;KIRP;LUSC,3,0.75,1,0.25,-1.4870686930333514,-1.366903949723108,0.8205324450197082,1.0593219136301586,TRUE
CYP3A7,0.7,4,KICH;KIRC;KIRP;LUSC,ENSG00000167653,PSCA,4,KICH;KIRC;KIRP;LUSC,2,0.5,1,0.25,-1.6477263297102382,-0.8360649684890935,1.1716056894490272,1.701851475427768,TRUE
CYP3A7,0.7,4,KICH;KIRC;KIRP;LUSC,ENSG00000167914,GSDMA,4,KICH;KIRC;KIRP;LUSC,0,0,3,0.75,0.735431233887832,0.7420291130177818,1.3773704612624686,1.8201238470561611,TRUE
CYP3A7,0.7,4,KICH;KIRC;KIRP;LUSC,ENSG00000168078,PBK,4,KICH;KIRC;KIRP;LUSC,0,0,4,1,2.6781780194352436,3.0253738751432167,1.5805013398661576,1.7458829719159443,TRUE
CYP3A7,0.7,4,KICH;KIRC;KIRP;LUSC,ENSG00000169064,ZBBX,4,KICH;KIRC;KIRP;LUSC,2,0.5,1,0.25,-2.034488649717273,-1.7931115298475713,0.959382537819364,1.2991801801734868,TRUE
CYP3A7,0.7,4,KICH;KIRC;KIRP;LUSC,ENSG00000169248,CXCL11,4,KICH;KIRC;KIRP;LUSC,0,0,2,0.5,1.0624055096117255,1.4224706553087294,1.4123983207625335,1.5176678459149238,TRUE
CYP3A7,0.7,4,KICH;KIRC;KIRP;LUSC,ENSG00000169607,CKAP2L,4,KICH;KIRC;KIRP;LUSC,0,0,4,1,2.664007395584169,3.035944596707271,1.5427033162808839,1.592924229349589,TRUE
CYP3A7,0.7,4,KICH;KIRC;KIRP;LUSC,ENSG00000169894,MUC3A,4,KICH;KIRC;KIRP;LUSC,1,0.25,3,0.75,1.8517023056113273,1.5543386654634597,1.574709205001938,1.7876720666638124,TRUE
CYP3A7,0.7,4,KICH;KIRC;KIRP;LUSC,ENSG00000169903,TM4SF4,4,KICH;KIRC;KIRP;LUSC,2,0.5,1,0.25,-1.3514903803830518,-1.4268186907731342,0.9576173165022891,1.5540333634744878,TRUE
CYP3A7,0.7,4,KICH;KIRC;KIRP;LUSC,ENSG00000170324,FRMPD2,4,KICH;KIRC;KIRP;LUSC,1,0.25,1,0.25,-0.21299109919646694,-0.5444991663530099,1.298543709390231,1.6769462955249217,TRUE
CYP3A7,0.7,4,KICH;KIRC;KIRP;LUSC,ENSG00000170367,CST5,4,KICH;KIRC;KIRP;LUSC,4,1,0,0,-1.9802704304491607,-2.414147875934819,0.9892597038041379,1.006910713096936,TRUE
CYP3A7,0.7,4,KICH;KIRC;KIRP;LUSC,ENSG00000170608,FOXA3,4,KICH;KIRC;KIRP;LUSC,3,0.75,0,0,-3.486793539301453,-3.0202277028201134,1.606257207984402,1.8911512880214416,TRUE
CYP3A7,0.7,4,KICH;KIRC;KIRP;LUSC,ENSG00000170703,TTLL6,4,KICH;KIRC;KIRP;LUSC,1,0.25,2,0.5,0.5046343295117924,-0.28807102878935,1.2644482980485576,1.4368257653285992,TRUE
CYP3A7,0.7,4,KICH;KIRC;KIRP;LUSC,ENSG00000171017,LRRC8E,4,KICH;KIRC;KIRP;LUSC,1,0.25,2,0.5,0.3073624772761899,0.19570838838493906,1.2405503564832043,1.6038646861961636,TRUE
CYP3A7,0.7,4,KICH;KIRC;KIRP;LUSC,ENSG00000171509,RXFP1,4,KICH;KIRC;KIRP;LUSC,3,0.75,0,0,-1.5561908012679946,-1.580031382277623,1.3968946744921344,1.9695313589422432,TRUE
CYP3A7,0.7,4,KICH;KIRC;KIRP;LUSC,ENSG00000171631,P2RY6,4,KICH;KIRC;KIRP;LUSC,1,0.25,2,0.5,0.6839168450463129,0.42915446437157556,1.488333173934904,1.789850827495689,TRUE
CYP3A7,0.7,4,KICH;KIRC;KIRP;LUSC,ENSG00000171811,CFAP46,4,KICH;KIRC;KIRP;LUSC,3,0.75,0,0,-1.4614456833468046,-1.6468102791599009,1.548221588431873,1.8224831778526347,TRUE
CYP3A7,0.7,4,KICH;KIRC;KIRP;LUSC,ENSG00000171848,RRM2,4,KICH;KIRC;KIRP;LUSC,0,0,4,1,2.627324786294106,2.5553741090991977,1.6401559115986541,1.7103475734567315,TRUE
CYP3A7,0.7,4,KICH;KIRC;KIRP;LUSC,ENSG00000172139,SLC9C1,4,KICH;KIRC;KIRP;LUSC,1,0.25,0,0,-0.3116681106909321,-0.2476360783090908,1.2443926544082697,1.7833807603479306,TRUE
CYP3A7,0.7,4,KICH;KIRC;KIRP;LUSC,ENSG00000172156,CCL11,4,KICH;KIRC;KIRP;LUSC,3,0.75,0,0,-3.804625887937253,-2.9307625038369474,1.533966087563396,1.7000489145353426,TRUE
CYP3A7,0.7,4,KICH;KIRC;KIRP;LUSC,ENSG00000172738,TMEM217,4,KICH;KIRC;KIRP;LUSC,2,0.5,1,0.25,-0.3911609262630007,-0.3381424001362714,1.6022717138360367,1.7869870515525883,TRUE
CYP3A7,0.7,4,KICH;KIRC;KIRP;LUSC,ENSG00000173535,TNFRSF10C,4,KICH;KIRC;KIRP;LUSC,1,0.25,1,0.25,0.273296328411617,-0.40236772530024384,1.6122275744983532,1.861000505749722,TRUE
CYP3A7,0.7,4,KICH;KIRC;KIRP;LUSC,ENSG00000173578,XCR1,4,KICH;KIRC;KIRP;LUSC,1,0.25,1,0.25,-0.20619723891473057,0.19260317356950696,1.6269362881586427,1.637211955674252,TRUE
CYP3A7,0.7,4,KICH;KIRC;KIRP;LUSC,ENSG00000173838,MARCHF10,4,KICH;KIRC;KIRP;LUSC,3,0.75,1,0.25,-2.573647655915709,-2.092542532205849,1.0293428741823272,1.407643477604109,TRUE
CYP3A7,0.7,4,KICH;KIRC;KIRP;LUSC,ENSG00000173868,PHOSPHO1,4,KICH;KIRC;KIRP;LUSC,1,0.25,1,0.25,0.1888986110527396,-0.1561201586770709,1.6245474938303461,1.6946198679792248,TRUE
CYP3A7,0.7,4,KICH;KIRC;KIRP;LUSC,ENSG00000174500,GCSAM,4,KICH;KIRC;KIRP;LUSC,0,0,0,0,-0.0664519466432962,-0.10708078531843492,1.4698591883599144,1.5494090413917068,TRUE
CYP3A7,0.7,4,KICH;KIRC;KIRP;LUSC,ENSG00000174527,MYO1H,4,KICH;KIRC;KIRP;LUSC,1,0.25,1,0.25,-0.09008976483442395,0.45820917591923543,1.5371251684289085,1.705419000901769,TRUE
CYP3A7,0.7,4,KICH;KIRC;KIRP;LUSC,ENSG00000174844,DNAH12,4,KICH;KIRC;KIRP;LUSC,3,0.75,0,0,-0.9417510626791206,-1.3118358493938982,1.6065436834807614,1.6790162226817955,TRUE
CYP3A7,0.7,4,KICH;KIRC;KIRP;LUSC,ENSG00000174885,NLRP6,4,KICH;KIRC;KIRP;LUSC,1,0.25,1,0.25,-0.37250327270089945,-0.6400516090243276,0.6321331381918036,0.7557080046250643,TRUE
CYP3A7,0.7,4,KICH;KIRC;KIRP;LUSC,ENSG00000175003,SLC22A1,4,KICH;KIRC;KIRP;LUSC,3,0.75,1,0.25,-1.3171703942284663,-0.975461318496083,1.3994968938822199,1.968542279387216,TRUE
CYP3A7,0.7,4,KICH;KIRC;KIRP;LUSC,ENSG00000175093,SPSB4,4,KICH;KIRC;KIRP;LUSC,2,0.5,1,0.25,-1.2060009102025555,-0.7712518355035523,1.3627888150585874,1.4701110815451348,TRUE
CYP3A7,0.7,4,KICH;KIRC;KIRP;LUSC,ENSG00000175544,CABP4,4,KICH;KIRC;KIRP;LUSC,2,0.5,1,0.25,-1.0400846765010927,-0.9529872927280536,1.6483897740969704,1.8080267190624388,TRUE
CYP3A7,0.7,4,KICH;KIRC;KIRP;LUSC,ENSG00000176029,C11orf16,4,KICH;KIRC;KIRP;LUSC,4,1,0,0,-2.312072025633161,-2.2096030771308954,0.7334575531565578,1.0982131573038458,TRUE
CYP3A7,0.7,4,KICH;KIRC;KIRP;LUSC,ENSG00000176083,ZNF683,4,KICH;KIRC;KIRP;LUSC,1,0.25,3,0.75,1.9008401176772323,1.4755328463189772,1.4538463762138982,1.4985968281404554,TRUE
CYP3A7,0.7,4,KICH;KIRC;KIRP;LUSC,ENSG00000176092,CRYBG2,4,KICH;KIRC;KIRP;LUSC,1,0.25,2,0.5,0.39572053553571623,0.352120104967845,1.0731575558136637,1.316212737263201,TRUE
CYP3A7,0.7,4,KICH;KIRC;KIRP;LUSC,ENSG00000177455,CD19,4,KICH;KIRC;KIRP;LUSC,1,0.25,1,0.25,-0.10744095823133262,-0.05278867918535854,1.0788032202990339,1.103624091413494,TRUE
CYP3A7,0.7,4,KICH;KIRC;KIRP;LUSC,ENSG00000178199,ZC3H12D,4,KICH;KIRC;KIRP;LUSC,0,0,1,0.25,-0.34806357212355377,0.056924419360309286,1.6710162252869292,1.7089564537331838,TRUE
CYP3A7,0.7,4,KICH;KIRC;KIRP;LUSC,ENSG00000179133,C10orf67,4,KICH;KIRC;KIRP;LUSC,3,0.75,0,0,-0.9346827478123861,-1.578227987836378,0.8969723674249064,1.3982932679464928,TRUE
CYP3A7,0.7,4,KICH;KIRC;KIRP;LUSC,ENSG00000179528,LBX2,4,KICH;KIRC;KIRP;LUSC,1,0.25,3,0.75,1.6192725801995116,1.1900556476253301,1.0627217032484477,1.672576007768416,TRUE
CYP3A7,0.7,4,KICH;KIRC;KIRP;LUSC,ENSG00000179750,APOBEC3B,4,KICH;KIRC;KIRP;LUSC,0,0,4,1,1.3104385811244657,1.7717751455999833,1.4840098350988777,1.5987168692705338,TRUE
CYP3A7,0.7,4,KICH;KIRC;KIRP;LUSC,ENSG00000179914,ITLN1,4,KICH;KIRC;KIRP;LUSC,4,1,0,0,-4.89546688086577,-5.048757974990181,1.5381334219068084,1.7702945917982242,TRUE
CYP3A7,0.7,4,KICH;KIRC;KIRP;LUSC,ENSG00000180316,PNPLA1,4,KICH;KIRC;KIRP;LUSC,3,0.75,1,0.25,-2.6773857098419183,-1.9778758476413807,1.0810015659074015,1.6785711845626146,TRUE
CYP3A7,0.7,4,KICH;KIRC;KIRP;LUSC,ENSG00000180509,KCNE1,4,KICH;KIRC;KIRP;LUSC,4,1,0,0,-2.5795461151400696,-2.480599242566326,1.2070719475388998,1.251429065839618,TRUE
CYP3A7,0.7,4,KICH;KIRC;KIRP;LUSC,ENSG00000180535,BHLHA15,4,KICH;KIRC;KIRP;LUSC,0,0,1,0.25,0.25230852837509443,0.5952446664322139,1.6305207602669307,1.7767424932964369,TRUE
CYP3A7,0.7,4,KICH;KIRC;KIRP;LUSC,ENSG00000180767,CHST13,4,KICH;KIRC;KIRP;LUSC,2,0.5,2,0.5,0.37531464644297735,0.512026025810344,1.2754622992390248,1.3351347962085731,TRUE
CYP3A7,0.7,4,KICH;KIRC;KIRP;LUSC,ENSG00000181036,FCRL6,4,KICH;KIRC;KIRP;LUSC,1,0.25,2,0.5,0.712236309230389,0.3915548646032203,1.2533818318727352,1.4118921878165636,TRUE
CYP3A7,0.7,4,KICH;KIRC;KIRP;LUSC,ENSG00000181378,CFAP65,4,KICH;KIRC;KIRP;LUSC,3,0.75,0,0,-3.0591236048727453,-2.78700365482446,1.0851483371209485,1.4249560316252856,TRUE
CYP3A7,0.7,4,KICH;KIRC;KIRP;LUSC,ENSG00000182308,DCAF4L1,4,KICH;KIRC;KIRP;LUSC,0,0,1,0.25,0.044402327023038896,0.389709617867772,1.4889732774636364,1.9135748319277133,TRUE
CYP3A7,0.7,4,KICH;KIRC;KIRP;LUSC,ENSG00000183145,RIPPLY3,4,KICH;KIRC;KIRP;LUSC,3,0.75,1,0.25,-2.0557798361259674,-1.2729141495543441,1.0138841823188844,1.1182627856865932,TRUE
CYP3A7,0.7,4,KICH;KIRC;KIRP;LUSC,ENSG00000183813,CCR4,4,KICH;KIRC;KIRP;LUSC,2,0.5,1,0.25,-0.7657209428247886,-0.33119594200810043,1.5704431205956426,1.6002888411843132,TRUE
CYP3A7,0.7,4,KICH;KIRC;KIRP;LUSC,ENSG00000183840,GPR39,4,KICH;KIRC;KIRP;LUSC,2,0.5,0,0,-0.9421956924362307,-0.8417420079000031,1.4772250254977992,1.6419540284665923,TRUE
CYP3A7,0.7,4,KICH;KIRC;KIRP;LUSC,ENSG00000183856,IQGAP3,4,KICH;KIRC;KIRP;LUSC,0,0,4,1,2.8071098997751602,2.7092208078201256,1.508918844055937,1.5480854168246387,TRUE
CYP3A7,0.7,4,KICH;KIRC;KIRP;LUSC,ENSG00000183918,SH2D1A,4,KICH;KIRC;KIRP;LUSC,1,0.25,2,0.5,0.7493496685122302,0.7736252680964982,1.639301360949974,1.7033901757264254,TRUE
CYP3A7,0.7,4,KICH;KIRC;KIRP;LUSC,ENSG00000184374,COLEC10,4,KICH;KIRC;KIRP;LUSC,2,0.5,2,0.5,-0.06706783529522536,-0.5953845714929116,0.8167751101971397,1.1046276641644313,TRUE
CYP3A7,0.7,4,KICH;KIRC;KIRP;LUSC,ENSG00000184661,CDCA2,4,KICH;KIRC;KIRP;LUSC,0,0,4,1,3.195904243628232,3.4633253355287517,1.671056023670402,1.872372491725566,TRUE
CYP3A7,0.7,4,KICH;KIRC;KIRP;LUSC,ENSG00000185055,EFCAB10,4,KICH;KIRC;KIRP;LUSC,1,0.25,0,0,0.3506200635142643,-0.05914139473250485,1.6908573030925067,1.8606212934054216,TRUE
CYP3A7,0.7,4,KICH;KIRC;KIRP;LUSC,ENSG00000185156,MFSD6L,4,KICH;KIRC;KIRP;LUSC,3,0.75,0,0,-3.1078762803654207,-3.0180413914714816,1.4472890027371685,1.762656817741382,TRUE
CYP3A7,0.7,4,KICH;KIRC;KIRP;LUSC,ENSG00000185527,PDE6G,4,KICH;KIRC;KIRP;LUSC,3,0.75,0,0,-1.0411611398486,-0.9339511028215391,1.1627078945522298,1.5041391868459792,TRUE
CYP3A7,0.7,4,KICH;KIRC;KIRP;LUSC,ENSG00000185737,NRG3,4,KICH;KIRC;KIRP;LUSC,1,0.25,3,0.75,1.745599016792085,1.0947868568653236,1.6464967934948982,1.952667576989901,TRUE
CYP3A7,0.7,4,KICH;KIRC;KIRP;LUSC,ENSG00000186265,BTLA,4,KICH;KIRC;KIRP;LUSC,1,0.25,1,0.25,-0.028066584645748488,0.11953673352649277,1.5007214950177048,1.5723641366080787,TRUE
CYP3A7,0.7,4,KICH;KIRC;KIRP;LUSC,ENSG00000186583,SPATC1,4,KICH;KIRC;KIRP;LUSC,1,0.25,0,0,-0.22739630194192517,-0.3217836534926564,1.118213438948375,1.2900285481202711,TRUE
CYP3A7,0.7,4,KICH;KIRC;KIRP;LUSC,ENSG00000186710,CFAP73,4,KICH;KIRC;KIRP;LUSC,4,1,0,0,-2.8979944325526747,-2.9897985081649847,1.0071746506176062,1.0633428221309318,TRUE
CYP3A7,0.7,4,KICH;KIRC;KIRP;LUSC,ENSG00000186810,CXCR3,4,KICH;KIRC;KIRP;LUSC,1,0.25,3,0.75,0.9458129888535819,1.0253194412571123,1.4712399212767195,1.5591449575208842,TRUE
CYP3A7,0.7,4,KICH;KIRC;KIRP;LUSC,ENSG00000186973,FAM183A,4,KICH;KIRC;KIRP;LUSC,2,0.5,1,0.25,-0.770661216253965,-1.1412343652108876,1.1546904039636634,1.670789216473327,TRUE
CYP3A7,0.7,4,KICH;KIRC;KIRP;LUSC,ENSG00000187510,PLEKHG7,4,KICH;KIRC;KIRP;LUSC,4,1,0,0,-1.6067283457486874,-1.5046034013222027,0.7537210980084129,1.007362628724091,TRUE
CYP3A7,0.7,4,KICH;KIRC;KIRP;LUSC,ENSG00000187583,PLEKHN1,4,KICH;KIRC;KIRP;LUSC,0,0,3,0.75,2.2573657466114208,1.7247272809497896,1.4751099447663139,1.757986833450523,TRUE
CYP3A7,0.7,4,KICH;KIRC;KIRP;LUSC,ENSG00000187808,SOWAHD,4,KICH;KIRC;KIRP;LUSC,1,0.25,3,0.75,0.9091630489187121,0.514902481068146,1.2413271695954093,1.3158647280271505,TRUE
CYP3A7,0.7,4,KICH;KIRC;KIRP;LUSC,ENSG00000187821,HELT,4,KICH;KIRC;KIRP;LUSC,4,1,0,0,-4.9667548909175485,-4.6413838768165245,0.5687780091503357,1.0299380459162049,TRUE
CYP3A7,0.7,4,KICH;KIRC;KIRP;LUSC,ENSG00000188389,PDCD1,4,KICH;KIRC;KIRP;LUSC,0,0,2,0.5,0.44468426023972274,0.8503907722324187,1.6458823469222492,1.714835922019642,TRUE
CYP3A7,0.7,4,KICH;KIRC;KIRP;LUSC,ENSG00000188487,INSC,4,KICH;KIRC;KIRP;LUSC,4,1,0,0,-2.338143390032366,-2.1741893424186163,1.5770219788889952,1.6053887180187911,TRUE
CYP3A7,0.7,4,KICH;KIRC;KIRP;LUSC,ENSG00000188897,AC099489.1,4,KICH;KIRC;KIRP;LUSC,1,0.25,1,0.25,-0.040680813730709406,-0.10938200544465178,1.482613075232082,1.7793824487910983,TRUE
CYP3A7,0.7,4,KICH;KIRC;KIRP;LUSC,ENSG00000188910,GJB3,4,KICH;KIRC;KIRP;LUSC,2,0.5,2,0.5,-0.517401393519524,-0.025006578289049397,1.7233338836650225,1.8853936785136356,TRUE
CYP3A7,0.7,4,KICH;KIRC;KIRP;LUSC,ENSG00000189057,FAM111B,4,KICH;KIRC;KIRP;LUSC,0,0,4,1,2.9928436066088056,2.9413791438828927,1.4830558081744016,1.6871453989480594,TRUE
CYP3A7,0.7,4,KICH;KIRC;KIRP;LUSC,ENSG00000189233,NUGGC,4,KICH;KIRC;KIRP;LUSC,4,1,0,0,-2.2255357211718385,-2.3663403282076754,1.2637773111658066,1.3959026894738606,TRUE
CYP3A7,0.7,4,KICH;KIRC;KIRP;LUSC,ENSG00000196092,PAX5,4,KICH;KIRC;KIRP;LUSC,1,0.25,2,0.5,0.379778603370136,0.17860466844868503,1.6456108441370143,1.9534094513507352,TRUE
CYP3A7,0.7,4,KICH;KIRC;KIRP;LUSC,ENSG00000196611,MMP1,4,KICH;KIRC;KIRP;LUSC,1,0.25,2,0.5,0.18721936142597456,1.0386977198316314,0.7481810935265313,1.226454561091594,TRUE
CYP3A7,0.7,4,KICH;KIRC;KIRP;LUSC,ENSG00000196932,TMEM26,4,KICH;KIRC;KIRP;LUSC,2,0.5,1,0.25,-0.6483587364070378,-0.6613672704429472,1.219100863536909,1.505971857894263,TRUE
CYP3A7,0.7,4,KICH;KIRC;KIRP;LUSC,ENSG00000198336,MYL4,4,KICH;KIRC;KIRP;LUSC,1,0.25,2,0.5,0.2678468922814341,0.12262592491770274,1.5355191497362661,1.5829902907174525,TRUE
CYP3A7,0.7,4,KICH;KIRC;KIRP;LUSC,ENSG00000198535,C2CD4A,4,KICH;KIRC;KIRP;LUSC,2,0.5,2,0.5,0.0448177250572685,0.44208089363266523,1.0299019619394365,1.9591496060514904,TRUE
CYP3A7,0.7,4,KICH;KIRC;KIRP;LUSC,ENSG00000198574,SH2D1B,4,KICH;KIRC;KIRP;LUSC,2,0.5,2,0.5,0.1381570641317934,-0.2802349958459215,0.8058509701403981,1.12026681120082,TRUE
CYP3A7,0.7,4,KICH;KIRC;KIRP;LUSC,ENSG00000203499,IQANK1,4,KICH;KIRC;KIRP;LUSC,1,0.25,1,0.25,-0.047130928488136825,0.4351306125785561,1.7194145501455078,1.9656204462957845,TRUE
CYP3A7,0.7,4,KICH;KIRC;KIRP;LUSC,ENSG00000204475,NCR3,4,KICH;KIRC;KIRP;LUSC,1,0.25,2,0.5,0.5515387037842399,0.3493356538657777,1.2804093047377523,1.446092018145946,TRUE
CYP3A7,0.7,4,KICH;KIRC;KIRP;LUSC,ENSG00000204583,LRCOL1,4,KICH;KIRC;KIRP;LUSC,3,0.75,0,0,-2.2488187849524013,-1.9560938777625945,1.2557178985905686,1.2811238106084155,TRUE
CYP3A7,0.7,4,KICH;KIRC;KIRP;LUSC,ENSG00000204711,C9orf135,4,KICH;KIRC;KIRP;LUSC,4,1,0,0,-3.986334979681776,-3.9507405924068792,0.551777295448274,0.8273150508719008,TRUE
CYP3A7,0.7,4,KICH;KIRC;KIRP;LUSC,ENSG00000204740,MALRD1,4,KICH;KIRC;KIRP;LUSC,3,0.75,0,0,-2.231027938225008,-2.0204729584341963,1.5422399028774334,1.7544637064718014,TRUE
CYP3A7,0.7,4,KICH;KIRC;KIRP;LUSC,ENSG00000204936,CD177,4,KICH;KIRC;KIRP;LUSC,0,0,2,0.5,0.655826342893649,0.717481974799054,1.2943495573682198,1.7174202189613332,TRUE
CYP3A7,0.7,4,KICH;KIRC;KIRP;LUSC,ENSG00000205002,AARD,4,KICH;KIRC;KIRP;LUSC,4,1,0,0,-2.2911155771852805,-2.4961787550654106,1.7080987403935475,1.9839837230899395,TRUE
CYP3A7,0.7,4,KICH;KIRC;KIRP;LUSC,ENSG00000206113,CFAP99,4,KICH;KIRC;KIRP;LUSC,3,0.75,0,0,-1.6619669654545415,-1.5844291320434207,0.8693324511135829,1.4133979427017027,TRUE
CYP3A7,0.7,4,KICH;KIRC;KIRP;LUSC,ENSG00000232810,TNF,4,KICH;KIRC;KIRP;LUSC,1,0.25,0,0,-0.21901614978185724,-0.32751230633207784,0.6285387651815157,1.1174662793963417,TRUE
CYP3A7,0.7,4,KICH;KIRC;KIRP;LUSC,ENSG00000233198,RNF224,4,KICH;KIRC;KIRP;LUSC,4,1,0,0,-1.508180526070765,-1.51427560670224,1.2849725078176761,1.749897534646821,TRUE
CYP3A7,0.7,4,KICH;KIRC;KIRP;LUSC,ENSG00000236383,CCDC200,4,KICH;KIRC;KIRP;LUSC,3,0.75,0,0,-0.718658957418048,-0.5219998538371368,1.4485292786648114,1.82884748940796,TRUE
CYP3A7,0.7,4,KICH;KIRC;KIRP;LUSC,ENSG00000237330,RNF223,4,KICH;KIRC;KIRP;LUSC,3,0.75,0,0,-2.9280363860260925,-2.5712411338452212,0.6895497729575436,0.96174556009754,TRUE
CYP3A7,0.7,4,KICH;KIRC;KIRP;LUSC,ENSG00000243910,TUBA4B,4,KICH;KIRC;KIRP;LUSC,3,0.75,0,0,-2.2453779716874376,-2.0343007223268077,0.9561471831649031,1.19087638094432,TRUE
CYP3A7,0.7,4,KICH;KIRC;KIRP;LUSC,ENSG00000244476,ERVFRD-1,4,KICH;KIRC;KIRP;LUSC,3,0.75,0,0,-2.363310212228114,-2.0333050405965514,1.6648560908592023,1.7712982359670373,TRUE
CYP3A7,0.7,4,KICH;KIRC;KIRP;LUSC,ENSG00000249715,FER1L5,4,KICH;KIRC;KIRP;LUSC,3,0.75,0,0,-1.26258409863578,-1.2445501967078534,1.2086326085301315,1.599023249194664,TRUE
CYP3A7,0.7,4,KICH;KIRC;KIRP;LUSC,ENSG00000251664,PCDHA12,4,KICH;KIRC;KIRP;LUSC,4,1,0,0,-2.466977862714569,-2.5760127598581457,1.3676701341406121,1.6454463059300968,TRUE
CYP3A7,0.7,4,KICH;KIRC;KIRP;LUSC,ENSG00000255274,SMIM35,4,KICH;KIRC;KIRP;LUSC,3,0.75,0,0,-2.103576883380893,-1.6472297242886362,1.2124701832750568,1.6893599743521983,TRUE
CYP3A7,0.7,4,KICH;KIRC;KIRP;LUSC,ENSG00000260220,CCDC187,4,KICH;KIRC;KIRP;LUSC,4,1,0,0,-2.339920640550001,-2.2057988613225454,0.9336055065972437,1.0705314973730298,TRUE
CYP3A7,0.7,4,KICH;KIRC;KIRP;LUSC,ENSG00000262406,MMP12,4,KICH;KIRC;KIRP;LUSC,0,0,4,1,0.861253679597055,2.0029373741476855,1.1432699866348872,1.1903510997538078,TRUE
CYP3A7,0.7,4,KICH;KIRC;KIRP;LUSC,ENSG00000267710,EDDM13,4,KICH;KIRC;KIRP;LUSC,1,0.25,2,0.5,0.36845102836385535,0.52012863791654,1.5651513222702367,1.728716862554114,TRUE
CYP3A7,0.7,4,KICH;KIRC;KIRP;LUSC,ENSG00000276070,CCL4L2,4,KICH;KIRC;KIRP;LUSC,0,0,3,0.75,1.1013354058387264,1.0449934857286471,1.716725934445148,1.7527407314359778,TRUE
CYP3A7,0.7,4,KICH;KIRC;KIRP;LUSC,ENSG00000276085,CCL3L3,4,KICH;KIRC;KIRP;LUSC,0,0,3,0.75,0.7213772636478072,0.7091266546844825,1.5208395581711467,1.6510850778475838,TRUE
CYP3A7,0.7,4,KICH;KIRC;KIRP;LUSC,ENSG00000276289,KCNE1B,4,KICH;KIRC;KIRP;LUSC,4,1,0,0,-3.8047765075932083,-3.7759414971398737,0.9230680602076943,1.4763517692470487,TRUE
CYP3A7,0.7,4,KICH;KIRC;KIRP;LUSC,ENSG00000281406,BLACAT1,4,KICH;KIRC;KIRP;LUSC,2,0.5,2,0.5,-0.10902937051458061,-0.8759828075708505,1.0454675956021324,1.7331541422410222,TRUE
CYP3A7,0.7,4,KICH;KIRC;KIRP;LUSC,ENSG00000283526,PRRT1B,4,KICH;KIRC;KIRP;LUSC,4,1,0,0,-2.954560124371209,-3.146352715731304,0.8539772306222583,1.778185627026894,TRUE
CYP3A7,0.8,4,KICH;KIRC;KIRP;LUSC,ENSG00000007968,E2F2,4,KICH;KIRC;KIRP;LUSC,0,0,4,1,2.9518701655507797,2.7792488667764363,1.508115838890802,1.694457813744549,TRUE
CYP3A7,0.8,4,KICH;KIRC;KIRP;LUSC,ENSG00000011590,ZBTB32,4,KICH;KIRC;KIRP;LUSC,0,0,2,0.5,0.4682312924889177,0.509175156279597,1.5194330737768398,1.695196675514481,TRUE
CYP3A7,0.8,4,KICH;KIRC;KIRP;LUSC,ENSG00000042832,TG,4,KICH;KIRC;KIRP;LUSC,2,0.5,2,0.5,0.6440201781153682,0.7573388935612401,1.6274739454196732,1.8247290928944229,TRUE
CYP3A7,0.8,4,KICH;KIRC;KIRP;LUSC,ENSG00000049249,TNFRSF9,4,KICH;KIRC;KIRP;LUSC,0,0,2,0.5,1.2261483412271217,1.7320370640834006,1.4551371850002257,1.5870637408476884,TRUE
CYP3A7,0.8,4,KICH;KIRC;KIRP;LUSC,ENSG00000069812,HES2,4,KICH;KIRC;KIRP;LUSC,2,0.5,1,0.25,-0.7914468232796605,-0.1895964202905276,0.9342137696838121,1.235984552435505,TRUE
CYP3A7,0.8,4,KICH;KIRC;KIRP;LUSC,ENSG00000072571,HMMR,4,KICH;KIRC;KIRP;LUSC,0,0,4,1,1.7435640173601392,2.051984004203719,1.4460638002634687,1.890328326122478,TRUE
CYP3A7,0.8,4,KICH;KIRC;KIRP;LUSC,ENSG00000073861,TBX21,4,KICH;KIRC;KIRP;LUSC,1,0.25,3,0.75,0.6969725708857449,0.4091542718151472,1.5420151249688467,1.6582333341150024,TRUE
CYP3A7,0.8,4,KICH;KIRC;KIRP;LUSC,ENSG00000077327,SPAG6,4,KICH;KIRC;KIRP;LUSC,3,0.75,1,0.25,-2.3196354563298396,-1.8616153551933456,1.0339241030292778,1.648278001241323,TRUE
CYP3A7,0.8,4,KICH;KIRC;KIRP;LUSC,ENSG00000078589,P2RY10,4,KICH;KIRC;KIRP;LUSC,1,0.25,2,0.5,0.44834893735241405,0.5949684293632826,1.4781796422386273,1.493644307998056,TRUE
CYP3A7,0.8,4,KICH;KIRC;KIRP;LUSC,ENSG00000081277,PKP1,4,KICH;KIRC;KIRP;LUSC,2,0.5,2,0.5,-0.38712553511486103,0.26855019047372286,1.7454399752230034,1.9665304016513108,TRUE
CYP3A7,0.8,4,KICH;KIRC;KIRP;LUSC,ENSG00000084110,HAL,4,KICH;KIRC;KIRP;LUSC,2,0.5,1,0.25,-0.5276969204714697,-0.3836600288240103,1.344465184172908,1.4891765985754708,TRUE
CYP3A7,0.8,4,KICH;KIRC;KIRP;LUSC,ENSG00000086696,HSD17B2,4,KICH;KIRC;KIRP;LUSC,1,0.25,0,0,-0.36627430590843063,-0.8902160775327655,1.150108925247635,1.3970101451681751,TRUE
CYP3A7,0.8,4,KICH;KIRC;KIRP;LUSC,ENSG00000087237,CETP,4,KICH;KIRC;KIRP;LUSC,1,0.25,2,0.5,0.25744721756814437,-0.004906075190884318,1.5022670738285713,1.6325757803540697,TRUE
CYP3A7,0.8,4,KICH;KIRC;KIRP;LUSC,ENSG00000089012,SIRPG,4,KICH;KIRC;KIRP;LUSC,0,0,2,0.5,1.082184269672236,1.5239219401440667,1.3526911861468802,1.4320951015807957,TRUE
CYP3A7,0.8,4,KICH;KIRC;KIRP;LUSC,ENSG00000089685,BIRC5,4,KICH;KIRC;KIRP;LUSC,0,0,4,1,2.968124433429292,3.2134525988425358,1.6889213553032725,1.7400665359707277,TRUE
CYP3A7,0.8,4,KICH;KIRC;KIRP;LUSC,ENSG00000091181,IL5RA,4,KICH;KIRC;KIRP;LUSC,4,1,0,0,-2.709945328934827,-2.9231707480751847,1.7232653915578164,1.7754247538576535,TRUE
CYP3A7,0.8,4,KICH;KIRC;KIRP;LUSC,ENSG00000096996,IL12RB1,4,KICH;KIRC;KIRP;LUSC,1,0.25,3,0.75,1.3684198804905199,0.9467143584650795,1.7621563094743897,1.9961875339717123,TRUE
CYP3A7,0.8,4,KICH;KIRC;KIRP;LUSC,ENSG00000099985,OSM,4,KICH;KIRC;KIRP;LUSC,1,0.25,3,0.75,1.1476590925451466,0.8178569085586156,1.5276642791529116,1.820342194710463,TRUE
CYP3A7,0.8,4,KICH;KIRC;KIRP;LUSC,ENSG00000100078,PLA2G3,4,KICH;KIRC;KIRP;LUSC,3,0.75,1,0.25,-2.4379573368862584,-1.8843912441838144,0.8653006901574686,1.8525710061730265,TRUE
CYP3A7,0.8,4,KICH;KIRC;KIRP;LUSC,ENSG00000100162,CENPM,4,KICH;KIRC;KIRP;LUSC,0,0,4,1,2.5010585235068756,2.4739184041951727,1.6927995153981028,1.907355170166016,TRUE
CYP3A7,0.8,4,KICH;KIRC;KIRP;LUSC,ENSG00000100344,PNPLA3,4,KICH;KIRC;KIRP;LUSC,3,0.75,1,0.25,-1.4131378864490693,-1.0208604237049803,0.8882164287534418,1.3781385394976975,TRUE
CYP3A7,0.8,4,KICH;KIRC;KIRP;LUSC,ENSG00000101162,TUBB1,4,KICH;KIRC;KIRP;LUSC,2,0.5,0,0,-0.483948963226587,-1.1677380651577098,1.5535448760937105,1.6532406000705324,TRUE
CYP3A7,0.8,4,KICH;KIRC;KIRP;LUSC,ENSG00000101197,BIRC7,4,KICH;KIRC;KIRP;LUSC,1,0.25,3,0.75,3.9587903447844086,3.146805775225835,1.4519454287837479,1.5921454808551,TRUE
CYP3A7,0.8,4,KICH;KIRC;KIRP;LUSC,ENSG00000101222,SPEF1,4,KICH;KIRC;KIRP;LUSC,2,0.5,1,0.25,-1.3174360146451731,-1.2956105710769825,1.6845213205247755,1.8127716269920444,TRUE
CYP3A7,0.8,4,KICH;KIRC;KIRP;LUSC,ENSG00000101425,BPI,4,KICH;KIRC;KIRP;LUSC,4,1,0,0,-3.225281174045689,-3.332801487438846,0.9665928153898891,1.0809551268982638,TRUE
CYP3A7,0.8,4,KICH;KIRC;KIRP;LUSC,ENSG00000102243,VGLL1,4,KICH;KIRC;KIRP;LUSC,3,0.75,0,0,-6.655569076508787,-5.36201635419517,1.1220978051307848,1.5089534570616892,TRUE
CYP3A7,0.8,4,KICH;KIRC;KIRP;LUSC,ENSG00000102245,CD40LG,4,KICH;KIRC;KIRP;LUSC,2,0.5,2,0.5,0.04837454243073891,-0.12606302686078574,1.4998808577383385,1.5851887724596665,TRUE
CYP3A7,0.8,4,KICH;KIRC;KIRP;LUSC,ENSG00000102962,CCL22,4,KICH;KIRC;KIRP;LUSC,0,0,1,0.25,0.26404136225394215,0.48573574805393815,1.5896505089959094,1.6027079503476211,TRUE
CYP3A7,0.8,4,KICH;KIRC;KIRP;LUSC,ENSG00000103522,IL21R,4,KICH;KIRC;KIRP;LUSC,0,0,2,0.5,0.6462809819905492,0.9132770095573549,0.9192357889951959,1.4341300406869113,TRUE
CYP3A7,0.8,4,KICH;KIRC;KIRP;LUSC,ENSG00000104237,RP1,4,KICH;KIRC;KIRP;LUSC,4,1,0,0,-1.8859523549902701,-2.22682164718841,1.4211734915176368,1.6778654469865064,TRUE
CYP3A7,0.8,4,KICH;KIRC;KIRP;LUSC,ENSG00000104892,KLC3,4,KICH;KIRC;KIRP;LUSC,2,0.5,1,0.25,-0.47676042070518404,-0.39185924603003763,1.2666949216565122,1.5814023630435214,TRUE
CYP3A7,0.8,4,KICH;KIRC;KIRP;LUSC,ENSG00000104901,DKKL1,4,KICH;KIRC;KIRP;LUSC,1,0.25,1,0.25,0.3616856105763139,0.08456536422308042,1.6805134075239367,1.9981275287084312,TRUE
CYP3A7,0.8,4,KICH;KIRC;KIRP;LUSC,ENSG00000104951,IL4I1,4,KICH;KIRC;KIRP;LUSC,0,0,3,0.75,1.6627669753701029,1.3651895621821653,1.3266643724826213,1.6843348190473693,TRUE
CYP3A7,0.8,4,KICH;KIRC;KIRP;LUSC,ENSG00000105131,EPHX3,4,KICH;KIRC;KIRP;LUSC,3,0.75,1,0.25,-0.9072614602271991,-0.5135579977636998,1.511915221102688,1.671248442268921,TRUE
CYP3A7,0.8,4,KICH;KIRC;KIRP;LUSC,ENSG00000105369,CD79A,4,KICH;KIRC;KIRP;LUSC,0,0,1,0.25,0.021199783039745485,0.2953682940801693,1.538933884801231,1.884716582125564,TRUE
CYP3A7,0.8,4,KICH;KIRC;KIRP;LUSC,ENSG00000105479,CCDC114,4,KICH;KIRC;KIRP;LUSC,3,0.75,1,0.25,-0.6327611023117474,-0.41234940598889847,1.6273819907196467,1.6718393931797473,TRUE
CYP3A7,0.8,4,KICH;KIRC;KIRP;LUSC,ENSG00000107014,RLN2,4,KICH;KIRC;KIRP;LUSC,2,0.5,0,0,-0.8986660574791515,-1.1961695489051984,1.213867292176025,1.8338293181844831,TRUE
CYP3A7,0.8,4,KICH;KIRC;KIRP;LUSC,ENSG00000107593,PKD2L1,4,KICH;KIRC;KIRP;LUSC,1,0.25,3,0.75,2.644549663456135,1.6798685939600237,1.23852302466194,1.3463429338309028,TRUE
CYP3A7,0.8,4,KICH;KIRC;KIRP;LUSC,ENSG00000108244,KRT23,4,KICH;KIRC;KIRP;LUSC,2,0.5,2,0.5,0.08590513920872711,-0.08264006264604329,1.083335819713656,1.0972922545907646,TRUE
CYP3A7,0.8,4,KICH;KIRC;KIRP;LUSC,ENSG00000108700,CCL8,4,KICH;KIRC;KIRP;LUSC,2,0.5,0,0,-0.9945501804609853,-1.0050824236749287,1.655166167782479,1.8080382188073496,TRUE
CYP3A7,0.8,4,KICH;KIRC;KIRP;LUSC,ENSG00000109101,FOXN1,4,KICH;KIRC;KIRP;LUSC,3,0.75,1,0.25,-2.0358742382296966,-0.9962999764964025,1.4999811808025492,1.9061423602029075,TRUE
CYP3A7,0.8,4,KICH;KIRC;KIRP;LUSC,ENSG00000109205,ODAM,4,KICH;KIRC;KIRP;LUSC,3,0.75,1,0.25,-4.41575654037962,-3.3326888977942524,0.7590828738184576,1.2478882091439107,TRUE
CYP3A7,0.8,4,KICH;KIRC;KIRP;LUSC,ENSG00000111218,PRMT8,4,KICH;KIRC;KIRP;LUSC,3,0.75,1,0.25,-2.9781369690595065,-1.8361109762557297,1.3309065897653658,1.3506739008254764,TRUE
CYP3A7,0.8,4,KICH;KIRC;KIRP;LUSC,ENSG00000111291,GPRC5D,4,KICH;KIRC;KIRP;LUSC,0,0,2,0.5,0.30848753360591463,0.27723730095702726,1.5985640319787975,1.694421285402273,TRUE
CYP3A7,0.8,4,KICH;KIRC;KIRP;LUSC,ENSG00000111339,ART4,4,KICH;KIRC;KIRP;LUSC,3,0.75,0,0,-1.7604036002442214,-1.9922622923534992,1.3062353193576661,1.757848745551921,TRUE
CYP3A7,0.8,4,KICH;KIRC;KIRP;LUSC,ENSG00000111981,ULBP1,4,KICH;KIRC;KIRP;LUSC,1,0.25,1,0.25,0.14721231295779805,0.0421004055786164,0.9263563410377023,1.4216812495851712,TRUE
CYP3A7,0.8,4,KICH;KIRC;KIRP;LUSC,ENSG00000112706,IMPG1,4,KICH;KIRC;KIRP;LUSC,2,0.5,0,0,-0.5847847003763932,-0.6223725170273917,1.6180711080262848,1.969650883221711,TRUE
CYP3A7,0.8,4,KICH;KIRC;KIRP;LUSC,ENSG00000112742,TTK,4,KICH;KIRC;KIRP;LUSC,0,0,4,1,2.28356313349403,2.7686094438041087,1.6625023302451545,1.723317756173932,TRUE
CYP3A7,0.8,4,KICH;KIRC;KIRP;LUSC,ENSG00000112984,KIF20A,4,KICH;KIRC;KIRP;LUSC,0,0,4,1,2.786431984753734,2.85477375355211,1.635605014660788,1.6696374546561426,TRUE
CYP3A7,0.8,4,KICH;KIRC;KIRP;LUSC,ENSG00000114113,RBP2,4,KICH;KIRC;KIRP;LUSC,4,1,0,0,-4.271573514301326,-4.262497026845489,0.6915130435282453,1.2131613338098222,TRUE
CYP3A7,0.8,4,KICH;KIRC;KIRP;LUSC,ENSG00000114248,LRRC31,4,KICH;KIRC;KIRP;LUSC,1,0.25,2,0.5,0.5734355706358436,0.013964079573816068,1.3188020423895381,1.9827630178752411,TRUE
CYP3A7,0.8,4,KICH;KIRC;KIRP;LUSC,ENSG00000117090,SLAMF1,4,KICH;KIRC;KIRP;LUSC,2,0.5,1,0.25,-0.4141895264183422,-0.014317361183060984,1.293274280611084,1.52268168891867,TRUE
CYP3A7,0.8,4,KICH;KIRC;KIRP;LUSC,ENSG00000117560,FASLG,4,KICH;KIRC;KIRP;LUSC,1,0.25,3,0.75,1.3949179773759723,1.2493299310094885,1.3253727511571298,1.5417662065387223,TRUE
CYP3A7,0.8,4,KICH;KIRC;KIRP;LUSC,ENSG00000119915,ELOVL3,4,KICH;KIRC;KIRP;LUSC,4,1,0,0,-1.329744879090295,-1.29816689877363,1.390801584683042,1.5383731770194944,TRUE
CYP3A7,0.8,4,KICH;KIRC;KIRP;LUSC,ENSG00000120280,CXorf21,4,KICH;KIRC;KIRP;LUSC,1,0.25,2,0.5,0.3262038377460167,0.25486770528242064,1.6738892162117724,1.7675676645788552,TRUE
CYP3A7,0.8,4,KICH;KIRC;KIRP;LUSC,ENSG00000120332,TNN,4,KICH;KIRC;KIRP;LUSC,1,0.25,1,0.25,-0.4837878652777165,-0.5715601759723712,1.52304308616764,1.8153920329360376,TRUE
CYP3A7,0.8,4,KICH;KIRC;KIRP;LUSC,ENSG00000121380,BCL2L14,4,KICH;KIRC;KIRP;LUSC,1,0.25,0,0,-0.3754953481215314,-0.4502253971618255,1.488786565282092,1.594970023962351,TRUE
CYP3A7,0.8,4,KICH;KIRC;KIRP;LUSC,ENSG00000121621,KIF18A,4,KICH;KIRC;KIRP;LUSC,0,0,3,0.75,1.6328586189626377,1.5553593383802666,1.6710483378018002,1.7572774601986896,TRUE
CYP3A7,0.8,4,KICH;KIRC;KIRP;LUSC,ENSG00000121895,TMEM156,4,KICH;KIRC;KIRP;LUSC,0,0,2,0.5,0.6984263151299188,0.8331678601556447,1.4463145673969415,1.4632842673193376,TRUE
CYP3A7,0.8,4,KICH;KIRC;KIRP;LUSC,ENSG00000122224,LY9,4,KICH;KIRC;KIRP;LUSC,1,0.25,3,0.75,0.8282134811829944,0.7955148550266604,1.431010624259996,1.4811605908292502,TRUE
CYP3A7,0.8,4,KICH;KIRC;KIRP;LUSC,ENSG00000122735,DNAI1,4,KICH;KIRC;KIRP;LUSC,3,0.75,1,0.25,-1.8106262590663245,-1.6315002045196239,0.7625718571560652,1.2149309222458815,TRUE
CYP3A7,0.8,4,KICH;KIRC;KIRP;LUSC,ENSG00000123454,DBH,4,KICH;KIRC;KIRP;LUSC,4,1,0,0,-2.0025364837881647,-2.224472242960131,1.1434960963109515,1.3604523784902225,TRUE
CYP3A7,0.8,4,KICH;KIRC;KIRP;LUSC,ENSG00000123485,HJURP,4,KICH;KIRC;KIRP;LUSC,0,0,4,1,3.1303459510585903,3.220284108972712,1.338605872173059,1.5339564798296867,TRUE
CYP3A7,0.8,4,KICH;KIRC;KIRP;LUSC,ENSG00000123496,IL13RA2,4,KICH;KIRC;KIRP;LUSC,3,0.75,0,0,-2.689502247634847,-2.5138033870536893,1.4370418097320408,1.9634481331720584,TRUE
CYP3A7,0.8,4,KICH;KIRC;KIRP;LUSC,ENSG00000123500,COL10A1,4,KICH;KIRC;KIRP;LUSC,1,0.25,1,0.25,-0.39198763098275374,0.6776766558689539,1.5809962692406134,1.857413364631849,TRUE
CYP3A7,0.8,4,KICH;KIRC;KIRP;LUSC,ENSG00000123977,DAW1,4,KICH;KIRC;KIRP;LUSC,3,0.75,1,0.25,-2.2893631843730207,-1.7655396849761371,1.248967578086785,1.4063419769121477,TRUE
CYP3A7,0.8,4,KICH;KIRC;KIRP;LUSC,ENSG00000124256,ZBP1,4,KICH;KIRC;KIRP;LUSC,0,0,2,0.5,0.6226789091635637,0.8140092598360344,1.5324498074256898,1.5929777014955826,TRUE
CYP3A7,0.8,4,KICH;KIRC;KIRP;LUSC,ENSG00000124490,CRISP2,4,KICH;KIRC;KIRP;LUSC,4,1,0,0,-4.857292685028682,-4.460268919715448,0.5313868149099275,0.9035091777971586,TRUE
CYP3A7,0.8,4,KICH;KIRC;KIRP;LUSC,ENSG00000124875,CXCL6,4,KICH;KIRC;KIRP;LUSC,1,0.25,2,0.5,0.7111085040322901,-0.09162680867432416,0.9675628912094232,1.2526643458977524,TRUE
CYP3A7,0.8,4,KICH;KIRC;KIRP;LUSC,ENSG00000124939,SCGB2A1,4,KICH;KIRC;KIRP;LUSC,3,0.75,0,0,-2.015964609570225,-1.8698210928767445,1.2105504081191998,1.45294002707713,TRUE
CYP3A7,0.8,4,KICH;KIRC;KIRP;LUSC,ENSG00000125531,FNDC11,4,KICH;KIRC;KIRP;LUSC,3,0.75,0,0,-1.5773747077319107,-1.8980456360780182,1.50705600598771,1.7771986515234977,TRUE
CYP3A7,0.8,4,KICH;KIRC;KIRP;LUSC,ENSG00000125726,CD70,4,KICH;KIRC;KIRP;LUSC,0,0,3,0.75,2.943907944219339,3.391102533570819,1.5367744116225013,1.571303543184097,TRUE
CYP3A7,0.8,4,KICH;KIRC;KIRP;LUSC,ENSG00000126262,FFAR2,4,KICH;KIRC;KIRP;LUSC,1,0.25,2,0.5,0.544126260444955,0.2795494044803782,1.6122485272322953,1.9827697794621897,TRUE
CYP3A7,0.8,4,KICH;KIRC;KIRP;LUSC,ENSG00000126787,DLGAP5,4,KICH;KIRC;KIRP;LUSC,0,0,4,1,3.01685530588691,3.3571586585968216,1.4343715958861396,1.5714727961860857,TRUE
CYP3A7,0.8,4,KICH;KIRC;KIRP;LUSC,ENSG00000128645,HOXD1,4,KICH;KIRC;KIRP;LUSC,4,1,0,0,-1.494657888669664,-1.5622603721911734,1.326682944496943,1.7137467270141782,TRUE
CYP3A7,0.8,4,KICH;KIRC;KIRP;LUSC,ENSG00000129810,SGO1,4,KICH;KIRC;KIRP;LUSC,0,0,4,1,1.32698404985641,1.8817348682594952,1.560775515037451,1.8197249220347016,TRUE
CYP3A7,0.8,4,KICH;KIRC;KIRP;LUSC,ENSG00000129988,LBP,4,KICH;KIRC;KIRP;LUSC,2,0.5,2,0.5,-1.1186249689815857,-1.31416306345972,1.2312069104538226,1.5545360828762167,TRUE
CYP3A7,0.8,4,KICH;KIRC;KIRP;LUSC,ENSG00000130487,KLHDC7B,4,KICH;KIRC;KIRP;LUSC,0,0,2,0.5,0.7249472149044741,1.021331561402051,1.461131789698164,1.605260051179373,TRUE
CYP3A7,0.8,4,KICH;KIRC;KIRP;LUSC,ENSG00000130701,RBBP8NL,4,KICH;KIRC;KIRP;LUSC,2,0.5,2,0.5,-2.6773739575254156,-2.302748958732308,1.2814309098675554,1.7038366555283118,TRUE
CYP3A7,0.8,4,KICH;KIRC;KIRP;LUSC,ENSG00000131015,ULBP2,4,KICH;KIRC;KIRP;LUSC,0,0,3,0.75,0.9576178453997739,0.9435834266153906,1.3723156653170214,1.600008401074044,TRUE
CYP3A7,0.8,4,KICH;KIRC;KIRP;LUSC,ENSG00000131044,TTLL9,4,KICH;KIRC;KIRP;LUSC,3,0.75,0,0,-0.9450727148105417,-1.009735000826059,1.5956945396962627,1.8127633486557335,TRUE
CYP3A7,0.8,4,KICH;KIRC;KIRP;LUSC,ENSG00000131355,ADGRE3,4,KICH;KIRC;KIRP;LUSC,1,0.25,2,0.5,0.5637958261545053,-0.2242963040284356,1.4989280971257943,1.6142282341053646,TRUE
CYP3A7,0.8,4,KICH;KIRC;KIRP;LUSC,ENSG00000132517,SLC52A1,4,KICH;KIRC;KIRP;LUSC,1,0.25,2,0.5,0.7003791771168062,0.40708671396220814,1.4032817499574322,1.9630363883225883,TRUE
CYP3A7,0.8,4,KICH;KIRC;KIRP;LUSC,ENSG00000132746,ALDH3B2,4,KICH;KIRC;KIRP;LUSC,3,0.75,1,0.25,-3.7342280996570363,-2.1824072170083655,1.032596602621108,1.6103363356472196,TRUE
CYP3A7,0.8,4,KICH;KIRC;KIRP;LUSC,ENSG00000133055,MYBPH,4,KICH;KIRC;KIRP;LUSC,3,0.75,0,0,-2.8912164022640905,-2.426955549198856,0.866352602002404,1.9863270988654604,TRUE
CYP3A7,0.8,4,KICH;KIRC;KIRP;LUSC,ENSG00000133107,TRPC4,4,KICH;KIRC;KIRP;LUSC,3,0.75,1,0.25,-0.9690359231822476,-0.6517276610470875,1.5876539989169556,1.678808425015987,TRUE
CYP3A7,0.8,4,KICH;KIRC;KIRP;LUSC,ENSG00000133317,LGALS12,4,KICH;KIRC;KIRP;LUSC,1,0.25,2,0.5,0.8349457824617696,0.8098910475764651,1.4330444475522954,1.656506134596101,TRUE
CYP3A7,0.8,4,KICH;KIRC;KIRP;LUSC,ENSG00000133328,PLAAT2,4,KICH;KIRC;KIRP;LUSC,3,0.75,0,0,-1.6373238981342506,-1.843079479572711,1.494897682042767,1.6937475557411077,TRUE
CYP3A7,0.8,4,KICH;KIRC;KIRP;LUSC,ENSG00000133475,GGT2,4,KICH;KIRC;KIRP;LUSC,2,0.5,0,0,-0.8520774168417348,-1.016426737996254,1.3908854926067395,1.637248020280253,TRUE
CYP3A7,0.8,4,KICH;KIRC;KIRP;LUSC,ENSG00000133488,SEC14L4,4,KICH;KIRC;KIRP;LUSC,3,0.75,0,0,-1.6469998498487592,-1.7976372709833173,1.35668288632597,1.965480432247752,TRUE
CYP3A7,0.8,4,KICH;KIRC;KIRP;LUSC,ENSG00000133665,DYDC2,4,KICH;KIRC;KIRP;LUSC,3,0.75,0,0,-1.7215332609023033,-1.5542023429275433,1.395289917254832,1.5219785621718918,TRUE
CYP3A7,0.8,4,KICH;KIRC;KIRP;LUSC,ENSG00000134460,IL2RA,4,KICH;KIRC;KIRP;LUSC,0,0,3,0.75,0.9427214618013529,1.1411651342150422,1.292270263511862,1.4266555470235247,TRUE
CYP3A7,0.8,4,KICH;KIRC;KIRP;LUSC,ENSG00000134539,KLRD1,4,KICH;KIRC;KIRP;LUSC,1,0.25,3,0.75,1.5496634769809399,0.8552479598165394,1.7167897492875088,1.8639810009450903,TRUE
CYP3A7,0.8,4,KICH;KIRC;KIRP;LUSC,ENSG00000135476,ESPL1,4,KICH;KIRC;KIRP;LUSC,0,0,1,0.25,0.18832376450116406,0.9803288354612734,1.5012446533474835,1.7688475301165492,TRUE
CYP3A7,0.8,4,KICH;KIRC;KIRP;LUSC,ENSG00000136573,BLK,4,KICH;KIRC;KIRP;LUSC,3,0.75,1,0.25,-0.7353513523031279,-0.5177628579890408,0.5847778897626574,0.6809905339265252,TRUE
CYP3A7,0.8,4,KICH;KIRC;KIRP;LUSC,ENSG00000137078,SIT1,4,KICH;KIRC;KIRP;LUSC,0,0,2,0.5,0.39018126130427105,0.7943820053061248,1.5731174940128836,1.62290123385923,TRUE
CYP3A7,0.8,4,KICH;KIRC;KIRP;LUSC,ENSG00000137440,FGFBP1,4,KICH;KIRC;KIRP;LUSC,3,0.75,1,0.25,-2.8382782922999725,-2.036755335805002,1.3074426435475355,1.6426955508869243,TRUE
CYP3A7,0.8,4,KICH;KIRC;KIRP;LUSC,ENSG00000137709,POU2F3,4,KICH;KIRC;KIRP;LUSC,2,0.5,1,0.25,-0.9286933695102417,-1.0003426092905,1.3745861232786782,1.5186020375172211,TRUE
CYP3A7,0.8,4,KICH;KIRC;KIRP;LUSC,ENSG00000137812,KNL1,4,KICH;KIRC;KIRP;LUSC,1,0.25,2,0.5,0.2322521011443932,0.7206454077326074,1.464645166057577,1.7225630871433926,TRUE
CYP3A7,0.8,4,KICH;KIRC;KIRP;LUSC,ENSG00000138315,OIT3,4,KICH;KIRC;KIRP;LUSC,3,0.75,1,0.25,-1.9564265419409042,-1.3419725909170315,0.7989969600455915,1.973700047719729,TRUE
CYP3A7,0.8,4,KICH;KIRC;KIRP;LUSC,ENSG00000139344,AMDHD1,4,KICH;KIRC;KIRP;LUSC,2,0.5,0,0,-0.5416545549172451,-1.3707569735805283,1.5315436035281749,1.979186447378571,TRUE
CYP3A7,0.8,4,KICH;KIRC;KIRP;LUSC,ENSG00000139572,GPR84,4,KICH;KIRC;KIRP;LUSC,0,0,4,1,1.508510010519609,1.5926319951851498,1.4389299225651768,1.6411106961493538,TRUE
CYP3A7,0.8,4,KICH;KIRC;KIRP;LUSC,ENSG00000140279,DUOX2,4,KICH;KIRC;KIRP;LUSC,2,0.5,0,0,-1.0753333532951819,-1.1130256830848035,1.5586918489708734,1.866714994353918,TRUE
CYP3A7,0.8,4,KICH;KIRC;KIRP;LUSC,ENSG00000140932,CMTM2,4,KICH;KIRC;KIRP;LUSC,1,0.25,1,0.25,0.10524957637339605,-0.4291760509241673,1.3582941358895286,1.446209919756569,TRUE
CYP3A7,0.8,4,KICH;KIRC;KIRP;LUSC,ENSG00000141161,UNC45B,4,KICH;KIRC;KIRP;LUSC,3,0.75,0,0,-2.2589406774873773,-2.126947663930027,1.300509240407981,1.4297878694649475,TRUE
CYP3A7,0.8,4,KICH;KIRC;KIRP;LUSC,ENSG00000141294,LRRC46,4,KICH;KIRC;KIRP;LUSC,1,0.25,1,0.25,-0.2122063859797968,-0.38903239312602256,1.57806863652811,1.9429696518041544,TRUE
CYP3A7,0.8,4,KICH;KIRC;KIRP;LUSC,ENSG00000141579,ZNF750,4,KICH;KIRC;KIRP;LUSC,3,0.75,1,0.25,-1.5815969654941093,-0.935324770833259,1.3867339309426239,1.6368232021825653,TRUE
CYP3A7,0.8,4,KICH;KIRC;KIRP;LUSC,ENSG00000142405,NLRP12,4,KICH;KIRC;KIRP;LUSC,1,0.25,2,0.5,0.5453842414350643,-0.04409646054643657,1.4916366835629327,1.5856339325807192,TRUE
CYP3A7,0.8,4,KICH;KIRC;KIRP;LUSC,ENSG00000142606,MMEL1,4,KICH;KIRC;KIRP;LUSC,3,0.75,0,0,-1.1624855187123107,-1.2377473623909874,1.4356930564442987,1.5895630808828198,TRUE
CYP3A7,0.8,4,KICH;KIRC;KIRP;LUSC,ENSG00000142621,FHAD1,4,KICH;KIRC;KIRP;LUSC,2,0.5,0,0,-0.9194456947939817,-0.8657672406530432,1.48309850833086,1.7250966822328584,TRUE
CYP3A7,0.8,4,KICH;KIRC;KIRP;LUSC,ENSG00000142677,IL22RA1,4,KICH;KIRC;KIRP;LUSC,1,0.25,3,0.75,1.2986147622655246,0.0034079586317187216,1.351101186637732,1.831921743016317,TRUE
CYP3A7,0.8,4,KICH;KIRC;KIRP;LUSC,ENSG00000143185,XCL2,4,KICH;KIRC;KIRP;LUSC,1,0.25,2,0.5,0.506947894649259,0.5945949445526881,1.26525002534234,1.5976067661667257,TRUE
CYP3A7,0.8,4,KICH;KIRC;KIRP;LUSC,ENSG00000143297,FCRL5,4,KICH;KIRC;KIRP;LUSC,1,0.25,2,0.5,0.3043154470399048,0.35522847455869727,1.1331764450943522,1.1487087850751876,TRUE
CYP3A7,0.8,4,KICH;KIRC;KIRP;LUSC,ENSG00000145491,ROPN1L,4,KICH;KIRC;KIRP;LUSC,2,0.5,2,0.5,-0.5618649548328932,-0.7208995076316811,1.3917486394912297,1.5080252955110878,TRUE
CYP3A7,0.8,4,KICH;KIRC;KIRP;LUSC,ENSG00000145850,TIMD4,4,KICH;KIRC;KIRP;LUSC,1,0.25,3,0.75,1.4484212643999417,1.3149458037706014,1.642641803842485,1.7082955750876092,TRUE
CYP3A7,0.8,4,KICH;KIRC;KIRP;LUSC,ENSG00000145864,GABRB2,4,KICH;KIRC;KIRP;LUSC,4,1,0,0,-2.937310321260094,-2.9416508694630017,1.6449158900544858,1.7169359257358678,TRUE
CYP3A7,0.8,4,KICH;KIRC;KIRP;LUSC,ENSG00000146166,LGSN,4,KICH;KIRC;KIRP;LUSC,4,1,0,0,-2.8167869576334894,-2.92220946606725,1.1339028106569506,1.6695469951805293,TRUE
CYP3A7,0.8,4,KICH;KIRC;KIRP;LUSC,ENSG00000146285,SCML4,4,KICH;KIRC;KIRP;LUSC,2,0.5,1,0.25,-0.597082292146476,-0.5304595024140959,1.4342714575403943,1.504459744726267,TRUE
CYP3A7,0.8,4,KICH;KIRC;KIRP;LUSC,ENSG00000146955,RAB19,4,KICH;KIRC;KIRP;LUSC,1,0.25,1,0.25,-0.01470403900140177,0.07721291589452822,1.5017013680811158,1.5790027053044622,TRUE
CYP3A7,0.8,4,KICH;KIRC;KIRP;LUSC,ENSG00000147082,CCNB3,4,KICH;KIRC;KIRP;LUSC,2,0.5,0,0,-0.4537270857398345,-0.4352659194176737,1.6982600339222182,1.8861740182907645,TRUE
CYP3A7,0.8,4,KICH;KIRC;KIRP;LUSC,ENSG00000147138,GPR174,4,KICH;KIRC;KIRP;LUSC,1,0.25,2,0.5,0.5918692993957668,0.6879839888396762,1.3162665734087033,1.3592558454729513,TRUE
CYP3A7,0.8,4,KICH;KIRC;KIRP;LUSC,ENSG00000148483,TMEM236,4,KICH;KIRC;KIRP;LUSC,3,0.75,0,0,-0.8683975471996093,-0.999181380143881,1.6270993476389473,1.6971777940495183,TRUE
CYP3A7,0.8,4,KICH;KIRC;KIRP;LUSC,ENSG00000148735,PLEKHS1,4,KICH;KIRC;KIRP;LUSC,4,1,0,0,-1.9221880363319206,-1.8393066156602558,0.9258065016995591,1.4839980424723322,TRUE
CYP3A7,0.8,4,KICH;KIRC;KIRP;LUSC,ENSG00000150045,KLRF1,4,KICH;KIRC;KIRP;LUSC,2,0.5,1,0.25,-0.7318282214105551,-0.8135990350386593,1.3995009834699805,1.5457061119902846,TRUE
CYP3A7,0.8,4,KICH;KIRC;KIRP;LUSC,ENSG00000151224,MAT1A,4,KICH;KIRC;KIRP;LUSC,2,0.5,1,0.25,-0.9140815520782803,-0.7163785592542617,1.2076408521802635,1.5596473709445504,TRUE
CYP3A7,0.8,4,KICH;KIRC;KIRP;LUSC,ENSG00000151790,TDO2,4,KICH;KIRC;KIRP;LUSC,0,0,3,0.75,0.9322462496953124,0.7997122032655202,1.188745239874711,1.212934261934912,TRUE
CYP3A7,0.8,4,KICH;KIRC;KIRP;LUSC,ENSG00000152253,SPC25,4,KICH;KIRC;KIRP;LUSC,0,0,4,1,2.0390990184870237,2.031103367394116,1.6831838986334522,1.7300648220030037,TRUE
CYP3A7,0.8,4,KICH;KIRC;KIRP;LUSC,ENSG00000152463,OLAH,4,KICH;KIRC;KIRP;LUSC,4,1,0,0,-2.0129462666550815,-2.386860565000693,1.1127241603839106,1.429078574102837,TRUE
CYP3A7,0.8,4,KICH;KIRC;KIRP;LUSC,ENSG00000152611,CAPSL,4,KICH;KIRC;KIRP;LUSC,4,1,0,0,-3.4855316222488426,-3.1356858503782856,0.7202842647084555,1.583808592678349,TRUE
CYP3A7,0.8,4,KICH;KIRC;KIRP;LUSC,ENSG00000153347,FAM81B,4,KICH;KIRC;KIRP;LUSC,2,0.5,0,0,-2.3950080936851808,-2.6161258936009038,0.9547903024477711,1.3511316037307777,TRUE
CYP3A7,0.8,4,KICH;KIRC;KIRP;LUSC,ENSG00000153976,HS3ST3A1,4,KICH;KIRC;KIRP;LUSC,3,0.75,1,0.25,-1.8116985345850034,-1.0120373644642382,1.532604160863219,1.7939356617101478,TRUE
CYP3A7,0.8,4,KICH;KIRC;KIRP;LUSC,ENSG00000154016,GRAP,4,KICH;KIRC;KIRP;LUSC,2,0.5,1,0.25,-1.0494815420285448,-0.7026341516007674,1.5879669450607399,1.7003600414469031,TRUE
CYP3A7,0.8,4,KICH;KIRC;KIRP;LUSC,ENSG00000154099,DNAAF1,4,KICH;KIRC;KIRP;LUSC,3,0.75,1,0.25,-1.7230547658325124,-1.4503153782938005,1.6375262948095464,1.9764665465388949,TRUE
CYP3A7,0.8,4,KICH;KIRC;KIRP;LUSC,ENSG00000154479,CCDC173,4,KICH;KIRC;KIRP;LUSC,2,0.5,0,0,-1.5169323345379353,-1.7579505917442113,1.704547894352656,1.9737551931310715,TRUE
CYP3A7,0.8,4,KICH;KIRC;KIRP;LUSC,ENSG00000155530,LRGUK,4,KICH;KIRC;KIRP;LUSC,1,0.25,1,0.25,0.1310688530116552,-0.030378803136110744,1.1079660070937076,1.62970702895906,TRUE
CYP3A7,0.8,4,KICH;KIRC;KIRP;LUSC,ENSG00000155761,SPAG17,4,KICH;KIRC;KIRP;LUSC,1,0.25,0,0,-0.048363711491722,-0.394871073495461,1.3821971609516088,1.585168173346689,TRUE
CYP3A7,0.8,4,KICH;KIRC;KIRP;LUSC,ENSG00000156738,MS4A1,4,KICH;KIRC;KIRP;LUSC,3,0.75,1,0.25,-0.7898235222777636,-0.38498085775807367,0.6855975153006983,1.241635066850171,TRUE
CYP3A7,0.8,4,KICH;KIRC;KIRP;LUSC,ENSG00000157766,ACAN,4,KICH;KIRC;KIRP;LUSC,0,0,3,0.75,1.393145293385075,1.533818702826263,1.6767398530334865,1.9577114148774712,TRUE
CYP3A7,0.8,4,KICH;KIRC;KIRP;LUSC,ENSG00000157856,DRC1,4,KICH;KIRC;KIRP;LUSC,3,0.75,0,0,-2.409159680788242,-1.9873158700061437,1.5351325642578915,1.6107496196787805,TRUE
CYP3A7,0.8,4,KICH;KIRC;KIRP;LUSC,ENSG00000158428,CATIP,4,KICH;KIRC;KIRP;LUSC,3,0.75,0,0,-2.559976542204271,-2.2706729600479942,1.398392739928745,1.66208857959684,TRUE
CYP3A7,0.8,4,KICH;KIRC;KIRP;LUSC,ENSG00000158486,DNAH3,4,KICH;KIRC;KIRP;LUSC,2,0.5,2,0.5,-0.23600759871032267,0.10426869730719979,1.484294332949598,1.5306368853560568,TRUE
CYP3A7,0.8,4,KICH;KIRC;KIRP;LUSC,ENSG00000158578,ALAS2,4,KICH;KIRC;KIRP;LUSC,2,0.5,1,0.25,-0.3291521481535183,-0.7751783931478287,0.6337542318345495,0.7824937977056416,TRUE
CYP3A7,0.8,4,KICH;KIRC;KIRP;LUSC,ENSG00000159618,ADGRG5,4,KICH;KIRC;KIRP;LUSC,3,0.75,0,0,-1.038751844486146,-1.085036138593171,1.485198534995526,1.553455683864236,TRUE
CYP3A7,0.8,4,KICH;KIRC;KIRP;LUSC,ENSG00000159625,DRC7,4,KICH;KIRC;KIRP;LUSC,3,0.75,1,0.25,-2.404061741688275,-1.7936118398637768,0.8483179274500224,1.202442607928469,TRUE
CYP3A7,0.8,4,KICH;KIRC;KIRP;LUSC,ENSG00000159723,AGRP,4,KICH;KIRC;KIRP;LUSC,4,1,0,0,-2.3577262785095354,-2.873861693479579,0.6677903426258283,1.39664791258124,TRUE
CYP3A7,0.8,4,KICH;KIRC;KIRP;LUSC,ENSG00000160185,UBASH3A,4,KICH;KIRC;KIRP;LUSC,1,0.25,2,0.5,0.5183224432866818,0.7323255425478861,1.3743020818052685,1.4554346319555171,TRUE
CYP3A7,0.8,4,KICH;KIRC;KIRP;LUSC,ENSG00000160401,CFAP157,4,KICH;KIRC;KIRP;LUSC,2,0.5,0,0,-0.42128038642361076,-0.3388553984865051,1.6680685371052064,1.9082832270263592,TRUE
CYP3A7,0.8,4,KICH;KIRC;KIRP;LUSC,ENSG00000160654,CD3G,4,KICH;KIRC;KIRP;LUSC,1,0.25,2,0.5,0.4776462523180386,0.6558545591685558,1.5831166066181779,1.6182911861122464,TRUE
CYP3A7,0.8,4,KICH;KIRC;KIRP;LUSC,ENSG00000160856,FCRL3,4,KICH;KIRC;KIRP;LUSC,1,0.25,1,0.25,0.4363253114083462,0.719807603663529,1.1839653643224963,1.2838141943939785,TRUE
CYP3A7,0.8,4,KICH;KIRC;KIRP;LUSC,ENSG00000161040,FBXL13,4,KICH;KIRC;KIRP;LUSC,1,0.25,0,0,-0.1998153474462674,-0.44224087099094017,1.672867841702405,1.971244221672794,TRUE
CYP3A7,0.8,4,KICH;KIRC;KIRP;LUSC,ENSG00000161944,ASGR2,4,KICH;KIRC;KIRP;LUSC,3,0.75,0,0,-1.1288735128988436,-0.9475604610591737,1.278749558051903,1.3598978607156365,TRUE
CYP3A7,0.8,4,KICH;KIRC;KIRP;LUSC,ENSG00000162078,ZG16B,4,KICH;KIRC;KIRP;LUSC,0,0,4,1,0.9027478708605592,1.4319342323573996,1.4224276075362297,1.5515855433991317,TRUE
CYP3A7,0.8,4,KICH;KIRC;KIRP;LUSC,ENSG00000162571,TTLL10,4,KICH;KIRC;KIRP;LUSC,3,0.75,0,0,-1.5773527479110048,-1.3986013810629045,1.1336204625120985,1.1464807978075326,TRUE
CYP3A7,0.8,4,KICH;KIRC;KIRP;LUSC,ENSG00000162643,DNAI3,4,KICH;KIRC;KIRP;LUSC,2,0.5,0,0,-0.8106630394798633,-1.0929316740171433,1.073598735332281,1.39163658994658,TRUE
CYP3A7,0.8,4,KICH;KIRC;KIRP;LUSC,ENSG00000163501,IHH,4,KICH;KIRC;KIRP;LUSC,3,0.75,0,0,-1.9421123141028602,-2.4144921906904235,1.5000112828752026,1.6426624068594955,TRUE
CYP3A7,0.8,4,KICH;KIRC;KIRP;LUSC,ENSG00000163508,EOMES,4,KICH;KIRC;KIRP;LUSC,1,0.25,2,0.5,0.8299090103419515,1.0983456684794632,1.4307343785654,1.522046410906139,TRUE
CYP3A7,0.8,4,KICH;KIRC;KIRP;LUSC,ENSG00000163519,TRAT1,4,KICH;KIRC;KIRP;LUSC,1,0.25,2,0.5,0.6970874031184089,0.6599414607430423,1.4353129883379654,1.5850182491982208,TRUE
CYP3A7,0.8,4,KICH;KIRC;KIRP;LUSC,ENSG00000163564,PYHIN1,4,KICH;KIRC;KIRP;LUSC,1,0.25,3,0.75,0.8963480381098301,0.8526222164430399,1.4664216415646958,1.5226982951249584,TRUE
CYP3A7,0.8,4,KICH;KIRC;KIRP;LUSC,ENSG00000164483,SAMD3,4,KICH;KIRC;KIRP;LUSC,1,0.25,2,0.5,0.4527776486821632,0.41609802614264013,1.443177194297735,1.4860255266596354,TRUE
CYP3A7,0.8,4,KICH;KIRC;KIRP;LUSC,ENSG00000164675,IQUB,4,KICH;KIRC;KIRP;LUSC,3,0.75,0,0,-1.3012043360309415,-1.88323923101728,1.4364660538327751,1.8765627655390005,TRUE
CYP3A7,0.8,4,KICH;KIRC;KIRP;LUSC,ENSG00000164746,C7orf57,4,KICH;KIRC;KIRP;LUSC,1,0.25,2,0.5,0.741777591474318,0.8160667812768845,1.3660144664766847,1.44998963710159,TRUE
CYP3A7,0.8,4,KICH;KIRC;KIRP;LUSC,ENSG00000165164,CFAP47,4,KICH;KIRC;KIRP;LUSC,2,0.5,0,0,-0.4724409217935359,-0.6907805019611373,1.1550740585414183,1.513487291833888,TRUE
CYP3A7,0.8,4,KICH;KIRC;KIRP;LUSC,ENSG00000165304,MELK,4,KICH;KIRC;KIRP;LUSC,0,0,4,1,3.3331151514063833,3.44988456264195,1.4764583667858795,1.58483913674579,TRUE
CYP3A7,0.8,4,KICH;KIRC;KIRP;LUSC,ENSG00000165309,ARMC3,4,KICH;KIRC;KIRP;LUSC,2,0.5,1,0.25,-2.141358978027033,-2.010445407733727,1.0737365813651147,1.486299124927979,TRUE
CYP3A7,0.8,4,KICH;KIRC;KIRP;LUSC,ENSG00000165917,RAPSN,4,KICH;KIRC;KIRP;LUSC,1,0.25,0,0,-0.31613551734430123,-0.3399053288895534,1.3911476368695914,1.5070011022289962,TRUE
CYP3A7,0.8,4,KICH;KIRC;KIRP;LUSC,ENSG00000166143,PPP1R14D,4,KICH;KIRC;KIRP;LUSC,2,0.5,2,0.5,-0.19988034073506583,0.11091299565169158,1.5662254792750228,1.9903203233462201,TRUE
CYP3A7,0.8,4,KICH;KIRC;KIRP;LUSC,ENSG00000166596,CFAP52,4,KICH;KIRC;KIRP;LUSC,2,0.5,1,0.25,-0.8803011284015191,-1.0229326840331292,1.3449198480260414,1.388419100357167,TRUE
CYP3A7,0.8,4,KICH;KIRC;KIRP;LUSC,ENSG00000166803,PCLAF,4,KICH;KIRC;KIRP;LUSC,0,0,4,1,2.217451895990938,2.2421788343501743,1.490249362349079,1.6904152773408387,TRUE
CYP3A7,0.8,4,KICH;KIRC;KIRP;LUSC,ENSG00000166856,GPR182,4,KICH;KIRC;KIRP;LUSC,4,1,0,0,-2.6373911702108312,-2.8354908081721915,0.9780511627900635,1.1291192718475869,TRUE
CYP3A7,0.8,4,KICH;KIRC;KIRP;LUSC,ENSG00000166897,ELFN2,4,KICH;KIRC;KIRP;LUSC,2,0.5,1,0.25,-1.01444836739275,-1.1640929896892391,1.631522237619967,1.9549088640158596,TRUE
CYP3A7,0.8,4,KICH;KIRC;KIRP;LUSC,ENSG00000166920,C15orf48,4,KICH;KIRC;KIRP;LUSC,0,0,3,0.75,1.3982480073592982,1.0594049243834673,1.2454047229659604,1.3966185963956097,TRUE
CYP3A7,0.8,4,KICH;KIRC;KIRP;LUSC,ENSG00000167077,MEI1,4,KICH;KIRC;KIRP;LUSC,1,0.25,1,0.25,-0.172341742905369,-0.0026748750573716423,1.631195026340369,1.6971688107712648,TRUE
CYP3A7,0.8,4,KICH;KIRC;KIRP;LUSC,ENSG00000167094,TTC16,4,KICH;KIRC;KIRP;LUSC,2,0.5,1,0.25,-0.38039552224900797,-0.6216107555158591,1.0345691994618345,1.0652192929100883,TRUE
CYP3A7,0.8,4,KICH;KIRC;KIRP;LUSC,ENSG00000167210,LOXHD1,4,KICH;KIRC;KIRP;LUSC,2,0.5,1,0.25,-1.4124137106566947,-1.044301604467159,1.08005517119495,1.1818887830825688,TRUE
CYP3A7,0.8,4,KICH;KIRC;KIRP;LUSC,ENSG00000167311,ART5,4,KICH;KIRC;KIRP;LUSC,0,0,1,0.25,-0.09237099073320118,0.3948964871280556,1.2229322093313244,1.7918258448228417,TRUE
CYP3A7,0.8,4,KICH;KIRC;KIRP;LUSC,ENSG00000167483,NIBAN3,4,KICH;KIRC;KIRP;LUSC,2,0.5,0,0,-0.6262195766877138,-0.5371292653332961,1.4367457645647046,1.5193262179739624,TRUE
CYP3A7,0.8,4,KICH;KIRC;KIRP;LUSC,ENSG00000167646,DNAAF3,4,KICH;KIRC;KIRP;LUSC,3,0.75,1,0.25,-1.4870686930333514,-1.366903949723108,0.8205324450197082,1.0593219136301586,TRUE
CYP3A7,0.8,4,KICH;KIRC;KIRP;LUSC,ENSG00000167653,PSCA,4,KICH;KIRC;KIRP;LUSC,2,0.5,1,0.25,-1.6477263297102382,-0.8360649684890935,1.1716056894490272,1.701851475427768,TRUE
CYP3A7,0.8,4,KICH;KIRC;KIRP;LUSC,ENSG00000167914,GSDMA,4,KICH;KIRC;KIRP;LUSC,0,0,3,0.75,0.735431233887832,0.7420291130177818,1.3773704612624686,1.8201238470561611,TRUE
CYP3A7,0.8,4,KICH;KIRC;KIRP;LUSC,ENSG00000168078,PBK,4,KICH;KIRC;KIRP;LUSC,0,0,4,1,2.6781780194352436,3.0253738751432167,1.5805013398661576,1.7458829719159443,TRUE
CYP3A7,0.8,4,KICH;KIRC;KIRP;LUSC,ENSG00000169064,ZBBX,4,KICH;KIRC;KIRP;LUSC,2,0.5,1,0.25,-2.034488649717273,-1.7931115298475713,0.959382537819364,1.2991801801734868,TRUE
CYP3A7,0.8,4,KICH;KIRC;KIRP;LUSC,ENSG00000169248,CXCL11,4,KICH;KIRC;KIRP;LUSC,0,0,2,0.5,1.0624055096117255,1.4224706553087294,1.4123983207625335,1.5176678459149238,TRUE
CYP3A7,0.8,4,KICH;KIRC;KIRP;LUSC,ENSG00000169607,CKAP2L,4,KICH;KIRC;KIRP;LUSC,0,0,4,1,2.664007395584169,3.035944596707271,1.5427033162808839,1.592924229349589,TRUE
CYP3A7,0.8,4,KICH;KIRC;KIRP;LUSC,ENSG00000169894,MUC3A,4,KICH;KIRC;KIRP;LUSC,1,0.25,3,0.75,1.8517023056113273,1.5543386654634597,1.574709205001938,1.7876720666638124,TRUE
CYP3A7,0.8,4,KICH;KIRC;KIRP;LUSC,ENSG00000169903,TM4SF4,4,KICH;KIRC;KIRP;LUSC,2,0.5,1,0.25,-1.3514903803830518,-1.4268186907731342,0.9576173165022891,1.5540333634744878,TRUE
CYP3A7,0.8,4,KICH;KIRC;KIRP;LUSC,ENSG00000170324,FRMPD2,4,KICH;KIRC;KIRP;LUSC,1,0.25,1,0.25,-0.21299109919646694,-0.5444991663530099,1.298543709390231,1.6769462955249217,TRUE
CYP3A7,0.8,4,KICH;KIRC;KIRP;LUSC,ENSG00000170367,CST5,4,KICH;KIRC;KIRP;LUSC,4,1,0,0,-1.9802704304491607,-2.414147875934819,0.9892597038041379,1.006910713096936,TRUE
CYP3A7,0.8,4,KICH;KIRC;KIRP;LUSC,ENSG00000170608,FOXA3,4,KICH;KIRC;KIRP;LUSC,3,0.75,0,0,-3.486793539301453,-3.0202277028201134,1.606257207984402,1.8911512880214416,TRUE
CYP3A7,0.8,4,KICH;KIRC;KIRP;LUSC,ENSG00000170703,TTLL6,4,KICH;KIRC;KIRP;LUSC,1,0.25,2,0.5,0.5046343295117924,-0.28807102878935,1.2644482980485576,1.4368257653285992,TRUE
CYP3A7,0.8,4,KICH;KIRC;KIRP;LUSC,ENSG00000171017,LRRC8E,4,KICH;KIRC;KIRP;LUSC,1,0.25,2,0.5,0.3073624772761899,0.19570838838493906,1.2405503564832043,1.6038646861961636,TRUE
CYP3A7,0.8,4,KICH;KIRC;KIRP;LUSC,ENSG00000171509,RXFP1,4,KICH;KIRC;KIRP;LUSC,3,0.75,0,0,-1.5561908012679946,-1.580031382277623,1.3968946744921344,1.9695313589422432,TRUE
CYP3A7,0.8,4,KICH;KIRC;KIRP;LUSC,ENSG00000171631,P2RY6,4,KICH;KIRC;KIRP;LUSC,1,0.25,2,0.5,0.6839168450463129,0.42915446437157556,1.488333173934904,1.789850827495689,TRUE
CYP3A7,0.8,4,KICH;KIRC;KIRP;LUSC,ENSG00000171811,CFAP46,4,KICH;KIRC;KIRP;LUSC,3,0.75,0,0,-1.4614456833468046,-1.6468102791599009,1.548221588431873,1.8224831778526347,TRUE
CYP3A7,0.8,4,KICH;KIRC;KIRP;LUSC,ENSG00000171848,RRM2,4,KICH;KIRC;KIRP;LUSC,0,0,4,1,2.627324786294106,2.5553741090991977,1.6401559115986541,1.7103475734567315,TRUE
CYP3A7,0.8,4,KICH;KIRC;KIRP;LUSC,ENSG00000172139,SLC9C1,4,KICH;KIRC;KIRP;LUSC,1,0.25,0,0,-0.3116681106909321,-0.2476360783090908,1.2443926544082697,1.7833807603479306,TRUE
CYP3A7,0.8,4,KICH;KIRC;KIRP;LUSC,ENSG00000172156,CCL11,4,KICH;KIRC;KIRP;LUSC,3,0.75,0,0,-3.804625887937253,-2.9307625038369474,1.533966087563396,1.7000489145353426,TRUE
CYP3A7,0.8,4,KICH;KIRC;KIRP;LUSC,ENSG00000172738,TMEM217,4,KICH;KIRC;KIRP;LUSC,2,0.5,1,0.25,-0.3911609262630007,-0.3381424001362714,1.6022717138360367,1.7869870515525883,TRUE
CYP3A7,0.8,4,KICH;KIRC;KIRP;LUSC,ENSG00000173535,TNFRSF10C,4,KICH;KIRC;KIRP;LUSC,1,0.25,1,0.25,0.273296328411617,-0.40236772530024384,1.6122275744983532,1.861000505749722,TRUE
CYP3A7,0.8,4,KICH;KIRC;KIRP;LUSC,ENSG00000173578,XCR1,4,KICH;KIRC;KIRP;LUSC,1,0.25,1,0.25,-0.20619723891473057,0.19260317356950696,1.6269362881586427,1.637211955674252,TRUE
CYP3A7,0.8,4,KICH;KIRC;KIRP;LUSC,ENSG00000173838,MARCHF10,4,KICH;KIRC;KIRP;LUSC,3,0.75,1,0.25,-2.573647655915709,-2.092542532205849,1.0293428741823272,1.407643477604109,TRUE
CYP3A7,0.8,4,KICH;KIRC;KIRP;LUSC,ENSG00000173868,PHOSPHO1,4,KICH;KIRC;KIRP;LUSC,1,0.25,1,0.25,0.1888986110527396,-0.1561201586770709,1.6245474938303461,1.6946198679792248,TRUE
CYP3A7,0.8,4,KICH;KIRC;KIRP;LUSC,ENSG00000174500,GCSAM,4,KICH;KIRC;KIRP;LUSC,0,0,0,0,-0.0664519466432962,-0.10708078531843492,1.4698591883599144,1.5494090413917068,TRUE
CYP3A7,0.8,4,KICH;KIRC;KIRP;LUSC,ENSG00000174527,MYO1H,4,KICH;KIRC;KIRP;LUSC,1,0.25,1,0.25,-0.09008976483442395,0.45820917591923543,1.5371251684289085,1.705419000901769,TRUE
CYP3A7,0.8,4,KICH;KIRC;KIRP;LUSC,ENSG00000174844,DNAH12,4,KICH;KIRC;KIRP;LUSC,3,0.75,0,0,-0.9417510626791206,-1.3118358493938982,1.6065436834807614,1.6790162226817955,TRUE
CYP3A7,0.8,4,KICH;KIRC;KIRP;LUSC,ENSG00000174885,NLRP6,4,KICH;KIRC;KIRP;LUSC,1,0.25,1,0.25,-0.37250327270089945,-0.6400516090243276,0.6321331381918036,0.7557080046250643,TRUE
CYP3A7,0.8,4,KICH;KIRC;KIRP;LUSC,ENSG00000175003,SLC22A1,4,KICH;KIRC;KIRP;LUSC,3,0.75,1,0.25,-1.3171703942284663,-0.975461318496083,1.3994968938822199,1.968542279387216,TRUE
CYP3A7,0.8,4,KICH;KIRC;KIRP;LUSC,ENSG00000175093,SPSB4,4,KICH;KIRC;KIRP;LUSC,2,0.5,1,0.25,-1.2060009102025555,-0.7712518355035523,1.3627888150585874,1.4701110815451348,TRUE
CYP3A7,0.8,4,KICH;KIRC;KIRP;LUSC,ENSG00000175544,CABP4,4,KICH;KIRC;KIRP;LUSC,2,0.5,1,0.25,-1.0400846765010927,-0.9529872927280536,1.6483897740969704,1.8080267190624388,TRUE
CYP3A7,0.8,4,KICH;KIRC;KIRP;LUSC,ENSG00000176029,C11orf16,4,KICH;KIRC;KIRP;LUSC,4,1,0,0,-2.312072025633161,-2.2096030771308954,0.7334575531565578,1.0982131573038458,TRUE
CYP3A7,0.8,4,KICH;KIRC;KIRP;LUSC,ENSG00000176083,ZNF683,4,KICH;KIRC;KIRP;LUSC,1,0.25,3,0.75,1.9008401176772323,1.4755328463189772,1.4538463762138982,1.4985968281404554,TRUE
CYP3A7,0.8,4,KICH;KIRC;KIRP;LUSC,ENSG00000176092,CRYBG2,4,KICH;KIRC;KIRP;LUSC,1,0.25,2,0.5,0.39572053553571623,0.352120104967845,1.0731575558136637,1.316212737263201,TRUE
CYP3A7,0.8,4,KICH;KIRC;KIRP;LUSC,ENSG00000177455,CD19,4,KICH;KIRC;KIRP;LUSC,1,0.25,1,0.25,-0.10744095823133262,-0.05278867918535854,1.0788032202990339,1.103624091413494,TRUE
CYP3A7,0.8,4,KICH;KIRC;KIRP;LUSC,ENSG00000178199,ZC3H12D,4,KICH;KIRC;KIRP;LUSC,0,0,1,0.25,-0.34806357212355377,0.056924419360309286,1.6710162252869292,1.7089564537331838,TRUE
CYP3A7,0.8,4,KICH;KIRC;KIRP;LUSC,ENSG00000179133,C10orf67,4,KICH;KIRC;KIRP;LUSC,3,0.75,0,0,-0.9346827478123861,-1.578227987836378,0.8969723674249064,1.3982932679464928,TRUE
CYP3A7,0.8,4,KICH;KIRC;KIRP;LUSC,ENSG00000179528,LBX2,4,KICH;KIRC;KIRP;LUSC,1,0.25,3,0.75,1.6192725801995116,1.1900556476253301,1.0627217032484477,1.672576007768416,TRUE
CYP3A7,0.8,4,KICH;KIRC;KIRP;LUSC,ENSG00000179750,APOBEC3B,4,KICH;KIRC;KIRP;LUSC,0,0,4,1,1.3104385811244657,1.7717751455999833,1.4840098350988777,1.5987168692705338,TRUE
CYP3A7,0.8,4,KICH;KIRC;KIRP;LUSC,ENSG00000179914,ITLN1,4,KICH;KIRC;KIRP;LUSC,4,1,0,0,-4.89546688086577,-5.048757974990181,1.5381334219068084,1.7702945917982242,TRUE
CYP3A7,0.8,4,KICH;KIRC;KIRP;LUSC,ENSG00000180316,PNPLA1,4,KICH;KIRC;KIRP;LUSC,3,0.75,1,0.25,-2.6773857098419183,-1.9778758476413807,1.0810015659074015,1.6785711845626146,TRUE
CYP3A7,0.8,4,KICH;KIRC;KIRP;LUSC,ENSG00000180509,KCNE1,4,KICH;KIRC;KIRP;LUSC,4,1,0,0,-2.5795461151400696,-2.480599242566326,1.2070719475388998,1.251429065839618,TRUE
CYP3A7,0.8,4,KICH;KIRC;KIRP;LUSC,ENSG00000180535,BHLHA15,4,KICH;KIRC;KIRP;LUSC,0,0,1,0.25,0.25230852837509443,0.5952446664322139,1.6305207602669307,1.7767424932964369,TRUE
CYP3A7,0.8,4,KICH;KIRC;KIRP;LUSC,ENSG00000180767,CHST13,4,KICH;KIRC;KIRP;LUSC,2,0.5,2,0.5,0.37531464644297735,0.512026025810344,1.2754622992390248,1.3351347962085731,TRUE
CYP3A7,0.8,4,KICH;KIRC;KIRP;LUSC,ENSG00000181036,FCRL6,4,KICH;KIRC;KIRP;LUSC,1,0.25,2,0.5,0.712236309230389,0.3915548646032203,1.2533818318727352,1.4118921878165636,TRUE
CYP3A7,0.8,4,KICH;KIRC;KIRP;LUSC,ENSG00000181378,CFAP65,4,KICH;KIRC;KIRP;LUSC,3,0.75,0,0,-3.0591236048727453,-2.78700365482446,1.0851483371209485,1.4249560316252856,TRUE
CYP3A7,0.8,4,KICH;KIRC;KIRP;LUSC,ENSG00000182308,DCAF4L1,4,KICH;KIRC;KIRP;LUSC,0,0,1,0.25,0.044402327023038896,0.389709617867772,1.4889732774636364,1.9135748319277133,TRUE
CYP3A7,0.8,4,KICH;KIRC;KIRP;LUSC,ENSG00000183145,RIPPLY3,4,KICH;KIRC;KIRP;LUSC,3,0.75,1,0.25,-2.0557798361259674,-1.2729141495543441,1.0138841823188844,1.1182627856865932,TRUE
CYP3A7,0.8,4,KICH;KIRC;KIRP;LUSC,ENSG00000183813,CCR4,4,KICH;KIRC;KIRP;LUSC,2,0.5,1,0.25,-0.7657209428247886,-0.33119594200810043,1.5704431205956426,1.6002888411843132,TRUE
CYP3A7,0.8,4,KICH;KIRC;KIRP;LUSC,ENSG00000183840,GPR39,4,KICH;KIRC;KIRP;LUSC,2,0.5,0,0,-0.9421956924362307,-0.8417420079000031,1.4772250254977992,1.6419540284665923,TRUE
CYP3A7,0.8,4,KICH;KIRC;KIRP;LUSC,ENSG00000183856,IQGAP3,4,KICH;KIRC;KIRP;LUSC,0,0,4,1,2.8071098997751602,2.7092208078201256,1.508918844055937,1.5480854168246387,TRUE
CYP3A7,0.8,4,KICH;KIRC;KIRP;LUSC,ENSG00000183918,SH2D1A,4,KICH;KIRC;KIRP;LUSC,1,0.25,2,0.5,0.7493496685122302,0.7736252680964982,1.639301360949974,1.7033901757264254,TRUE
CYP3A7,0.8,4,KICH;KIRC;KIRP;LUSC,ENSG00000184374,COLEC10,4,KICH;KIRC;KIRP;LUSC,2,0.5,2,0.5,-0.06706783529522536,-0.5953845714929116,0.8167751101971397,1.1046276641644313,TRUE
CYP3A7,0.8,4,KICH;KIRC;KIRP;LUSC,ENSG00000184661,CDCA2,4,KICH;KIRC;KIRP;LUSC,0,0,4,1,3.195904243628232,3.4633253355287517,1.671056023670402,1.872372491725566,TRUE
CYP3A7,0.8,4,KICH;KIRC;KIRP;LUSC,ENSG00000185055,EFCAB10,4,KICH;KIRC;KIRP;LUSC,1,0.25,0,0,0.3506200635142643,-0.05914139473250485,1.6908573030925067,1.8606212934054216,TRUE
CYP3A7,0.8,4,KICH;KIRC;KIRP;LUSC,ENSG00000185156,MFSD6L,4,KICH;KIRC;KIRP;LUSC,3,0.75,0,0,-3.1078762803654207,-3.0180413914714816,1.4472890027371685,1.762656817741382,TRUE
CYP3A7,0.8,4,KICH;KIRC;KIRP;LUSC,ENSG00000185527,PDE6G,4,KICH;KIRC;KIRP;LUSC,3,0.75,0,0,-1.0411611398486,-0.9339511028215391,1.1627078945522298,1.5041391868459792,TRUE
CYP3A7,0.8,4,KICH;KIRC;KIRP;LUSC,ENSG00000185737,NRG3,4,KICH;KIRC;KIRP;LUSC,1,0.25,3,0.75,1.745599016792085,1.0947868568653236,1.6464967934948982,1.952667576989901,TRUE
CYP3A7,0.8,4,KICH;KIRC;KIRP;LUSC,ENSG00000186265,BTLA,4,KICH;KIRC;KIRP;LUSC,1,0.25,1,0.25,-0.028066584645748488,0.11953673352649277,1.5007214950177048,1.5723641366080787,TRUE
CYP3A7,0.8,4,KICH;KIRC;KIRP;LUSC,ENSG00000186583,SPATC1,4,KICH;KIRC;KIRP;LUSC,1,0.25,0,0,-0.22739630194192517,-0.3217836534926564,1.118213438948375,1.2900285481202711,TRUE
CYP3A7,0.8,4,KICH;KIRC;KIRP;LUSC,ENSG00000186710,CFAP73,4,KICH;KIRC;KIRP;LUSC,4,1,0,0,-2.8979944325526747,-2.9897985081649847,1.0071746506176062,1.0633428221309318,TRUE
CYP3A7,0.8,4,KICH;KIRC;KIRP;LUSC,ENSG00000186810,CXCR3,4,KICH;KIRC;KIRP;LUSC,1,0.25,3,0.75,0.9458129888535819,1.0253194412571123,1.4712399212767195,1.5591449575208842,TRUE
CYP3A7,0.8,4,KICH;KIRC;KIRP;LUSC,ENSG00000186973,FAM183A,4,KICH;KIRC;KIRP;LUSC,2,0.5,1,0.25,-0.770661216253965,-1.1412343652108876,1.1546904039636634,1.670789216473327,TRUE
CYP3A7,0.8,4,KICH;KIRC;KIRP;LUSC,ENSG00000187510,PLEKHG7,4,KICH;KIRC;KIRP;LUSC,4,1,0,0,-1.6067283457486874,-1.5046034013222027,0.7537210980084129,1.007362628724091,TRUE
CYP3A7,0.8,4,KICH;KIRC;KIRP;LUSC,ENSG00000187583,PLEKHN1,4,KICH;KIRC;KIRP;LUSC,0,0,3,0.75,2.2573657466114208,1.7247272809497896,1.4751099447663139,1.757986833450523,TRUE
CYP3A7,0.8,4,KICH;KIRC;KIRP;LUSC,ENSG00000187808,SOWAHD,4,KICH;KIRC;KIRP;LUSC,1,0.25,3,0.75,0.9091630489187121,0.514902481068146,1.2413271695954093,1.3158647280271505,TRUE
CYP3A7,0.8,4,KICH;KIRC;KIRP;LUSC,ENSG00000187821,HELT,4,KICH;KIRC;KIRP;LUSC,4,1,0,0,-4.9667548909175485,-4.6413838768165245,0.5687780091503357,1.0299380459162049,TRUE
CYP3A7,0.8,4,KICH;KIRC;KIRP;LUSC,ENSG00000188389,PDCD1,4,KICH;KIRC;KIRP;LUSC,0,0,2,0.5,0.44468426023972274,0.8503907722324187,1.6458823469222492,1.714835922019642,TRUE
CYP3A7,0.8,4,KICH;KIRC;KIRP;LUSC,ENSG00000188487,INSC,4,KICH;KIRC;KIRP;LUSC,4,1,0,0,-2.338143390032366,-2.1741893424186163,1.5770219788889952,1.6053887180187911,TRUE
CYP3A7,0.8,4,KICH;KIRC;KIRP;LUSC,ENSG00000188897,AC099489.1,4,KICH;KIRC;KIRP;LUSC,1,0.25,1,0.25,-0.040680813730709406,-0.10938200544465178,1.482613075232082,1.7793824487910983,TRUE
CYP3A7,0.8,4,KICH;KIRC;KIRP;LUSC,ENSG00000188910,GJB3,4,KICH;KIRC;KIRP;LUSC,2,0.5,2,0.5,-0.517401393519524,-0.025006578289049397,1.7233338836650225,1.8853936785136356,TRUE
CYP3A7,0.8,4,KICH;KIRC;KIRP;LUSC,ENSG00000189057,FAM111B,4,KICH;KIRC;KIRP;LUSC,0,0,4,1,2.9928436066088056,2.9413791438828927,1.4830558081744016,1.6871453989480594,TRUE
CYP3A7,0.8,4,KICH;KIRC;KIRP;LUSC,ENSG00000189233,NUGGC,4,KICH;KIRC;KIRP;LUSC,4,1,0,0,-2.2255357211718385,-2.3663403282076754,1.2637773111658066,1.3959026894738606,TRUE
CYP3A7,0.8,4,KICH;KIRC;KIRP;LUSC,ENSG00000196092,PAX5,4,KICH;KIRC;KIRP;LUSC,1,0.25,2,0.5,0.379778603370136,0.17860466844868503,1.6456108441370143,1.9534094513507352,TRUE
CYP3A7,0.8,4,KICH;KIRC;KIRP;LUSC,ENSG00000196611,MMP1,4,KICH;KIRC;KIRP;LUSC,1,0.25,2,0.5,0.18721936142597456,1.0386977198316314,0.7481810935265313,1.226454561091594,TRUE
CYP3A7,0.8,4,KICH;KIRC;KIRP;LUSC,ENSG00000196932,TMEM26,4,KICH;KIRC;KIRP;LUSC,2,0.5,1,0.25,-0.6483587364070378,-0.6613672704429472,1.219100863536909,1.505971857894263,TRUE
CYP3A7,0.8,4,KICH;KIRC;KIRP;LUSC,ENSG00000198336,MYL4,4,KICH;KIRC;KIRP;LUSC,1,0.25,2,0.5,0.2678468922814341,0.12262592491770274,1.5355191497362661,1.5829902907174525,TRUE
CYP3A7,0.8,4,KICH;KIRC;KIRP;LUSC,ENSG00000198535,C2CD4A,4,KICH;KIRC;KIRP;LUSC,2,0.5,2,0.5,0.0448177250572685,0.44208089363266523,1.0299019619394365,1.9591496060514904,TRUE
CYP3A7,0.8,4,KICH;KIRC;KIRP;LUSC,ENSG00000198574,SH2D1B,4,KICH;KIRC;KIRP;LUSC,2,0.5,2,0.5,0.1381570641317934,-0.2802349958459215,0.8058509701403981,1.12026681120082,TRUE
CYP3A7,0.8,4,KICH;KIRC;KIRP;LUSC,ENSG00000203499,IQANK1,4,KICH;KIRC;KIRP;LUSC,1,0.25,1,0.25,-0.047130928488136825,0.4351306125785561,1.7194145501455078,1.9656204462957845,TRUE
CYP3A7,0.8,4,KICH;KIRC;KIRP;LUSC,ENSG00000204475,NCR3,4,KICH;KIRC;KIRP;LUSC,1,0.25,2,0.5,0.5515387037842399,0.3493356538657777,1.2804093047377523,1.446092018145946,TRUE
CYP3A7,0.8,4,KICH;KIRC;KIRP;LUSC,ENSG00000204583,LRCOL1,4,KICH;KIRC;KIRP;LUSC,3,0.75,0,0,-2.2488187849524013,-1.9560938777625945,1.2557178985905686,1.2811238106084155,TRUE
CYP3A7,0.8,4,KICH;KIRC;KIRP;LUSC,ENSG00000204711,C9orf135,4,KICH;KIRC;KIRP;LUSC,4,1,0,0,-3.986334979681776,-3.9507405924068792,0.551777295448274,0.8273150508719008,TRUE
CYP3A7,0.8,4,KICH;KIRC;KIRP;LUSC,ENSG00000204740,MALRD1,4,KICH;KIRC;KIRP;LUSC,3,0.75,0,0,-2.231027938225008,-2.0204729584341963,1.5422399028774334,1.7544637064718014,TRUE
CYP3A7,0.8,4,KICH;KIRC;KIRP;LUSC,ENSG00000204936,CD177,4,KICH;KIRC;KIRP;LUSC,0,0,2,0.5,0.655826342893649,0.717481974799054,1.2943495573682198,1.7174202189613332,TRUE
CYP3A7,0.8,4,KICH;KIRC;KIRP;LUSC,ENSG00000205002,AARD,4,KICH;KIRC;KIRP;LUSC,4,1,0,0,-2.2911155771852805,-2.4961787550654106,1.7080987403935475,1.9839837230899395,TRUE
CYP3A7,0.8,4,KICH;KIRC;KIRP;LUSC,ENSG00000206113,CFAP99,4,KICH;KIRC;KIRP;LUSC,3,0.75,0,0,-1.6619669654545415,-1.5844291320434207,0.8693324511135829,1.4133979427017027,TRUE
CYP3A7,0.8,4,KICH;KIRC;KIRP;LUSC,ENSG00000232810,TNF,4,KICH;KIRC;KIRP;LUSC,1,0.25,0,0,-0.21901614978185724,-0.32751230633207784,0.6285387651815157,1.1174662793963417,TRUE
CYP3A7,0.8,4,KICH;KIRC;KIRP;LUSC,ENSG00000233198,RNF224,4,KICH;KIRC;KIRP;LUSC,4,1,0,0,-1.508180526070765,-1.51427560670224,1.2849725078176761,1.749897534646821,TRUE
CYP3A7,0.8,4,KICH;KIRC;KIRP;LUSC,ENSG00000236383,CCDC200,4,KICH;KIRC;KIRP;LUSC,3,0.75,0,0,-0.718658957418048,-0.5219998538371368,1.4485292786648114,1.82884748940796,TRUE
CYP3A7,0.8,4,KICH;KIRC;KIRP;LUSC,ENSG00000237330,RNF223,4,KICH;KIRC;KIRP;LUSC,3,0.75,0,0,-2.9280363860260925,-2.5712411338452212,0.6895497729575436,0.96174556009754,TRUE
CYP3A7,0.8,4,KICH;KIRC;KIRP;LUSC,ENSG00000243910,TUBA4B,4,KICH;KIRC;KIRP;LUSC,3,0.75,0,0,-2.2453779716874376,-2.0343007223268077,0.9561471831649031,1.19087638094432,TRUE
CYP3A7,0.8,4,KICH;KIRC;KIRP;LUSC,ENSG00000244476,ERVFRD-1,4,KICH;KIRC;KIRP;LUSC,3,0.75,0,0,-2.363310212228114,-2.0333050405965514,1.6648560908592023,1.7712982359670373,TRUE
CYP3A7,0.8,4,KICH;KIRC;KIRP;LUSC,ENSG00000249715,FER1L5,4,KICH;KIRC;KIRP;LUSC,3,0.75,0,0,-1.26258409863578,-1.2445501967078534,1.2086326085301315,1.599023249194664,TRUE
CYP3A7,0.8,4,KICH;KIRC;KIRP;LUSC,ENSG00000251664,PCDHA12,4,KICH;KIRC;KIRP;LUSC,4,1,0,0,-2.466977862714569,-2.5760127598581457,1.3676701341406121,1.6454463059300968,TRUE
CYP3A7,0.8,4,KICH;KIRC;KIRP;LUSC,ENSG00000255274,SMIM35,4,KICH;KIRC;KIRP;LUSC,3,0.75,0,0,-2.103576883380893,-1.6472297242886362,1.2124701832750568,1.6893599743521983,TRUE
CYP3A7,0.8,4,KICH;KIRC;KIRP;LUSC,ENSG00000260220,CCDC187,4,KICH;KIRC;KIRP;LUSC,4,1,0,0,-2.339920640550001,-2.2057988613225454,0.9336055065972437,1.0705314973730298,TRUE
CYP3A7,0.8,4,KICH;KIRC;KIRP;LUSC,ENSG00000262406,MMP12,4,KICH;KIRC;KIRP;LUSC,0,0,4,1,0.861253679597055,2.0029373741476855,1.1432699866348872,1.1903510997538078,TRUE
CYP3A7,0.8,4,KICH;KIRC;KIRP;LUSC,ENSG00000267710,EDDM13,4,KICH;KIRC;KIRP;LUSC,1,0.25,2,0.5,0.36845102836385535,0.52012863791654,1.5651513222702367,1.728716862554114,TRUE
CYP3A7,0.8,4,KICH;KIRC;KIRP;LUSC,ENSG00000276070,CCL4L2,4,KICH;KIRC;KIRP;LUSC,0,0,3,0.75,1.1013354058387264,1.0449934857286471,1.716725934445148,1.7527407314359778,TRUE
CYP3A7,0.8,4,KICH;KIRC;KIRP;LUSC,ENSG00000276085,CCL3L3,4,KICH;KIRC;KIRP;LUSC,0,0,3,0.75,0.7213772636478072,0.7091266546844825,1.5208395581711467,1.6510850778475838,TRUE
CYP3A7,0.8,4,KICH;KIRC;KIRP;LUSC,ENSG00000276289,KCNE1B,4,KICH;KIRC;KIRP;LUSC,4,1,0,0,-3.8047765075932083,-3.7759414971398737,0.9230680602076943,1.4763517692470487,TRUE
CYP3A7,0.8,4,KICH;KIRC;KIRP;LUSC,ENSG00000281406,BLACAT1,4,KICH;KIRC;KIRP;LUSC,2,0.5,2,0.5,-0.10902937051458061,-0.8759828075708505,1.0454675956021324,1.7331541422410222,TRUE
CYP3A7,0.8,4,KICH;KIRC;KIRP;LUSC,ENSG00000283526,PRRT1B,4,KICH;KIRC;KIRP;LUSC,4,1,0,0,-2.954560124371209,-3.146352715731304,0.8539772306222583,1.778185627026894,TRUE
CYP3A7,0.9,5,KICH;KIRC;KIRP;LIHC;LUSC,ENSG00000084110,HAL,5,KICH;KIRC;KIRP;LIHC;LUSC,3,0.6,1,0.2,-1.366755794222891,-0.8216544075711247,1.373228629451789,1.4891765985754708,TRUE
CYP3A7,0.9,5,KICH;KIRC;KIRP;LIHC;LUSC,ENSG00000086696,HSD17B2,5,KICH;KIRC;KIRP;LIHC;LUSC,2,0.4,0,0,-0.4891877525190678,-1.0892796379794223,1.1354819121610706,1.3970101451681751,TRUE
CYP3A7,0.9,5,KICH;KIRC;KIRP;LIHC;LUSC,ENSG00000100344,PNPLA3,5,KICH;KIRC;KIRP;LIHC;LUSC,3,0.6,1,0.2,-0.9837426511959644,-0.885883468637858,0.8660371701747432,1.3781385394976975,TRUE
CYP3A7,0.9,5,KICH;KIRC;KIRP;LIHC;LUSC,ENSG00000111339,ART4,5,KICH;KIRC;KIRP;LIHC;LUSC,4,0.8,0,0,-1.7399387347592596,-1.8642181283441133,1.4047271175823017,1.7986943104808442,TRUE
CYP3A7,0.9,5,KICH;KIRC;KIRP;LIHC;LUSC,ENSG00000123454,DBH,5,KICH;KIRC;KIRP;LIHC;LUSC,5,1,0,0,-2.114657445548108,-2.562222564054289,1.134527159426917,1.3604523784902225,TRUE
CYP3A7,0.9,5,KICH;KIRC;KIRP;LIHC;LUSC,ENSG00000133488,SEC14L4,5,KICH;KIRC;KIRP;LIHC;LUSC,4,0.8,0,0,-1.083789837600432,-1.6548677843067403,1.2459248667849723,1.965480432247752,TRUE
CYP3A7,0.9,5,KICH;KIRC;KIRP;LIHC;LUSC,ENSG00000138315,OIT3,5,KICH;KIRC;KIRP;LIHC;LUSC,4,0.8,1,0.2,-2.4603856014321233,-1.7614529142142816,0.7817671152699561,1.973700047719729,TRUE
CYP3A7,0.9,5,KICH;KIRC;KIRP;LIHC;LUSC,ENSG00000139344,AMDHD1,5,KICH;KIRC;KIRP;LIHC;LUSC,3,0.6,0,0,-0.7289549412161059,-1.4747646440680822,1.4834543647292195,1.979186447378571,TRUE
CYP3A7,0.9,5,KICH;KIRC;KIRP;LIHC;LUSC,ENSG00000169894,MUC3A,5,KICH;KIRC;KIRP;LIHC;LUSC,1,0.2,3,0.6,0.7985461319862407,1.160205551940783,1.5989048885511372,1.7876720666638124,TRUE
CYP3A7,0.9,5,KICH;KIRC;KIRP;LIHC;LUSC,ENSG00000169903,TM4SF4,5,KICH;KIRC;KIRP;LIHC;LUSC,2,0.4,1,0.2,-0.18655412636008037,-1.1787657778905234,1.1630122371525815,1.9845919197537512,TRUE
CYP3A7,0.9,5,KICH;KIRC;KIRP;LIHC;LUSC,ENSG00000170608,FOXA3,5,KICH;KIRC;KIRP;LIHC;LUSC,4,0.8,0,0,-2.5514445291161327,-2.6527331644627252,1.4599856104039393,1.8911512880214416,TRUE
CYP3A7,0.9,5,KICH;KIRC;KIRP;LIHC;LUSC,ENSG00000180767,CHST13,5,KICH;KIRC;KIRP;LIHC;LUSC,2,0.4,2,0.4,-0.05518198876572793,0.39858442289512963,1.100960403836993,1.3351347962085731,TRUE
CYP3A7,0.9,5,KICH;KIRC;KIRP;LIHC;LUSC,ENSG00000184374,COLEC10,5,KICH;KIRC;KIRP;LIHC;LUSC,3,0.6,2,0.4,-0.763136609169633,-1.5665244024402794,0.7585652055379085,1.1046276641644313,TRUE
CYP3A7,0.9,5,KICH;KIRC;KIRP;LIHC;LUSC,ENSG00000189233,NUGGC,5,KICH;KIRC;KIRP;LIHC;LUSC,5,1,0,0,-1.6269354441702333,-2.2184593514001874,1.2314485266334139,1.3959026894738606,TRUE
CYP3A7,0.9,5,KICH;KIRC;KIRP;LIHC;LUSC,ENSG00000204583,LRCOL1,5,KICH;KIRC;KIRP;LIHC;LUSC,4,0.8,0,0,-2.3180318061962177,-2.0503945019662906,1.2888562321530679,1.4214095664030644,TRUE
