target_gene,minimum_coverage_fraction,n_target_contexts_total,common_denominator_n,common_contexts,n_complete_background_profiles,selection_rank,selected_common_set,n_sets_tied_for_maximum,adequate_background_n,selection_rule
MAOB,0.5,12,6,KICH;KIRC;KIRP;LUAD;LUSC;PRAD,332,1,TRUE,1,TRUE,maximum complete profiles at fixed k; lexicographic tie-break; logFC not used
MAOB,0.5,12,6,BRCA;KICH;KIRC;KIRP;LUAD;LUSC,286,2,FALSE,1,TRUE,maximum complete profiles at fixed k; lexicographic tie-break; logFC not used
MAOB,0.5,12,6,BRCA;KICH;KIRC;KIRP;LUSC;PRAD,264,3,FALSE,1,TRUE,maximum complete profiles at fixed k; lexicographic tie-break; logFC not used
MAOB,0.5,12,6,BRCA;KICH;KIRC;LUAD;LUSC;PRAD,256,4,FALSE,1,TRUE,maximum complete profiles at fixed k; lexicographic tie-break; logFC not used
MAOB,0.5,12,6,BRCA;KICH;KIRP;LUAD;LUSC;PRAD,248,5,FALSE,1,TRUE,maximum complete profiles at fixed k; lexicographic tie-break; logFC not used
MAOB,0.5,12,6,BRCA;KIRC;KIRP;LUAD;LUSC;PRAD,247,6,FALSE,1,TRUE,maximum complete profiles at fixed k; lexicographic tie-break; logFC not used
MAOB,0.5,12,6,BRCA;KICH;KIRC;KIRP;LUAD;PRAD,245,7,FALSE,1,TRUE,maximum complete profiles at fixed k; lexicographic tie-break; logFC not used
MAOB,0.5,12,6,COAD;KICH;KIRC;KIRP;LUAD;LUSC,236,8,FALSE,1,TRUE,maximum complete profiles at fixed k; lexicographic tie-break; logFC not used
MAOB,0.5,12,6,COAD;KICH;KIRC;LUAD;LUSC;PRAD,202,9,FALSE,1,TRUE,maximum complete profiles at fixed k; lexicographic tie-break; logFC not used
MAOB,0.5,12,6,BRCA;ESCA;KICH;KIRC;KIRP;PRAD,201,10,FALSE,1,TRUE,maximum complete profiles at fixed k; lexicographic tie-break; logFC not used
MAOB,0.5,12,6,ESCA;KICH;KIRC;KIRP;LUAD;LUSC,201,11,FALSE,1,TRUE,maximum complete profiles at fixed k; lexicographic tie-break; logFC not used
MAOB,0.5,12,6,COAD;KICH;KIRP;LUAD;LUSC;PRAD,196,12,FALSE,1,TRUE,maximum complete profiles at fixed k; lexicographic tie-break; logFC not used
MAOB,0.5,12,6,COAD;KICH;KIRC;KIRP;LUSC;PRAD,193,13,FALSE,1,TRUE,maximum complete profiles at fixed k; lexicographic tie-break; logFC not used
MAOB,0.5,12,6,COAD;KICH;KIRC;KIRP;LUAD;PRAD,190,14,FALSE,1,TRUE,maximum complete profiles at fixed k; lexicographic tie-break; logFC not used
MAOB,0.5,12,6,COAD;KIRC;KIRP;LUAD;LUSC;PRAD,190,15,FALSE,1,TRUE,maximum complete profiles at fixed k; lexicographic tie-break; logFC not used
MAOB,0.5,12,6,BRCA;COAD;KICH;KIRC;KIRP;PRAD,179,16,FALSE,1,TRUE,maximum complete profiles at fixed k; lexicographic tie-break; logFC not used
MAOB,0.5,12,6,BRCA;KICH;KIRC;KIRP;LIHC;PRAD,177,17,FALSE,1,TRUE,maximum complete profiles at fixed k; lexicographic tie-break; logFC not used
MAOB,0.5,12,6,BRCA;COAD;KICH;KIRC;LUAD;LUSC,172,18,FALSE,1,TRUE,maximum complete profiles at fixed k; lexicographic tie-break; logFC not used
MAOB,0.5,12,6,ESCA;KICH;KIRC;KIRP;LUSC;PRAD,172,19,FALSE,1,TRUE,maximum complete profiles at fixed k; lexicographic tie-break; logFC not used
MAOB,0.5,12,6,ESCA;KICH;KIRC;LUAD;LUSC;PRAD,172,20,FALSE,1,TRUE,maximum complete profiles at fixed k; lexicographic tie-break; logFC not used
MAOB,0.5,12,6,BRCA;ESCA;KICH;KIRC;KIRP;LUSC,167,21,FALSE,1,TRUE,maximum complete profiles at fixed k; lexicographic tie-break; logFC not used
MAOB,0.5,12,6,ESCA;KICH;KIRP;LUAD;LUSC;PRAD,167,22,FALSE,1,TRUE,maximum complete profiles at fixed k; lexicographic tie-break; logFC not used
MAOB,0.5,12,6,ESCA;KIRC;KIRP;LUAD;LUSC;PRAD,167,23,FALSE,1,TRUE,maximum complete profiles at fixed k; lexicographic tie-break; logFC not used
MAOB,0.5,12,6,BRCA;COAD;KICH;KIRP;LUAD;LUSC,166,24,FALSE,1,TRUE,maximum complete profiles at fixed k; lexicographic tie-break; logFC not used
MAOB,0.5,12,6,KICH;KIRC;KIRP;LUAD;LUSC;STAD,166,25,FALSE,1,TRUE,maximum complete profiles at fixed k; lexicographic tie-break; logFC not used
MAOB,0.5,12,6,BRCA;COAD;KICH;KIRC;KIRP;LUSC,165,26,FALSE,1,TRUE,maximum complete profiles at fixed k; lexicographic tie-break; logFC not used
MAOB,0.5,12,6,BRCA;ESCA;KICH;KIRC;LUAD;LUSC,164,27,FALSE,1,TRUE,maximum complete profiles at fixed k; lexicographic tie-break; logFC not used
MAOB,0.5,12,6,ESCA;KICH;KIRC;KIRP;LUAD;PRAD,164,28,FALSE,1,TRUE,maximum complete profiles at fixed k; lexicographic tie-break; logFC not used
MAOB,0.5,12,6,BRCA;COAD;KICH;KIRC;KIRP;LUAD,162,29,FALSE,1,TRUE,maximum complete profiles at fixed k; lexicographic tie-break; logFC not used
MAOB,0.5,12,6,BRCA;COAD;KIRC;KIRP;LUAD;LUSC,161,30,FALSE,1,TRUE,maximum complete profiles at fixed k; lexicographic tie-break; logFC not used
MAOB,0.5,12,6,BRCA;ESCA;KIRC;KIRP;LUAD;LUSC,159,31,FALSE,1,TRUE,maximum complete profiles at fixed k; lexicographic tie-break; logFC not used
MAOB,0.5,12,6,BRCA;ESCA;KICH;KIRC;KIRP;LUAD,158,32,FALSE,1,TRUE,maximum complete profiles at fixed k; lexicographic tie-break; logFC not used
MAOB,0.5,12,6,BRCA;ESCA;KICH;KIRP;LUAD;LUSC,158,33,FALSE,1,TRUE,maximum complete profiles at fixed k; lexicographic tie-break; logFC not used
MAOB,0.5,12,6,BRCA;COAD;KICH;LUAD;LUSC;PRAD,156,34,FALSE,1,TRUE,maximum complete profiles at fixed k; lexicographic tie-break; logFC not used
MAOB,0.5,12,6,BRCA;COAD;KICH;KIRC;LUSC;PRAD,149,35,FALSE,1,TRUE,maximum complete profiles at fixed k; lexicographic tie-break; logFC not used
MAOB,0.5,12,6,BRCA;COAD;KICH;KIRC;LUAD;PRAD,148,36,FALSE,1,TRUE,maximum complete profiles at fixed k; lexicographic tie-break; logFC not used
MAOB,0.5,12,6,BRCA;COAD;KIRC;LUAD;LUSC;PRAD,148,37,FALSE,1,TRUE,maximum complete profiles at fixed k; lexicographic tie-break; logFC not used
MAOB,0.5,12,6,BRCA;ESCA;KICH;KIRC;LUSC;PRAD,146,38,FALSE,1,TRUE,maximum complete profiles at fixed k; lexicographic tie-break; logFC not used
MAOB,0.5,12,6,BRCA;COAD;KICH;KIRP;LUSC;PRAD,144,39,FALSE,1,TRUE,maximum complete profiles at fixed k; lexicographic tie-break; logFC not used
MAOB,0.5,12,6,BRCA;COAD;KIRP;LUAD;LUSC;PRAD,144,40,FALSE,1,TRUE,maximum complete profiles at fixed k; lexicographic tie-break; logFC not used
MAOB,0.5,12,6,BRCA;ESCA;KICH;LUAD;LUSC;PRAD,144,41,FALSE,1,TRUE,maximum complete profiles at fixed k; lexicographic tie-break; logFC not used
MAOB,0.5,12,6,BRCA;ESCA;KIRC;KIRP;LUSC;PRAD,143,42,FALSE,1,TRUE,maximum complete profiles at fixed k; lexicographic tie-break; logFC not used
MAOB,0.5,12,6,BRCA;COAD;KICH;KIRP;LUAD;PRAD,142,43,FALSE,1,TRUE,maximum complete profiles at fixed k; lexicographic tie-break; logFC not used
MAOB,0.5,12,6,BRCA;ESCA;KIRC;LUAD;LUSC;PRAD,142,44,FALSE,1,TRUE,maximum complete profiles at fixed k; lexicographic tie-break; logFC not used
MAOB,0.5,12,6,BRCA;ESCA;KICH;KIRP;LUSC;PRAD,141,45,FALSE,1,TRUE,maximum complete profiles at fixed k; lexicographic tie-break; logFC not used
MAOB,0.5,12,6,KICH;KIRC;LUAD;LUSC;PRAD;STAD,141,46,FALSE,1,TRUE,maximum complete profiles at fixed k; lexicographic tie-break; logFC not used
MAOB,0.5,12,6,BRCA;COAD;KIRC;KIRP;LUSC;PRAD,140,47,FALSE,1,TRUE,maximum complete profiles at fixed k; lexicographic tie-break; logFC not used
MAOB,0.5,12,6,COAD;ESCA;KICH;KIRC;KIRP;PRAD,140,48,FALSE,1,TRUE,maximum complete profiles at fixed k; lexicographic tie-break; logFC not used
MAOB,0.5,12,6,BRCA;ESCA;KICH;KIRC;LUAD;PRAD,139,49,FALSE,1,TRUE,maximum complete profiles at fixed k; lexicographic tie-break; logFC not used
MAOB,0.5,12,6,KICH;KIRC;KIRP;LUSC;PRAD;STAD,139,50,FALSE,1,TRUE,maximum complete profiles at fixed k; lexicographic tie-break; logFC not used
MAOB,0.5,12,6,BRCA;COAD;KIRC;KIRP;LUAD;PRAD,138,51,FALSE,1,TRUE,maximum complete profiles at fixed k; lexicographic tie-break; logFC not used
MAOB,0.5,12,6,BRCA;KICH;KIRC;KIRP;PRAD;STAD,138,52,FALSE,1,TRUE,maximum complete profiles at fixed k; lexicographic tie-break; logFC not used
MAOB,0.5,12,6,KICH;KIRP;LUAD;LUSC;PRAD;STAD,138,53,FALSE,1,TRUE,maximum complete profiles at fixed k; lexicographic tie-break; logFC not used
MAOB,0.5,12,6,BRCA;ESCA;KIRP;LUAD;LUSC;PRAD,136,54,FALSE,1,TRUE,maximum complete profiles at fixed k; lexicographic tie-break; logFC not used
MAOB,0.5,12,6,KIRC;KIRP;LUAD;LUSC;PRAD;STAD,136,55,FALSE,1,TRUE,maximum complete profiles at fixed k; lexicographic tie-break; logFC not used
MAOB,0.5,12,6,BRCA;ESCA;KIRC;KIRP;LUAD;PRAD,135,56,FALSE,1,TRUE,maximum complete profiles at fixed k; lexicographic tie-break; logFC not used
MAOB,0.5,12,6,KICH;KIRC;KIRP;LUAD;PRAD;STAD,135,57,FALSE,1,TRUE,maximum complete profiles at fixed k; lexicographic tie-break; logFC not used
MAOB,0.5,12,6,BRCA;ESCA;KICH;KIRP;LUAD;PRAD,134,58,FALSE,1,TRUE,maximum complete profiles at fixed k; lexicographic tie-break; logFC not used
MAOB,0.5,12,6,KICH;KIRC;KIRP;LIHC;LUAD;LUSC,133,59,FALSE,1,TRUE,maximum complete profiles at fixed k; lexicographic tie-break; logFC not used
MAOB,0.5,12,6,BRCA;COAD;ESCA;KICH;KIRC;KIRP,132,60,FALSE,1,TRUE,maximum complete profiles at fixed k; lexicographic tie-break; logFC not used
MAOB,0.5,12,6,COAD;ESCA;KICH;KIRC;LUAD;LUSC,131,61,FALSE,1,TRUE,maximum complete profiles at fixed k; lexicographic tie-break; logFC not used
MAOB,0.5,12,6,COAD;KICH;KIRC;KIRP;PRAD;STAD,131,62,FALSE,1,TRUE,maximum complete profiles at fixed k; lexicographic tie-break; logFC not used
MAOB,0.5,12,6,COAD;ESCA;KICH;KIRP;LUAD;LUSC,130,63,FALSE,1,TRUE,maximum complete profiles at fixed k; lexicographic tie-break; logFC not used
MAOB,0.5,12,6,COAD;ESCA;KICH;KIRC;KIRP;LUSC,127,64,FALSE,1,TRUE,maximum complete profiles at fixed k; lexicographic tie-break; logFC not used
MAOB,0.5,12,6,COAD;ESCA;KICH;KIRC;KIRP;LUAD,126,65,FALSE,1,TRUE,maximum complete profiles at fixed k; lexicographic tie-break; logFC not used
MAOB,0.5,12,6,BRCA;COAD;ESCA;LUAD;LUSC;PRAD,125,66,FALSE,1,TRUE,maximum complete profiles at fixed k; lexicographic tie-break; logFC not used
MAOB,0.5,12,6,COAD;ESCA;KIRC;KIRP;LUAD;LUSC,125,67,FALSE,1,TRUE,maximum complete profiles at fixed k; lexicographic tie-break; logFC not used
MAOB,0.5,12,6,BRCA;COAD;LUAD;LUSC;PRAD;STAD,124,68,FALSE,1,TRUE,maximum complete profiles at fixed k; lexicographic tie-break; logFC not used
MAOB,0.5,12,6,COAD;KICH;KIRC;LUAD;LUSC;STAD,119,69,FALSE,1,TRUE,maximum complete profiles at fixed k; lexicographic tie-break; logFC not used
MAOB,0.5,12,6,COAD;ESCA;KICH;LUAD;LUSC;PRAD,118,70,FALSE,1,TRUE,maximum complete profiles at fixed k; lexicographic tie-break; logFC not used
MAOB,0.5,12,6,COAD;KICH;KIRP;LUAD;LUSC;STAD,115,71,FALSE,1,TRUE,maximum complete profiles at fixed k; lexicographic tie-break; logFC not used
MAOB,0.5,12,6,COAD;KICH;KIRC;KIRP;LUSC;STAD,114,72,FALSE,1,TRUE,maximum complete profiles at fixed k; lexicographic tie-break; logFC not used
MAOB,0.5,12,6,COAD;KICH;LUAD;LUSC;PRAD;STAD,113,73,FALSE,1,TRUE,maximum complete profiles at fixed k; lexicographic tie-break; logFC not used
MAOB,0.5,12,6,KICH;KIRC;KIRP;LIHC;LUSC;PRAD,113,74,FALSE,1,TRUE,maximum complete profiles at fixed k; lexicographic tie-break; logFC not used
MAOB,0.5,12,6,BRCA;KICH;KIRC;KIRP;LUSC;STAD,112,75,FALSE,1,TRUE,maximum complete profiles at fixed k; lexicographic tie-break; logFC not used
MAOB,0.5,12,6,BRCA;KICH;KIRC;LUAD;LUSC;STAD,112,76,FALSE,1,TRUE,maximum complete profiles at fixed k; lexicographic tie-break; logFC not used
MAOB,0.5,12,6,COAD;KICH;KIRC;KIRP;LUAD;STAD,112,77,FALSE,1,TRUE,maximum complete profiles at fixed k; lexicographic tie-break; logFC not used
MAOB,0.5,12,6,COAD;KIRC;KIRP;LUAD;LUSC;STAD,112,78,FALSE,1,TRUE,maximum complete profiles at fixed k; lexicographic tie-break; logFC not used
MAOB,0.5,12,6,BRCA;KICH;KIRP;LUAD;LUSC;STAD,110,79,FALSE,1,TRUE,maximum complete profiles at fixed k; lexicographic tie-break; logFC not used
MAOB,0.5,12,6,BRCA;COAD;ESCA;KICH;KIRC;PRAD,109,80,FALSE,1,TRUE,maximum complete profiles at fixed k; lexicographic tie-break; logFC not used
MAOB,0.5,12,6,BRCA;KICH;KIRC;KIRP;LIHC;LUSC,109,81,FALSE,1,TRUE,maximum complete profiles at fixed k; lexicographic tie-break; logFC not used
MAOB,0.5,12,6,BRCA;KIRC;KIRP;LUAD;LUSC;STAD,108,82,FALSE,1,TRUE,maximum complete profiles at fixed k; lexicographic tie-break; logFC not used
MAOB,0.5,12,6,COAD;ESCA;KIRC;LUAD;LUSC;PRAD,108,83,FALSE,1,TRUE,maximum complete profiles at fixed k; lexicographic tie-break; logFC not used
MAOB,0.5,12,6,BRCA;KICH;KIRC;KIRP;LUAD;STAD,107,84,FALSE,1,TRUE,maximum complete profiles at fixed k; lexicographic tie-break; logFC not used
MAOB,0.5,12,6,COAD;ESCA;KICH;KIRC;LUAD;PRAD,107,85,FALSE,1,TRUE,maximum complete profiles at fixed k; lexicographic tie-break; logFC not used
MAOB,0.5,12,6,COAD;ESCA;KICH;KIRC;LUSC;PRAD,107,86,FALSE,1,TRUE,maximum complete profiles at fixed k; lexicographic tie-break; logFC not used
MAOB,0.5,12,6,BRCA;COAD;ESCA;KICH;KIRP;PRAD,106,87,FALSE,1,TRUE,maximum complete profiles at fixed k; lexicographic tie-break; logFC not used
MAOB,0.5,12,6,BRCA;COAD;ESCA;KICH;LUAD;LUSC,105,88,FALSE,1,TRUE,maximum complete profiles at fixed k; lexicographic tie-break; logFC not used
MAOB,0.5,12,6,BRCA;COAD;ESCA;KIRC;KIRP;PRAD,105,89,FALSE,1,TRUE,maximum complete profiles at fixed k; lexicographic tie-break; logFC not used
MAOB,0.5,12,6,COAD;ESCA;KICH;KIRP;LUAD;PRAD,105,90,FALSE,1,TRUE,maximum complete profiles at fixed k; lexicographic tie-break; logFC not used
MAOB,0.5,12,6,COAD;ESCA;KICH;KIRP;LUSC;PRAD,105,91,FALSE,1,TRUE,maximum complete profiles at fixed k; lexicographic tie-break; logFC not used
MAOB,0.5,12,6,COAD;ESCA;KIRP;LUAD;LUSC;PRAD,105,92,FALSE,1,TRUE,maximum complete profiles at fixed k; lexicographic tie-break; logFC not used
MAOB,0.5,12,6,KICH;KIRC;LIHC;LUAD;LUSC;PRAD,105,93,FALSE,1,TRUE,maximum complete profiles at fixed k; lexicographic tie-break; logFC not used
MAOB,0.5,12,6,KIRC;KIRP;LIHC;LUAD;LUSC;PRAD,104,94,FALSE,1,TRUE,maximum complete profiles at fixed k; lexicographic tie-break; logFC not used
MAOB,0.5,12,6,KICH;KIRP;LIHC;LUAD;LUSC;PRAD,103,95,FALSE,1,TRUE,maximum complete profiles at fixed k; lexicographic tie-break; logFC not used
MAOB,0.5,12,6,BRCA;COAD;ESCA;KICH;KIRC;LUSC,102,96,FALSE,1,TRUE,maximum complete profiles at fixed k; lexicographic tie-break; logFC not used
MAOB,0.5,12,6,BRCA;ESCA;LUAD;LUSC;PRAD;STAD,102,97,FALSE,1,TRUE,maximum complete profiles at fixed k; lexicographic tie-break; logFC not used
MAOB,0.5,12,6,COAD;ESCA;KIRC;KIRP;LUAD;PRAD,102,98,FALSE,1,TRUE,maximum complete profiles at fixed k; lexicographic tie-break; logFC not used
MAOB,0.5,12,6,COAD;ESCA;KIRC;KIRP;LUSC;PRAD,102,99,FALSE,1,TRUE,maximum complete profiles at fixed k; lexicographic tie-break; logFC not used
MAOB,0.5,12,6,KICH;KIRC;KIRP;LIHC;LUAD;PRAD,102,100,FALSE,1,TRUE,maximum complete profiles at fixed k; lexicographic tie-break; logFC not used
MAOB,0.5,12,6,BRCA;COAD;ESCA;KICH;KIRC;LUAD,101,101,FALSE,1,TRUE,maximum complete profiles at fixed k; lexicographic tie-break; logFC not used
MAOB,0.5,12,6,BRCA;COAD;ESCA;KIRC;LUAD;LUSC,101,102,FALSE,1,TRUE,maximum complete profiles at fixed k; lexicographic tie-break; logFC not used
MAOB,0.5,12,6,BRCA;KICH;LUAD;LUSC;PRAD;STAD,101,103,FALSE,1,TRUE,maximum complete profiles at fixed k; lexicographic tie-break; logFC not used
MAOB,0.5,12,6,COAD;KICH;KIRC;LUSC;PRAD;STAD,101,104,FALSE,1,TRUE,maximum complete profiles at fixed k; lexicographic tie-break; logFC not used
MAOB,0.5,12,6,COAD;KIRC;LUAD;LUSC;PRAD;STAD,101,105,FALSE,1,TRUE,maximum complete profiles at fixed k; lexicographic tie-break; logFC not used
MAOB,0.5,12,6,BRCA;KICH;KIRC;LUSC;PRAD;STAD,100,106,FALSE,1,TRUE,maximum complete profiles at fixed k; lexicographic tie-break; logFC not used
MAOB,0.5,12,6,COAD;KICH;KIRC;LUAD;PRAD;STAD,100,107,FALSE,1,TRUE,maximum complete profiles at fixed k; lexicographic tie-break; logFC not used
MAOB,0.5,12,6,COAD;KICH;KIRP;LUSC;PRAD;STAD,100,108,FALSE,1,TRUE,maximum complete profiles at fixed k; lexicographic tie-break; logFC not used
MAOB,0.5,12,6,COAD;KIRP;LUAD;LUSC;PRAD;STAD,100,109,FALSE,1,TRUE,maximum complete profiles at fixed k; lexicographic tie-break; logFC not used
MAOB,0.5,12,6,ESCA;KICH;KIRC;KIRP;PRAD;STAD,100,110,FALSE,1,TRUE,maximum complete profiles at fixed k; lexicographic tie-break; logFC not used
MAOB,0.5,12,6,BRCA;COAD;KICH;KIRC;KIRP;STAD,99,111,FALSE,1,TRUE,maximum complete profiles at fixed k; lexicographic tie-break; logFC not used
MAOB,0.5,12,6,BRCA;KICH;KIRP;LUSC;PRAD;STAD,99,112,FALSE,1,TRUE,maximum complete profiles at fixed k; lexicographic tie-break; logFC not used
MAOB,0.5,12,6,BRCA;KIRC;KIRP;LIHC;LUAD;LUSC,99,113,FALSE,1,TRUE,maximum complete profiles at fixed k; lexicographic tie-break; logFC not used
MAOB,0.5,12,6,COAD;KICH;KIRP;LUAD;PRAD;STAD,99,114,FALSE,1,TRUE,maximum complete profiles at fixed k; lexicographic tie-break; logFC not used
MAOB,0.5,12,6,BRCA;COAD;ESCA;KICH;KIRP;LUSC,98,115,FALSE,1,TRUE,maximum complete profiles at fixed k; lexicographic tie-break; logFC not used
MAOB,0.5,12,6,BRCA;KICH;KIRC;KIRP;LIHC;LUAD,98,116,FALSE,1,TRUE,maximum complete profiles at fixed k; lexicographic tie-break; logFC not used
MAOB,0.5,12,6,BRCA;KICH;KIRC;LIHC;LUAD;LUSC,98,117,FALSE,1,TRUE,maximum complete profiles at fixed k; lexicographic tie-break; logFC not used
MAOB,0.5,12,6,BRCA;KIRC;KIRP;LUSC;PRAD;STAD,98,118,FALSE,1,TRUE,maximum complete profiles at fixed k; lexicographic tie-break; logFC not used
MAOB,0.5,12,6,BRCA;KIRC;LUAD;LUSC;PRAD;STAD,98,119,FALSE,1,TRUE,maximum complete profiles at fixed k; lexicographic tie-break; logFC not used
MAOB,0.5,12,6,COAD;ESCA;LUAD;LUSC;PRAD;STAD,98,120,FALSE,1,TRUE,maximum complete profiles at fixed k; lexicographic tie-break; logFC not used
MAOB,0.5,12,6,BRCA;COAD;ESCA;KICH;KIRP;LUAD,97,121,FALSE,1,TRUE,maximum complete profiles at fixed k; lexicographic tie-break; logFC not used
MAOB,0.5,12,6,BRCA;COAD;ESCA;KIRC;KIRP;LUSC,97,122,FALSE,1,TRUE,maximum complete profiles at fixed k; lexicographic tie-break; logFC not used
MAOB,0.5,12,6,BRCA;KICH;KIRP;LIHC;LUAD;LUSC,97,123,FALSE,1,TRUE,maximum complete profiles at fixed k; lexicographic tie-break; logFC not used
MAOB,0.5,12,6,BRCA;KIRP;LUAD;LUSC;PRAD;STAD,97,124,FALSE,1,TRUE,maximum complete profiles at fixed k; lexicographic tie-break; logFC not used
MAOB,0.5,12,6,COAD;KIRC;KIRP;LUSC;PRAD;STAD,97,125,FALSE,1,TRUE,maximum complete profiles at fixed k; lexicographic tie-break; logFC not used
MAOB,0.5,12,6,BRCA;COAD;ESCA;KIRC;KIRP;LUAD,96,126,FALSE,1,TRUE,maximum complete profiles at fixed k; lexicographic tie-break; logFC not used
MAOB,0.5,12,6,BRCA;COAD;ESCA;KIRP;LUAD;LUSC,96,127,FALSE,1,TRUE,maximum complete profiles at fixed k; lexicographic tie-break; logFC not used
MAOB,0.5,12,6,BRCA;KICH;KIRC;LUAD;PRAD;STAD,96,128,FALSE,1,TRUE,maximum complete profiles at fixed k; lexicographic tie-break; logFC not used
MAOB,0.5,12,6,BRCA;KIRC;KIRP;LIHC;LUSC;PRAD,96,129,FALSE,1,TRUE,maximum complete profiles at fixed k; lexicographic tie-break; logFC not used
MAOB,0.5,12,6,COAD;KIRC;KIRP;LUAD;PRAD;STAD,96,130,FALSE,1,TRUE,maximum complete profiles at fixed k; lexicographic tie-break; logFC not used
MAOB,0.5,12,6,BRCA;ESCA;KICH;KIRC;KIRP;LIHC,95,131,FALSE,1,TRUE,maximum complete profiles at fixed k; lexicographic tie-break; logFC not used
MAOB,0.5,12,6,BRCA;KICH;KIRP;LUAD;PRAD;STAD,95,132,FALSE,1,TRUE,maximum complete profiles at fixed k; lexicographic tie-break; logFC not used
MAOB,0.5,12,6,BRCA;KICH;KIRC;LIHC;LUSC;PRAD,94,133,FALSE,1,TRUE,maximum complete profiles at fixed k; lexicographic tie-break; logFC not used
MAOB,0.5,12,6,BRCA;KICH;KIRP;LIHC;LUSC;PRAD,93,134,FALSE,1,TRUE,maximum complete profiles at fixed k; lexicographic tie-break; logFC not used
MAOB,0.5,12,6,BRCA;KIRC;KIRP;LUAD;PRAD;STAD,93,135,FALSE,1,TRUE,maximum complete profiles at fixed k; lexicographic tie-break; logFC not used
MAOB,0.5,12,6,ESCA;KICH;KIRC;KIRP;LIHC;PRAD,92,136,FALSE,1,TRUE,maximum complete profiles at fixed k; lexicographic tie-break; logFC not used
MAOB,0.5,12,6,BRCA;COAD;KICH;KIRC;PRAD;STAD,91,137,FALSE,1,TRUE,maximum complete profiles at fixed k; lexicographic tie-break; logFC not used
MAOB,0.5,12,6,BRCA;COAD;KICH;KIRP;PRAD;STAD,90,138,FALSE,1,TRUE,maximum complete profiles at fixed k; lexicographic tie-break; logFC not used
MAOB,0.5,12,6,BRCA;ESCA;KICH;KIRC;KIRP;STAD,90,139,FALSE,1,TRUE,maximum complete profiles at fixed k; lexicographic tie-break; logFC not used
MAOB,0.5,12,6,COAD;ESCA;KICH;KIRC;KIRP;STAD,90,140,FALSE,1,TRUE,maximum complete profiles at fixed k; lexicographic tie-break; logFC not used
MAOB,0.5,12,6,BRCA;COAD;ESCA;KICH;LUAD;PRAD,88,141,FALSE,1,TRUE,maximum complete profiles at fixed k; lexicographic tie-break; logFC not used
MAOB,0.5,12,6,BRCA;COAD;ESCA;KICH;LUSC;PRAD,88,142,FALSE,1,TRUE,maximum complete profiles at fixed k; lexicographic tie-break; logFC not used
MAOB,0.5,12,6,BRCA;COAD;ESCA;LUAD;LUSC;STAD,87,143,FALSE,1,TRUE,maximum complete profiles at fixed k; lexicographic tie-break; logFC not used
MAOB,0.5,12,6,BRCA;COAD;KIRC;KIRP;PRAD;STAD,87,144,FALSE,1,TRUE,maximum complete profiles at fixed k; lexicographic tie-break; logFC not used
MAOB,0.5,12,6,BRCA;KICH;LIHC;LUAD;LUSC;PRAD,87,145,FALSE,1,TRUE,maximum complete profiles at fixed k; lexicographic tie-break; logFC not used
MAOB,0.5,12,6,BRCA;KIRP;LIHC;LUAD;LUSC;PRAD,86,146,FALSE,1,TRUE,maximum complete profiles at fixed k; lexicographic tie-break; logFC not used
MAOB,0.5,12,6,BRCA;COAD;ESCA;KIRC;LUAD;PRAD,85,147,FALSE,1,TRUE,maximum complete profiles at fixed k; lexicographic tie-break; logFC not used
MAOB,0.5,12,6,BRCA;COAD;ESCA;KIRC;LUSC;PRAD,85,148,FALSE,1,TRUE,maximum complete profiles at fixed k; lexicographic tie-break; logFC not used
MAOB,0.5,12,6,BRCA;KIRC;LIHC;LUAD;LUSC;PRAD,85,149,FALSE,1,TRUE,maximum complete profiles at fixed k; lexicographic tie-break; logFC not used
MAOB,0.5,12,6,ESCA;KICH;KIRC;LUAD;LUSC;STAD,85,150,FALSE,1,TRUE,maximum complete profiles at fixed k; lexicographic tie-break; logFC not used
MAOB,0.5,12,6,BRCA;KICH;KIRC;LIHC;LUAD;PRAD,84,151,FALSE,1,TRUE,maximum complete profiles at fixed k; lexicographic tie-break; logFC not used
MAOB,0.5,12,6,BRCA;KIRC;KIRP;LIHC;LUAD;PRAD,84,152,FALSE,1,TRUE,maximum complete profiles at fixed k; lexicographic tie-break; logFC not used
MAOB,0.5,12,6,BRCA;COAD;KICH;LUAD;LUSC;STAD,83,153,FALSE,1,TRUE,maximum complete profiles at fixed k; lexicographic tie-break; logFC not used
MAOB,0.5,12,6,BRCA;KICH;KIRP;LIHC;LUAD;PRAD,83,154,FALSE,1,TRUE,maximum complete profiles at fixed k; lexicographic tie-break; logFC not used
MAOB,0.5,12,6,ESCA;KICH;KIRC;KIRP;LUSC;STAD,83,155,FALSE,1,TRUE,maximum complete profiles at fixed k; lexicographic tie-break; logFC not used
MAOB,0.5,12,6,ESCA;KICH;KIRP;LUAD;LUSC;STAD,82,156,FALSE,1,TRUE,maximum complete profiles at fixed k; lexicographic tie-break; logFC not used
MAOB,0.5,12,6,ESCA;KIRC;KIRP;LUAD;LUSC;STAD,82,157,FALSE,1,TRUE,maximum complete profiles at fixed k; lexicographic tie-break; logFC not used
MAOB,0.5,12,6,BRCA;COAD;ESCA;KIRP;LUAD;PRAD,81,158,FALSE,1,TRUE,maximum complete profiles at fixed k; lexicographic tie-break; logFC not used
MAOB,0.5,12,6,BRCA;COAD;ESCA;KIRP;LUSC;PRAD,81,159,FALSE,1,TRUE,maximum complete profiles at fixed k; lexicographic tie-break; logFC not used
MAOB,0.5,12,6,ESCA;KICH;KIRC;KIRP;LUAD;STAD,81,160,FALSE,1,TRUE,maximum complete profiles at fixed k; lexicographic tie-break; logFC not used
MAOB,0.5,12,6,BRCA;COAD;KICH;KIRC;LUSC;STAD,79,161,FALSE,1,TRUE,maximum complete profiles at fixed k; lexicographic tie-break; logFC not used
MAOB,0.5,12,6,BRCA;COAD;KICH;KIRP;LUSC;STAD,78,162,FALSE,1,TRUE,maximum complete profiles at fixed k; lexicographic tie-break; logFC not used
MAOB,0.5,12,6,BRCA;COAD;KIRC;LUAD;LUSC;STAD,78,163,FALSE,1,TRUE,maximum complete profiles at fixed k; lexicographic tie-break; logFC not used
MAOB,0.5,12,6,BRCA;COAD;KICH;KIRC;LUAD;STAD,77,164,FALSE,1,TRUE,maximum complete profiles at fixed k; lexicographic tie-break; logFC not used
MAOB,0.5,12,6,BRCA;COAD;KIRP;LUAD;LUSC;STAD,77,165,FALSE,1,TRUE,maximum complete profiles at fixed k; lexicographic tie-break; logFC not used
MAOB,0.5,12,6,BRCA;ESCA;KIRC;KIRP;LIHC;PRAD,77,166,FALSE,1,TRUE,maximum complete profiles at fixed k; lexicographic tie-break; logFC not used
MAOB,0.5,12,6,ESCA;KICH;LUAD;LUSC;PRAD;STAD,77,167,FALSE,1,TRUE,maximum complete profiles at fixed k; lexicographic tie-break; logFC not used
MAOB,0.5,12,6,BRCA;COAD;KICH;KIRP;LUAD;STAD,76,168,FALSE,1,TRUE,maximum complete profiles at fixed k; lexicographic tie-break; logFC not used
MAOB,0.5,12,6,BRCA;ESCA;KICH;KIRC;PRAD;STAD,76,169,FALSE,1,TRUE,maximum complete profiles at fixed k; lexicographic tie-break; logFC not used
MAOB,0.5,12,6,BRCA;COAD;KICH;LUSC;PRAD;STAD,75,170,FALSE,1,TRUE,maximum complete profiles at fixed k; lexicographic tie-break; logFC not used
MAOB,0.5,12,6,BRCA;COAD;KIRC;KIRP;LUSC;STAD,75,171,FALSE,1,TRUE,maximum complete profiles at fixed k; lexicographic tie-break; logFC not used
MAOB,0.5,12,6,BRCA;ESCA;KICH;KIRC;LIHC;PRAD,75,172,FALSE,1,TRUE,maximum complete profiles at fixed k; lexicographic tie-break; logFC not used
MAOB,0.5,12,6,BRCA;ESCA;KIRC;KIRP;PRAD;STAD,75,173,FALSE,1,TRUE,maximum complete profiles at fixed k; lexicographic tie-break; logFC not used
MAOB,0.5,12,6,ESCA;KIRC;LUAD;LUSC;PRAD;STAD,75,174,FALSE,1,TRUE,maximum complete profiles at fixed k; lexicographic tie-break; logFC not used
MAOB,0.5,12,6,BRCA;COAD;KICH;LUAD;PRAD;STAD,74,175,FALSE,1,TRUE,maximum complete profiles at fixed k; lexicographic tie-break; logFC not used
MAOB,0.5,12,6,BRCA;ESCA;KICH;KIRP;LIHC;PRAD,74,176,FALSE,1,TRUE,maximum complete profiles at fixed k; lexicographic tie-break; logFC not used
MAOB,0.5,12,6,BRCA;ESCA;KICH;KIRP;PRAD;STAD,74,177,FALSE,1,TRUE,maximum complete profiles at fixed k; lexicographic tie-break; logFC not used
MAOB,0.5,12,6,ESCA;KICH;KIRC;LUSC;PRAD;STAD,74,178,FALSE,1,TRUE,maximum complete profiles at fixed k; lexicographic tie-break; logFC not used
MAOB,0.5,12,6,BRCA;COAD;ESCA;LUSC;PRAD;STAD,73,179,FALSE,1,TRUE,maximum complete profiles at fixed k; lexicographic tie-break; logFC not used
MAOB,0.5,12,6,BRCA;COAD;KIRC;KIRP;LUAD;STAD,73,180,FALSE,1,TRUE,maximum complete profiles at fixed k; lexicographic tie-break; logFC not used
MAOB,0.5,12,6,COAD;KICH;KIRC;KIRP;LIHC;PRAD,73,181,FALSE,1,TRUE,maximum complete profiles at fixed k; lexicographic tie-break; logFC not used
MAOB,0.5,12,6,ESCA;KICH;KIRC;LUAD;PRAD;STAD,73,182,FALSE,1,TRUE,maximum complete profiles at fixed k; lexicographic tie-break; logFC not used
MAOB,0.5,12,6,BRCA;COAD;ESCA;LUAD;PRAD;STAD,72,183,FALSE,1,TRUE,maximum complete profiles at fixed k; lexicographic tie-break; logFC not used
MAOB,0.5,12,6,ESCA;KICH;KIRP;LUSC;PRAD;STAD,72,184,FALSE,1,TRUE,maximum complete profiles at fixed k; lexicographic tie-break; logFC not used
MAOB,0.5,12,6,ESCA;KIRC;KIRP;LUSC;PRAD;STAD,72,185,FALSE,1,TRUE,maximum complete profiles at fixed k; lexicographic tie-break; logFC not used
MAOB,0.5,12,6,ESCA;KIRP;LUAD;LUSC;PRAD;STAD,72,186,FALSE,1,TRUE,maximum complete profiles at fixed k; lexicographic tie-break; logFC not used
MAOB,0.5,12,6,BRCA;COAD;KICH;KIRC;KIRP;LIHC,71,187,FALSE,1,TRUE,maximum complete profiles at fixed k; lexicographic tie-break; logFC not used
MAOB,0.5,12,6,BRCA;COAD;KIRC;LUSC;PRAD;STAD,71,188,FALSE,1,TRUE,maximum complete profiles at fixed k; lexicographic tie-break; logFC not used
MAOB,0.5,12,6,BRCA;COAD;KIRP;LUSC;PRAD;STAD,71,189,FALSE,1,TRUE,maximum complete profiles at fixed k; lexicographic tie-break; logFC not used
MAOB,0.5,12,6,ESCA;KICH;KIRP;LUAD;PRAD;STAD,71,190,FALSE,1,TRUE,maximum complete profiles at fixed k; lexicographic tie-break; logFC not used
MAOB,0.5,12,6,ESCA;KIRC;KIRP;LUAD;PRAD;STAD,71,191,FALSE,1,TRUE,maximum complete profiles at fixed k; lexicographic tie-break; logFC not used
MAOB,0.5,12,6,BRCA;COAD;KIRC;LUAD;PRAD;STAD,70,192,FALSE,1,TRUE,maximum complete profiles at fixed k; lexicographic tie-break; logFC not used
MAOB,0.5,12,6,BRCA;COAD;KIRP;LUAD;PRAD;STAD,70,193,FALSE,1,TRUE,maximum complete profiles at fixed k; lexicographic tie-break; logFC not used
MAOB,0.5,12,6,COAD;ESCA;KICH;KIRC;PRAD;STAD,70,194,FALSE,1,TRUE,maximum complete profiles at fixed k; lexicographic tie-break; logFC not used
MAOB,0.5,12,6,COAD;ESCA;KICH;KIRP;PRAD;STAD,69,195,FALSE,1,TRUE,maximum complete profiles at fixed k; lexicographic tie-break; logFC not used
MAOB,0.5,12,6,COAD;ESCA;KICH;LUAD;LUSC;STAD,69,196,FALSE,1,TRUE,maximum complete profiles at fixed k; lexicographic tie-break; logFC not used
MAOB,0.5,12,6,COAD;KICH;KIRC;KIRP;LIHC;LUSC,69,197,FALSE,1,TRUE,maximum complete profiles at fixed k; lexicographic tie-break; logFC not used
MAOB,0.5,12,6,COAD;ESCA;KIRC;KIRP;PRAD;STAD,68,198,FALSE,1,TRUE,maximum complete profiles at fixed k; lexicographic tie-break; logFC not used
MAOB,0.5,12,6,COAD;KICH;KIRC;LIHC;LUAD;LUSC,68,199,FALSE,1,TRUE,maximum complete profiles at fixed k; lexicographic tie-break; logFC not used
MAOB,0.5,12,6,COAD;KICH;KIRP;LIHC;LUAD;LUSC,68,200,FALSE,1,TRUE,maximum complete profiles at fixed k; lexicographic tie-break; logFC not used
MAOB,0.5,12,6,COAD;KICH;KIRC;KIRP;LIHC;LUAD,66,201,FALSE,1,TRUE,maximum complete profiles at fixed k; lexicographic tie-break; logFC not used
MAOB,0.5,12,6,COAD;KIRC;KIRP;LIHC;LUAD;LUSC,65,202,FALSE,1,TRUE,maximum complete profiles at fixed k; lexicographic tie-break; logFC not used
MAOB,0.5,12,6,BRCA;ESCA;KICH;KIRC;LUSC;STAD,64,203,FALSE,1,TRUE,maximum complete profiles at fixed k; lexicographic tie-break; logFC not used
MAOB,0.5,12,6,BRCA;ESCA;KICH;LUAD;LUSC;STAD,64,204,FALSE,1,TRUE,maximum complete profiles at fixed k; lexicographic tie-break; logFC not used
MAOB,0.5,12,6,BRCA;ESCA;KIRC;LUAD;LUSC;STAD,64,205,FALSE,1,TRUE,maximum complete profiles at fixed k; lexicographic tie-break; logFC not used
MAOB,0.5,12,6,COAD;ESCA;KICH;KIRC;LUAD;STAD,64,206,FALSE,1,TRUE,maximum complete profiles at fixed k; lexicographic tie-break; logFC not used
MAOB,0.5,12,6,COAD;ESCA;KICH;KIRC;LUSC;STAD,64,207,FALSE,1,TRUE,maximum complete profiles at fixed k; lexicographic tie-break; logFC not used
MAOB,0.5,12,6,COAD;ESCA;KIRC;LUAD;LUSC;STAD,64,208,FALSE,1,TRUE,maximum complete profiles at fixed k; lexicographic tie-break; logFC not used
MAOB,0.5,12,6,COAD;ESCA;KICH;KIRP;LUSC;STAD,63,209,FALSE,1,TRUE,maximum complete profiles at fixed k; lexicographic tie-break; logFC not used
MAOB,0.5,12,6,ESCA;KICH;KIRC;KIRP;LIHC;LUSC,63,210,FALSE,1,TRUE,maximum complete profiles at fixed k; lexicographic tie-break; logFC not used
MAOB,0.5,12,6,BRCA;ESCA;KICH;KIRC;LUAD;STAD,62,211,FALSE,1,TRUE,maximum complete profiles at fixed k; lexicographic tie-break; logFC not used
MAOB,0.5,12,6,BRCA;ESCA;KICH;KIRP;LUSC;STAD,62,212,FALSE,1,TRUE,maximum complete profiles at fixed k; lexicographic tie-break; logFC not used
MAOB,0.5,12,6,BRCA;ESCA;KIRC;KIRP;LUSC;STAD,62,213,FALSE,1,TRUE,maximum complete profiles at fixed k; lexicographic tie-break; logFC not used
MAOB,0.5,12,6,COAD;ESCA;KICH;KIRP;LUAD;STAD,62,214,FALSE,1,TRUE,maximum complete profiles at fixed k; lexicographic tie-break; logFC not used
MAOB,0.5,12,6,COAD;ESCA;KIRC;KIRP;LUSC;STAD,62,215,FALSE,1,TRUE,maximum complete profiles at fixed k; lexicographic tie-break; logFC not used
MAOB,0.5,12,6,COAD;ESCA;KIRP;LUAD;LUSC;STAD,62,216,FALSE,1,TRUE,maximum complete profiles at fixed k; lexicographic tie-break; logFC not used
MAOB,0.5,12,6,ESCA;KICH;KIRC;LIHC;LUAD;LUSC,62,217,FALSE,1,TRUE,maximum complete profiles at fixed k; lexicographic tie-break; logFC not used
MAOB,0.5,12,6,ESCA;KICH;KIRP;LIHC;LUAD;LUSC,62,218,FALSE,1,TRUE,maximum complete profiles at fixed k; lexicographic tie-break; logFC not used
MAOB,0.5,12,6,ESCA;KIRC;KIRP;LIHC;LUAD;LUSC,62,219,FALSE,1,TRUE,maximum complete profiles at fixed k; lexicographic tie-break; logFC not used
MAOB,0.5,12,6,BRCA;COAD;ESCA;KICH;KIRC;STAD,61,220,FALSE,1,TRUE,maximum complete profiles at fixed k; lexicographic tie-break; logFC not used
MAOB,0.5,12,6,BRCA;ESCA;KIRP;LUAD;LUSC;STAD,61,221,FALSE,1,TRUE,maximum complete profiles at fixed k; lexicographic tie-break; logFC not used
MAOB,0.5,12,6,COAD;ESCA;KIRC;KIRP;LUAD;STAD,61,222,FALSE,1,TRUE,maximum complete profiles at fixed k; lexicographic tie-break; logFC not used
MAOB,0.5,12,6,ESCA;KICH;KIRC;KIRP;LIHC;LUAD,61,223,FALSE,1,TRUE,maximum complete profiles at fixed k; lexicographic tie-break; logFC not used
MAOB,0.5,12,6,BRCA;COAD;ESCA;KICH;KIRP;STAD,60,224,FALSE,1,TRUE,maximum complete profiles at fixed k; lexicographic tie-break; logFC not used
MAOB,0.5,12,6,BRCA;ESCA;KICH;KIRP;LUAD;STAD,60,225,FALSE,1,TRUE,maximum complete profiles at fixed k; lexicographic tie-break; logFC not used
MAOB,0.5,12,6,BRCA;ESCA;KIRC;KIRP;LUAD;STAD,60,226,FALSE,1,TRUE,maximum complete profiles at fixed k; lexicographic tie-break; logFC not used
MAOB,0.5,12,6,COAD;ESCA;KICH;LUAD;PRAD;STAD,60,227,FALSE,1,TRUE,maximum complete profiles at fixed k; lexicographic tie-break; logFC not used
MAOB,0.5,12,6,BRCA;COAD;ESCA;KIRC;KIRP;STAD,59,228,FALSE,1,TRUE,maximum complete profiles at fixed k; lexicographic tie-break; logFC not used
MAOB,0.5,12,6,BRCA;ESCA;KICH;LUSC;PRAD;STAD,59,229,FALSE,1,TRUE,maximum complete profiles at fixed k; lexicographic tie-break; logFC not used
MAOB,0.5,12,6,BRCA;ESCA;KIRC;LUSC;PRAD;STAD,59,230,FALSE,1,TRUE,maximum complete profiles at fixed k; lexicographic tie-break; logFC not used
MAOB,0.5,12,6,COAD;ESCA;KICH;LUSC;PRAD;STAD,59,231,FALSE,1,TRUE,maximum complete profiles at fixed k; lexicographic tie-break; logFC not used
MAOB,0.5,12,6,BRCA;ESCA;KICH;LUAD;PRAD;STAD,58,232,FALSE,1,TRUE,maximum complete profiles at fixed k; lexicographic tie-break; logFC not used
MAOB,0.5,12,6,BRCA;ESCA;KIRC;LUAD;PRAD;STAD,58,233,FALSE,1,TRUE,maximum complete profiles at fixed k; lexicographic tie-break; logFC not used
MAOB,0.5,12,6,BRCA;COAD;ESCA;KICH;PRAD;STAD,56,234,FALSE,1,TRUE,maximum complete profiles at fixed k; lexicographic tie-break; logFC not used
MAOB,0.5,12,6,BRCA;ESCA;KIRP;LUSC;PRAD;STAD,56,235,FALSE,1,TRUE,maximum complete profiles at fixed k; lexicographic tie-break; logFC not used
MAOB,0.5,12,6,COAD;ESCA;KICH;KIRC;KIRP;LIHC,56,236,FALSE,1,TRUE,maximum complete profiles at fixed k; lexicographic tie-break; logFC not used
MAOB,0.5,12,6,COAD;ESCA;KIRC;LUAD;PRAD;STAD,56,237,FALSE,1,TRUE,maximum complete profiles at fixed k; lexicographic tie-break; logFC not used
MAOB,0.5,12,6,COAD;ESCA;KIRC;LUSC;PRAD;STAD,56,238,FALSE,1,TRUE,maximum complete profiles at fixed k; lexicographic tie-break; logFC not used
MAOB,0.5,12,6,BRCA;COAD;KICH;KIRC;LIHC;PRAD,55,239,FALSE,1,TRUE,maximum complete profiles at fixed k; lexicographic tie-break; logFC not used
MAOB,0.5,12,6,BRCA;ESCA;KICH;LIHC;LUAD;LUSC,55,240,FALSE,1,TRUE,maximum complete profiles at fixed k; lexicographic tie-break; logFC not used
MAOB,0.5,12,6,BRCA;ESCA;KIRC;KIRP;LIHC;LUSC,55,241,FALSE,1,TRUE,maximum complete profiles at fixed k; lexicographic tie-break; logFC not used
MAOB,0.5,12,6,BRCA;ESCA;KIRP;LUAD;PRAD;STAD,55,242,FALSE,1,TRUE,maximum complete profiles at fixed k; lexicographic tie-break; logFC not used
MAOB,0.5,12,6,BRCA;ESCA;LIHC;LUAD;LUSC;PRAD,55,243,FALSE,1,TRUE,maximum complete profiles at fixed k; lexicographic tie-break; logFC not used
MAOB,0.5,12,6,BRCA;COAD;ESCA;KIRC;PRAD;STAD,54,244,FALSE,1,TRUE,maximum complete profiles at fixed k; lexicographic tie-break; logFC not used
MAOB,0.5,12,6,BRCA;COAD;KICH;KIRP;LIHC;PRAD,54,245,FALSE,1,TRUE,maximum complete profiles at fixed k; lexicographic tie-break; logFC not used
MAOB,0.5,12,6,BRCA;COAD;KIRC;KIRP;LIHC;PRAD,54,246,FALSE,1,TRUE,maximum complete profiles at fixed k; lexicographic tie-break; logFC not used
MAOB,0.5,12,6,BRCA;ESCA;KICH;KIRC;LIHC;LUSC,54,247,FALSE,1,TRUE,maximum complete profiles at fixed k; lexicographic tie-break; logFC not used
MAOB,0.5,12,6,COAD;ESCA;KIRP;LUAD;PRAD;STAD,54,248,FALSE,1,TRUE,maximum complete profiles at fixed k; lexicographic tie-break; logFC not used
MAOB,0.5,12,6,COAD;ESCA;KIRP;LUSC;PRAD;STAD,54,249,FALSE,1,TRUE,maximum complete profiles at fixed k; lexicographic tie-break; logFC not used
MAOB,0.5,12,6,COAD;KICH;LIHC;LUAD;LUSC;PRAD,54,250,FALSE,1,TRUE,maximum complete profiles at fixed k; lexicographic tie-break; logFC not used
MAOB,0.5,12,6,ESCA;KICH;LIHC;LUAD;LUSC;PRAD,54,251,FALSE,1,TRUE,maximum complete profiles at fixed k; lexicographic tie-break; logFC not used
MAOB,0.5,12,6,BRCA;ESCA;KICH;KIRP;LIHC;LUSC,53,252,FALSE,1,TRUE,maximum complete profiles at fixed k; lexicographic tie-break; logFC not used
MAOB,0.5,12,6,ESCA;KIRC;KIRP;LIHC;LUSC;PRAD,53,253,FALSE,1,TRUE,maximum complete profiles at fixed k; lexicographic tie-break; logFC not used
MAOB,0.5,12,6,BRCA;COAD;ESCA;KIRP;PRAD;STAD,52,254,FALSE,1,TRUE,maximum complete profiles at fixed k; lexicographic tie-break; logFC not used
MAOB,0.5,12,6,BRCA;ESCA;KICH;KIRC;LIHC;LUAD,52,255,FALSE,1,TRUE,maximum complete profiles at fixed k; lexicographic tie-break; logFC not used
MAOB,0.5,12,6,BRCA;ESCA;KIRC;KIRP;LIHC;LUAD,52,256,FALSE,1,TRUE,maximum complete profiles at fixed k; lexicographic tie-break; logFC not used
MAOB,0.5,12,6,BRCA;ESCA;KIRC;LIHC;LUAD;LUSC,52,257,FALSE,1,TRUE,maximum complete profiles at fixed k; lexicographic tie-break; logFC not used
MAOB,0.5,12,6,COAD;KICH;KIRC;LIHC;LUSC;PRAD,52,258,FALSE,1,TRUE,maximum complete profiles at fixed k; lexicographic tie-break; logFC not used
MAOB,0.5,12,6,COAD;KICH;KIRP;LIHC;LUSC;PRAD,52,259,FALSE,1,TRUE,maximum complete profiles at fixed k; lexicographic tie-break; logFC not used
MAOB,0.5,12,6,ESCA;KICH;KIRC;LIHC;LUSC;PRAD,52,260,FALSE,1,TRUE,maximum complete profiles at fixed k; lexicographic tie-break; logFC not used
MAOB,0.5,12,6,ESCA;KIRC;LIHC;LUAD;LUSC;PRAD,52,261,FALSE,1,TRUE,maximum complete profiles at fixed k; lexicographic tie-break; logFC not used
MAOB,0.5,12,6,BRCA;ESCA;KICH;KIRP;LIHC;LUAD,51,262,FALSE,1,TRUE,maximum complete profiles at fixed k; lexicographic tie-break; logFC not used
MAOB,0.5,12,6,BRCA;ESCA;KIRP;LIHC;LUAD;LUSC,51,263,FALSE,1,TRUE,maximum complete profiles at fixed k; lexicographic tie-break; logFC not used
MAOB,0.5,12,6,COAD;KIRC;KIRP;LIHC;LUSC;PRAD,51,264,FALSE,1,TRUE,maximum complete profiles at fixed k; lexicographic tie-break; logFC not used
MAOB,0.5,12,6,COAD;KIRP;LIHC;LUAD;LUSC;PRAD,51,265,FALSE,1,TRUE,maximum complete profiles at fixed k; lexicographic tie-break; logFC not used
MAOB,0.5,12,6,ESCA;KICH;KIRP;LIHC;LUSC;PRAD,51,266,FALSE,1,TRUE,maximum complete profiles at fixed k; lexicographic tie-break; logFC not used
MAOB,0.5,12,6,ESCA;KIRP;LIHC;LUAD;LUSC;PRAD,51,267,FALSE,1,TRUE,maximum complete profiles at fixed k; lexicographic tie-break; logFC not used
MAOB,0.5,12,6,BRCA;COAD;KICH;KIRC;LIHC;LUSC,50,268,FALSE,1,TRUE,maximum complete profiles at fixed k; lexicographic tie-break; logFC not used
MAOB,0.5,12,6,BRCA;COAD;KICH;KIRP;LIHC;LUSC,50,269,FALSE,1,TRUE,maximum complete profiles at fixed k; lexicographic tie-break; logFC not used
MAOB,0.5,12,6,BRCA;COAD;KICH;LIHC;LUAD;LUSC,50,270,FALSE,1,TRUE,maximum complete profiles at fixed k; lexicographic tie-break; logFC not used
MAOB,0.5,12,6,BRCA;COAD;KIRC;KIRP;LIHC;LUSC,50,271,FALSE,1,TRUE,maximum complete profiles at fixed k; lexicographic tie-break; logFC not used
MAOB,0.5,12,6,COAD;KICH;KIRC;LIHC;LUAD;PRAD,50,272,FALSE,1,TRUE,maximum complete profiles at fixed k; lexicographic tie-break; logFC not used
MAOB,0.5,12,6,COAD;KICH;KIRP;LIHC;LUAD;PRAD,50,273,FALSE,1,TRUE,maximum complete profiles at fixed k; lexicographic tie-break; logFC not used
MAOB,0.5,12,6,COAD;KIRC;LIHC;LUAD;LUSC;PRAD,50,274,FALSE,1,TRUE,maximum complete profiles at fixed k; lexicographic tie-break; logFC not used
MAOB,0.5,12,6,ESCA;KICH;KIRC;LIHC;LUAD;PRAD,50,275,FALSE,1,TRUE,maximum complete profiles at fixed k; lexicographic tie-break; logFC not used
MAOB,0.5,12,6,ESCA;KIRC;KIRP;LIHC;LUAD;PRAD,50,276,FALSE,1,TRUE,maximum complete profiles at fixed k; lexicographic tie-break; logFC not used
MAOB,0.5,12,6,BRCA;COAD;ESCA;KICH;LUSC;STAD,49,277,FALSE,1,TRUE,maximum complete profiles at fixed k; lexicographic tie-break; logFC not used
MAOB,0.5,12,6,BRCA;COAD;KICH;KIRC;LIHC;LUAD,49,278,FALSE,1,TRUE,maximum complete profiles at fixed k; lexicographic tie-break; logFC not used
MAOB,0.5,12,6,BRCA;COAD;KICH;KIRP;LIHC;LUAD,49,279,FALSE,1,TRUE,maximum complete profiles at fixed k; lexicographic tie-break; logFC not used
MAOB,0.5,12,6,BRCA;COAD;KIRC;KIRP;LIHC;LUAD,49,280,FALSE,1,TRUE,maximum complete profiles at fixed k; lexicographic tie-break; logFC not used
MAOB,0.5,12,6,BRCA;COAD;KIRP;LIHC;LUAD;LUSC,49,281,FALSE,1,TRUE,maximum complete profiles at fixed k; lexicographic tie-break; logFC not used
MAOB,0.5,12,6,BRCA;COAD;LIHC;LUAD;LUSC;PRAD,49,282,FALSE,1,TRUE,maximum complete profiles at fixed k; lexicographic tie-break; logFC not used
MAOB,0.5,12,6,COAD;KIRC;KIRP;LIHC;LUAD;PRAD,49,283,FALSE,1,TRUE,maximum complete profiles at fixed k; lexicographic tie-break; logFC not used
MAOB,0.5,12,6,ESCA;KICH;KIRP;LIHC;LUAD;PRAD,49,284,FALSE,1,TRUE,maximum complete profiles at fixed k; lexicographic tie-break; logFC not used
MAOB,0.5,12,6,BRCA;COAD;ESCA;KICH;LUAD;STAD,48,285,FALSE,1,TRUE,maximum complete profiles at fixed k; lexicographic tie-break; logFC not used
MAOB,0.5,12,6,BRCA;COAD;ESCA;KIRC;LUSC;STAD,48,286,FALSE,1,TRUE,maximum complete profiles at fixed k; lexicographic tie-break; logFC not used
MAOB,0.5,12,6,BRCA;COAD;KIRC;LIHC;LUAD;LUSC,48,287,FALSE,1,TRUE,maximum complete profiles at fixed k; lexicographic tie-break; logFC not used
MAOB,0.5,12,6,BRCA;ESCA;KICH;LIHC;LUSC;PRAD,48,288,FALSE,1,TRUE,maximum complete profiles at fixed k; lexicographic tie-break; logFC not used
MAOB,0.5,12,6,BRCA;COAD;ESCA;KIRC;LUAD;STAD,47,289,FALSE,1,TRUE,maximum complete profiles at fixed k; lexicographic tie-break; logFC not used
MAOB,0.5,12,6,BRCA;ESCA;KIRC;LIHC;LUSC;PRAD,47,290,FALSE,1,TRUE,maximum complete profiles at fixed k; lexicographic tie-break; logFC not used
MAOB,0.5,12,6,BRCA;COAD;ESCA;KIRP;LUSC;STAD,46,291,FALSE,1,TRUE,maximum complete profiles at fixed k; lexicographic tie-break; logFC not used
MAOB,0.5,12,6,BRCA;ESCA;KICH;LIHC;LUAD;PRAD,46,292,FALSE,1,TRUE,maximum complete profiles at fixed k; lexicographic tie-break; logFC not used
MAOB,0.5,12,6,BRCA;ESCA;KIRP;LIHC;LUSC;PRAD,46,293,FALSE,1,TRUE,maximum complete profiles at fixed k; lexicographic tie-break; logFC not used
MAOB,0.5,12,6,BRCA;COAD;ESCA;KIRP;LUAD;STAD,45,294,FALSE,1,TRUE,maximum complete profiles at fixed k; lexicographic tie-break; logFC not used
MAOB,0.5,12,6,BRCA;COAD;ESCA;KICH;KIRC;LIHC,44,295,FALSE,1,TRUE,maximum complete profiles at fixed k; lexicographic tie-break; logFC not used
MAOB,0.5,12,6,BRCA;COAD;ESCA;KICH;KIRP;LIHC,44,296,FALSE,1,TRUE,maximum complete profiles at fixed k; lexicographic tie-break; logFC not used
MAOB,0.5,12,6,BRCA;COAD;ESCA;KIRC;KIRP;LIHC,44,297,FALSE,1,TRUE,maximum complete profiles at fixed k; lexicographic tie-break; logFC not used
MAOB,0.5,12,6,BRCA;ESCA;KIRC;LIHC;LUAD;PRAD,44,298,FALSE,1,TRUE,maximum complete profiles at fixed k; lexicographic tie-break; logFC not used
MAOB,0.5,12,6,KICH;KIRC;KIRP;LIHC;PRAD;STAD,44,299,FALSE,1,TRUE,maximum complete profiles at fixed k; lexicographic tie-break; logFC not used
MAOB,0.5,12,6,BRCA;COAD;KICH;LIHC;LUSC;PRAD,43,300,FALSE,1,TRUE,maximum complete profiles at fixed k; lexicographic tie-break; logFC not used
MAOB,0.5,12,6,BRCA;ESCA;KIRP;LIHC;LUAD;PRAD,43,301,FALSE,1,TRUE,maximum complete profiles at fixed k; lexicographic tie-break; logFC not used
MAOB,0.5,12,6,BRCA;COAD;KICH;LIHC;LUAD;PRAD,42,302,FALSE,1,TRUE,maximum complete profiles at fixed k; lexicographic tie-break; logFC not used
MAOB,0.5,12,6,BRCA;COAD;KIRP;LIHC;LUSC;PRAD,42,303,FALSE,1,TRUE,maximum complete profiles at fixed k; lexicographic tie-break; logFC not used
MAOB,0.5,12,6,BRCA;COAD;KIRC;LIHC;LUSC;PRAD,41,304,FALSE,1,TRUE,maximum complete profiles at fixed k; lexicographic tie-break; logFC not used
MAOB,0.5,12,6,BRCA;COAD;KIRP;LIHC;LUAD;PRAD,41,305,FALSE,1,TRUE,maximum complete profiles at fixed k; lexicographic tie-break; logFC not used
MAOB,0.5,12,6,BRCA;COAD;KIRC;LIHC;LUAD;PRAD,40,306,FALSE,1,TRUE,maximum complete profiles at fixed k; lexicographic tie-break; logFC not used
MAOB,0.5,12,6,BRCA;KICH;KIRC;KIRP;LIHC;STAD,39,307,FALSE,1,TRUE,maximum complete profiles at fixed k; lexicographic tie-break; logFC not used
MAOB,0.5,12,6,COAD;ESCA;KICH;KIRP;LIHC;PRAD,39,308,FALSE,1,TRUE,maximum complete profiles at fixed k; lexicographic tie-break; logFC not used
MAOB,0.5,12,6,BRCA;COAD;ESCA;LIHC;LUAD;LUSC,38,309,FALSE,1,TRUE,maximum complete profiles at fixed k; lexicographic tie-break; logFC not used
MAOB,0.5,12,6,COAD;ESCA;KICH;KIRC;LIHC;PRAD,38,310,FALSE,1,TRUE,maximum complete profiles at fixed k; lexicographic tie-break; logFC not used
MAOB,0.5,12,6,COAD;ESCA;KIRC;KIRP;LIHC;PRAD,38,311,FALSE,1,TRUE,maximum complete profiles at fixed k; lexicographic tie-break; logFC not used
MAOB,0.5,12,6,KICH;KIRC;KIRP;LIHC;LUSC;STAD,36,312,FALSE,1,TRUE,maximum complete profiles at fixed k; lexicographic tie-break; logFC not used
MAOB,0.5,12,6,KICH;KIRC;LIHC;LUAD;LUSC;STAD,36,313,FALSE,1,TRUE,maximum complete profiles at fixed k; lexicographic tie-break; logFC not used
MAOB,0.5,12,6,COAD;ESCA;KICH;LIHC;LUAD;LUSC,35,314,FALSE,1,TRUE,maximum complete profiles at fixed k; lexicographic tie-break; logFC not used
MAOB,0.5,12,6,COAD;ESCA;LIHC;LUAD;LUSC;PRAD,35,315,FALSE,1,TRUE,maximum complete profiles at fixed k; lexicographic tie-break; logFC not used
MAOB,0.5,12,6,KICH;KIRC;KIRP;LIHC;LUAD;STAD,35,316,FALSE,1,TRUE,maximum complete profiles at fixed k; lexicographic tie-break; logFC not used
MAOB,0.5,12,6,KICH;KIRP;LIHC;LUAD;LUSC;STAD,35,317,FALSE,1,TRUE,maximum complete profiles at fixed k; lexicographic tie-break; logFC not used
MAOB,0.5,12,6,KIRC;KIRP;LIHC;LUAD;LUSC;STAD,35,318,FALSE,1,TRUE,maximum complete profiles at fixed k; lexicographic tie-break; logFC not used
MAOB,0.5,12,6,COAD;ESCA;KICH;KIRP;LIHC;LUAD,34,319,FALSE,1,TRUE,maximum complete profiles at fixed k; lexicographic tie-break; logFC not used
MAOB,0.5,12,6,COAD;ESCA;KICH;KIRP;LIHC;LUSC,34,320,FALSE,1,TRUE,maximum complete profiles at fixed k; lexicographic tie-break; logFC not used
MAOB,0.5,12,6,BRCA;COAD;ESCA;KICH;LIHC;PRAD,33,321,FALSE,1,TRUE,maximum complete profiles at fixed k; lexicographic tie-break; logFC not used
MAOB,0.5,12,6,BRCA;KIRC;KIRP;LIHC;PRAD;STAD,33,322,FALSE,1,TRUE,maximum complete profiles at fixed k; lexicographic tie-break; logFC not used
MAOB,0.5,12,6,COAD;ESCA;KICH;KIRC;LIHC;LUAD,33,323,FALSE,1,TRUE,maximum complete profiles at fixed k; lexicographic tie-break; logFC not used
MAOB,0.5,12,6,COAD;ESCA;KIRP;LIHC;LUAD;LUSC,33,324,FALSE,1,TRUE,maximum complete profiles at fixed k; lexicographic tie-break; logFC not used
MAOB,0.5,12,6,BRCA;KICH;KIRC;LIHC;PRAD;STAD,32,325,FALSE,1,TRUE,maximum complete profiles at fixed k; lexicographic tie-break; logFC not used
MAOB,0.5,12,6,COAD;ESCA;KICH;KIRC;LIHC;LUSC,32,326,FALSE,1,TRUE,maximum complete profiles at fixed k; lexicographic tie-break; logFC not used
MAOB,0.5,12,6,COAD;ESCA;KIRC;KIRP;LIHC;LUAD,32,327,FALSE,1,TRUE,maximum complete profiles at fixed k; lexicographic tie-break; logFC not used
MAOB,0.5,12,6,COAD;ESCA;KIRC;KIRP;LIHC;LUSC,32,328,FALSE,1,TRUE,maximum complete profiles at fixed k; lexicographic tie-break; logFC not used
MAOB,0.5,12,6,BRCA;COAD;ESCA;KIRC;LIHC;PRAD,31,329,FALSE,1,TRUE,maximum complete profiles at fixed k; lexicographic tie-break; logFC not used
MAOB,0.5,12,6,BRCA;COAD;ESCA;KIRP;LIHC;PRAD,31,330,FALSE,1,TRUE,maximum complete profiles at fixed k; lexicographic tie-break; logFC not used
MAOB,0.5,12,6,BRCA;KICH;KIRP;LIHC;PRAD;STAD,31,331,FALSE,1,TRUE,maximum complete profiles at fixed k; lexicographic tie-break; logFC not used
MAOB,0.5,12,6,COAD;ESCA;KIRC;LIHC;LUAD;LUSC,31,332,FALSE,1,TRUE,maximum complete profiles at fixed k; lexicographic tie-break; logFC not used
MAOB,0.5,12,6,BRCA;COAD;ESCA;KICH;LIHC;LUAD,30,333,FALSE,1,TRUE,maximum complete profiles at fixed k; lexicographic tie-break; logFC not used
MAOB,0.5,12,6,BRCA;COAD;ESCA;KICH;LIHC;LUSC,30,334,FALSE,1,TRUE,maximum complete profiles at fixed k; lexicographic tie-break; logFC not used
MAOB,0.5,12,6,BRCA;COAD;ESCA;LIHC;LUAD;PRAD,29,335,FALSE,1,TRUE,maximum complete profiles at fixed k; lexicographic tie-break; logFC not used
MAOB,0.5,12,6,BRCA;COAD;ESCA;LIHC;LUSC;PRAD,29,336,FALSE,1,TRUE,maximum complete profiles at fixed k; lexicographic tie-break; logFC not used
MAOB,0.5,12,6,COAD;KICH;KIRC;KIRP;LIHC;STAD,29,337,FALSE,1,TRUE,maximum complete profiles at fixed k; lexicographic tie-break; logFC not used
MAOB,0.5,12,6,BRCA;COAD;ESCA;KIRC;LIHC;LUAD,28,338,FALSE,1,TRUE,maximum complete profiles at fixed k; lexicographic tie-break; logFC not used
MAOB,0.5,12,6,BRCA;COAD;ESCA;KIRC;LIHC;LUSC,28,339,FALSE,1,TRUE,maximum complete profiles at fixed k; lexicographic tie-break; logFC not used
MAOB,0.5,12,6,BRCA;COAD;ESCA;KIRP;LIHC;LUAD,28,340,FALSE,1,TRUE,maximum complete profiles at fixed k; lexicographic tie-break; logFC not used
MAOB,0.5,12,6,BRCA;COAD;ESCA;KIRP;LIHC;LUSC,28,341,FALSE,1,TRUE,maximum complete profiles at fixed k; lexicographic tie-break; logFC not used
MAOB,0.5,12,6,ESCA;KICH;KIRC;KIRP;LIHC;STAD,28,342,FALSE,1,TRUE,maximum complete profiles at fixed k; lexicographic tie-break; logFC not used
MAOB,0.5,12,6,KICH;KIRC;LIHC;LUSC;PRAD;STAD,28,343,FALSE,1,TRUE,maximum complete profiles at fixed k; lexicographic tie-break; logFC not used
MAOB,0.5,12,6,KIRC;KIRP;LIHC;LUSC;PRAD;STAD,28,344,FALSE,1,TRUE,maximum complete profiles at fixed k; lexicographic tie-break; logFC not used
MAOB,0.5,12,6,COAD;ESCA;KICH;LIHC;LUAD;PRAD,27,345,FALSE,1,TRUE,maximum complete profiles at fixed k; lexicographic tie-break; logFC not used
MAOB,0.5,12,6,COAD;ESCA;KICH;LIHC;LUSC;PRAD,27,346,FALSE,1,TRUE,maximum complete profiles at fixed k; lexicographic tie-break; logFC not used
MAOB,0.5,12,6,KICH;KIRC;LIHC;LUAD;PRAD;STAD,27,347,FALSE,1,TRUE,maximum complete profiles at fixed k; lexicographic tie-break; logFC not used
MAOB,0.5,12,6,KICH;KIRP;LIHC;LUSC;PRAD;STAD,27,348,FALSE,1,TRUE,maximum complete profiles at fixed k; lexicographic tie-break; logFC not used
MAOB,0.5,12,6,KICH;LIHC;LUAD;LUSC;PRAD;STAD,27,349,FALSE,1,TRUE,maximum complete profiles at fixed k; lexicographic tie-break; logFC not used
MAOB,0.5,12,6,KIRC;LIHC;LUAD;LUSC;PRAD;STAD,27,350,FALSE,1,TRUE,maximum complete profiles at fixed k; lexicographic tie-break; logFC not used
MAOB,0.5,12,6,KICH;KIRP;LIHC;LUAD;PRAD;STAD,26,351,FALSE,1,TRUE,maximum complete profiles at fixed k; lexicographic tie-break; logFC not used
MAOB,0.5,12,6,KIRC;KIRP;LIHC;LUAD;PRAD;STAD,26,352,FALSE,1,TRUE,maximum complete profiles at fixed k; lexicographic tie-break; logFC not used
MAOB,0.5,12,6,KIRP;LIHC;LUAD;LUSC;PRAD;STAD,26,353,FALSE,1,TRUE,maximum complete profiles at fixed k; lexicographic tie-break; logFC not used
MAOB,0.5,12,6,BRCA;LIHC;LUAD;LUSC;PRAD;STAD,25,354,FALSE,1,TRUE,maximum complete profiles at fixed k; lexicographic tie-break; logFC not used
MAOB,0.5,12,6,COAD;ESCA;KIRP;LIHC;LUAD;PRAD,25,355,FALSE,1,TRUE,maximum complete profiles at fixed k; lexicographic tie-break; logFC not used
MAOB,0.5,12,6,COAD;ESCA;KIRP;LIHC;LUSC;PRAD,25,356,FALSE,1,TRUE,maximum complete profiles at fixed k; lexicographic tie-break; logFC not used
MAOB,0.5,12,6,BRCA;KICH;KIRC;LIHC;LUSC;STAD,24,357,FALSE,1,TRUE,maximum complete profiles at fixed k; lexicographic tie-break; logFC not used
MAOB,0.5,12,6,BRCA;KIRC;KIRP;LIHC;LUSC;STAD,24,358,FALSE,1,TRUE,maximum complete profiles at fixed k; lexicographic tie-break; logFC not used
MAOB,0.5,12,6,COAD;ESCA;KIRC;LIHC;LUAD;PRAD,24,359,FALSE,1,TRUE,maximum complete profiles at fixed k; lexicographic tie-break; logFC not used
MAOB,0.5,12,6,COAD;ESCA;KIRC;LIHC;LUSC;PRAD,24,360,FALSE,1,TRUE,maximum complete profiles at fixed k; lexicographic tie-break; logFC not used
MAOB,0.5,12,6,BRCA;KICH;KIRC;LIHC;LUAD;STAD,23,361,FALSE,1,TRUE,maximum complete profiles at fixed k; lexicographic tie-break; logFC not used
MAOB,0.5,12,6,BRCA;KICH;KIRP;LIHC;LUSC;STAD,23,362,FALSE,1,TRUE,maximum complete profiles at fixed k; lexicographic tie-break; logFC not used
MAOB,0.5,12,6,BRCA;KICH;LIHC;LUAD;LUSC;STAD,23,363,FALSE,1,TRUE,maximum complete profiles at fixed k; lexicographic tie-break; logFC not used
MAOB,0.5,12,6,BRCA;KIRC;LIHC;LUAD;LUSC;STAD,23,364,FALSE,1,TRUE,maximum complete profiles at fixed k; lexicographic tie-break; logFC not used
MAOB,0.5,12,6,COAD;KIRC;KIRP;LIHC;PRAD;STAD,23,365,FALSE,1,TRUE,maximum complete profiles at fixed k; lexicographic tie-break; logFC not used
MAOB,0.5,12,6,BRCA;KICH;KIRP;LIHC;LUAD;STAD,22,366,FALSE,1,TRUE,maximum complete profiles at fixed k; lexicographic tie-break; logFC not used
MAOB,0.5,12,6,BRCA;KIRC;KIRP;LIHC;LUAD;STAD,22,367,FALSE,1,TRUE,maximum complete profiles at fixed k; lexicographic tie-break; logFC not used
MAOB,0.5,12,6,BRCA;KIRC;LIHC;LUSC;PRAD;STAD,22,368,FALSE,1,TRUE,maximum complete profiles at fixed k; lexicographic tie-break; logFC not used
MAOB,0.5,12,6,BRCA;KIRP;LIHC;LUAD;LUSC;STAD,22,369,FALSE,1,TRUE,maximum complete profiles at fixed k; lexicographic tie-break; logFC not used
MAOB,0.5,12,6,COAD;KICH;KIRC;LIHC;PRAD;STAD,22,370,FALSE,1,TRUE,maximum complete profiles at fixed k; lexicographic tie-break; logFC not used
MAOB,0.5,12,6,COAD;KICH;KIRP;LIHC;PRAD;STAD,22,371,FALSE,1,TRUE,maximum complete profiles at fixed k; lexicographic tie-break; logFC not used
MAOB,0.5,12,6,BRCA;KICH;LIHC;LUSC;PRAD;STAD,21,372,FALSE,1,TRUE,maximum complete profiles at fixed k; lexicographic tie-break; logFC not used
MAOB,0.5,12,6,BRCA;KIRP;LIHC;LUSC;PRAD;STAD,21,373,FALSE,1,TRUE,maximum complete profiles at fixed k; lexicographic tie-break; logFC not used
MAOB,0.5,12,6,ESCA;KICH;KIRC;LIHC;PRAD;STAD,21,374,FALSE,1,TRUE,maximum complete profiles at fixed k; lexicographic tie-break; logFC not used
MAOB,0.5,12,6,BRCA;KICH;LIHC;LUAD;PRAD;STAD,20,375,FALSE,1,TRUE,maximum complete profiles at fixed k; lexicographic tie-break; logFC not used
MAOB,0.5,12,6,BRCA;KIRC;LIHC;LUAD;PRAD;STAD,20,376,FALSE,1,TRUE,maximum complete profiles at fixed k; lexicographic tie-break; logFC not used
MAOB,0.5,12,6,ESCA;KICH;KIRP;LIHC;PRAD;STAD,20,377,FALSE,1,TRUE,maximum complete profiles at fixed k; lexicographic tie-break; logFC not used
MAOB,0.5,12,6,ESCA;KIRC;KIRP;LIHC;PRAD;STAD,20,378,FALSE,1,TRUE,maximum complete profiles at fixed k; lexicographic tie-break; logFC not used
MAOB,0.5,12,6,BRCA;ESCA;KICH;KIRC;LIHC;STAD,19,379,FALSE,1,FALSE,maximum complete profiles at fixed k; lexicographic tie-break; logFC not used
MAOB,0.5,12,6,BRCA;KIRP;LIHC;LUAD;PRAD;STAD,19,380,FALSE,1,FALSE,maximum complete profiles at fixed k; lexicographic tie-break; logFC not used
MAOB,0.5,12,6,COAD;KICH;KIRC;LIHC;LUAD;STAD,19,381,FALSE,1,FALSE,maximum complete profiles at fixed k; lexicographic tie-break; logFC not used
MAOB,0.5,12,6,COAD;LIHC;LUAD;LUSC;PRAD;STAD,19,382,FALSE,1,FALSE,maximum complete profiles at fixed k; lexicographic tie-break; logFC not used
MAOB,0.5,12,6,BRCA;COAD;KICH;KIRC;LIHC;STAD,18,383,FALSE,1,FALSE,maximum complete profiles at fixed k; lexicographic tie-break; logFC not used
MAOB,0.5,12,6,BRCA;COAD;KICH;KIRP;LIHC;STAD,18,384,FALSE,1,FALSE,maximum complete profiles at fixed k; lexicographic tie-break; logFC not used
MAOB,0.5,12,6,BRCA;COAD;KIRC;KIRP;LIHC;STAD,18,385,FALSE,1,FALSE,maximum complete profiles at fixed k; lexicographic tie-break; logFC not used
MAOB,0.5,12,6,BRCA;ESCA;KICH;KIRP;LIHC;STAD,18,386,FALSE,1,FALSE,maximum complete profiles at fixed k; lexicographic tie-break; logFC not used
MAOB,0.5,12,6,BRCA;ESCA;KIRC;KIRP;LIHC;STAD,18,387,FALSE,1,FALSE,maximum complete profiles at fixed k; lexicographic tie-break; logFC not used
MAOB,0.5,12,6,COAD;KICH;KIRC;LIHC;LUSC;STAD,18,388,FALSE,1,FALSE,maximum complete profiles at fixed k; lexicographic tie-break; logFC not used
MAOB,0.5,12,6,COAD;KICH;KIRP;LIHC;LUAD;STAD,18,389,FALSE,1,FALSE,maximum complete profiles at fixed k; lexicographic tie-break; logFC not used
MAOB,0.5,12,6,COAD;KICH;KIRP;LIHC;LUSC;STAD,18,390,FALSE,1,FALSE,maximum complete profiles at fixed k; lexicographic tie-break; logFC not used
MAOB,0.5,12,6,COAD;KICH;LIHC;LUAD;LUSC;STAD,18,391,FALSE,1,FALSE,maximum complete profiles at fixed k; lexicographic tie-break; logFC not used
MAOB,0.5,12,6,COAD;KIRC;KIRP;LIHC;LUAD;STAD,18,392,FALSE,1,FALSE,maximum complete profiles at fixed k; lexicographic tie-break; logFC not used
MAOB,0.5,12,6,COAD;KIRC;KIRP;LIHC;LUSC;STAD,18,393,FALSE,1,FALSE,maximum complete profiles at fixed k; lexicographic tie-break; logFC not used
MAOB,0.5,12,6,COAD;KIRC;LIHC;LUAD;LUSC;STAD,18,394,FALSE,1,FALSE,maximum complete profiles at fixed k; lexicographic tie-break; logFC not used
MAOB,0.5,12,6,COAD;KIRP;LIHC;LUAD;LUSC;STAD,18,395,FALSE,1,FALSE,maximum complete profiles at fixed k; lexicographic tie-break; logFC not used
MAOB,0.5,12,6,ESCA;LIHC;LUAD;LUSC;PRAD;STAD,17,396,FALSE,1,FALSE,maximum complete profiles at fixed k; lexicographic tie-break; logFC not used
MAOB,0.5,12,6,BRCA;COAD;KICH;LIHC;PRAD;STAD,16,397,FALSE,1,FALSE,maximum complete profiles at fixed k; lexicographic tie-break; logFC not used
MAOB,0.5,12,6,BRCA;COAD;KIRC;LIHC;PRAD;STAD,16,398,FALSE,1,FALSE,maximum complete profiles at fixed k; lexicographic tie-break; logFC not used
MAOB,0.5,12,6,BRCA;COAD;KIRP;LIHC;PRAD;STAD,16,399,FALSE,1,FALSE,maximum complete profiles at fixed k; lexicographic tie-break; logFC not used
MAOB,0.5,12,6,BRCA;ESCA;KICH;LIHC;PRAD;STAD,15,400,FALSE,1,FALSE,maximum complete profiles at fixed k; lexicographic tie-break; logFC not used
MAOB,0.5,12,6,BRCA;ESCA;KIRC;LIHC;PRAD;STAD,15,401,FALSE,1,FALSE,maximum complete profiles at fixed k; lexicographic tie-break; logFC not used
MAOB,0.5,12,6,COAD;ESCA;KICH;KIRC;LIHC;STAD,15,402,FALSE,1,FALSE,maximum complete profiles at fixed k; lexicographic tie-break; logFC not used
MAOB,0.5,12,6,COAD;ESCA;LIHC;LUAD;LUSC;STAD,15,403,FALSE,1,FALSE,maximum complete profiles at fixed k; lexicographic tie-break; logFC not used
MAOB,0.5,12,6,COAD;KICH;LIHC;LUAD;PRAD;STAD,15,404,FALSE,1,FALSE,maximum complete profiles at fixed k; lexicographic tie-break; logFC not used
MAOB,0.5,12,6,COAD;KICH;LIHC;LUSC;PRAD;STAD,15,405,FALSE,1,FALSE,maximum complete profiles at fixed k; lexicographic tie-break; logFC not used
MAOB,0.5,12,6,COAD;KIRC;LIHC;LUAD;PRAD;STAD,15,406,FALSE,1,FALSE,maximum complete profiles at fixed k; lexicographic tie-break; logFC not used
MAOB,0.5,12,6,COAD;KIRC;LIHC;LUSC;PRAD;STAD,15,407,FALSE,1,FALSE,maximum complete profiles at fixed k; lexicographic tie-break; logFC not used
MAOB,0.5,12,6,COAD;KIRP;LIHC;LUAD;PRAD;STAD,15,408,FALSE,1,FALSE,maximum complete profiles at fixed k; lexicographic tie-break; logFC not used
MAOB,0.5,12,6,COAD;KIRP;LIHC;LUSC;PRAD;STAD,15,409,FALSE,1,FALSE,maximum complete profiles at fixed k; lexicographic tie-break; logFC not used
MAOB,0.5,12,6,ESCA;KICH;KIRC;LIHC;LUAD;STAD,15,410,FALSE,1,FALSE,maximum complete profiles at fixed k; lexicographic tie-break; logFC not used
MAOB,0.5,12,6,BRCA;COAD;LIHC;LUAD;LUSC;STAD,14,411,FALSE,1,FALSE,maximum complete profiles at fixed k; lexicographic tie-break; logFC not used
MAOB,0.5,12,6,BRCA;COAD;LIHC;LUAD;PRAD;STAD,14,412,FALSE,1,FALSE,maximum complete profiles at fixed k; lexicographic tie-break; logFC not used
MAOB,0.5,12,6,BRCA;COAD;LIHC;LUSC;PRAD;STAD,14,413,FALSE,1,FALSE,maximum complete profiles at fixed k; lexicographic tie-break; logFC not used
MAOB,0.5,12,6,BRCA;ESCA;KIRP;LIHC;PRAD;STAD,14,414,FALSE,1,FALSE,maximum complete profiles at fixed k; lexicographic tie-break; logFC not used
MAOB,0.5,12,6,BRCA;ESCA;LIHC;LUAD;LUSC;STAD,14,415,FALSE,1,FALSE,maximum complete profiles at fixed k; lexicographic tie-break; logFC not used
MAOB,0.5,12,6,COAD;ESCA;KICH;KIRP;LIHC;STAD,14,416,FALSE,1,FALSE,maximum complete profiles at fixed k; lexicographic tie-break; logFC not used
MAOB,0.5,12,6,COAD;ESCA;KIRC;KIRP;LIHC;STAD,14,417,FALSE,1,FALSE,maximum complete profiles at fixed k; lexicographic tie-break; logFC not used
MAOB,0.5,12,6,ESCA;KICH;KIRC;LIHC;LUSC;STAD,14,418,FALSE,1,FALSE,maximum complete profiles at fixed k; lexicographic tie-break; logFC not used
MAOB,0.5,12,6,ESCA;KICH;LIHC;LUAD;LUSC;STAD,14,419,FALSE,1,FALSE,maximum complete profiles at fixed k; lexicographic tie-break; logFC not used
MAOB,0.5,12,6,ESCA;KIRC;LIHC;LUAD;LUSC;STAD,14,420,FALSE,1,FALSE,maximum complete profiles at fixed k; lexicographic tie-break; logFC not used
MAOB,0.5,12,6,ESCA;KICH;KIRP;LIHC;LUAD;STAD,13,421,FALSE,1,FALSE,maximum complete profiles at fixed k; lexicographic tie-break; logFC not used
MAOB,0.5,12,6,ESCA;KICH;KIRP;LIHC;LUSC;STAD,13,422,FALSE,1,FALSE,maximum complete profiles at fixed k; lexicographic tie-break; logFC not used
MAOB,0.5,12,6,ESCA;KICH;LIHC;LUAD;PRAD;STAD,13,423,FALSE,1,FALSE,maximum complete profiles at fixed k; lexicographic tie-break; logFC not used
MAOB,0.5,12,6,ESCA;KICH;LIHC;LUSC;PRAD;STAD,13,424,FALSE,1,FALSE,maximum complete profiles at fixed k; lexicographic tie-break; logFC not used
MAOB,0.5,12,6,ESCA;KIRC;KIRP;LIHC;LUAD;STAD,13,425,FALSE,1,FALSE,maximum complete profiles at fixed k; lexicographic tie-break; logFC not used
MAOB,0.5,12,6,ESCA;KIRC;KIRP;LIHC;LUSC;STAD,13,426,FALSE,1,FALSE,maximum complete profiles at fixed k; lexicographic tie-break; logFC not used
MAOB,0.5,12,6,ESCA;KIRC;LIHC;LUAD;PRAD;STAD,13,427,FALSE,1,FALSE,maximum complete profiles at fixed k; lexicographic tie-break; logFC not used
MAOB,0.5,12,6,ESCA;KIRC;LIHC;LUSC;PRAD;STAD,13,428,FALSE,1,FALSE,maximum complete profiles at fixed k; lexicographic tie-break; logFC not used
MAOB,0.5,12,6,ESCA;KIRP;LIHC;LUAD;LUSC;STAD,13,429,FALSE,1,FALSE,maximum complete profiles at fixed k; lexicographic tie-break; logFC not used
MAOB,0.5,12,6,BRCA;COAD;ESCA;LIHC;PRAD;STAD,12,430,FALSE,1,FALSE,maximum complete profiles at fixed k; lexicographic tie-break; logFC not used
MAOB,0.5,12,6,BRCA;COAD;KICH;LIHC;LUAD;STAD,12,431,FALSE,1,FALSE,maximum complete profiles at fixed k; lexicographic tie-break; logFC not used
MAOB,0.5,12,6,BRCA;COAD;KICH;LIHC;LUSC;STAD,12,432,FALSE,1,FALSE,maximum complete profiles at fixed k; lexicographic tie-break; logFC not used
MAOB,0.5,12,6,BRCA;COAD;KIRC;LIHC;LUAD;STAD,12,433,FALSE,1,FALSE,maximum complete profiles at fixed k; lexicographic tie-break; logFC not used
MAOB,0.5,12,6,BRCA;COAD;KIRC;LIHC;LUSC;STAD,12,434,FALSE,1,FALSE,maximum complete profiles at fixed k; lexicographic tie-break; logFC not used
MAOB,0.5,12,6,BRCA;COAD;KIRP;LIHC;LUAD;STAD,12,435,FALSE,1,FALSE,maximum complete profiles at fixed k; lexicographic tie-break; logFC not used
MAOB,0.5,12,6,BRCA;COAD;KIRP;LIHC;LUSC;STAD,12,436,FALSE,1,FALSE,maximum complete profiles at fixed k; lexicographic tie-break; logFC not used
MAOB,0.5,12,6,COAD;ESCA;LIHC;LUAD;PRAD;STAD,12,437,FALSE,1,FALSE,maximum complete profiles at fixed k; lexicographic tie-break; logFC not used
MAOB,0.5,12,6,COAD;ESCA;LIHC;LUSC;PRAD;STAD,12,438,FALSE,1,FALSE,maximum complete profiles at fixed k; lexicographic tie-break; logFC not used
MAOB,0.5,12,6,ESCA;KIRP;LIHC;LUAD;PRAD;STAD,12,439,FALSE,1,FALSE,maximum complete profiles at fixed k; lexicographic tie-break; logFC not used
MAOB,0.5,12,6,ESCA;KIRP;LIHC;LUSC;PRAD;STAD,12,440,FALSE,1,FALSE,maximum complete profiles at fixed k; lexicographic tie-break; logFC not used
MAOB,0.5,12,6,BRCA;ESCA;LIHC;LUAD;PRAD;STAD,11,441,FALSE,1,FALSE,maximum complete profiles at fixed k; lexicographic tie-break; logFC not used
MAOB,0.5,12,6,BRCA;ESCA;LIHC;LUSC;PRAD;STAD,11,442,FALSE,1,FALSE,maximum complete profiles at fixed k; lexicographic tie-break; logFC not used
MAOB,0.5,12,6,COAD;ESCA;KICH;LIHC;PRAD;STAD,11,443,FALSE,1,FALSE,maximum complete profiles at fixed k; lexicographic tie-break; logFC not used
MAOB,0.5,12,6,COAD;ESCA;KIRC;LIHC;PRAD;STAD,11,444,FALSE,1,FALSE,maximum complete profiles at fixed k; lexicographic tie-break; logFC not used
MAOB,0.5,12,6,COAD;ESCA;KIRP;LIHC;PRAD;STAD,11,445,FALSE,1,FALSE,maximum complete profiles at fixed k; lexicographic tie-break; logFC not used
MAOB,0.5,12,6,BRCA;COAD;ESCA;KICH;LIHC;STAD,10,446,FALSE,1,FALSE,maximum complete profiles at fixed k; lexicographic tie-break; logFC not used
MAOB,0.5,12,6,BRCA;COAD;ESCA;KIRC;LIHC;STAD,10,447,FALSE,1,FALSE,maximum complete profiles at fixed k; lexicographic tie-break; logFC not used
MAOB,0.5,12,6,BRCA;COAD;ESCA;KIRP;LIHC;STAD,10,448,FALSE,1,FALSE,maximum complete profiles at fixed k; lexicographic tie-break; logFC not used
MAOB,0.5,12,6,BRCA;ESCA;KICH;LIHC;LUAD;STAD,9,449,FALSE,1,FALSE,maximum complete profiles at fixed k; lexicographic tie-break; logFC not used
MAOB,0.5,12,6,BRCA;ESCA;KICH;LIHC;LUSC;STAD,9,450,FALSE,1,FALSE,maximum complete profiles at fixed k; lexicographic tie-break; logFC not used
MAOB,0.5,12,6,BRCA;ESCA;KIRC;LIHC;LUAD;STAD,9,451,FALSE,1,FALSE,maximum complete profiles at fixed k; lexicographic tie-break; logFC not used
MAOB,0.5,12,6,BRCA;ESCA;KIRC;LIHC;LUSC;STAD,9,452,FALSE,1,FALSE,maximum complete profiles at fixed k; lexicographic tie-break; logFC not used
MAOB,0.5,12,6,COAD;ESCA;KICH;LIHC;LUAD;STAD,9,453,FALSE,1,FALSE,maximum complete profiles at fixed k; lexicographic tie-break; logFC not used
MAOB,0.5,12,6,COAD;ESCA;KIRC;LIHC;LUAD;STAD,9,454,FALSE,1,FALSE,maximum complete profiles at fixed k; lexicographic tie-break; logFC not used
MAOB,0.5,12,6,BRCA;COAD;ESCA;LIHC;LUAD;STAD,8,455,FALSE,1,FALSE,maximum complete profiles at fixed k; lexicographic tie-break; logFC not used
MAOB,0.5,12,6,BRCA;COAD;ESCA;LIHC;LUSC;STAD,8,456,FALSE,1,FALSE,maximum complete profiles at fixed k; lexicographic tie-break; logFC not used
MAOB,0.5,12,6,BRCA;ESCA;KIRP;LIHC;LUAD;STAD,8,457,FALSE,1,FALSE,maximum complete profiles at fixed k; lexicographic tie-break; logFC not used
MAOB,0.5,12,6,BRCA;ESCA;KIRP;LIHC;LUSC;STAD,8,458,FALSE,1,FALSE,maximum complete profiles at fixed k; lexicographic tie-break; logFC not used
MAOB,0.5,12,6,COAD;ESCA;KICH;LIHC;LUSC;STAD,8,459,FALSE,1,FALSE,maximum complete profiles at fixed k; lexicographic tie-break; logFC not used
MAOB,0.5,12,6,COAD;ESCA;KIRC;LIHC;LUSC;STAD,8,460,FALSE,1,FALSE,maximum complete profiles at fixed k; lexicographic tie-break; logFC not used
MAOB,0.5,12,6,COAD;ESCA;KIRP;LIHC;LUAD;STAD,8,461,FALSE,1,FALSE,maximum complete profiles at fixed k; lexicographic tie-break; logFC not used
MAOB,0.5,12,6,COAD;ESCA;KIRP;LIHC;LUSC;STAD,8,462,FALSE,1,FALSE,maximum complete profiles at fixed k; lexicographic tie-break; logFC not used
MAOB,0.5,12,6,ESCA;LUAD;LUSC;PRAD;STAD;THCA,5,463,FALSE,1,FALSE,maximum complete profiles at fixed k; lexicographic tie-break; logFC not used
MAOB,0.5,12,6,BRCA;ESCA;LUAD;LUSC;PRAD;THCA,4,464,FALSE,1,FALSE,maximum complete profiles at fixed k; lexicographic tie-break; logFC not used
MAOB,0.5,12,6,COAD;ESCA;LIHC;LUAD;LUSC;THCA,4,465,FALSE,1,FALSE,maximum complete profiles at fixed k; lexicographic tie-break; logFC not used
MAOB,0.5,12,6,COAD;ESCA;LUAD;LUSC;STAD;THCA,4,466,FALSE,1,FALSE,maximum complete profiles at fixed k; lexicographic tie-break; logFC not used
MAOB,0.5,12,6,KICH;KIRC;KIRP;LUAD;LUSC;THCA,4,467,FALSE,1,FALSE,maximum complete profiles at fixed k; lexicographic tie-break; logFC not used
MAOB,0.5,12,6,KICH;KIRC;KIRP;LUAD;STAD;THCA,4,468,FALSE,1,FALSE,maximum complete profiles at fixed k; lexicographic tie-break; logFC not used
MAOB,0.5,12,6,KICH;KIRC;KIRP;LUSC;STAD;THCA,4,469,FALSE,1,FALSE,maximum complete profiles at fixed k; lexicographic tie-break; logFC not used
MAOB,0.5,12,6,KICH;KIRC;LUAD;LUSC;STAD;THCA,4,470,FALSE,1,FALSE,maximum complete profiles at fixed k; lexicographic tie-break; logFC not used
MAOB,0.5,12,6,KICH;KIRP;LUAD;LUSC;STAD;THCA,4,471,FALSE,1,FALSE,maximum complete profiles at fixed k; lexicographic tie-break; logFC not used
MAOB,0.5,12,6,KIRC;KIRP;LUAD;LUSC;STAD;THCA,4,472,FALSE,1,FALSE,maximum complete profiles at fixed k; lexicographic tie-break; logFC not used
MAOB,0.5,12,6,BRCA;ESCA;LUAD;LUSC;STAD;THCA,3,473,FALSE,1,FALSE,maximum complete profiles at fixed k; lexicographic tie-break; logFC not used
MAOB,0.5,12,6,BRCA;ESCA;LUAD;PRAD;STAD;THCA,3,474,FALSE,1,FALSE,maximum complete profiles at fixed k; lexicographic tie-break; logFC not used
MAOB,0.5,12,6,BRCA;ESCA;LUSC;PRAD;STAD;THCA,3,475,FALSE,1,FALSE,maximum complete profiles at fixed k; lexicographic tie-break; logFC not used
MAOB,0.5,12,6,BRCA;KICH;KIRC;KIRP;STAD;THCA,3,476,FALSE,1,FALSE,maximum complete profiles at fixed k; lexicographic tie-break; logFC not used
MAOB,0.5,12,6,BRCA;LUAD;LUSC;PRAD;STAD;THCA,3,477,FALSE,1,FALSE,maximum complete profiles at fixed k; lexicographic tie-break; logFC not used
MAOB,0.5,12,6,COAD;ESCA;LUAD;LUSC;PRAD;THCA,3,478,FALSE,1,FALSE,maximum complete profiles at fixed k; lexicographic tie-break; logFC not used
MAOB,0.5,12,6,COAD;KICH;KIRC;KIRP;LUAD;THCA,3,479,FALSE,1,FALSE,maximum complete profiles at fixed k; lexicographic tie-break; logFC not used
MAOB,0.5,12,6,COAD;KICH;KIRC;KIRP;LUSC;THCA,3,480,FALSE,1,FALSE,maximum complete profiles at fixed k; lexicographic tie-break; logFC not used
MAOB,0.5,12,6,COAD;KICH;KIRC;KIRP;STAD;THCA,3,481,FALSE,1,FALSE,maximum complete profiles at fixed k; lexicographic tie-break; logFC not used
MAOB,0.5,12,6,COAD;KICH;KIRC;LUAD;LUSC;THCA,3,482,FALSE,1,FALSE,maximum complete profiles at fixed k; lexicographic tie-break; logFC not used
MAOB,0.5,12,6,COAD;KICH;KIRC;LUAD;STAD;THCA,3,483,FALSE,1,FALSE,maximum complete profiles at fixed k; lexicographic tie-break; logFC not used
MAOB,0.5,12,6,COAD;KICH;KIRC;LUSC;STAD;THCA,3,484,FALSE,1,FALSE,maximum complete profiles at fixed k; lexicographic tie-break; logFC not used
MAOB,0.5,12,6,COAD;KICH;KIRP;LUAD;LUSC;THCA,3,485,FALSE,1,FALSE,maximum complete profiles at fixed k; lexicographic tie-break; logFC not used
MAOB,0.5,12,6,COAD;KICH;KIRP;LUAD;STAD;THCA,3,486,FALSE,1,FALSE,maximum complete profiles at fixed k; lexicographic tie-break; logFC not used
MAOB,0.5,12,6,COAD;KICH;KIRP;LUSC;STAD;THCA,3,487,FALSE,1,FALSE,maximum complete profiles at fixed k; lexicographic tie-break; logFC not used
MAOB,0.5,12,6,COAD;KICH;LUAD;LUSC;STAD;THCA,3,488,FALSE,1,FALSE,maximum complete profiles at fixed k; lexicographic tie-break; logFC not used
MAOB,0.5,12,6,COAD;KIRC;KIRP;LUAD;LUSC;THCA,3,489,FALSE,1,FALSE,maximum complete profiles at fixed k; lexicographic tie-break; logFC not used
MAOB,0.5,12,6,COAD;KIRC;KIRP;LUAD;STAD;THCA,3,490,FALSE,1,FALSE,maximum complete profiles at fixed k; lexicographic tie-break; logFC not used
MAOB,0.5,12,6,COAD;KIRC;KIRP;LUSC;STAD;THCA,3,491,FALSE,1,FALSE,maximum complete profiles at fixed k; lexicographic tie-break; logFC not used
MAOB,0.5,12,6,COAD;KIRC;LUAD;LUSC;STAD;THCA,3,492,FALSE,1,FALSE,maximum complete profiles at fixed k; lexicographic tie-break; logFC not used
MAOB,0.5,12,6,COAD;KIRP;LUAD;LUSC;STAD;THCA,3,493,FALSE,1,FALSE,maximum complete profiles at fixed k; lexicographic tie-break; logFC not used
MAOB,0.5,12,6,ESCA;KICH;KIRC;KIRP;STAD;THCA,3,494,FALSE,1,FALSE,maximum complete profiles at fixed k; lexicographic tie-break; logFC not used
MAOB,0.5,12,6,BRCA;COAD;ESCA;LUAD;LUSC;THCA,2,495,FALSE,1,FALSE,maximum complete profiles at fixed k; lexicographic tie-break; logFC not used
MAOB,0.5,12,6,BRCA;COAD;ESCA;LUAD;PRAD;THCA,2,496,FALSE,1,FALSE,maximum complete profiles at fixed k; lexicographic tie-break; logFC not used
MAOB,0.5,12,6,BRCA;COAD;ESCA;LUSC;PRAD;THCA,2,497,FALSE,1,FALSE,maximum complete profiles at fixed k; lexicographic tie-break; logFC not used
MAOB,0.5,12,6,BRCA;COAD;ESCA;PRAD;STAD;THCA,2,498,FALSE,1,FALSE,maximum complete profiles at fixed k; lexicographic tie-break; logFC not used
MAOB,0.5,12,6,BRCA;COAD;LUAD;LUSC;PRAD;THCA,2,499,FALSE,1,FALSE,maximum complete profiles at fixed k; lexicographic tie-break; logFC not used
MAOB,0.5,12,6,BRCA;ESCA;KICH;KIRC;KIRP;THCA,2,500,FALSE,1,FALSE,maximum complete profiles at fixed k; lexicographic tie-break; logFC not used
MAOB,0.5,12,6,BRCA;ESCA;KICH;KIRC;STAD;THCA,2,501,FALSE,1,FALSE,maximum complete profiles at fixed k; lexicographic tie-break; logFC not used
MAOB,0.5,12,6,BRCA;ESCA;KICH;KIRP;STAD;THCA,2,502,FALSE,1,FALSE,maximum complete profiles at fixed k; lexicographic tie-break; logFC not used
MAOB,0.5,12,6,BRCA;ESCA;KIRC;KIRP;STAD;THCA,2,503,FALSE,1,FALSE,maximum complete profiles at fixed k; lexicographic tie-break; logFC not used
MAOB,0.5,12,6,BRCA;KICH;KIRC;KIRP;LIHC;THCA,2,504,FALSE,1,FALSE,maximum complete profiles at fixed k; lexicographic tie-break; logFC not used
MAOB,0.5,12,6,BRCA;KICH;KIRC;KIRP;LUAD;THCA,2,505,FALSE,1,FALSE,maximum complete profiles at fixed k; lexicographic tie-break; logFC not used
MAOB,0.5,12,6,BRCA;KICH;KIRC;KIRP;LUSC;THCA,2,506,FALSE,1,FALSE,maximum complete profiles at fixed k; lexicographic tie-break; logFC not used
MAOB,0.5,12,6,BRCA;KICH;KIRC;LIHC;STAD;THCA,2,507,FALSE,1,FALSE,maximum complete profiles at fixed k; lexicographic tie-break; logFC not used
MAOB,0.5,12,6,BRCA;KICH;KIRC;LUAD;LUSC;THCA,2,508,FALSE,1,FALSE,maximum complete profiles at fixed k; lexicographic tie-break; logFC not used
MAOB,0.5,12,6,BRCA;KICH;KIRC;LUAD;STAD;THCA,2,509,FALSE,1,FALSE,maximum complete profiles at fixed k; lexicographic tie-break; logFC not used
MAOB,0.5,12,6,BRCA;KICH;KIRC;LUSC;STAD;THCA,2,510,FALSE,1,FALSE,maximum complete profiles at fixed k; lexicographic tie-break; logFC not used
MAOB,0.5,12,6,BRCA;KICH;KIRP;LIHC;STAD;THCA,2,511,FALSE,1,FALSE,maximum complete profiles at fixed k; lexicographic tie-break; logFC not used
MAOB,0.5,12,6,BRCA;KICH;KIRP;LUAD;LUSC;THCA,2,512,FALSE,1,FALSE,maximum complete profiles at fixed k; lexicographic tie-break; logFC not used
MAOB,0.5,12,6,BRCA;KICH;KIRP;LUAD;STAD;THCA,2,513,FALSE,1,FALSE,maximum complete profiles at fixed k; lexicographic tie-break; logFC not used
MAOB,0.5,12,6,BRCA;KICH;KIRP;LUSC;STAD;THCA,2,514,FALSE,1,FALSE,maximum complete profiles at fixed k; lexicographic tie-break; logFC not used
MAOB,0.5,12,6,BRCA;KICH;LUAD;LUSC;STAD;THCA,2,515,FALSE,1,FALSE,maximum complete profiles at fixed k; lexicographic tie-break; logFC not used
MAOB,0.5,12,6,BRCA;KIRC;KIRP;LIHC;STAD;THCA,2,516,FALSE,1,FALSE,maximum complete profiles at fixed k; lexicographic tie-break; logFC not used
MAOB,0.5,12,6,BRCA;KIRC;KIRP;LUAD;LUSC;THCA,2,517,FALSE,1,FALSE,maximum complete profiles at fixed k; lexicographic tie-break; logFC not used
MAOB,0.5,12,6,BRCA;KIRC;KIRP;LUAD;STAD;THCA,2,518,FALSE,1,FALSE,maximum complete profiles at fixed k; lexicographic tie-break; logFC not used
MAOB,0.5,12,6,BRCA;KIRC;KIRP;LUSC;STAD;THCA,2,519,FALSE,1,FALSE,maximum complete profiles at fixed k; lexicographic tie-break; logFC not used
MAOB,0.5,12,6,BRCA;KIRC;LUAD;LUSC;STAD;THCA,2,520,FALSE,1,FALSE,maximum complete profiles at fixed k; lexicographic tie-break; logFC not used
MAOB,0.5,12,6,BRCA;KIRP;LUAD;LUSC;STAD;THCA,2,521,FALSE,1,FALSE,maximum complete profiles at fixed k; lexicographic tie-break; logFC not used
MAOB,0.5,12,6,COAD;ESCA;KICH;KIRC;KIRP;THCA,2,522,FALSE,1,FALSE,maximum complete profiles at fixed k; lexicographic tie-break; logFC not used
MAOB,0.5,12,6,COAD;ESCA;KICH;KIRC;LUAD;THCA,2,523,FALSE,1,FALSE,maximum complete profiles at fixed k; lexicographic tie-break; logFC not used
MAOB,0.5,12,6,COAD;ESCA;KICH;KIRC;LUSC;THCA,2,524,FALSE,1,FALSE,maximum complete profiles at fixed k; lexicographic tie-break; logFC not used
MAOB,0.5,12,6,COAD;ESCA;KICH;KIRC;PRAD;THCA,2,525,FALSE,1,FALSE,maximum complete profiles at fixed k; lexicographic tie-break; logFC not used
MAOB,0.5,12,6,COAD;ESCA;KICH;KIRC;STAD;THCA,2,526,FALSE,1,FALSE,maximum complete profiles at fixed k; lexicographic tie-break; logFC not used
MAOB,0.5,12,6,COAD;ESCA;KICH;KIRP;LUAD;THCA,2,527,FALSE,1,FALSE,maximum complete profiles at fixed k; lexicographic tie-break; logFC not used
MAOB,0.5,12,6,COAD;ESCA;KICH;KIRP;LUSC;THCA,2,528,FALSE,1,FALSE,maximum complete profiles at fixed k; lexicographic tie-break; logFC not used
MAOB,0.5,12,6,COAD;ESCA;KICH;KIRP;PRAD;THCA,2,529,FALSE,1,FALSE,maximum complete profiles at fixed k; lexicographic tie-break; logFC not used
MAOB,0.5,12,6,COAD;ESCA;KICH;KIRP;STAD;THCA,2,530,FALSE,1,FALSE,maximum complete profiles at fixed k; lexicographic tie-break; logFC not used
MAOB,0.5,12,6,COAD;ESCA;KICH;LUAD;LUSC;THCA,2,531,FALSE,1,FALSE,maximum complete profiles at fixed k; lexicographic tie-break; logFC not used
MAOB,0.5,12,6,COAD;ESCA;KICH;LUAD;PRAD;THCA,2,532,FALSE,1,FALSE,maximum complete profiles at fixed k; lexicographic tie-break; logFC not used
MAOB,0.5,12,6,COAD;ESCA;KICH;LUAD;STAD;THCA,2,533,FALSE,1,FALSE,maximum complete profiles at fixed k; lexicographic tie-break; logFC not used
MAOB,0.5,12,6,COAD;ESCA;KICH;LUSC;PRAD;THCA,2,534,FALSE,1,FALSE,maximum complete profiles at fixed k; lexicographic tie-break; logFC not used
MAOB,0.5,12,6,COAD;ESCA;KICH;LUSC;STAD;THCA,2,535,FALSE,1,FALSE,maximum complete profiles at fixed k; lexicographic tie-break; logFC not used
MAOB,0.5,12,6,COAD;ESCA;KICH;PRAD;STAD;THCA,2,536,FALSE,1,FALSE,maximum complete profiles at fixed k; lexicographic tie-break; logFC not used
MAOB,0.5,12,6,COAD;ESCA;KIRC;KIRP;LUAD;THCA,2,537,FALSE,1,FALSE,maximum complete profiles at fixed k; lexicographic tie-break; logFC not used
MAOB,0.5,12,6,COAD;ESCA;KIRC;KIRP;LUSC;THCA,2,538,FALSE,1,FALSE,maximum complete profiles at fixed k; lexicographic tie-break; logFC not used
MAOB,0.5,12,6,COAD;ESCA;KIRC;KIRP;PRAD;THCA,2,539,FALSE,1,FALSE,maximum complete profiles at fixed k; lexicographic tie-break; logFC not used
MAOB,0.5,12,6,COAD;ESCA;KIRC;KIRP;STAD;THCA,2,540,FALSE,1,FALSE,maximum complete profiles at fixed k; lexicographic tie-break; logFC not used
MAOB,0.5,12,6,COAD;ESCA;KIRC;LUAD;LUSC;THCA,2,541,FALSE,1,FALSE,maximum complete profiles at fixed k; lexicographic tie-break; logFC not used
MAOB,0.5,12,6,COAD;ESCA;KIRC;LUAD;PRAD;THCA,2,542,FALSE,1,FALSE,maximum complete profiles at fixed k; lexicographic tie-break; logFC not used
MAOB,0.5,12,6,COAD;ESCA;KIRC;LUAD;STAD;THCA,2,543,FALSE,1,FALSE,maximum complete profiles at fixed k; lexicographic tie-break; logFC not used
MAOB,0.5,12,6,COAD;ESCA;KIRC;LUSC;PRAD;THCA,2,544,FALSE,1,FALSE,maximum complete profiles at fixed k; lexicographic tie-break; logFC not used
MAOB,0.5,12,6,COAD;ESCA;KIRC;LUSC;STAD;THCA,2,545,FALSE,1,FALSE,maximum complete profiles at fixed k; lexicographic tie-break; logFC not used
MAOB,0.5,12,6,COAD;ESCA;KIRC;PRAD;STAD;THCA,2,546,FALSE,1,FALSE,maximum complete profiles at fixed k; lexicographic tie-break; logFC not used
MAOB,0.5,12,6,COAD;ESCA;KIRP;LUAD;LUSC;THCA,2,547,FALSE,1,FALSE,maximum complete profiles at fixed k; lexicographic tie-break; logFC not used
MAOB,0.5,12,6,COAD;ESCA;KIRP;LUAD;PRAD;THCA,2,548,FALSE,1,FALSE,maximum complete profiles at fixed k; lexicographic tie-break; logFC not used
MAOB,0.5,12,6,COAD;ESCA;KIRP;LUAD;STAD;THCA,2,549,FALSE,1,FALSE,maximum complete profiles at fixed k; lexicographic tie-break; logFC not used
MAOB,0.5,12,6,COAD;ESCA;KIRP;LUSC;PRAD;THCA,2,550,FALSE,1,FALSE,maximum complete profiles at fixed k; lexicographic tie-break; logFC not used
MAOB,0.5,12,6,COAD;ESCA;KIRP;LUSC;STAD;THCA,2,551,FALSE,1,FALSE,maximum complete profiles at fixed k; lexicographic tie-break; logFC not used
MAOB,0.5,12,6,COAD;ESCA;KIRP;PRAD;STAD;THCA,2,552,FALSE,1,FALSE,maximum complete profiles at fixed k; lexicographic tie-break; logFC not used
MAOB,0.5,12,6,COAD;ESCA;LUAD;PRAD;STAD;THCA,2,553,FALSE,1,FALSE,maximum complete profiles at fixed k; lexicographic tie-break; logFC not used
MAOB,0.5,12,6,COAD;ESCA;LUSC;PRAD;STAD;THCA,2,554,FALSE,1,FALSE,maximum complete profiles at fixed k; lexicographic tie-break; logFC not used
MAOB,0.5,12,6,COAD;KICH;KIRC;KIRP;PRAD;THCA,2,555,FALSE,1,FALSE,maximum complete profiles at fixed k; lexicographic tie-break; logFC not used
MAOB,0.5,12,6,COAD;KICH;KIRC;LUAD;PRAD;THCA,2,556,FALSE,1,FALSE,maximum complete profiles at fixed k; lexicographic tie-break; logFC not used
MAOB,0.5,12,6,COAD;KICH;KIRC;LUSC;PRAD;THCA,2,557,FALSE,1,FALSE,maximum complete profiles at fixed k; lexicographic tie-break; logFC not used
MAOB,0.5,12,6,COAD;KICH;KIRC;PRAD;STAD;THCA,2,558,FALSE,1,FALSE,maximum complete profiles at fixed k; lexicographic tie-break; logFC not used
MAOB,0.5,12,6,COAD;KICH;KIRP;LUAD;PRAD;THCA,2,559,FALSE,1,FALSE,maximum complete profiles at fixed k; lexicographic tie-break; logFC not used
MAOB,0.5,12,6,COAD;KICH;KIRP;LUSC;PRAD;THCA,2,560,FALSE,1,FALSE,maximum complete profiles at fixed k; lexicographic tie-break; logFC not used
MAOB,0.5,12,6,COAD;KICH;KIRP;PRAD;STAD;THCA,2,561,FALSE,1,FALSE,maximum complete profiles at fixed k; lexicographic tie-break; logFC not used
MAOB,0.5,12,6,COAD;KICH;LUAD;LUSC;PRAD;THCA,2,562,FALSE,1,FALSE,maximum complete profiles at fixed k; lexicographic tie-break; logFC not used
MAOB,0.5,12,6,COAD;KICH;LUAD;PRAD;STAD;THCA,2,563,FALSE,1,FALSE,maximum complete profiles at fixed k; lexicographic tie-break; logFC not used
MAOB,0.5,12,6,COAD;KICH;LUSC;PRAD;STAD;THCA,2,564,FALSE,1,FALSE,maximum complete profiles at fixed k; lexicographic tie-break; logFC not used
MAOB,0.5,12,6,COAD;KIRC;KIRP;LUAD;PRAD;THCA,2,565,FALSE,1,FALSE,maximum complete profiles at fixed k; lexicographic tie-break; logFC not used
MAOB,0.5,12,6,COAD;KIRC;KIRP;LUSC;PRAD;THCA,2,566,FALSE,1,FALSE,maximum complete profiles at fixed k; lexicographic tie-break; logFC not used
MAOB,0.5,12,6,COAD;KIRC;KIRP;PRAD;STAD;THCA,2,567,FALSE,1,FALSE,maximum complete profiles at fixed k; lexicographic tie-break; logFC not used
MAOB,0.5,12,6,COAD;KIRC;LUAD;LUSC;PRAD;THCA,2,568,FALSE,1,FALSE,maximum complete profiles at fixed k; lexicographic tie-break; logFC not used
MAOB,0.5,12,6,COAD;KIRC;LUAD;PRAD;STAD;THCA,2,569,FALSE,1,FALSE,maximum complete profiles at fixed k; lexicographic tie-break; logFC not used
MAOB,0.5,12,6,COAD;KIRC;LUSC;PRAD;STAD;THCA,2,570,FALSE,1,FALSE,maximum complete profiles at fixed k; lexicographic tie-break; logFC not used
MAOB,0.5,12,6,COAD;KIRP;LUAD;LUSC;PRAD;THCA,2,571,FALSE,1,FALSE,maximum complete profiles at fixed k; lexicographic tie-break; logFC not used
MAOB,0.5,12,6,COAD;KIRP;LUAD;PRAD;STAD;THCA,2,572,FALSE,1,FALSE,maximum complete profiles at fixed k; lexicographic tie-break; logFC not used
MAOB,0.5,12,6,COAD;KIRP;LUSC;PRAD;STAD;THCA,2,573,FALSE,1,FALSE,maximum complete profiles at fixed k; lexicographic tie-break; logFC not used
MAOB,0.5,12,6,COAD;LUAD;LUSC;PRAD;STAD;THCA,2,574,FALSE,1,FALSE,maximum complete profiles at fixed k; lexicographic tie-break; logFC not used
MAOB,0.5,12,6,ESCA;KICH;KIRC;KIRP;LUAD;THCA,2,575,FALSE,1,FALSE,maximum complete profiles at fixed k; lexicographic tie-break; logFC not used
MAOB,0.5,12,6,ESCA;KICH;KIRC;KIRP;LUSC;THCA,2,576,FALSE,1,FALSE,maximum complete profiles at fixed k; lexicographic tie-break; logFC not used
MAOB,0.5,12,6,ESCA;KICH;KIRC;KIRP;PRAD;THCA,2,577,FALSE,1,FALSE,maximum complete profiles at fixed k; lexicographic tie-break; logFC not used
MAOB,0.5,12,6,ESCA;KICH;KIRC;LIHC;STAD;THCA,2,578,FALSE,1,FALSE,maximum complete profiles at fixed k; lexicographic tie-break; logFC not used
MAOB,0.5,12,6,ESCA;KICH;KIRC;LUAD;LUSC;THCA,2,579,FALSE,1,FALSE,maximum complete profiles at fixed k; lexicographic tie-break; logFC not used
MAOB,0.5,12,6,ESCA;KICH;KIRC;LUAD;PRAD;THCA,2,580,FALSE,1,FALSE,maximum complete profiles at fixed k; lexicographic tie-break; logFC not used
MAOB,0.5,12,6,ESCA;KICH;KIRC;LUAD;STAD;THCA,2,581,FALSE,1,FALSE,maximum complete profiles at fixed k; lexicographic tie-break; logFC not used
MAOB,0.5,12,6,ESCA;KICH;KIRC;LUSC;PRAD;THCA,2,582,FALSE,1,FALSE,maximum complete profiles at fixed k; lexicographic tie-break; logFC not used
MAOB,0.5,12,6,ESCA;KICH;KIRC;LUSC;STAD;THCA,2,583,FALSE,1,FALSE,maximum complete profiles at fixed k; lexicographic tie-break; logFC not used
MAOB,0.5,12,6,ESCA;KICH;KIRC;PRAD;STAD;THCA,2,584,FALSE,1,FALSE,maximum complete profiles at fixed k; lexicographic tie-break; logFC not used
MAOB,0.5,12,6,ESCA;KICH;KIRP;LUAD;LUSC;THCA,2,585,FALSE,1,FALSE,maximum complete profiles at fixed k; lexicographic tie-break; logFC not used
MAOB,0.5,12,6,ESCA;KICH;KIRP;LUAD;PRAD;THCA,2,586,FALSE,1,FALSE,maximum complete profiles at fixed k; lexicographic tie-break; logFC not used
MAOB,0.5,12,6,ESCA;KICH;KIRP;LUAD;STAD;THCA,2,587,FALSE,1,FALSE,maximum complete profiles at fixed k; lexicographic tie-break; logFC not used
MAOB,0.5,12,6,ESCA;KICH;KIRP;LUSC;PRAD;THCA,2,588,FALSE,1,FALSE,maximum complete profiles at fixed k; lexicographic tie-break; logFC not used
MAOB,0.5,12,6,ESCA;KICH;KIRP;LUSC;STAD;THCA,2,589,FALSE,1,FALSE,maximum complete profiles at fixed k; lexicographic tie-break; logFC not used
MAOB,0.5,12,6,ESCA;KICH;KIRP;PRAD;STAD;THCA,2,590,FALSE,1,FALSE,maximum complete profiles at fixed k; lexicographic tie-break; logFC not used
MAOB,0.5,12,6,ESCA;KICH;LUAD;LUSC;PRAD;THCA,2,591,FALSE,1,FALSE,maximum complete profiles at fixed k; lexicographic tie-break; logFC not used
MAOB,0.5,12,6,ESCA;KICH;LUAD;LUSC;STAD;THCA,2,592,FALSE,1,FALSE,maximum complete profiles at fixed k; lexicographic tie-break; logFC not used
MAOB,0.5,12,6,ESCA;KICH;LUAD;PRAD;STAD;THCA,2,593,FALSE,1,FALSE,maximum complete profiles at fixed k; lexicographic tie-break; logFC not used
MAOB,0.5,12,6,ESCA;KICH;LUSC;PRAD;STAD;THCA,2,594,FALSE,1,FALSE,maximum complete profiles at fixed k; lexicographic tie-break; logFC not used
MAOB,0.5,12,6,ESCA;KIRC;KIRP;LUAD;LUSC;THCA,2,595,FALSE,1,FALSE,maximum complete profiles at fixed k; lexicographic tie-break; logFC not used
MAOB,0.5,12,6,ESCA;KIRC;KIRP;LUAD;PRAD;THCA,2,596,FALSE,1,FALSE,maximum complete profiles at fixed k; lexicographic tie-break; logFC not used
MAOB,0.5,12,6,ESCA;KIRC;KIRP;LUAD;STAD;THCA,2,597,FALSE,1,FALSE,maximum complete profiles at fixed k; lexicographic tie-break; logFC not used
MAOB,0.5,12,6,ESCA;KIRC;KIRP;LUSC;PRAD;THCA,2,598,FALSE,1,FALSE,maximum complete profiles at fixed k; lexicographic tie-break; logFC not used
MAOB,0.5,12,6,ESCA;KIRC;KIRP;LUSC;STAD;THCA,2,599,FALSE,1,FALSE,maximum complete profiles at fixed k; lexicographic tie-break; logFC not used
MAOB,0.5,12,6,ESCA;KIRC;KIRP;PRAD;STAD;THCA,2,600,FALSE,1,FALSE,maximum complete profiles at fixed k; lexicographic tie-break; logFC not used
MAOB,0.5,12,6,ESCA;KIRC;LUAD;LUSC;PRAD;THCA,2,601,FALSE,1,FALSE,maximum complete profiles at fixed k; lexicographic tie-break; logFC not used
MAOB,0.5,12,6,ESCA;KIRC;LUAD;LUSC;STAD;THCA,2,602,FALSE,1,FALSE,maximum complete profiles at fixed k; lexicographic tie-break; logFC not used
MAOB,0.5,12,6,ESCA;KIRC;LUAD;PRAD;STAD;THCA,2,603,FALSE,1,FALSE,maximum complete profiles at fixed k; lexicographic tie-break; logFC not used
MAOB,0.5,12,6,ESCA;KIRC;LUSC;PRAD;STAD;THCA,2,604,FALSE,1,FALSE,maximum complete profiles at fixed k; lexicographic tie-break; logFC not used
MAOB,0.5,12,6,ESCA;KIRP;LUAD;LUSC;PRAD;THCA,2,605,FALSE,1,FALSE,maximum complete profiles at fixed k; lexicographic tie-break; logFC not used
MAOB,0.5,12,6,ESCA;KIRP;LUAD;LUSC;STAD;THCA,2,606,FALSE,1,FALSE,maximum complete profiles at fixed k; lexicographic tie-break; logFC not used
MAOB,0.5,12,6,ESCA;KIRP;LUAD;PRAD;STAD;THCA,2,607,FALSE,1,FALSE,maximum complete profiles at fixed k; lexicographic tie-break; logFC not used
MAOB,0.5,12,6,ESCA;KIRP;LUSC;PRAD;STAD;THCA,2,608,FALSE,1,FALSE,maximum complete profiles at fixed k; lexicographic tie-break; logFC not used
MAOB,0.5,12,6,KICH;KIRC;KIRP;LIHC;STAD;THCA,2,609,FALSE,1,FALSE,maximum complete profiles at fixed k; lexicographic tie-break; logFC not used
MAOB,0.5,12,6,KICH;KIRC;KIRP;LUAD;PRAD;THCA,2,610,FALSE,1,FALSE,maximum complete profiles at fixed k; lexicographic tie-break; logFC not used
MAOB,0.5,12,6,KICH;KIRC;KIRP;LUSC;PRAD;THCA,2,611,FALSE,1,FALSE,maximum complete profiles at fixed k; lexicographic tie-break; logFC not used
MAOB,0.5,12,6,KICH;KIRC;KIRP;PRAD;STAD;THCA,2,612,FALSE,1,FALSE,maximum complete profiles at fixed k; lexicographic tie-break; logFC not used
MAOB,0.5,12,6,KICH;KIRC;LUAD;LUSC;PRAD;THCA,2,613,FALSE,1,FALSE,maximum complete profiles at fixed k; lexicographic tie-break; logFC not used
MAOB,0.5,12,6,KICH;KIRC;LUAD;PRAD;STAD;THCA,2,614,FALSE,1,FALSE,maximum complete profiles at fixed k; lexicographic tie-break; logFC not used
MAOB,0.5,12,6,KICH;KIRC;LUSC;PRAD;STAD;THCA,2,615,FALSE,1,FALSE,maximum complete profiles at fixed k; lexicographic tie-break; logFC not used
MAOB,0.5,12,6,KICH;KIRP;LUAD;LUSC;PRAD;THCA,2,616,FALSE,1,FALSE,maximum complete profiles at fixed k; lexicographic tie-break; logFC not used
MAOB,0.5,12,6,KICH;KIRP;LUAD;PRAD;STAD;THCA,2,617,FALSE,1,FALSE,maximum complete profiles at fixed k; lexicographic tie-break; logFC not used
MAOB,0.5,12,6,KICH;KIRP;LUSC;PRAD;STAD;THCA,2,618,FALSE,1,FALSE,maximum complete profiles at fixed k; lexicographic tie-break; logFC not used
MAOB,0.5,12,6,KICH;LUAD;LUSC;PRAD;STAD;THCA,2,619,FALSE,1,FALSE,maximum complete profiles at fixed k; lexicographic tie-break; logFC not used
MAOB,0.5,12,6,KIRC;KIRP;LUAD;LUSC;PRAD;THCA,2,620,FALSE,1,FALSE,maximum complete profiles at fixed k; lexicographic tie-break; logFC not used
MAOB,0.5,12,6,KIRC;KIRP;LUAD;PRAD;STAD;THCA,2,621,FALSE,1,FALSE,maximum complete profiles at fixed k; lexicographic tie-break; logFC not used
MAOB,0.5,12,6,KIRC;KIRP;LUSC;PRAD;STAD;THCA,2,622,FALSE,1,FALSE,maximum complete profiles at fixed k; lexicographic tie-break; logFC not used
MAOB,0.5,12,6,KIRC;LUAD;LUSC;PRAD;STAD;THCA,2,623,FALSE,1,FALSE,maximum complete profiles at fixed k; lexicographic tie-break; logFC not used
MAOB,0.5,12,6,KIRP;LUAD;LUSC;PRAD;STAD;THCA,2,624,FALSE,1,FALSE,maximum complete profiles at fixed k; lexicographic tie-break; logFC not used
MAOB,0.5,12,6,BRCA;COAD;ESCA;KICH;KIRC;THCA,1,625,FALSE,1,FALSE,maximum complete profiles at fixed k; lexicographic tie-break; logFC not used
MAOB,0.5,12,6,BRCA;COAD;ESCA;KICH;KIRP;THCA,1,626,FALSE,1,FALSE,maximum complete profiles at fixed k; lexicographic tie-break; logFC not used
MAOB,0.5,12,6,BRCA;COAD;ESCA;KICH;LUAD;THCA,1,627,FALSE,1,FALSE,maximum complete profiles at fixed k; lexicographic tie-break; logFC not used
MAOB,0.5,12,6,BRCA;COAD;ESCA;KICH;LUSC;THCA,1,628,FALSE,1,FALSE,maximum complete profiles at fixed k; lexicographic tie-break; logFC not used
MAOB,0.5,12,6,BRCA;COAD;ESCA;KICH;PRAD;THCA,1,629,FALSE,1,FALSE,maximum complete profiles at fixed k; lexicographic tie-break; logFC not used
MAOB,0.5,12,6,BRCA;COAD;ESCA;KICH;STAD;THCA,1,630,FALSE,1,FALSE,maximum complete profiles at fixed k; lexicographic tie-break; logFC not used
MAOB,0.5,12,6,BRCA;COAD;ESCA;KIRC;KIRP;THCA,1,631,FALSE,1,FALSE,maximum complete profiles at fixed k; lexicographic tie-break; logFC not used
MAOB,0.5,12,6,BRCA;COAD;ESCA;KIRC;LUAD;THCA,1,632,FALSE,1,FALSE,maximum complete profiles at fixed k; lexicographic tie-break; logFC not used
MAOB,0.5,12,6,BRCA;COAD;ESCA;KIRC;LUSC;THCA,1,633,FALSE,1,FALSE,maximum complete profiles at fixed k; lexicographic tie-break; logFC not used
MAOB,0.5,12,6,BRCA;COAD;ESCA;KIRC;PRAD;THCA,1,634,FALSE,1,FALSE,maximum complete profiles at fixed k; lexicographic tie-break; logFC not used
MAOB,0.5,12,6,BRCA;COAD;ESCA;KIRC;STAD;THCA,1,635,FALSE,1,FALSE,maximum complete profiles at fixed k; lexicographic tie-break; logFC not used
MAOB,0.5,12,6,BRCA;COAD;ESCA;KIRP;LUAD;THCA,1,636,FALSE,1,FALSE,maximum complete profiles at fixed k; lexicographic tie-break; logFC not used
MAOB,0.5,12,6,BRCA;COAD;ESCA;KIRP;LUSC;THCA,1,637,FALSE,1,FALSE,maximum complete profiles at fixed k; lexicographic tie-break; logFC not used
MAOB,0.5,12,6,BRCA;COAD;ESCA;KIRP;PRAD;THCA,1,638,FALSE,1,FALSE,maximum complete profiles at fixed k; lexicographic tie-break; logFC not used
MAOB,0.5,12,6,BRCA;COAD;ESCA;KIRP;STAD;THCA,1,639,FALSE,1,FALSE,maximum complete profiles at fixed k; lexicographic tie-break; logFC not used
MAOB,0.5,12,6,BRCA;COAD;ESCA;LUAD;STAD;THCA,1,640,FALSE,1,FALSE,maximum complete profiles at fixed k; lexicographic tie-break; logFC not used
MAOB,0.5,12,6,BRCA;COAD;ESCA;LUSC;STAD;THCA,1,641,FALSE,1,FALSE,maximum complete profiles at fixed k; lexicographic tie-break; logFC not used
MAOB,0.5,12,6,BRCA;COAD;KICH;KIRC;KIRP;THCA,1,642,FALSE,1,FALSE,maximum complete profiles at fixed k; lexicographic tie-break; logFC not used
MAOB,0.5,12,6,BRCA;COAD;KICH;KIRC;LUAD;THCA,1,643,FALSE,1,FALSE,maximum complete profiles at fixed k; lexicographic tie-break; logFC not used
MAOB,0.5,12,6,BRCA;COAD;KICH;KIRC;LUSC;THCA,1,644,FALSE,1,FALSE,maximum complete profiles at fixed k; lexicographic tie-break; logFC not used
MAOB,0.5,12,6,BRCA;COAD;KICH;KIRC;PRAD;THCA,1,645,FALSE,1,FALSE,maximum complete profiles at fixed k; lexicographic tie-break; logFC not used
MAOB,0.5,12,6,BRCA;COAD;KICH;KIRC;STAD;THCA,1,646,FALSE,1,FALSE,maximum complete profiles at fixed k; lexicographic tie-break; logFC not used
MAOB,0.5,12,6,BRCA;COAD;KICH;KIRP;LUAD;THCA,1,647,FALSE,1,FALSE,maximum complete profiles at fixed k; lexicographic tie-break; logFC not used
MAOB,0.5,12,6,BRCA;COAD;KICH;KIRP;LUSC;THCA,1,648,FALSE,1,FALSE,maximum complete profiles at fixed k; lexicographic tie-break; logFC not used
MAOB,0.5,12,6,BRCA;COAD;KICH;KIRP;PRAD;THCA,1,649,FALSE,1,FALSE,maximum complete profiles at fixed k; lexicographic tie-break; logFC not used
MAOB,0.5,12,6,BRCA;COAD;KICH;KIRP;STAD;THCA,1,650,FALSE,1,FALSE,maximum complete profiles at fixed k; lexicographic tie-break; logFC not used
MAOB,0.5,12,6,BRCA;COAD;KICH;LUAD;LUSC;THCA,1,651,FALSE,1,FALSE,maximum complete profiles at fixed k; lexicographic tie-break; logFC not used
MAOB,0.5,12,6,BRCA;COAD;KICH;LUAD;PRAD;THCA,1,652,FALSE,1,FALSE,maximum complete profiles at fixed k; lexicographic tie-break; logFC not used
MAOB,0.5,12,6,BRCA;COAD;KICH;LUAD;STAD;THCA,1,653,FALSE,1,FALSE,maximum complete profiles at fixed k; lexicographic tie-break; logFC not used
MAOB,0.5,12,6,BRCA;COAD;KICH;LUSC;PRAD;THCA,1,654,FALSE,1,FALSE,maximum complete profiles at fixed k; lexicographic tie-break; logFC not used
MAOB,0.5,12,6,BRCA;COAD;KICH;LUSC;STAD;THCA,1,655,FALSE,1,FALSE,maximum complete profiles at fixed k; lexicographic tie-break; logFC not used
MAOB,0.5,12,6,BRCA;COAD;KICH;PRAD;STAD;THCA,1,656,FALSE,1,FALSE,maximum complete profiles at fixed k; lexicographic tie-break; logFC not used
MAOB,0.5,12,6,BRCA;COAD;KIRC;KIRP;LUAD;THCA,1,657,FALSE,1,FALSE,maximum complete profiles at fixed k; lexicographic tie-break; logFC not used
MAOB,0.5,12,6,BRCA;COAD;KIRC;KIRP;LUSC;THCA,1,658,FALSE,1,FALSE,maximum complete profiles at fixed k; lexicographic tie-break; logFC not used
MAOB,0.5,12,6,BRCA;COAD;KIRC;KIRP;PRAD;THCA,1,659,FALSE,1,FALSE,maximum complete profiles at fixed k; lexicographic tie-break; logFC not used
MAOB,0.5,12,6,BRCA;COAD;KIRC;KIRP;STAD;THCA,1,660,FALSE,1,FALSE,maximum complete profiles at fixed k; lexicographic tie-break; logFC not used
MAOB,0.5,12,6,BRCA;COAD;KIRC;LUAD;LUSC;THCA,1,661,FALSE,1,FALSE,maximum complete profiles at fixed k; lexicographic tie-break; logFC not used
MAOB,0.5,12,6,BRCA;COAD;KIRC;LUAD;PRAD;THCA,1,662,FALSE,1,FALSE,maximum complete profiles at fixed k; lexicographic tie-break; logFC not used
MAOB,0.5,12,6,BRCA;COAD;KIRC;LUAD;STAD;THCA,1,663,FALSE,1,FALSE,maximum complete profiles at fixed k; lexicographic tie-break; logFC not used
MAOB,0.5,12,6,BRCA;COAD;KIRC;LUSC;PRAD;THCA,1,664,FALSE,1,FALSE,maximum complete profiles at fixed k; lexicographic tie-break; logFC not used
MAOB,0.5,12,6,BRCA;COAD;KIRC;LUSC;STAD;THCA,1,665,FALSE,1,FALSE,maximum complete profiles at fixed k; lexicographic tie-break; logFC not used
MAOB,0.5,12,6,BRCA;COAD;KIRC;PRAD;STAD;THCA,1,666,FALSE,1,FALSE,maximum complete profiles at fixed k; lexicographic tie-break; logFC not used
MAOB,0.5,12,6,BRCA;COAD;KIRP;LUAD;LUSC;THCA,1,667,FALSE,1,FALSE,maximum complete profiles at fixed k; lexicographic tie-break; logFC not used
MAOB,0.5,12,6,BRCA;COAD;KIRP;LUAD;PRAD;THCA,1,668,FALSE,1,FALSE,maximum complete profiles at fixed k; lexicographic tie-break; logFC not used
MAOB,0.5,12,6,BRCA;COAD;KIRP;LUAD;STAD;THCA,1,669,FALSE,1,FALSE,maximum complete profiles at fixed k; lexicographic tie-break; logFC not used
MAOB,0.5,12,6,BRCA;COAD;KIRP;LUSC;PRAD;THCA,1,670,FALSE,1,FALSE,maximum complete profiles at fixed k; lexicographic tie-break; logFC not used
MAOB,0.5,12,6,BRCA;COAD;KIRP;LUSC;STAD;THCA,1,671,FALSE,1,FALSE,maximum complete profiles at fixed k; lexicographic tie-break; logFC not used
MAOB,0.5,12,6,BRCA;COAD;KIRP;PRAD;STAD;THCA,1,672,FALSE,1,FALSE,maximum complete profiles at fixed k; lexicographic tie-break; logFC not used
MAOB,0.5,12,6,BRCA;COAD;LUAD;LUSC;STAD;THCA,1,673,FALSE,1,FALSE,maximum complete profiles at fixed k; lexicographic tie-break; logFC not used
MAOB,0.5,12,6,BRCA;COAD;LUAD;PRAD;STAD;THCA,1,674,FALSE,1,FALSE,maximum complete profiles at fixed k; lexicographic tie-break; logFC not used
MAOB,0.5,12,6,BRCA;COAD;LUSC;PRAD;STAD;THCA,1,675,FALSE,1,FALSE,maximum complete profiles at fixed k; lexicographic tie-break; logFC not used
MAOB,0.5,12,6,BRCA;ESCA;KICH;KIRC;LIHC;THCA,1,676,FALSE,1,FALSE,maximum complete profiles at fixed k; lexicographic tie-break; logFC not used
MAOB,0.5,12,6,BRCA;ESCA;KICH;KIRC;LUAD;THCA,1,677,FALSE,1,FALSE,maximum complete profiles at fixed k; lexicographic tie-break; logFC not used
MAOB,0.5,12,6,BRCA;ESCA;KICH;KIRC;LUSC;THCA,1,678,FALSE,1,FALSE,maximum complete profiles at fixed k; lexicographic tie-break; logFC not used
MAOB,0.5,12,6,BRCA;ESCA;KICH;KIRC;PRAD;THCA,1,679,FALSE,1,FALSE,maximum complete profiles at fixed k; lexicographic tie-break; logFC not used
MAOB,0.5,12,6,BRCA;ESCA;KICH;KIRP;LIHC;THCA,1,680,FALSE,1,FALSE,maximum complete profiles at fixed k; lexicographic tie-break; logFC not used
MAOB,0.5,12,6,BRCA;ESCA;KICH;KIRP;LUAD;THCA,1,681,FALSE,1,FALSE,maximum complete profiles at fixed k; lexicographic tie-break; logFC not used
MAOB,0.5,12,6,BRCA;ESCA;KICH;KIRP;LUSC;THCA,1,682,FALSE,1,FALSE,maximum complete profiles at fixed k; lexicographic tie-break; logFC not used
MAOB,0.5,12,6,BRCA;ESCA;KICH;KIRP;PRAD;THCA,1,683,FALSE,1,FALSE,maximum complete profiles at fixed k; lexicographic tie-break; logFC not used
MAOB,0.5,12,6,BRCA;ESCA;KICH;LIHC;STAD;THCA,1,684,FALSE,1,FALSE,maximum complete profiles at fixed k; lexicographic tie-break; logFC not used
MAOB,0.5,12,6,BRCA;ESCA;KICH;LUAD;LUSC;THCA,1,685,FALSE,1,FALSE,maximum complete profiles at fixed k; lexicographic tie-break; logFC not used
MAOB,0.5,12,6,BRCA;ESCA;KICH;LUAD;PRAD;THCA,1,686,FALSE,1,FALSE,maximum complete profiles at fixed k; lexicographic tie-break; logFC not used
MAOB,0.5,12,6,BRCA;ESCA;KICH;LUAD;STAD;THCA,1,687,FALSE,1,FALSE,maximum complete profiles at fixed k; lexicographic tie-break; logFC not used
MAOB,0.5,12,6,BRCA;ESCA;KICH;LUSC;PRAD;THCA,1,688,FALSE,1,FALSE,maximum complete profiles at fixed k; lexicographic tie-break; logFC not used
MAOB,0.5,12,6,BRCA;ESCA;KICH;LUSC;STAD;THCA,1,689,FALSE,1,FALSE,maximum complete profiles at fixed k; lexicographic tie-break; logFC not used
MAOB,0.5,12,6,BRCA;ESCA;KICH;PRAD;STAD;THCA,1,690,FALSE,1,FALSE,maximum complete profiles at fixed k; lexicographic tie-break; logFC not used
MAOB,0.5,12,6,BRCA;ESCA;KIRC;KIRP;LIHC;THCA,1,691,FALSE,1,FALSE,maximum complete profiles at fixed k; lexicographic tie-break; logFC not used
MAOB,0.5,12,6,BRCA;ESCA;KIRC;KIRP;LUAD;THCA,1,692,FALSE,1,FALSE,maximum complete profiles at fixed k; lexicographic tie-break; logFC not used
MAOB,0.5,12,6,BRCA;ESCA;KIRC;KIRP;LUSC;THCA,1,693,FALSE,1,FALSE,maximum complete profiles at fixed k; lexicographic tie-break; logFC not used
MAOB,0.5,12,6,BRCA;ESCA;KIRC;KIRP;PRAD;THCA,1,694,FALSE,1,FALSE,maximum complete profiles at fixed k; lexicographic tie-break; logFC not used
MAOB,0.5,12,6,BRCA;ESCA;KIRC;LIHC;STAD;THCA,1,695,FALSE,1,FALSE,maximum complete profiles at fixed k; lexicographic tie-break; logFC not used
MAOB,0.5,12,6,BRCA;ESCA;KIRC;LUAD;LUSC;THCA,1,696,FALSE,1,FALSE,maximum complete profiles at fixed k; lexicographic tie-break; logFC not used
MAOB,0.5,12,6,BRCA;ESCA;KIRC;LUAD;PRAD;THCA,1,697,FALSE,1,FALSE,maximum complete profiles at fixed k; lexicographic tie-break; logFC not used
MAOB,0.5,12,6,BRCA;ESCA;KIRC;LUAD;STAD;THCA,1,698,FALSE,1,FALSE,maximum complete profiles at fixed k; lexicographic tie-break; logFC not used
MAOB,0.5,12,6,BRCA;ESCA;KIRC;LUSC;PRAD;THCA,1,699,FALSE,1,FALSE,maximum complete profiles at fixed k; lexicographic tie-break; logFC not used
MAOB,0.5,12,6,BRCA;ESCA;KIRC;LUSC;STAD;THCA,1,700,FALSE,1,FALSE,maximum complete profiles at fixed k; lexicographic tie-break; logFC not used
MAOB,0.5,12,6,BRCA;ESCA;KIRC;PRAD;STAD;THCA,1,701,FALSE,1,FALSE,maximum complete profiles at fixed k; lexicographic tie-break; logFC not used
MAOB,0.5,12,6,BRCA;ESCA;KIRP;LIHC;STAD;THCA,1,702,FALSE,1,FALSE,maximum complete profiles at fixed k; lexicographic tie-break; logFC not used
MAOB,0.5,12,6,BRCA;ESCA;KIRP;LUAD;LUSC;THCA,1,703,FALSE,1,FALSE,maximum complete profiles at fixed k; lexicographic tie-break; logFC not used
MAOB,0.5,12,6,BRCA;ESCA;KIRP;LUAD;PRAD;THCA,1,704,FALSE,1,FALSE,maximum complete profiles at fixed k; lexicographic tie-break; logFC not used
MAOB,0.5,12,6,BRCA;ESCA;KIRP;LUAD;STAD;THCA,1,705,FALSE,1,FALSE,maximum complete profiles at fixed k; lexicographic tie-break; logFC not used
MAOB,0.5,12,6,BRCA;ESCA;KIRP;LUSC;PRAD;THCA,1,706,FALSE,1,FALSE,maximum complete profiles at fixed k; lexicographic tie-break; logFC not used
MAOB,0.5,12,6,BRCA;ESCA;KIRP;LUSC;STAD;THCA,1,707,FALSE,1,FALSE,maximum complete profiles at fixed k; lexicographic tie-break; logFC not used
MAOB,0.5,12,6,BRCA;ESCA;KIRP;PRAD;STAD;THCA,1,708,FALSE,1,FALSE,maximum complete profiles at fixed k; lexicographic tie-break; logFC not used
MAOB,0.5,12,6,BRCA;KICH;KIRC;KIRP;PRAD;THCA,1,709,FALSE,1,FALSE,maximum complete profiles at fixed k; lexicographic tie-break; logFC not used
MAOB,0.5,12,6,BRCA;KICH;KIRC;LIHC;LUAD;THCA,1,710,FALSE,1,FALSE,maximum complete profiles at fixed k; lexicographic tie-break; logFC not used
MAOB,0.5,12,6,BRCA;KICH;KIRC;LIHC;LUSC;THCA,1,711,FALSE,1,FALSE,maximum complete profiles at fixed k; lexicographic tie-break; logFC not used
MAOB,0.5,12,6,BRCA;KICH;KIRC;LUAD;PRAD;THCA,1,712,FALSE,1,FALSE,maximum complete profiles at fixed k; lexicographic tie-break; logFC not used
MAOB,0.5,12,6,BRCA;KICH;KIRC;LUSC;PRAD;THCA,1,713,FALSE,1,FALSE,maximum complete profiles at fixed k; lexicographic tie-break; logFC not used
MAOB,0.5,12,6,BRCA;KICH;KIRC;PRAD;STAD;THCA,1,714,FALSE,1,FALSE,maximum complete profiles at fixed k; lexicographic tie-break; logFC not used
MAOB,0.5,12,6,BRCA;KICH;KIRP;LIHC;LUAD;THCA,1,715,FALSE,1,FALSE,maximum complete profiles at fixed k; lexicographic tie-break; logFC not used
MAOB,0.5,12,6,BRCA;KICH;KIRP;LIHC;LUSC;THCA,1,716,FALSE,1,FALSE,maximum complete profiles at fixed k; lexicographic tie-break; logFC not used
MAOB,0.5,12,6,BRCA;KICH;KIRP;LUAD;PRAD;THCA,1,717,FALSE,1,FALSE,maximum complete profiles at fixed k; lexicographic tie-break; logFC not used
MAOB,0.5,12,6,BRCA;KICH;KIRP;LUSC;PRAD;THCA,1,718,FALSE,1,FALSE,maximum complete profiles at fixed k; lexicographic tie-break; logFC not used
MAOB,0.5,12,6,BRCA;KICH;KIRP;PRAD;STAD;THCA,1,719,FALSE,1,FALSE,maximum complete profiles at fixed k; lexicographic tie-break; logFC not used
MAOB,0.5,12,6,BRCA;KICH;LIHC;LUAD;LUSC;THCA,1,720,FALSE,1,FALSE,maximum complete profiles at fixed k; lexicographic tie-break; logFC not used
MAOB,0.5,12,6,BRCA;KICH;LIHC;LUAD;STAD;THCA,1,721,FALSE,1,FALSE,maximum complete profiles at fixed k; lexicographic tie-break; logFC not used
MAOB,0.5,12,6,BRCA;KICH;LIHC;LUSC;STAD;THCA,1,722,FALSE,1,FALSE,maximum complete profiles at fixed k; lexicographic tie-break; logFC not used
MAOB,0.5,12,6,BRCA;KICH;LUAD;LUSC;PRAD;THCA,1,723,FALSE,1,FALSE,maximum complete profiles at fixed k; lexicographic tie-break; logFC not used
MAOB,0.5,12,6,BRCA;KICH;LUAD;PRAD;STAD;THCA,1,724,FALSE,1,FALSE,maximum complete profiles at fixed k; lexicographic tie-break; logFC not used
MAOB,0.5,12,6,BRCA;KICH;LUSC;PRAD;STAD;THCA,1,725,FALSE,1,FALSE,maximum complete profiles at fixed k; lexicographic tie-break; logFC not used
MAOB,0.5,12,6,BRCA;KIRC;KIRP;LIHC;LUAD;THCA,1,726,FALSE,1,FALSE,maximum complete profiles at fixed k; lexicographic tie-break; logFC not used
MAOB,0.5,12,6,BRCA;KIRC;KIRP;LIHC;LUSC;THCA,1,727,FALSE,1,FALSE,maximum complete profiles at fixed k; lexicographic tie-break; logFC not used
MAOB,0.5,12,6,BRCA;KIRC;KIRP;LUAD;PRAD;THCA,1,728,FALSE,1,FALSE,maximum complete profiles at fixed k; lexicographic tie-break; logFC not used
MAOB,0.5,12,6,BRCA;KIRC;KIRP;LUSC;PRAD;THCA,1,729,FALSE,1,FALSE,maximum complete profiles at fixed k; lexicographic tie-break; logFC not used
MAOB,0.5,12,6,BRCA;KIRC;KIRP;PRAD;STAD;THCA,1,730,FALSE,1,FALSE,maximum complete profiles at fixed k; lexicographic tie-break; logFC not used
MAOB,0.5,12,6,BRCA;KIRC;LIHC;LUAD;LUSC;THCA,1,731,FALSE,1,FALSE,maximum complete profiles at fixed k; lexicographic tie-break; logFC not used
MAOB,0.5,12,6,BRCA;KIRC;LIHC;LUAD;STAD;THCA,1,732,FALSE,1,FALSE,maximum complete profiles at fixed k; lexicographic tie-break; logFC not used
MAOB,0.5,12,6,BRCA;KIRC;LIHC;LUSC;STAD;THCA,1,733,FALSE,1,FALSE,maximum complete profiles at fixed k; lexicographic tie-break; logFC not used
MAOB,0.5,12,6,BRCA;KIRC;LUAD;LUSC;PRAD;THCA,1,734,FALSE,1,FALSE,maximum complete profiles at fixed k; lexicographic tie-break; logFC not used
MAOB,0.5,12,6,BRCA;KIRC;LUAD;PRAD;STAD;THCA,1,735,FALSE,1,FALSE,maximum complete profiles at fixed k; lexicographic tie-break; logFC not used
MAOB,0.5,12,6,BRCA;KIRC;LUSC;PRAD;STAD;THCA,1,736,FALSE,1,FALSE,maximum complete profiles at fixed k; lexicographic tie-break; logFC not used
MAOB,0.5,12,6,BRCA;KIRP;LIHC;LUAD;LUSC;THCA,1,737,FALSE,1,FALSE,maximum complete profiles at fixed k; lexicographic tie-break; logFC not used
MAOB,0.5,12,6,BRCA;KIRP;LIHC;LUAD;STAD;THCA,1,738,FALSE,1,FALSE,maximum complete profiles at fixed k; lexicographic tie-break; logFC not used
MAOB,0.5,12,6,BRCA;KIRP;LIHC;LUSC;STAD;THCA,1,739,FALSE,1,FALSE,maximum complete profiles at fixed k; lexicographic tie-break; logFC not used
MAOB,0.5,12,6,BRCA;KIRP;LUAD;LUSC;PRAD;THCA,1,740,FALSE,1,FALSE,maximum complete profiles at fixed k; lexicographic tie-break; logFC not used
MAOB,0.5,12,6,BRCA;KIRP;LUAD;PRAD;STAD;THCA,1,741,FALSE,1,FALSE,maximum complete profiles at fixed k; lexicographic tie-break; logFC not used
MAOB,0.5,12,6,BRCA;KIRP;LUSC;PRAD;STAD;THCA,1,742,FALSE,1,FALSE,maximum complete profiles at fixed k; lexicographic tie-break; logFC not used
MAOB,0.5,12,6,BRCA;LIHC;LUAD;LUSC;STAD;THCA,1,743,FALSE,1,FALSE,maximum complete profiles at fixed k; lexicographic tie-break; logFC not used
MAOB,0.5,12,6,COAD;ESCA;LIHC;LUAD;STAD;THCA,1,744,FALSE,1,FALSE,maximum complete profiles at fixed k; lexicographic tie-break; logFC not used
MAOB,0.5,12,6,COAD;ESCA;LIHC;LUSC;STAD;THCA,1,745,FALSE,1,FALSE,maximum complete profiles at fixed k; lexicographic tie-break; logFC not used
MAOB,0.5,12,6,COAD;LIHC;LUAD;LUSC;STAD;THCA,1,746,FALSE,1,FALSE,maximum complete profiles at fixed k; lexicographic tie-break; logFC not used
MAOB,0.5,12,6,ESCA;KICH;KIRC;KIRP;LIHC;THCA,1,747,FALSE,1,FALSE,maximum complete profiles at fixed k; lexicographic tie-break; logFC not used
MAOB,0.5,12,6,ESCA;KICH;KIRP;LIHC;STAD;THCA,1,748,FALSE,1,FALSE,maximum complete profiles at fixed k; lexicographic tie-break; logFC not used
MAOB,0.5,12,6,ESCA;KIRC;KIRP;LIHC;STAD;THCA,1,749,FALSE,1,FALSE,maximum complete profiles at fixed k; lexicographic tie-break; logFC not used
MAOB,0.5,12,6,ESCA;LIHC;LUAD;LUSC;STAD;THCA,1,750,FALSE,1,FALSE,maximum complete profiles at fixed k; lexicographic tie-break; logFC not used
MAOB,0.5,12,6,KICH;KIRC;KIRP;LIHC;LUAD;THCA,1,751,FALSE,1,FALSE,maximum complete profiles at fixed k; lexicographic tie-break; logFC not used
MAOB,0.5,12,6,KICH;KIRC;KIRP;LIHC;LUSC;THCA,1,752,FALSE,1,FALSE,maximum complete profiles at fixed k; lexicographic tie-break; logFC not used
MAOB,0.5,12,6,KICH;KIRC;LIHC;LUAD;LUSC;THCA,1,753,FALSE,1,FALSE,maximum complete profiles at fixed k; lexicographic tie-break; logFC not used
MAOB,0.5,12,6,KICH;KIRC;LIHC;LUAD;STAD;THCA,1,754,FALSE,1,FALSE,maximum complete profiles at fixed k; lexicographic tie-break; logFC not used
MAOB,0.5,12,6,KICH;KIRC;LIHC;LUSC;STAD;THCA,1,755,FALSE,1,FALSE,maximum complete profiles at fixed k; lexicographic tie-break; logFC not used
MAOB,0.5,12,6,KICH;KIRP;LIHC;LUAD;LUSC;THCA,1,756,FALSE,1,FALSE,maximum complete profiles at fixed k; lexicographic tie-break; logFC not used
MAOB,0.5,12,6,KICH;KIRP;LIHC;LUAD;STAD;THCA,1,757,FALSE,1,FALSE,maximum complete profiles at fixed k; lexicographic tie-break; logFC not used
MAOB,0.5,12,6,KICH;KIRP;LIHC;LUSC;STAD;THCA,1,758,FALSE,1,FALSE,maximum complete profiles at fixed k; lexicographic tie-break; logFC not used
MAOB,0.5,12,6,KICH;LIHC;LUAD;LUSC;STAD;THCA,1,759,FALSE,1,FALSE,maximum complete profiles at fixed k; lexicographic tie-break; logFC not used
MAOB,0.5,12,6,KIRC;KIRP;LIHC;LUAD;LUSC;THCA,1,760,FALSE,1,FALSE,maximum complete profiles at fixed k; lexicographic tie-break; logFC not used
MAOB,0.5,12,6,KIRC;KIRP;LIHC;LUAD;STAD;THCA,1,761,FALSE,1,FALSE,maximum complete profiles at fixed k; lexicographic tie-break; logFC not used
MAOB,0.5,12,6,KIRC;KIRP;LIHC;LUSC;STAD;THCA,1,762,FALSE,1,FALSE,maximum complete profiles at fixed k; lexicographic tie-break; logFC not used
MAOB,0.5,12,6,KIRC;LIHC;LUAD;LUSC;STAD;THCA,1,763,FALSE,1,FALSE,maximum complete profiles at fixed k; lexicographic tie-break; logFC not used
MAOB,0.5,12,6,KIRP;LIHC;LUAD;LUSC;STAD;THCA,1,764,FALSE,1,FALSE,maximum complete profiles at fixed k; lexicographic tie-break; logFC not used
MAOB,0.5,12,6,BRCA;COAD;ESCA;KICH;LIHC;THCA,0,765,FALSE,1,FALSE,maximum complete profiles at fixed k; lexicographic tie-break; logFC not used
MAOB,0.5,12,6,BRCA;COAD;ESCA;KIRC;LIHC;THCA,0,766,FALSE,1,FALSE,maximum complete profiles at fixed k; lexicographic tie-break; logFC not used
MAOB,0.5,12,6,BRCA;COAD;ESCA;KIRP;LIHC;THCA,0,767,FALSE,1,FALSE,maximum complete profiles at fixed k; lexicographic tie-break; logFC not used
MAOB,0.5,12,6,BRCA;COAD;ESCA;LIHC;LUAD;THCA,0,768,FALSE,1,FALSE,maximum complete profiles at fixed k; lexicographic tie-break; logFC not used
MAOB,0.5,12,6,BRCA;COAD;ESCA;LIHC;LUSC;THCA,0,769,FALSE,1,FALSE,maximum complete profiles at fixed k; lexicographic tie-break; logFC not used
MAOB,0.5,12,6,BRCA;COAD;ESCA;LIHC;PRAD;THCA,0,770,FALSE,1,FALSE,maximum complete profiles at fixed k; lexicographic tie-break; logFC not used
MAOB,0.5,12,6,BRCA;COAD;ESCA;LIHC;STAD;THCA,0,771,FALSE,1,FALSE,maximum complete profiles at fixed k; lexicographic tie-break; logFC not used
MAOB,0.5,12,6,BRCA;COAD;KICH;KIRC;LIHC;THCA,0,772,FALSE,1,FALSE,maximum complete profiles at fixed k; lexicographic tie-break; logFC not used
MAOB,0.5,12,6,BRCA;COAD;KICH;KIRP;LIHC;THCA,0,773,FALSE,1,FALSE,maximum complete profiles at fixed k; lexicographic tie-break; logFC not used
MAOB,0.5,12,6,BRCA;COAD;KICH;LIHC;LUAD;THCA,0,774,FALSE,1,FALSE,maximum complete profiles at fixed k; lexicographic tie-break; logFC not used
MAOB,0.5,12,6,BRCA;COAD;KICH;LIHC;LUSC;THCA,0,775,FALSE,1,FALSE,maximum complete profiles at fixed k; lexicographic tie-break; logFC not used
MAOB,0.5,12,6,BRCA;COAD;KICH;LIHC;PRAD;THCA,0,776,FALSE,1,FALSE,maximum complete profiles at fixed k; lexicographic tie-break; logFC not used
MAOB,0.5,12,6,BRCA;COAD;KICH;LIHC;STAD;THCA,0,777,FALSE,1,FALSE,maximum complete profiles at fixed k; lexicographic tie-break; logFC not used
MAOB,0.5,12,6,BRCA;COAD;KIRC;KIRP;LIHC;THCA,0,778,FALSE,1,FALSE,maximum complete profiles at fixed k; lexicographic tie-break; logFC not used
MAOB,0.5,12,6,BRCA;COAD;KIRC;LIHC;LUAD;THCA,0,779,FALSE,1,FALSE,maximum complete profiles at fixed k; lexicographic tie-break; logFC not used
MAOB,0.5,12,6,BRCA;COAD;KIRC;LIHC;LUSC;THCA,0,780,FALSE,1,FALSE,maximum complete profiles at fixed k; lexicographic tie-break; logFC not used
MAOB,0.5,12,6,BRCA;COAD;KIRC;LIHC;PRAD;THCA,0,781,FALSE,1,FALSE,maximum complete profiles at fixed k; lexicographic tie-break; logFC not used
MAOB,0.5,12,6,BRCA;COAD;KIRC;LIHC;STAD;THCA,0,782,FALSE,1,FALSE,maximum complete profiles at fixed k; lexicographic tie-break; logFC not used
MAOB,0.5,12,6,BRCA;COAD;KIRP;LIHC;LUAD;THCA,0,783,FALSE,1,FALSE,maximum complete profiles at fixed k; lexicographic tie-break; logFC not used
MAOB,0.5,12,6,BRCA;COAD;KIRP;LIHC;LUSC;THCA,0,784,FALSE,1,FALSE,maximum complete profiles at fixed k; lexicographic tie-break; logFC not used
MAOB,0.5,12,6,BRCA;COAD;KIRP;LIHC;PRAD;THCA,0,785,FALSE,1,FALSE,maximum complete profiles at fixed k; lexicographic tie-break; logFC not used
MAOB,0.5,12,6,BRCA;COAD;KIRP;LIHC;STAD;THCA,0,786,FALSE,1,FALSE,maximum complete profiles at fixed k; lexicographic tie-break; logFC not used
MAOB,0.5,12,6,BRCA;COAD;LIHC;LUAD;LUSC;THCA,0,787,FALSE,1,FALSE,maximum complete profiles at fixed k; lexicographic tie-break; logFC not used
MAOB,0.5,12,6,BRCA;COAD;LIHC;LUAD;PRAD;THCA,0,788,FALSE,1,FALSE,maximum complete profiles at fixed k; lexicographic tie-break; logFC not used
MAOB,0.5,12,6,BRCA;COAD;LIHC;LUAD;STAD;THCA,0,789,FALSE,1,FALSE,maximum complete profiles at fixed k; lexicographic tie-break; logFC not used
MAOB,0.5,12,6,BRCA;COAD;LIHC;LUSC;PRAD;THCA,0,790,FALSE,1,FALSE,maximum complete profiles at fixed k; lexicographic tie-break; logFC not used
MAOB,0.5,12,6,BRCA;COAD;LIHC;LUSC;STAD;THCA,0,791,FALSE,1,FALSE,maximum complete profiles at fixed k; lexicographic tie-break; logFC not used
MAOB,0.5,12,6,BRCA;COAD;LIHC;PRAD;STAD;THCA,0,792,FALSE,1,FALSE,maximum complete profiles at fixed k; lexicographic tie-break; logFC not used
MAOB,0.5,12,6,BRCA;ESCA;KICH;LIHC;LUAD;THCA,0,793,FALSE,1,FALSE,maximum complete profiles at fixed k; lexicographic tie-break; logFC not used
MAOB,0.5,12,6,BRCA;ESCA;KICH;LIHC;LUSC;THCA,0,794,FALSE,1,FALSE,maximum complete profiles at fixed k; lexicographic tie-break; logFC not used
MAOB,0.5,12,6,BRCA;ESCA;KICH;LIHC;PRAD;THCA,0,795,FALSE,1,FALSE,maximum complete profiles at fixed k; lexicographic tie-break; logFC not used
MAOB,0.5,12,6,BRCA;ESCA;KIRC;LIHC;LUAD;THCA,0,796,FALSE,1,FALSE,maximum complete profiles at fixed k; lexicographic tie-break; logFC not used
MAOB,0.5,12,6,BRCA;ESCA;KIRC;LIHC;LUSC;THCA,0,797,FALSE,1,FALSE,maximum complete profiles at fixed k; lexicographic tie-break; logFC not used
MAOB,0.5,12,6,BRCA;ESCA;KIRC;LIHC;PRAD;THCA,0,798,FALSE,1,FALSE,maximum complete profiles at fixed k; lexicographic tie-break; logFC not used
MAOB,0.5,12,6,BRCA;ESCA;KIRP;LIHC;LUAD;THCA,0,799,FALSE,1,FALSE,maximum complete profiles at fixed k; lexicographic tie-break; logFC not used
MAOB,0.5,12,6,BRCA;ESCA;KIRP;LIHC;LUSC;THCA,0,800,FALSE,1,FALSE,maximum complete profiles at fixed k; lexicographic tie-break; logFC not used
MAOB,0.5,12,6,BRCA;ESCA;KIRP;LIHC;PRAD;THCA,0,801,FALSE,1,FALSE,maximum complete profiles at fixed k; lexicographic tie-break; logFC not used
MAOB,0.5,12,6,BRCA;ESCA;LIHC;LUAD;LUSC;THCA,0,802,FALSE,1,FALSE,maximum complete profiles at fixed k; lexicographic tie-break; logFC not used
MAOB,0.5,12,6,BRCA;ESCA;LIHC;LUAD;PRAD;THCA,0,803,FALSE,1,FALSE,maximum complete profiles at fixed k; lexicographic tie-break; logFC not used
MAOB,0.5,12,6,BRCA;ESCA;LIHC;LUAD;STAD;THCA,0,804,FALSE,1,FALSE,maximum complete profiles at fixed k; lexicographic tie-break; logFC not used
MAOB,0.5,12,6,BRCA;ESCA;LIHC;LUSC;PRAD;THCA,0,805,FALSE,1,FALSE,maximum complete profiles at fixed k; lexicographic tie-break; logFC not used
MAOB,0.5,12,6,BRCA;ESCA;LIHC;LUSC;STAD;THCA,0,806,FALSE,1,FALSE,maximum complete profiles at fixed k; lexicographic tie-break; logFC not used
MAOB,0.5,12,6,BRCA;ESCA;LIHC;PRAD;STAD;THCA,0,807,FALSE,1,FALSE,maximum complete profiles at fixed k; lexicographic tie-break; logFC not used
MAOB,0.5,12,6,BRCA;KICH;KIRC;LIHC;PRAD;THCA,0,808,FALSE,1,FALSE,maximum complete profiles at fixed k; lexicographic tie-break; logFC not used
MAOB,0.5,12,6,BRCA;KICH;KIRP;LIHC;PRAD;THCA,0,809,FALSE,1,FALSE,maximum complete profiles at fixed k; lexicographic tie-break; logFC not used
MAOB,0.5,12,6,BRCA;KICH;LIHC;LUAD;PRAD;THCA,0,810,FALSE,1,FALSE,maximum complete profiles at fixed k; lexicographic tie-break; logFC not used
MAOB,0.5,12,6,BRCA;KICH;LIHC;LUSC;PRAD;THCA,0,811,FALSE,1,FALSE,maximum complete profiles at fixed k; lexicographic tie-break; logFC not used
MAOB,0.5,12,6,BRCA;KICH;LIHC;PRAD;STAD;THCA,0,812,FALSE,1,FALSE,maximum complete profiles at fixed k; lexicographic tie-break; logFC not used
MAOB,0.5,12,6,BRCA;KIRC;KIRP;LIHC;PRAD;THCA,0,813,FALSE,1,FALSE,maximum complete profiles at fixed k; lexicographic tie-break; logFC not used
MAOB,0.5,12,6,BRCA;KIRC;LIHC;LUAD;PRAD;THCA,0,814,FALSE,1,FALSE,maximum complete profiles at fixed k; lexicographic tie-break; logFC not used
MAOB,0.5,12,6,BRCA;KIRC;LIHC;LUSC;PRAD;THCA,0,815,FALSE,1,FALSE,maximum complete profiles at fixed k; lexicographic tie-break; logFC not used
MAOB,0.5,12,6,BRCA;KIRC;LIHC;PRAD;STAD;THCA,0,816,FALSE,1,FALSE,maximum complete profiles at fixed k; lexicographic tie-break; logFC not used
MAOB,0.5,12,6,BRCA;KIRP;LIHC;LUAD;PRAD;THCA,0,817,FALSE,1,FALSE,maximum complete profiles at fixed k; lexicographic tie-break; logFC not used
MAOB,0.5,12,6,BRCA;KIRP;LIHC;LUSC;PRAD;THCA,0,818,FALSE,1,FALSE,maximum complete profiles at fixed k; lexicographic tie-break; logFC not used
MAOB,0.5,12,6,BRCA;KIRP;LIHC;PRAD;STAD;THCA,0,819,FALSE,1,FALSE,maximum complete profiles at fixed k; lexicographic tie-break; logFC not used
MAOB,0.5,12,6,BRCA;LIHC;LUAD;LUSC;PRAD;THCA,0,820,FALSE,1,FALSE,maximum complete profiles at fixed k; lexicographic tie-break; logFC not used
MAOB,0.5,12,6,BRCA;LIHC;LUAD;PRAD;STAD;THCA,0,821,FALSE,1,FALSE,maximum complete profiles at fixed k; lexicographic tie-break; logFC not used
MAOB,0.5,12,6,BRCA;LIHC;LUSC;PRAD;STAD;THCA,0,822,FALSE,1,FALSE,maximum complete profiles at fixed k; lexicographic tie-break; logFC not used
MAOB,0.5,12,6,COAD;ESCA;KICH;KIRC;LIHC;THCA,0,823,FALSE,1,FALSE,maximum complete profiles at fixed k; lexicographic tie-break; logFC not used
MAOB,0.5,12,6,COAD;ESCA;KICH;KIRP;LIHC;THCA,0,824,FALSE,1,FALSE,maximum complete profiles at fixed k; lexicographic tie-break; logFC not used
MAOB,0.5,12,6,COAD;ESCA;KICH;LIHC;LUAD;THCA,0,825,FALSE,1,FALSE,maximum complete profiles at fixed k; lexicographic tie-break; logFC not used
MAOB,0.5,12,6,COAD;ESCA;KICH;LIHC;LUSC;THCA,0,826,FALSE,1,FALSE,maximum complete profiles at fixed k; lexicographic tie-break; logFC not used
MAOB,0.5,12,6,COAD;ESCA;KICH;LIHC;PRAD;THCA,0,827,FALSE,1,FALSE,maximum complete profiles at fixed k; lexicographic tie-break; logFC not used
MAOB,0.5,12,6,COAD;ESCA;KICH;LIHC;STAD;THCA,0,828,FALSE,1,FALSE,maximum complete profiles at fixed k; lexicographic tie-break; logFC not used
MAOB,0.5,12,6,COAD;ESCA;KIRC;KIRP;LIHC;THCA,0,829,FALSE,1,FALSE,maximum complete profiles at fixed k; lexicographic tie-break; logFC not used
MAOB,0.5,12,6,COAD;ESCA;KIRC;LIHC;LUAD;THCA,0,830,FALSE,1,FALSE,maximum complete profiles at fixed k; lexicographic tie-break; logFC not used
MAOB,0.5,12,6,COAD;ESCA;KIRC;LIHC;LUSC;THCA,0,831,FALSE,1,FALSE,maximum complete profiles at fixed k; lexicographic tie-break; logFC not used
MAOB,0.5,12,6,COAD;ESCA;KIRC;LIHC;PRAD;THCA,0,832,FALSE,1,FALSE,maximum complete profiles at fixed k; lexicographic tie-break; logFC not used
MAOB,0.5,12,6,COAD;ESCA;KIRC;LIHC;STAD;THCA,0,833,FALSE,1,FALSE,maximum complete profiles at fixed k; lexicographic tie-break; logFC not used
MAOB,0.5,12,6,COAD;ESCA;KIRP;LIHC;LUAD;THCA,0,834,FALSE,1,FALSE,maximum complete profiles at fixed k; lexicographic tie-break; logFC not used
MAOB,0.5,12,6,COAD;ESCA;KIRP;LIHC;LUSC;THCA,0,835,FALSE,1,FALSE,maximum complete profiles at fixed k; lexicographic tie-break; logFC not used
MAOB,0.5,12,6,COAD;ESCA;KIRP;LIHC;PRAD;THCA,0,836,FALSE,1,FALSE,maximum complete profiles at fixed k; lexicographic tie-break; logFC not used
MAOB,0.5,12,6,COAD;ESCA;KIRP;LIHC;STAD;THCA,0,837,FALSE,1,FALSE,maximum complete profiles at fixed k; lexicographic tie-break; logFC not used
MAOB,0.5,12,6,COAD;ESCA;LIHC;LUAD;PRAD;THCA,0,838,FALSE,1,FALSE,maximum complete profiles at fixed k; lexicographic tie-break; logFC not used
MAOB,0.5,12,6,COAD;ESCA;LIHC;LUSC;PRAD;THCA,0,839,FALSE,1,FALSE,maximum complete profiles at fixed k; lexicographic tie-break; logFC not used
MAOB,0.5,12,6,COAD;ESCA;LIHC;PRAD;STAD;THCA,0,840,FALSE,1,FALSE,maximum complete profiles at fixed k; lexicographic tie-break; logFC not used
MAOB,0.5,12,6,COAD;KICH;KIRC;KIRP;LIHC;THCA,0,841,FALSE,1,FALSE,maximum complete profiles at fixed k; lexicographic tie-break; logFC not used
MAOB,0.5,12,6,COAD;KICH;KIRC;LIHC;LUAD;THCA,0,842,FALSE,1,FALSE,maximum complete profiles at fixed k; lexicographic tie-break; logFC not used
MAOB,0.5,12,6,COAD;KICH;KIRC;LIHC;LUSC;THCA,0,843,FALSE,1,FALSE,maximum complete profiles at fixed k; lexicographic tie-break; logFC not used
MAOB,0.5,12,6,COAD;KICH;KIRC;LIHC;PRAD;THCA,0,844,FALSE,1,FALSE,maximum complete profiles at fixed k; lexicographic tie-break; logFC not used
MAOB,0.5,12,6,COAD;KICH;KIRC;LIHC;STAD;THCA,0,845,FALSE,1,FALSE,maximum complete profiles at fixed k; lexicographic tie-break; logFC not used
MAOB,0.5,12,6,COAD;KICH;KIRP;LIHC;LUAD;THCA,0,846,FALSE,1,FALSE,maximum complete profiles at fixed k; lexicographic tie-break; logFC not used
MAOB,0.5,12,6,COAD;KICH;KIRP;LIHC;LUSC;THCA,0,847,FALSE,1,FALSE,maximum complete profiles at fixed k; lexicographic tie-break; logFC not used
MAOB,0.5,12,6,COAD;KICH;KIRP;LIHC;PRAD;THCA,0,848,FALSE,1,FALSE,maximum complete profiles at fixed k; lexicographic tie-break; logFC not used
MAOB,0.5,12,6,COAD;KICH;KIRP;LIHC;STAD;THCA,0,849,FALSE,1,FALSE,maximum complete profiles at fixed k; lexicographic tie-break; logFC not used
MAOB,0.5,12,6,COAD;KICH;LIHC;LUAD;LUSC;THCA,0,850,FALSE,1,FALSE,maximum complete profiles at fixed k; lexicographic tie-break; logFC not used
MAOB,0.5,12,6,COAD;KICH;LIHC;LUAD;PRAD;THCA,0,851,FALSE,1,FALSE,maximum complete profiles at fixed k; lexicographic tie-break; logFC not used
MAOB,0.5,12,6,COAD;KICH;LIHC;LUAD;STAD;THCA,0,852,FALSE,1,FALSE,maximum complete profiles at fixed k; lexicographic tie-break; logFC not used
MAOB,0.5,12,6,COAD;KICH;LIHC;LUSC;PRAD;THCA,0,853,FALSE,1,FALSE,maximum complete profiles at fixed k; lexicographic tie-break; logFC not used
MAOB,0.5,12,6,COAD;KICH;LIHC;LUSC;STAD;THCA,0,854,FALSE,1,FALSE,maximum complete profiles at fixed k; lexicographic tie-break; logFC not used
MAOB,0.5,12,6,COAD;KICH;LIHC;PRAD;STAD;THCA,0,855,FALSE,1,FALSE,maximum complete profiles at fixed k; lexicographic tie-break; logFC not used
MAOB,0.5,12,6,COAD;KIRC;KIRP;LIHC;LUAD;THCA,0,856,FALSE,1,FALSE,maximum complete profiles at fixed k; lexicographic tie-break; logFC not used
MAOB,0.5,12,6,COAD;KIRC;KIRP;LIHC;LUSC;THCA,0,857,FALSE,1,FALSE,maximum complete profiles at fixed k; lexicographic tie-break; logFC not used
MAOB,0.5,12,6,COAD;KIRC;KIRP;LIHC;PRAD;THCA,0,858,FALSE,1,FALSE,maximum complete profiles at fixed k; lexicographic tie-break; logFC not used
MAOB,0.5,12,6,COAD;KIRC;KIRP;LIHC;STAD;THCA,0,859,FALSE,1,FALSE,maximum complete profiles at fixed k; lexicographic tie-break; logFC not used
MAOB,0.5,12,6,COAD;KIRC;LIHC;LUAD;LUSC;THCA,0,860,FALSE,1,FALSE,maximum complete profiles at fixed k; lexicographic tie-break; logFC not used
MAOB,0.5,12,6,COAD;KIRC;LIHC;LUAD;PRAD;THCA,0,861,FALSE,1,FALSE,maximum complete profiles at fixed k; lexicographic tie-break; logFC not used
MAOB,0.5,12,6,COAD;KIRC;LIHC;LUAD;STAD;THCA,0,862,FALSE,1,FALSE,maximum complete profiles at fixed k; lexicographic tie-break; logFC not used
MAOB,0.5,12,6,COAD;KIRC;LIHC;LUSC;PRAD;THCA,0,863,FALSE,1,FALSE,maximum complete profiles at fixed k; lexicographic tie-break; logFC not used
MAOB,0.5,12,6,COAD;KIRC;LIHC;LUSC;STAD;THCA,0,864,FALSE,1,FALSE,maximum complete profiles at fixed k; lexicographic tie-break; logFC not used
MAOB,0.5,12,6,COAD;KIRC;LIHC;PRAD;STAD;THCA,0,865,FALSE,1,FALSE,maximum complete profiles at fixed k; lexicographic tie-break; logFC not used
MAOB,0.5,12,6,COAD;KIRP;LIHC;LUAD;LUSC;THCA,0,866,FALSE,1,FALSE,maximum complete profiles at fixed k; lexicographic tie-break; logFC not used
MAOB,0.5,12,6,COAD;KIRP;LIHC;LUAD;PRAD;THCA,0,867,FALSE,1,FALSE,maximum complete profiles at fixed k; lexicographic tie-break; logFC not used
MAOB,0.5,12,6,COAD;KIRP;LIHC;LUAD;STAD;THCA,0,868,FALSE,1,FALSE,maximum complete profiles at fixed k; lexicographic tie-break; logFC not used
MAOB,0.5,12,6,COAD;KIRP;LIHC;LUSC;PRAD;THCA,0,869,FALSE,1,FALSE,maximum complete profiles at fixed k; lexicographic tie-break; logFC not used
MAOB,0.5,12,6,COAD;KIRP;LIHC;LUSC;STAD;THCA,0,870,FALSE,1,FALSE,maximum complete profiles at fixed k; lexicographic tie-break; logFC not used
MAOB,0.5,12,6,COAD;KIRP;LIHC;PRAD;STAD;THCA,0,871,FALSE,1,FALSE,maximum complete profiles at fixed k; lexicographic tie-break; logFC not used
MAOB,0.5,12,6,COAD;LIHC;LUAD;LUSC;PRAD;THCA,0,872,FALSE,1,FALSE,maximum complete profiles at fixed k; lexicographic tie-break; logFC not used
MAOB,0.5,12,6,COAD;LIHC;LUAD;PRAD;STAD;THCA,0,873,FALSE,1,FALSE,maximum complete profiles at fixed k; lexicographic tie-break; logFC not used
MAOB,0.5,12,6,COAD;LIHC;LUSC;PRAD;STAD;THCA,0,874,FALSE,1,FALSE,maximum complete profiles at fixed k; lexicographic tie-break; logFC not used
MAOB,0.5,12,6,ESCA;KICH;KIRC;LIHC;LUAD;THCA,0,875,FALSE,1,FALSE,maximum complete profiles at fixed k; lexicographic tie-break; logFC not used
MAOB,0.5,12,6,ESCA;KICH;KIRC;LIHC;LUSC;THCA,0,876,FALSE,1,FALSE,maximum complete profiles at fixed k; lexicographic tie-break; logFC not used
MAOB,0.5,12,6,ESCA;KICH;KIRC;LIHC;PRAD;THCA,0,877,FALSE,1,FALSE,maximum complete profiles at fixed k; lexicographic tie-break; logFC not used
MAOB,0.5,12,6,ESCA;KICH;KIRP;LIHC;LUAD;THCA,0,878,FALSE,1,FALSE,maximum complete profiles at fixed k; lexicographic tie-break; logFC not used
MAOB,0.5,12,6,ESCA;KICH;KIRP;LIHC;LUSC;THCA,0,879,FALSE,1,FALSE,maximum complete profiles at fixed k; lexicographic tie-break; logFC not used
MAOB,0.5,12,6,ESCA;KICH;KIRP;LIHC;PRAD;THCA,0,880,FALSE,1,FALSE,maximum complete profiles at fixed k; lexicographic tie-break; logFC not used
MAOB,0.5,12,6,ESCA;KICH;LIHC;LUAD;LUSC;THCA,0,881,FALSE,1,FALSE,maximum complete profiles at fixed k; lexicographic tie-break; logFC not used
MAOB,0.5,12,6,ESCA;KICH;LIHC;LUAD;PRAD;THCA,0,882,FALSE,1,FALSE,maximum complete profiles at fixed k; lexicographic tie-break; logFC not used
MAOB,0.5,12,6,ESCA;KICH;LIHC;LUAD;STAD;THCA,0,883,FALSE,1,FALSE,maximum complete profiles at fixed k; lexicographic tie-break; logFC not used
MAOB,0.5,12,6,ESCA;KICH;LIHC;LUSC;PRAD;THCA,0,884,FALSE,1,FALSE,maximum complete profiles at fixed k; lexicographic tie-break; logFC not used
MAOB,0.5,12,6,ESCA;KICH;LIHC;LUSC;STAD;THCA,0,885,FALSE,1,FALSE,maximum complete profiles at fixed k; lexicographic tie-break; logFC not used
MAOB,0.5,12,6,ESCA;KICH;LIHC;PRAD;STAD;THCA,0,886,FALSE,1,FALSE,maximum complete profiles at fixed k; lexicographic tie-break; logFC not used
MAOB,0.5,12,6,ESCA;KIRC;KIRP;LIHC;LUAD;THCA,0,887,FALSE,1,FALSE,maximum complete profiles at fixed k; lexicographic tie-break; logFC not used
MAOB,0.5,12,6,ESCA;KIRC;KIRP;LIHC;LUSC;THCA,0,888,FALSE,1,FALSE,maximum complete profiles at fixed k; lexicographic tie-break; logFC not used
MAOB,0.5,12,6,ESCA;KIRC;KIRP;LIHC;PRAD;THCA,0,889,FALSE,1,FALSE,maximum complete profiles at fixed k; lexicographic tie-break; logFC not used
MAOB,0.5,12,6,ESCA;KIRC;LIHC;LUAD;LUSC;THCA,0,890,FALSE,1,FALSE,maximum complete profiles at fixed k; lexicographic tie-break; logFC not used
MAOB,0.5,12,6,ESCA;KIRC;LIHC;LUAD;PRAD;THCA,0,891,FALSE,1,FALSE,maximum complete profiles at fixed k; lexicographic tie-break; logFC not used
MAOB,0.5,12,6,ESCA;KIRC;LIHC;LUAD;STAD;THCA,0,892,FALSE,1,FALSE,maximum complete profiles at fixed k; lexicographic tie-break; logFC not used
MAOB,0.5,12,6,ESCA;KIRC;LIHC;LUSC;PRAD;THCA,0,893,FALSE,1,FALSE,maximum complete profiles at fixed k; lexicographic tie-break; logFC not used
MAOB,0.5,12,6,ESCA;KIRC;LIHC;LUSC;STAD;THCA,0,894,FALSE,1,FALSE,maximum complete profiles at fixed k; lexicographic tie-break; logFC not used
MAOB,0.5,12,6,ESCA;KIRC;LIHC;PRAD;STAD;THCA,0,895,FALSE,1,FALSE,maximum complete profiles at fixed k; lexicographic tie-break; logFC not used
MAOB,0.5,12,6,ESCA;KIRP;LIHC;LUAD;LUSC;THCA,0,896,FALSE,1,FALSE,maximum complete profiles at fixed k; lexicographic tie-break; logFC not used
MAOB,0.5,12,6,ESCA;KIRP;LIHC;LUAD;PRAD;THCA,0,897,FALSE,1,FALSE,maximum complete profiles at fixed k; lexicographic tie-break; logFC not used
MAOB,0.5,12,6,ESCA;KIRP;LIHC;LUAD;STAD;THCA,0,898,FALSE,1,FALSE,maximum complete profiles at fixed k; lexicographic tie-break; logFC not used
MAOB,0.5,12,6,ESCA;KIRP;LIHC;LUSC;PRAD;THCA,0,899,FALSE,1,FALSE,maximum complete profiles at fixed k; lexicographic tie-break; logFC not used
MAOB,0.5,12,6,ESCA;KIRP;LIHC;LUSC;STAD;THCA,0,900,FALSE,1,FALSE,maximum complete profiles at fixed k; lexicographic tie-break; logFC not used
MAOB,0.5,12,6,ESCA;KIRP;LIHC;PRAD;STAD;THCA,0,901,FALSE,1,FALSE,maximum complete profiles at fixed k; lexicographic tie-break; logFC not used
MAOB,0.5,12,6,ESCA;LIHC;LUAD;LUSC;PRAD;THCA,0,902,FALSE,1,FALSE,maximum complete profiles at fixed k; lexicographic tie-break; logFC not used
MAOB,0.5,12,6,ESCA;LIHC;LUAD;PRAD;STAD;THCA,0,903,FALSE,1,FALSE,maximum complete profiles at fixed k; lexicographic tie-break; logFC not used
MAOB,0.5,12,6,ESCA;LIHC;LUSC;PRAD;STAD;THCA,0,904,FALSE,1,FALSE,maximum complete profiles at fixed k; lexicographic tie-break; logFC not used
MAOB,0.5,12,6,KICH;KIRC;KIRP;LIHC;PRAD;THCA,0,905,FALSE,1,FALSE,maximum complete profiles at fixed k; lexicographic tie-break; logFC not used
MAOB,0.5,12,6,KICH;KIRC;LIHC;LUAD;PRAD;THCA,0,906,FALSE,1,FALSE,maximum complete profiles at fixed k; lexicographic tie-break; logFC not used
MAOB,0.5,12,6,KICH;KIRC;LIHC;LUSC;PRAD;THCA,0,907,FALSE,1,FALSE,maximum complete profiles at fixed k; lexicographic tie-break; logFC not used
MAOB,0.5,12,6,KICH;KIRC;LIHC;PRAD;STAD;THCA,0,908,FALSE,1,FALSE,maximum complete profiles at fixed k; lexicographic tie-break; logFC not used
MAOB,0.5,12,6,KICH;KIRP;LIHC;LUAD;PRAD;THCA,0,909,FALSE,1,FALSE,maximum complete profiles at fixed k; lexicographic tie-break; logFC not used
MAOB,0.5,12,6,KICH;KIRP;LIHC;LUSC;PRAD;THCA,0,910,FALSE,1,FALSE,maximum complete profiles at fixed k; lexicographic tie-break; logFC not used
MAOB,0.5,12,6,KICH;KIRP;LIHC;PRAD;STAD;THCA,0,911,FALSE,1,FALSE,maximum complete profiles at fixed k; lexicographic tie-break; logFC not used
MAOB,0.5,12,6,KICH;LIHC;LUAD;LUSC;PRAD;THCA,0,912,FALSE,1,FALSE,maximum complete profiles at fixed k; lexicographic tie-break; logFC not used
MAOB,0.5,12,6,KICH;LIHC;LUAD;PRAD;STAD;THCA,0,913,FALSE,1,FALSE,maximum complete profiles at fixed k; lexicographic tie-break; logFC not used
MAOB,0.5,12,6,KICH;LIHC;LUSC;PRAD;STAD;THCA,0,914,FALSE,1,FALSE,maximum complete profiles at fixed k; lexicographic tie-break; logFC not used
MAOB,0.5,12,6,KIRC;KIRP;LIHC;LUAD;PRAD;THCA,0,915,FALSE,1,FALSE,maximum complete profiles at fixed k; lexicographic tie-break; logFC not used
MAOB,0.5,12,6,KIRC;KIRP;LIHC;LUSC;PRAD;THCA,0,916,FALSE,1,FALSE,maximum complete profiles at fixed k; lexicographic tie-break; logFC not used
MAOB,0.5,12,6,KIRC;KIRP;LIHC;PRAD;STAD;THCA,0,917,FALSE,1,FALSE,maximum complete profiles at fixed k; lexicographic tie-break; logFC not used
MAOB,0.5,12,6,KIRC;LIHC;LUAD;LUSC;PRAD;THCA,0,918,FALSE,1,FALSE,maximum complete profiles at fixed k; lexicographic tie-break; logFC not used
MAOB,0.5,12,6,KIRC;LIHC;LUAD;PRAD;STAD;THCA,0,919,FALSE,1,FALSE,maximum complete profiles at fixed k; lexicographic tie-break; logFC not used
MAOB,0.5,12,6,KIRC;LIHC;LUSC;PRAD;STAD;THCA,0,920,FALSE,1,FALSE,maximum complete profiles at fixed k; lexicographic tie-break; logFC not used
MAOB,0.5,12,6,KIRP;LIHC;LUAD;LUSC;PRAD;THCA,0,921,FALSE,1,FALSE,maximum complete profiles at fixed k; lexicographic tie-break; logFC not used
MAOB,0.5,12,6,KIRP;LIHC;LUAD;PRAD;STAD;THCA,0,922,FALSE,1,FALSE,maximum complete profiles at fixed k; lexicographic tie-break; logFC not used
MAOB,0.5,12,6,KIRP;LIHC;LUSC;PRAD;STAD;THCA,0,923,FALSE,1,FALSE,maximum complete profiles at fixed k; lexicographic tie-break; logFC not used
MAOB,0.5,12,6,LIHC;LUAD;LUSC;PRAD;STAD;THCA,0,924,FALSE,1,FALSE,maximum complete profiles at fixed k; lexicographic tie-break; logFC not used
MAOB,0.6,12,8,BRCA;COAD;KICH;KIRC;KIRP;LUAD;LUSC;PRAD,138,1,TRUE,1,TRUE,maximum complete profiles at fixed k; lexicographic tie-break; logFC not used
MAOB,0.6,12,8,BRCA;ESCA;KICH;KIRC;KIRP;LUAD;LUSC;PRAD,133,2,FALSE,1,TRUE,maximum complete profiles at fixed k; lexicographic tie-break; logFC not used
MAOB,0.6,12,8,COAD;ESCA;KICH;KIRC;KIRP;LUAD;LUSC;PRAD,102,3,FALSE,1,TRUE,maximum complete profiles at fixed k; lexicographic tie-break; logFC not used
MAOB,0.6,12,8,COAD;KICH;KIRC;KIRP;LUAD;LUSC;PRAD;STAD,96,4,FALSE,1,TRUE,maximum complete profiles at fixed k; lexicographic tie-break; logFC not used
MAOB,0.6,12,8,BRCA;COAD;ESCA;KICH;KIRC;KIRP;LUAD;LUSC,95,5,FALSE,1,TRUE,maximum complete profiles at fixed k; lexicographic tie-break; logFC not used
MAOB,0.6,12,8,BRCA;KICH;KIRC;KIRP;LUAD;LUSC;PRAD;STAD,92,6,FALSE,1,TRUE,maximum complete profiles at fixed k; lexicographic tie-break; logFC not used
MAOB,0.6,12,8,BRCA;COAD;ESCA;KICH;KIRC;LUAD;LUSC;PRAD,84,7,FALSE,1,TRUE,maximum complete profiles at fixed k; lexicographic tie-break; logFC not used
MAOB,0.6,12,8,BRCA;KICH;KIRC;KIRP;LIHC;LUAD;LUSC;PRAD,83,8,FALSE,1,TRUE,maximum complete profiles at fixed k; lexicographic tie-break; logFC not used
MAOB,0.6,12,8,BRCA;COAD;ESCA;KICH;KIRP;LUAD;LUSC;PRAD,81,9,FALSE,1,TRUE,maximum complete profiles at fixed k; lexicographic tie-break; logFC not used
MAOB,0.6,12,8,BRCA;COAD;ESCA;KICH;KIRC;KIRP;LUAD;PRAD,80,10,FALSE,1,TRUE,maximum complete profiles at fixed k; lexicographic tie-break; logFC not used
MAOB,0.6,12,8,BRCA;COAD;ESCA;KICH;KIRC;KIRP;LUSC;PRAD,80,11,FALSE,1,TRUE,maximum complete profiles at fixed k; lexicographic tie-break; logFC not used
MAOB,0.6,12,8,BRCA;COAD;ESCA;KIRC;KIRP;LUAD;LUSC;PRAD,80,12,FALSE,1,TRUE,maximum complete profiles at fixed k; lexicographic tie-break; logFC not used
MAOB,0.6,12,8,BRCA;COAD;KICH;KIRC;KIRP;LUAD;LUSC;STAD,73,13,FALSE,1,TRUE,maximum complete profiles at fixed k; lexicographic tie-break; logFC not used
MAOB,0.6,12,8,ESCA;KICH;KIRC;KIRP;LUAD;LUSC;PRAD;STAD,70,14,FALSE,1,TRUE,maximum complete profiles at fixed k; lexicographic tie-break; logFC not used
MAOB,0.6,12,8,BRCA;COAD;KICH;KIRC;LUAD;LUSC;PRAD;STAD,69,15,FALSE,1,TRUE,maximum complete profiles at fixed k; lexicographic tie-break; logFC not used
MAOB,0.6,12,8,BRCA;COAD;KICH;KIRP;LUAD;LUSC;PRAD;STAD,69,16,FALSE,1,TRUE,maximum complete profiles at fixed k; lexicographic tie-break; logFC not used
MAOB,0.6,12,8,BRCA;COAD;KICH;KIRC;KIRP;LUSC;PRAD;STAD,67,17,FALSE,1,TRUE,maximum complete profiles at fixed k; lexicographic tie-break; logFC not used
MAOB,0.6,12,8,BRCA;COAD;KICH;KIRC;KIRP;LUAD;PRAD;STAD,66,18,FALSE,1,TRUE,maximum complete profiles at fixed k; lexicographic tie-break; logFC not used
MAOB,0.6,12,8,BRCA;COAD;KIRC;KIRP;LUAD;LUSC;PRAD;STAD,66,19,FALSE,1,TRUE,maximum complete profiles at fixed k; lexicographic tie-break; logFC not used
MAOB,0.6,12,8,COAD;ESCA;KICH;KIRC;KIRP;LUAD;LUSC;STAD,61,20,FALSE,1,TRUE,maximum complete profiles at fixed k; lexicographic tie-break; logFC not used
MAOB,0.6,12,8,BRCA;ESCA;KICH;KIRC;KIRP;LUAD;LUSC;STAD,59,21,FALSE,1,TRUE,maximum complete profiles at fixed k; lexicographic tie-break; logFC not used
MAOB,0.6,12,8,BRCA;ESCA;KICH;KIRC;LUAD;LUSC;PRAD;STAD,56,22,FALSE,1,TRUE,maximum complete profiles at fixed k; lexicographic tie-break; logFC not used
MAOB,0.6,12,8,COAD;ESCA;KICH;KIRC;LUAD;LUSC;PRAD;STAD,55,23,FALSE,1,TRUE,maximum complete profiles at fixed k; lexicographic tie-break; logFC not used
MAOB,0.6,12,8,BRCA;ESCA;KICH;KIRC;KIRP;LUSC;PRAD;STAD,54,24,FALSE,1,TRUE,maximum complete profiles at fixed k; lexicographic tie-break; logFC not used
MAOB,0.6,12,8,BRCA;ESCA;KICH;KIRP;LUAD;LUSC;PRAD;STAD,54,25,FALSE,1,TRUE,maximum complete profiles at fixed k; lexicographic tie-break; logFC not used
MAOB,0.6,12,8,BRCA;ESCA;KIRC;KIRP;LUAD;LUSC;PRAD;STAD,54,26,FALSE,1,TRUE,maximum complete profiles at fixed k; lexicographic tie-break; logFC not used
MAOB,0.6,12,8,COAD;ESCA;KICH;KIRP;LUAD;LUSC;PRAD;STAD,54,27,FALSE,1,TRUE,maximum complete profiles at fixed k; lexicographic tie-break; logFC not used
MAOB,0.6,12,8,BRCA;ESCA;KICH;KIRC;KIRP;LUAD;PRAD;STAD,53,28,FALSE,1,TRUE,maximum complete profiles at fixed k; lexicographic tie-break; logFC not used
MAOB,0.6,12,8,COAD;ESCA;KICH;KIRC;KIRP;LUAD;PRAD;STAD,53,29,FALSE,1,TRUE,maximum complete profiles at fixed k; lexicographic tie-break; logFC not used
MAOB,0.6,12,8,COAD;ESCA;KICH;KIRC;KIRP;LUSC;PRAD;STAD,53,30,FALSE,1,TRUE,maximum complete profiles at fixed k; lexicographic tie-break; logFC not used
MAOB,0.6,12,8,COAD;ESCA;KIRC;KIRP;LUAD;LUSC;PRAD;STAD,53,31,FALSE,1,TRUE,maximum complete profiles at fixed k; lexicographic tie-break; logFC not used
MAOB,0.6,12,8,BRCA;COAD;ESCA;KICH;KIRC;KIRP;PRAD;STAD,51,32,FALSE,1,TRUE,maximum complete profiles at fixed k; lexicographic tie-break; logFC not used
MAOB,0.6,12,8,BRCA;ESCA;KICH;KIRC;KIRP;LIHC;LUAD;LUSC,50,33,FALSE,1,TRUE,maximum complete profiles at fixed k; lexicographic tie-break; logFC not used
MAOB,0.6,12,8,COAD;KICH;KIRC;KIRP;LIHC;LUAD;LUSC;PRAD,49,34,FALSE,1,TRUE,maximum complete profiles at fixed k; lexicographic tie-break; logFC not used
MAOB,0.6,12,8,BRCA;COAD;KICH;KIRC;KIRP;LIHC;LUAD;LUSC,48,35,FALSE,1,TRUE,maximum complete profiles at fixed k; lexicographic tie-break; logFC not used
MAOB,0.6,12,8,ESCA;KICH;KIRC;KIRP;LIHC;LUAD;LUSC;PRAD,48,36,FALSE,1,TRUE,maximum complete profiles at fixed k; lexicographic tie-break; logFC not used
MAOB,0.6,12,8,BRCA;COAD;ESCA;KICH;KIRC;LUAD;LUSC;STAD,46,37,FALSE,1,TRUE,maximum complete profiles at fixed k; lexicographic tie-break; logFC not used
MAOB,0.6,12,8,BRCA;COAD;ESCA;KICH;KIRC;KIRP;LUSC;STAD,45,38,FALSE,1,TRUE,maximum complete profiles at fixed k; lexicographic tie-break; logFC not used
MAOB,0.6,12,8,BRCA;COAD;ESCA;KICH;KIRP;LUAD;LUSC;STAD,45,39,FALSE,1,TRUE,maximum complete profiles at fixed k; lexicographic tie-break; logFC not used
MAOB,0.6,12,8,BRCA;COAD;ESCA;KICH;KIRC;KIRP;LUAD;STAD,44,40,FALSE,1,TRUE,maximum complete profiles at fixed k; lexicographic tie-break; logFC not used
MAOB,0.6,12,8,BRCA;COAD;ESCA;KICH;LUAD;LUSC;PRAD;STAD,44,41,FALSE,1,TRUE,maximum complete profiles at fixed k; lexicographic tie-break; logFC not used
MAOB,0.6,12,8,BRCA;COAD;ESCA;KIRC;KIRP;LUAD;LUSC;STAD,44,42,FALSE,1,TRUE,maximum complete profiles at fixed k; lexicographic tie-break; logFC not used
MAOB,0.6,12,8,BRCA;ESCA;KICH;KIRC;KIRP;LIHC;LUSC;PRAD,44,43,FALSE,1,TRUE,maximum complete profiles at fixed k; lexicographic tie-break; logFC not used
MAOB,0.6,12,8,BRCA;COAD;ESCA;KIRC;LUAD;LUSC;PRAD;STAD,43,44,FALSE,1,TRUE,maximum complete profiles at fixed k; lexicographic tie-break; logFC not used
MAOB,0.6,12,8,BRCA;ESCA;KICH;KIRC;LIHC;LUAD;LUSC;PRAD,43,45,FALSE,1,TRUE,maximum complete profiles at fixed k; lexicographic tie-break; logFC not used
MAOB,0.6,12,8,BRCA;ESCA;KIRC;KIRP;LIHC;LUAD;LUSC;PRAD,43,46,FALSE,1,TRUE,maximum complete profiles at fixed k; lexicographic tie-break; logFC not used
MAOB,0.6,12,8,BRCA;COAD;ESCA;KICH;KIRC;LUAD;PRAD;STAD,42,47,FALSE,1,TRUE,maximum complete profiles at fixed k; lexicographic tie-break; logFC not used
MAOB,0.6,12,8,BRCA;COAD;ESCA;KICH;KIRC;LUSC;PRAD;STAD,42,48,FALSE,1,TRUE,maximum complete profiles at fixed k; lexicographic tie-break; logFC not used
MAOB,0.6,12,8,BRCA;ESCA;KICH;KIRC;KIRP;LIHC;LUAD;PRAD,42,49,FALSE,1,TRUE,maximum complete profiles at fixed k; lexicographic tie-break; logFC not used
MAOB,0.6,12,8,BRCA;ESCA;KICH;KIRP;LIHC;LUAD;LUSC;PRAD,42,50,FALSE,1,TRUE,maximum complete profiles at fixed k; lexicographic tie-break; logFC not used
MAOB,0.6,12,8,BRCA;COAD;ESCA;KICH;KIRP;LUAD;PRAD;STAD,41,51,FALSE,1,TRUE,maximum complete profiles at fixed k; lexicographic tie-break; logFC not used
MAOB,0.6,12,8,BRCA;COAD;ESCA;KICH;KIRP;LUSC;PRAD;STAD,41,52,FALSE,1,TRUE,maximum complete profiles at fixed k; lexicographic tie-break; logFC not used
MAOB,0.6,12,8,BRCA;COAD;ESCA;KIRP;LUAD;LUSC;PRAD;STAD,41,53,FALSE,1,TRUE,maximum complete profiles at fixed k; lexicographic tie-break; logFC not used
MAOB,0.6,12,8,BRCA;COAD;KICH;KIRC;KIRP;LIHC;LUSC;PRAD,41,54,FALSE,1,TRUE,maximum complete profiles at fixed k; lexicographic tie-break; logFC not used
MAOB,0.6,12,8,BRCA;COAD;ESCA;KIRC;KIRP;LUAD;PRAD;STAD,40,55,FALSE,1,TRUE,maximum complete profiles at fixed k; lexicographic tie-break; logFC not used
MAOB,0.6,12,8,BRCA;COAD;ESCA;KIRC;KIRP;LUSC;PRAD;STAD,40,56,FALSE,1,TRUE,maximum complete profiles at fixed k; lexicographic tie-break; logFC not used
MAOB,0.6,12,8,BRCA;COAD;KICH;KIRC;KIRP;LIHC;LUAD;PRAD,40,57,FALSE,1,TRUE,maximum complete profiles at fixed k; lexicographic tie-break; logFC not used
MAOB,0.6,12,8,BRCA;COAD;KICH;KIRC;LIHC;LUAD;LUSC;PRAD,40,58,FALSE,1,TRUE,maximum complete profiles at fixed k; lexicographic tie-break; logFC not used
MAOB,0.6,12,8,BRCA;COAD;KICH;KIRP;LIHC;LUAD;LUSC;PRAD,40,59,FALSE,1,TRUE,maximum complete profiles at fixed k; lexicographic tie-break; logFC not used
MAOB,0.6,12,8,BRCA;COAD;KIRC;KIRP;LIHC;LUAD;LUSC;PRAD,40,60,FALSE,1,TRUE,maximum complete profiles at fixed k; lexicographic tie-break; logFC not used
MAOB,0.6,12,8,BRCA;COAD;ESCA;KICH;KIRC;KIRP;LIHC;PRAD,31,61,FALSE,1,TRUE,maximum complete profiles at fixed k; lexicographic tie-break; logFC not used
MAOB,0.6,12,8,COAD;ESCA;KICH;KIRC;KIRP;LIHC;LUAD;LUSC,31,62,FALSE,1,TRUE,maximum complete profiles at fixed k; lexicographic tie-break; logFC not used
MAOB,0.6,12,8,BRCA;COAD;ESCA;KICH;KIRC;KIRP;LIHC;LUAD,28,63,FALSE,1,TRUE,maximum complete profiles at fixed k; lexicographic tie-break; logFC not used
MAOB,0.6,12,8,BRCA;COAD;ESCA;KICH;KIRC;KIRP;LIHC;LUSC,28,64,FALSE,1,TRUE,maximum complete profiles at fixed k; lexicographic tie-break; logFC not used
MAOB,0.6,12,8,BRCA;COAD;ESCA;KICH;KIRC;LIHC;LUAD;LUSC,27,65,FALSE,1,TRUE,maximum complete profiles at fixed k; lexicographic tie-break; logFC not used
MAOB,0.6,12,8,BRCA;COAD;ESCA;KICH;KIRP;LIHC;LUAD;LUSC,27,66,FALSE,1,TRUE,maximum complete profiles at fixed k; lexicographic tie-break; logFC not used
MAOB,0.6,12,8,BRCA;COAD;ESCA;KIRC;KIRP;LIHC;LUAD;LUSC,27,67,FALSE,1,TRUE,maximum complete profiles at fixed k; lexicographic tie-break; logFC not used
MAOB,0.6,12,8,KICH;KIRC;KIRP;LIHC;LUAD;LUSC;PRAD;STAD,26,68,FALSE,1,TRUE,maximum complete profiles at fixed k; lexicographic tie-break; logFC not used
MAOB,0.6,12,8,COAD;ESCA;KICH;KIRP;LIHC;LUAD;LUSC;PRAD,25,69,FALSE,1,TRUE,maximum complete profiles at fixed k; lexicographic tie-break; logFC not used
MAOB,0.6,12,8,COAD;ESCA;KICH;KIRC;KIRP;LIHC;LUAD;PRAD,24,70,FALSE,1,TRUE,maximum complete profiles at fixed k; lexicographic tie-break; logFC not used
MAOB,0.6,12,8,COAD;ESCA;KICH;KIRC;KIRP;LIHC;LUSC;PRAD,24,71,FALSE,1,TRUE,maximum complete profiles at fixed k; lexicographic tie-break; logFC not used
MAOB,0.6,12,8,COAD;ESCA;KICH;KIRC;LIHC;LUAD;LUSC;PRAD,24,72,FALSE,1,TRUE,maximum complete profiles at fixed k; lexicographic tie-break; logFC not used
MAOB,0.6,12,8,COAD;ESCA;KIRC;KIRP;LIHC;LUAD;LUSC;PRAD,24,73,FALSE,1,TRUE,maximum complete profiles at fixed k; lexicographic tie-break; logFC not used
MAOB,0.6,12,8,BRCA;COAD;ESCA;KICH;LIHC;LUAD;LUSC;PRAD,23,74,FALSE,1,TRUE,maximum complete profiles at fixed k; lexicographic tie-break; logFC not used
MAOB,0.6,12,8,BRCA;KICH;KIRC;KIRP;LIHC;LUAD;LUSC;STAD,22,75,FALSE,1,TRUE,maximum complete profiles at fixed k; lexicographic tie-break; logFC not used
MAOB,0.6,12,8,BRCA;COAD;ESCA;KICH;KIRC;LIHC;LUAD;PRAD,21,76,FALSE,1,TRUE,maximum complete profiles at fixed k; lexicographic tie-break; logFC not used
MAOB,0.6,12,8,BRCA;COAD;ESCA;KICH;KIRC;LIHC;LUSC;PRAD,21,77,FALSE,1,TRUE,maximum complete profiles at fixed k; lexicographic tie-break; logFC not used
MAOB,0.6,12,8,BRCA;COAD;ESCA;KICH;KIRP;LIHC;LUAD;PRAD,21,78,FALSE,1,TRUE,maximum complete profiles at fixed k; lexicographic tie-break; logFC not used
MAOB,0.6,12,8,BRCA;COAD;ESCA;KICH;KIRP;LIHC;LUSC;PRAD,21,79,FALSE,1,TRUE,maximum complete profiles at fixed k; lexicographic tie-break; logFC not used
MAOB,0.6,12,8,BRCA;COAD;ESCA;KIRC;KIRP;LIHC;LUAD;PRAD,21,80,FALSE,1,TRUE,maximum complete profiles at fixed k; lexicographic tie-break; logFC not used
MAOB,0.6,12,8,BRCA;COAD;ESCA;KIRC;KIRP;LIHC;LUSC;PRAD,21,81,FALSE,1,TRUE,maximum complete profiles at fixed k; lexicographic tie-break; logFC not used
MAOB,0.6,12,8,BRCA;COAD;ESCA;KIRC;LIHC;LUAD;LUSC;PRAD,21,82,FALSE,1,TRUE,maximum complete profiles at fixed k; lexicographic tie-break; logFC not used
MAOB,0.6,12,8,BRCA;COAD;ESCA;KIRP;LIHC;LUAD;LUSC;PRAD,21,83,FALSE,1,TRUE,maximum complete profiles at fixed k; lexicographic tie-break; logFC not used
MAOB,0.6,12,8,BRCA;KICH;KIRC;KIRP;LIHC;LUSC;PRAD;STAD,20,84,FALSE,1,TRUE,maximum complete profiles at fixed k; lexicographic tie-break; logFC not used
MAOB,0.6,12,8,BRCA;KICH;KIRC;LIHC;LUAD;LUSC;PRAD;STAD,20,85,FALSE,1,TRUE,maximum complete profiles at fixed k; lexicographic tie-break; logFC not used
MAOB,0.6,12,8,BRCA;KICH;KIRC;KIRP;LIHC;LUAD;PRAD;STAD,19,86,FALSE,1,FALSE,maximum complete profiles at fixed k; lexicographic tie-break; logFC not used
MAOB,0.6,12,8,BRCA;KICH;KIRP;LIHC;LUAD;LUSC;PRAD;STAD,19,87,FALSE,1,FALSE,maximum complete profiles at fixed k; lexicographic tie-break; logFC not used
MAOB,0.6,12,8,BRCA;KIRC;KIRP;LIHC;LUAD;LUSC;PRAD;STAD,19,88,FALSE,1,FALSE,maximum complete profiles at fixed k; lexicographic tie-break; logFC not used
MAOB,0.6,12,8,COAD;KICH;KIRC;KIRP;LIHC;LUAD;LUSC;STAD,18,89,FALSE,1,FALSE,maximum complete profiles at fixed k; lexicographic tie-break; logFC not used
MAOB,0.6,12,8,BRCA;COAD;KICH;KIRC;KIRP;LIHC;PRAD;STAD,16,90,FALSE,1,FALSE,maximum complete profiles at fixed k; lexicographic tie-break; logFC not used
MAOB,0.6,12,8,COAD;KICH;KIRC;KIRP;LIHC;LUAD;PRAD;STAD,15,91,FALSE,1,FALSE,maximum complete profiles at fixed k; lexicographic tie-break; logFC not used
MAOB,0.6,12,8,COAD;KICH;KIRC;KIRP;LIHC;LUSC;PRAD;STAD,15,92,FALSE,1,FALSE,maximum complete profiles at fixed k; lexicographic tie-break; logFC not used
MAOB,0.6,12,8,COAD;KICH;KIRC;LIHC;LUAD;LUSC;PRAD;STAD,15,93,FALSE,1,FALSE,maximum complete profiles at fixed k; lexicographic tie-break; logFC not used
MAOB,0.6,12,8,COAD;KICH;KIRP;LIHC;LUAD;LUSC;PRAD;STAD,15,94,FALSE,1,FALSE,maximum complete profiles at fixed k; lexicographic tie-break; logFC not used
MAOB,0.6,12,8,COAD;KIRC;KIRP;LIHC;LUAD;LUSC;PRAD;STAD,15,95,FALSE,1,FALSE,maximum complete profiles at fixed k; lexicographic tie-break; logFC not used
MAOB,0.6,12,8,BRCA;ESCA;KICH;KIRC;KIRP;LIHC;PRAD;STAD,14,96,FALSE,1,FALSE,maximum complete profiles at fixed k; lexicographic tie-break; logFC not used
MAOB,0.6,12,8,ESCA;KICH;KIRC;KIRP;LIHC;LUAD;LUSC;STAD,13,97,FALSE,1,FALSE,maximum complete profiles at fixed k; lexicographic tie-break; logFC not used
MAOB,0.6,12,8,ESCA;KICH;KIRC;LIHC;LUAD;LUSC;PRAD;STAD,13,98,FALSE,1,FALSE,maximum complete profiles at fixed k; lexicographic tie-break; logFC not used
MAOB,0.6,12,8,BRCA;COAD;KICH;KIRC;KIRP;LIHC;LUAD;STAD,12,99,FALSE,1,FALSE,maximum complete profiles at fixed k; lexicographic tie-break; logFC not used
MAOB,0.6,12,8,BRCA;COAD;KICH;KIRC;KIRP;LIHC;LUSC;STAD,12,100,FALSE,1,FALSE,maximum complete profiles at fixed k; lexicographic tie-break; logFC not used
MAOB,0.6,12,8,BRCA;COAD;KICH;KIRC;LIHC;LUAD;LUSC;STAD,12,101,FALSE,1,FALSE,maximum complete profiles at fixed k; lexicographic tie-break; logFC not used
MAOB,0.6,12,8,BRCA;COAD;KICH;KIRC;LIHC;LUAD;PRAD;STAD,12,102,FALSE,1,FALSE,maximum complete profiles at fixed k; lexicographic tie-break; logFC not used
MAOB,0.6,12,8,BRCA;COAD;KICH;KIRC;LIHC;LUSC;PRAD;STAD,12,103,FALSE,1,FALSE,maximum complete profiles at fixed k; lexicographic tie-break; logFC not used
MAOB,0.6,12,8,BRCA;COAD;KICH;KIRP;LIHC;LUAD;LUSC;STAD,12,104,FALSE,1,FALSE,maximum complete profiles at fixed k; lexicographic tie-break; logFC not used
MAOB,0.6,12,8,BRCA;COAD;KICH;KIRP;LIHC;LUAD;PRAD;STAD,12,105,FALSE,1,FALSE,maximum complete profiles at fixed k; lexicographic tie-break; logFC not used
MAOB,0.6,12,8,BRCA;COAD;KICH;KIRP;LIHC;LUSC;PRAD;STAD,12,106,FALSE,1,FALSE,maximum complete profiles at fixed k; lexicographic tie-break; logFC not used
MAOB,0.6,12,8,BRCA;COAD;KICH;LIHC;LUAD;LUSC;PRAD;STAD,12,107,FALSE,1,FALSE,maximum complete profiles at fixed k; lexicographic tie-break; logFC not used
MAOB,0.6,12,8,BRCA;COAD;KIRC;KIRP;LIHC;LUAD;LUSC;STAD,12,108,FALSE,1,FALSE,maximum complete profiles at fixed k; lexicographic tie-break; logFC not used
MAOB,0.6,12,8,BRCA;COAD;KIRC;KIRP;LIHC;LUAD;PRAD;STAD,12,109,FALSE,1,FALSE,maximum complete profiles at fixed k; lexicographic tie-break; logFC not used
MAOB,0.6,12,8,BRCA;COAD;KIRC;KIRP;LIHC;LUSC;PRAD;STAD,12,110,FALSE,1,FALSE,maximum complete profiles at fixed k; lexicographic tie-break; logFC not used
MAOB,0.6,12,8,BRCA;COAD;KIRC;LIHC;LUAD;LUSC;PRAD;STAD,12,111,FALSE,1,FALSE,maximum complete profiles at fixed k; lexicographic tie-break; logFC not used
MAOB,0.6,12,8,BRCA;COAD;KIRP;LIHC;LUAD;LUSC;PRAD;STAD,12,112,FALSE,1,FALSE,maximum complete profiles at fixed k; lexicographic tie-break; logFC not used
MAOB,0.6,12,8,ESCA;KICH;KIRC;KIRP;LIHC;LUAD;PRAD;STAD,12,113,FALSE,1,FALSE,maximum complete profiles at fixed k; lexicographic tie-break; logFC not used
MAOB,0.6,12,8,ESCA;KICH;KIRC;KIRP;LIHC;LUSC;PRAD;STAD,12,114,FALSE,1,FALSE,maximum complete profiles at fixed k; lexicographic tie-break; logFC not used
MAOB,0.6,12,8,ESCA;KICH;KIRP;LIHC;LUAD;LUSC;PRAD;STAD,12,115,FALSE,1,FALSE,maximum complete profiles at fixed k; lexicographic tie-break; logFC not used
MAOB,0.6,12,8,ESCA;KIRC;KIRP;LIHC;LUAD;LUSC;PRAD;STAD,12,116,FALSE,1,FALSE,maximum complete profiles at fixed k; lexicographic tie-break; logFC not used
MAOB,0.6,12,8,COAD;ESCA;KICH;KIRC;KIRP;LIHC;PRAD;STAD,11,117,FALSE,1,FALSE,maximum complete profiles at fixed k; lexicographic tie-break; logFC not used
MAOB,0.6,12,8,BRCA;COAD;ESCA;KICH;KIRC;KIRP;LIHC;STAD,10,118,FALSE,1,FALSE,maximum complete profiles at fixed k; lexicographic tie-break; logFC not used
MAOB,0.6,12,8,BRCA;COAD;ESCA;KICH;KIRC;LIHC;PRAD;STAD,9,119,FALSE,1,FALSE,maximum complete profiles at fixed k; lexicographic tie-break; logFC not used
MAOB,0.6,12,8,BRCA;COAD;ESCA;KICH;KIRP;LIHC;PRAD;STAD,9,120,FALSE,1,FALSE,maximum complete profiles at fixed k; lexicographic tie-break; logFC not used
MAOB,0.6,12,8,BRCA;COAD;ESCA;KIRC;KIRP;LIHC;PRAD;STAD,9,121,FALSE,1,FALSE,maximum complete profiles at fixed k; lexicographic tie-break; logFC not used
MAOB,0.6,12,8,BRCA;ESCA;KICH;KIRC;LIHC;LUAD;LUSC;STAD,9,122,FALSE,1,FALSE,maximum complete profiles at fixed k; lexicographic tie-break; logFC not used
MAOB,0.6,12,8,BRCA;ESCA;KICH;KIRC;LIHC;LUAD;PRAD;STAD,9,123,FALSE,1,FALSE,maximum complete profiles at fixed k; lexicographic tie-break; logFC not used
MAOB,0.6,12,8,BRCA;ESCA;KICH;KIRC;LIHC;LUSC;PRAD;STAD,9,124,FALSE,1,FALSE,maximum complete profiles at fixed k; lexicographic tie-break; logFC not used
MAOB,0.6,12,8,BRCA;ESCA;KICH;LIHC;LUAD;LUSC;PRAD;STAD,9,125,FALSE,1,FALSE,maximum complete profiles at fixed k; lexicographic tie-break; logFC not used
MAOB,0.6,12,8,BRCA;ESCA;KIRC;LIHC;LUAD;LUSC;PRAD;STAD,9,126,FALSE,1,FALSE,maximum complete profiles at fixed k; lexicographic tie-break; logFC not used
MAOB,0.6,12,8,BRCA;COAD;ESCA;LIHC;LUAD;LUSC;PRAD;STAD,8,127,FALSE,1,FALSE,maximum complete profiles at fixed k; lexicographic tie-break; logFC not used
MAOB,0.6,12,8,BRCA;ESCA;KICH;KIRC;KIRP;LIHC;LUAD;STAD,8,128,FALSE,1,FALSE,maximum complete profiles at fixed k; lexicographic tie-break; logFC not used
MAOB,0.6,12,8,BRCA;ESCA;KICH;KIRC;KIRP;LIHC;LUSC;STAD,8,129,FALSE,1,FALSE,maximum complete profiles at fixed k; lexicographic tie-break; logFC not used
MAOB,0.6,12,8,BRCA;ESCA;KICH;KIRP;LIHC;LUAD;LUSC;STAD,8,130,FALSE,1,FALSE,maximum complete profiles at fixed k; lexicographic tie-break; logFC not used
MAOB,0.6,12,8,BRCA;ESCA;KICH;KIRP;LIHC;LUAD;PRAD;STAD,8,131,FALSE,1,FALSE,maximum complete profiles at fixed k; lexicographic tie-break; logFC not used
MAOB,0.6,12,8,BRCA;ESCA;KICH;KIRP;LIHC;LUSC;PRAD;STAD,8,132,FALSE,1,FALSE,maximum complete profiles at fixed k; lexicographic tie-break; logFC not used
MAOB,0.6,12,8,BRCA;ESCA;KIRC;KIRP;LIHC;LUAD;LUSC;STAD,8,133,FALSE,1,FALSE,maximum complete profiles at fixed k; lexicographic tie-break; logFC not used
MAOB,0.6,12,8,BRCA;ESCA;KIRC;KIRP;LIHC;LUAD;PRAD;STAD,8,134,FALSE,1,FALSE,maximum complete profiles at fixed k; lexicographic tie-break; logFC not used
MAOB,0.6,12,8,BRCA;ESCA;KIRC;KIRP;LIHC;LUSC;PRAD;STAD,8,135,FALSE,1,FALSE,maximum complete profiles at fixed k; lexicographic tie-break; logFC not used
MAOB,0.6,12,8,BRCA;ESCA;KIRP;LIHC;LUAD;LUSC;PRAD;STAD,8,136,FALSE,1,FALSE,maximum complete profiles at fixed k; lexicographic tie-break; logFC not used
MAOB,0.6,12,8,COAD;ESCA;KICH;KIRC;KIRP;LIHC;LUAD;STAD,8,137,FALSE,1,FALSE,maximum complete profiles at fixed k; lexicographic tie-break; logFC not used
MAOB,0.6,12,8,COAD;ESCA;KICH;KIRC;KIRP;LIHC;LUSC;STAD,8,138,FALSE,1,FALSE,maximum complete profiles at fixed k; lexicographic tie-break; logFC not used
MAOB,0.6,12,8,COAD;ESCA;KICH;KIRC;LIHC;LUAD;LUSC;STAD,8,139,FALSE,1,FALSE,maximum complete profiles at fixed k; lexicographic tie-break; logFC not used
MAOB,0.6,12,8,COAD;ESCA;KICH;KIRC;LIHC;LUAD;PRAD;STAD,8,140,FALSE,1,FALSE,maximum complete profiles at fixed k; lexicographic tie-break; logFC not used
MAOB,0.6,12,8,COAD;ESCA;KICH;KIRC;LIHC;LUSC;PRAD;STAD,8,141,FALSE,1,FALSE,maximum complete profiles at fixed k; lexicographic tie-break; logFC not used
MAOB,0.6,12,8,COAD;ESCA;KICH;KIRP;LIHC;LUAD;LUSC;STAD,8,142,FALSE,1,FALSE,maximum complete profiles at fixed k; lexicographic tie-break; logFC not used
MAOB,0.6,12,8,COAD;ESCA;KICH;KIRP;LIHC;LUAD;PRAD;STAD,8,143,FALSE,1,FALSE,maximum complete profiles at fixed k; lexicographic tie-break; logFC not used
MAOB,0.6,12,8,COAD;ESCA;KICH;KIRP;LIHC;LUSC;PRAD;STAD,8,144,FALSE,1,FALSE,maximum complete profiles at fixed k; lexicographic tie-break; logFC not used
MAOB,0.6,12,8,COAD;ESCA;KICH;LIHC;LUAD;LUSC;PRAD;STAD,8,145,FALSE,1,FALSE,maximum complete profiles at fixed k; lexicographic tie-break; logFC not used
MAOB,0.6,12,8,COAD;ESCA;KIRC;KIRP;LIHC;LUAD;LUSC;STAD,8,146,FALSE,1,FALSE,maximum complete profiles at fixed k; lexicographic tie-break; logFC not used
MAOB,0.6,12,8,COAD;ESCA;KIRC;KIRP;LIHC;LUAD;PRAD;STAD,8,147,FALSE,1,FALSE,maximum complete profiles at fixed k; lexicographic tie-break; logFC not used
MAOB,0.6,12,8,COAD;ESCA;KIRC;KIRP;LIHC;LUSC;PRAD;STAD,8,148,FALSE,1,FALSE,maximum complete profiles at fixed k; lexicographic tie-break; logFC not used
MAOB,0.6,12,8,COAD;ESCA;KIRC;LIHC;LUAD;LUSC;PRAD;STAD,8,149,FALSE,1,FALSE,maximum complete profiles at fixed k; lexicographic tie-break; logFC not used
MAOB,0.6,12,8,COAD;ESCA;KIRP;LIHC;LUAD;LUSC;PRAD;STAD,8,150,FALSE,1,FALSE,maximum complete profiles at fixed k; lexicographic tie-break; logFC not used
MAOB,0.6,12,8,BRCA;COAD;ESCA;KICH;KIRC;LIHC;LUAD;STAD,6,151,FALSE,1,FALSE,maximum complete profiles at fixed k; lexicographic tie-break; logFC not used
MAOB,0.6,12,8,BRCA;COAD;ESCA;KICH;KIRC;LIHC;LUSC;STAD,6,152,FALSE,1,FALSE,maximum complete profiles at fixed k; lexicographic tie-break; logFC not used
MAOB,0.6,12,8,BRCA;COAD;ESCA;KICH;KIRP;LIHC;LUAD;STAD,6,153,FALSE,1,FALSE,maximum complete profiles at fixed k; lexicographic tie-break; logFC not used
MAOB,0.6,12,8,BRCA;COAD;ESCA;KICH;KIRP;LIHC;LUSC;STAD,6,154,FALSE,1,FALSE,maximum complete profiles at fixed k; lexicographic tie-break; logFC not used
MAOB,0.6,12,8,BRCA;COAD;ESCA;KICH;LIHC;LUAD;LUSC;STAD,6,155,FALSE,1,FALSE,maximum complete profiles at fixed k; lexicographic tie-break; logFC not used
MAOB,0.6,12,8,BRCA;COAD;ESCA;KICH;LIHC;LUAD;PRAD;STAD,6,156,FALSE,1,FALSE,maximum complete profiles at fixed k; lexicographic tie-break; logFC not used
MAOB,0.6,12,8,BRCA;COAD;ESCA;KICH;LIHC;LUSC;PRAD;STAD,6,157,FALSE,1,FALSE,maximum complete profiles at fixed k; lexicographic tie-break; logFC not used
MAOB,0.6,12,8,BRCA;COAD;ESCA;KIRC;KIRP;LIHC;LUAD;STAD,6,158,FALSE,1,FALSE,maximum complete profiles at fixed k; lexicographic tie-break; logFC not used
MAOB,0.6,12,8,BRCA;COAD;ESCA;KIRC;KIRP;LIHC;LUSC;STAD,6,159,FALSE,1,FALSE,maximum complete profiles at fixed k; lexicographic tie-break; logFC not used
MAOB,0.6,12,8,BRCA;COAD;ESCA;KIRC;LIHC;LUAD;LUSC;STAD,6,160,FALSE,1,FALSE,maximum complete profiles at fixed k; lexicographic tie-break; logFC not used
MAOB,0.6,12,8,BRCA;COAD;ESCA;KIRC;LIHC;LUAD;PRAD;STAD,6,161,FALSE,1,FALSE,maximum complete profiles at fixed k; lexicographic tie-break; logFC not used
MAOB,0.6,12,8,BRCA;COAD;ESCA;KIRC;LIHC;LUSC;PRAD;STAD,6,162,FALSE,1,FALSE,maximum complete profiles at fixed k; lexicographic tie-break; logFC not used
MAOB,0.6,12,8,BRCA;COAD;ESCA;KIRP;LIHC;LUAD;LUSC;STAD,6,163,FALSE,1,FALSE,maximum complete profiles at fixed k; lexicographic tie-break; logFC not used
MAOB,0.6,12,8,BRCA;COAD;ESCA;KIRP;LIHC;LUAD;PRAD;STAD,6,164,FALSE,1,FALSE,maximum complete profiles at fixed k; lexicographic tie-break; logFC not used
MAOB,0.6,12,8,BRCA;COAD;ESCA;KIRP;LIHC;LUSC;PRAD;STAD,6,165,FALSE,1,FALSE,maximum complete profiles at fixed k; lexicographic tie-break; logFC not used
MAOB,0.6,12,8,COAD;KICH;KIRC;KIRP;LUAD;LUSC;STAD;THCA,3,166,FALSE,1,FALSE,maximum complete profiles at fixed k; lexicographic tie-break; logFC not used
MAOB,0.6,12,8,BRCA;KICH;KIRC;KIRP;LUAD;LUSC;STAD;THCA,2,167,FALSE,1,FALSE,maximum complete profiles at fixed k; lexicographic tie-break; logFC not used
MAOB,0.6,12,8,COAD;ESCA;KICH;KIRC;KIRP;LUAD;LUSC;THCA,2,168,FALSE,1,FALSE,maximum complete profiles at fixed k; lexicographic tie-break; logFC not used
MAOB,0.6,12,8,COAD;ESCA;KICH;KIRC;KIRP;LUAD;PRAD;THCA,2,169,FALSE,1,FALSE,maximum complete profiles at fixed k; lexicographic tie-break; logFC not used
MAOB,0.6,12,8,COAD;ESCA;KICH;KIRC;KIRP;LUAD;STAD;THCA,2,170,FALSE,1,FALSE,maximum complete profiles at fixed k; lexicographic tie-break; logFC not used
MAOB,0.6,12,8,COAD;ESCA;KICH;KIRC;KIRP;LUSC;PRAD;THCA,2,171,FALSE,1,FALSE,maximum complete profiles at fixed k; lexicographic tie-break; logFC not used
MAOB,0.6,12,8,COAD;ESCA;KICH;KIRC;KIRP;LUSC;STAD;THCA,2,172,FALSE,1,FALSE,maximum complete profiles at fixed k; lexicographic tie-break; logFC not used
MAOB,0.6,12,8,COAD;ESCA;KICH;KIRC;KIRP;PRAD;STAD;THCA,2,173,FALSE,1,FALSE,maximum complete profiles at fixed k; lexicographic tie-break; logFC not used
MAOB,0.6,12,8,COAD;ESCA;KICH;KIRC;LUAD;LUSC;PRAD;THCA,2,174,FALSE,1,FALSE,maximum complete profiles at fixed k; lexicographic tie-break; logFC not used
MAOB,0.6,12,8,COAD;ESCA;KICH;KIRC;LUAD;LUSC;STAD;THCA,2,175,FALSE,1,FALSE,maximum complete profiles at fixed k; lexicographic tie-break; logFC not used
MAOB,0.6,12,8,COAD;ESCA;KICH;KIRC;LUAD;PRAD;STAD;THCA,2,176,FALSE,1,FALSE,maximum complete profiles at fixed k; lexicographic tie-break; logFC not used
MAOB,0.6,12,8,COAD;ESCA;KICH;KIRC;LUSC;PRAD;STAD;THCA,2,177,FALSE,1,FALSE,maximum complete profiles at fixed k; lexicographic tie-break; logFC not used
MAOB,0.6,12,8,COAD;ESCA;KICH;KIRP;LUAD;LUSC;PRAD;THCA,2,178,FALSE,1,FALSE,maximum complete profiles at fixed k; lexicographic tie-break; logFC not used
MAOB,0.6,12,8,COAD;ESCA;KICH;KIRP;LUAD;LUSC;STAD;THCA,2,179,FALSE,1,FALSE,maximum complete profiles at fixed k; lexicographic tie-break; logFC not used
MAOB,0.6,12,8,COAD;ESCA;KICH;KIRP;LUAD;PRAD;STAD;THCA,2,180,FALSE,1,FALSE,maximum complete profiles at fixed k; lexicographic tie-break; logFC not used
MAOB,0.6,12,8,COAD;ESCA;KICH;KIRP;LUSC;PRAD;STAD;THCA,2,181,FALSE,1,FALSE,maximum complete profiles at fixed k; lexicographic tie-break; logFC not used
MAOB,0.6,12,8,COAD;ESCA;KICH;LUAD;LUSC;PRAD;STAD;THCA,2,182,FALSE,1,FALSE,maximum complete profiles at fixed k; lexicographic tie-break; logFC not used
MAOB,0.6,12,8,COAD;ESCA;KIRC;KIRP;LUAD;LUSC;PRAD;THCA,2,183,FALSE,1,FALSE,maximum complete profiles at fixed k; lexicographic tie-break; logFC not used
MAOB,0.6,12,8,COAD;ESCA;KIRC;KIRP;LUAD;LUSC;STAD;THCA,2,184,FALSE,1,FALSE,maximum complete profiles at fixed k; lexicographic tie-break; logFC not used
MAOB,0.6,12,8,COAD;ESCA;KIRC;KIRP;LUAD;PRAD;STAD;THCA,2,185,FALSE,1,FALSE,maximum complete profiles at fixed k; lexicographic tie-break; logFC not used
MAOB,0.6,12,8,COAD;ESCA;KIRC;KIRP;LUSC;PRAD;STAD;THCA,2,186,FALSE,1,FALSE,maximum complete profiles at fixed k; lexicographic tie-break; logFC not used
MAOB,0.6,12,8,COAD;ESCA;KIRC;LUAD;LUSC;PRAD;STAD;THCA,2,187,FALSE,1,FALSE,maximum complete profiles at fixed k; lexicographic tie-break; logFC not used
MAOB,0.6,12,8,COAD;ESCA;KIRP;LUAD;LUSC;PRAD;STAD;THCA,2,188,FALSE,1,FALSE,maximum complete profiles at fixed k; lexicographic tie-break; logFC not used
MAOB,0.6,12,8,COAD;KICH;KIRC;KIRP;LUAD;LUSC;PRAD;THCA,2,189,FALSE,1,FALSE,maximum complete profiles at fixed k; lexicographic tie-break; logFC not used
MAOB,0.6,12,8,COAD;KICH;KIRC;KIRP;LUAD;PRAD;STAD;THCA,2,190,FALSE,1,FALSE,maximum complete profiles at fixed k; lexicographic tie-break; logFC not used
MAOB,0.6,12,8,COAD;KICH;KIRC;KIRP;LUSC;PRAD;STAD;THCA,2,191,FALSE,1,FALSE,maximum complete profiles at fixed k; lexicographic tie-break; logFC not used
MAOB,0.6,12,8,COAD;KICH;KIRC;LUAD;LUSC;PRAD;STAD;THCA,2,192,FALSE,1,FALSE,maximum complete profiles at fixed k; lexicographic tie-break; logFC not used
MAOB,0.6,12,8,COAD;KICH;KIRP;LUAD;LUSC;PRAD;STAD;THCA,2,193,FALSE,1,FALSE,maximum complete profiles at fixed k; lexicographic tie-break; logFC not used
MAOB,0.6,12,8,COAD;KIRC;KIRP;LUAD;LUSC;PRAD;STAD;THCA,2,194,FALSE,1,FALSE,maximum complete profiles at fixed k; lexicographic tie-break; logFC not used
MAOB,0.6,12,8,ESCA;KICH;KIRC;KIRP;LUAD;LUSC;PRAD;THCA,2,195,FALSE,1,FALSE,maximum complete profiles at fixed k; lexicographic tie-break; logFC not used
MAOB,0.6,12,8,ESCA;KICH;KIRC;KIRP;LUAD;LUSC;STAD;THCA,2,196,FALSE,1,FALSE,maximum complete profiles at fixed k; lexicographic tie-break; logFC not used
MAOB,0.6,12,8,ESCA;KICH;KIRC;KIRP;LUAD;PRAD;STAD;THCA,2,197,FALSE,1,FALSE,maximum complete profiles at fixed k; lexicographic tie-break; logFC not used
MAOB,0.6,12,8,ESCA;KICH;KIRC;KIRP;LUSC;PRAD;STAD;THCA,2,198,FALSE,1,FALSE,maximum complete profiles at fixed k; lexicographic tie-break; logFC not used
MAOB,0.6,12,8,ESCA;KICH;KIRC;LUAD;LUSC;PRAD;STAD;THCA,2,199,FALSE,1,FALSE,maximum complete profiles at fixed k; lexicographic tie-break; logFC not used
MAOB,0.6,12,8,ESCA;KICH;KIRP;LUAD;LUSC;PRAD;STAD;THCA,2,200,FALSE,1,FALSE,maximum complete profiles at fixed k; lexicographic tie-break; logFC not used
MAOB,0.6,12,8,ESCA;KIRC;KIRP;LUAD;LUSC;PRAD;STAD;THCA,2,201,FALSE,1,FALSE,maximum complete profiles at fixed k; lexicographic tie-break; logFC not used
MAOB,0.6,12,8,KICH;KIRC;KIRP;LUAD;LUSC;PRAD;STAD;THCA,2,202,FALSE,1,FALSE,maximum complete profiles at fixed k; lexicographic tie-break; logFC not used
MAOB,0.6,12,8,BRCA;COAD;ESCA;KICH;KIRC;KIRP;LUAD;THCA,1,203,FALSE,1,FALSE,maximum complete profiles at fixed k; lexicographic tie-break; logFC not used
MAOB,0.6,12,8,BRCA;COAD;ESCA;KICH;KIRC;KIRP;LUSC;THCA,1,204,FALSE,1,FALSE,maximum complete profiles at fixed k; lexicographic tie-break; logFC not used
MAOB,0.6,12,8,BRCA;COAD;ESCA;KICH;KIRC;KIRP;PRAD;THCA,1,205,FALSE,1,FALSE,maximum complete profiles at fixed k; lexicographic tie-break; logFC not used
MAOB,0.6,12,8,BRCA;COAD;ESCA;KICH;KIRC;KIRP;STAD;THCA,1,206,FALSE,1,FALSE,maximum complete profiles at fixed k; lexicographic tie-break; logFC not used
MAOB,0.6,12,8,BRCA;COAD;ESCA;KICH;KIRC;LUAD;LUSC;THCA,1,207,FALSE,1,FALSE,maximum complete profiles at fixed k; lexicographic tie-break; logFC not used
MAOB,0.6,12,8,BRCA;COAD;ESCA;KICH;KIRC;LUAD;PRAD;THCA,1,208,FALSE,1,FALSE,maximum complete profiles at fixed k; lexicographic tie-break; logFC not used
MAOB,0.6,12,8,BRCA;COAD;ESCA;KICH;KIRC;LUAD;STAD;THCA,1,209,FALSE,1,FALSE,maximum complete profiles at fixed k; lexicographic tie-break; logFC not used
MAOB,0.6,12,8,BRCA;COAD;ESCA;KICH;KIRC;LUSC;PRAD;THCA,1,210,FALSE,1,FALSE,maximum complete profiles at fixed k; lexicographic tie-break; logFC not used
MAOB,0.6,12,8,BRCA;COAD;ESCA;KICH;KIRC;LUSC;STAD;THCA,1,211,FALSE,1,FALSE,maximum complete profiles at fixed k; lexicographic tie-break; logFC not used
MAOB,0.6,12,8,BRCA;COAD;ESCA;KICH;KIRC;PRAD;STAD;THCA,1,212,FALSE,1,FALSE,maximum complete profiles at fixed k; lexicographic tie-break; logFC not used
MAOB,0.6,12,8,BRCA;COAD;ESCA;KICH;KIRP;LUAD;LUSC;THCA,1,213,FALSE,1,FALSE,maximum complete profiles at fixed k; lexicographic tie-break; logFC not used
MAOB,0.6,12,8,BRCA;COAD;ESCA;KICH;KIRP;LUAD;PRAD;THCA,1,214,FALSE,1,FALSE,maximum complete profiles at fixed k; lexicographic tie-break; logFC not used
MAOB,0.6,12,8,BRCA;COAD;ESCA;KICH;KIRP;LUAD;STAD;THCA,1,215,FALSE,1,FALSE,maximum complete profiles at fixed k; lexicographic tie-break; logFC not used
MAOB,0.6,12,8,BRCA;COAD;ESCA;KICH;KIRP;LUSC;PRAD;THCA,1,216,FALSE,1,FALSE,maximum complete profiles at fixed k; lexicographic tie-break; logFC not used
MAOB,0.6,12,8,BRCA;COAD;ESCA;KICH;KIRP;LUSC;STAD;THCA,1,217,FALSE,1,FALSE,maximum complete profiles at fixed k; lexicographic tie-break; logFC not used
MAOB,0.6,12,8,BRCA;COAD;ESCA;KICH;KIRP;PRAD;STAD;THCA,1,218,FALSE,1,FALSE,maximum complete profiles at fixed k; lexicographic tie-break; logFC not used
MAOB,0.6,12,8,BRCA;COAD;ESCA;KICH;LUAD;LUSC;PRAD;THCA,1,219,FALSE,1,FALSE,maximum complete profiles at fixed k; lexicographic tie-break; logFC not used
MAOB,0.6,12,8,BRCA;COAD;ESCA;KICH;LUAD;LUSC;STAD;THCA,1,220,FALSE,1,FALSE,maximum complete profiles at fixed k; lexicographic tie-break; logFC not used
MAOB,0.6,12,8,BRCA;COAD;ESCA;KICH;LUAD;PRAD;STAD;THCA,1,221,FALSE,1,FALSE,maximum complete profiles at fixed k; lexicographic tie-break; logFC not used
MAOB,0.6,12,8,BRCA;COAD;ESCA;KICH;LUSC;PRAD;STAD;THCA,1,222,FALSE,1,FALSE,maximum complete profiles at fixed k; lexicographic tie-break; logFC not used
MAOB,0.6,12,8,BRCA;COAD;ESCA;KIRC;KIRP;LUAD;LUSC;THCA,1,223,FALSE,1,FALSE,maximum complete profiles at fixed k; lexicographic tie-break; logFC not used
MAOB,0.6,12,8,BRCA;COAD;ESCA;KIRC;KIRP;LUAD;PRAD;THCA,1,224,FALSE,1,FALSE,maximum complete profiles at fixed k; lexicographic tie-break; logFC not used
MAOB,0.6,12,8,BRCA;COAD;ESCA;KIRC;KIRP;LUAD;STAD;THCA,1,225,FALSE,1,FALSE,maximum complete profiles at fixed k; lexicographic tie-break; logFC not used
MAOB,0.6,12,8,BRCA;COAD;ESCA;KIRC;KIRP;LUSC;PRAD;THCA,1,226,FALSE,1,FALSE,maximum complete profiles at fixed k; lexicographic tie-break; logFC not used
MAOB,0.6,12,8,BRCA;COAD;ESCA;KIRC;KIRP;LUSC;STAD;THCA,1,227,FALSE,1,FALSE,maximum complete profiles at fixed k; lexicographic tie-break; logFC not used
MAOB,0.6,12,8,BRCA;COAD;ESCA;KIRC;KIRP;PRAD;STAD;THCA,1,228,FALSE,1,FALSE,maximum complete profiles at fixed k; lexicographic tie-break; logFC not used
MAOB,0.6,12,8,BRCA;COAD;ESCA;KIRC;LUAD;LUSC;PRAD;THCA,1,229,FALSE,1,FALSE,maximum complete profiles at fixed k; lexicographic tie-break; logFC not used
MAOB,0.6,12,8,BRCA;COAD;ESCA;KIRC;LUAD;LUSC;STAD;THCA,1,230,FALSE,1,FALSE,maximum complete profiles at fixed k; lexicographic tie-break; logFC not used
MAOB,0.6,12,8,BRCA;COAD;ESCA;KIRC;LUAD;PRAD;STAD;THCA,1,231,FALSE,1,FALSE,maximum complete profiles at fixed k; lexicographic tie-break; logFC not used
MAOB,0.6,12,8,BRCA;COAD;ESCA;KIRC;LUSC;PRAD;STAD;THCA,1,232,FALSE,1,FALSE,maximum complete profiles at fixed k; lexicographic tie-break; logFC not used
MAOB,0.6,12,8,BRCA;COAD;ESCA;KIRP;LUAD;LUSC;PRAD;THCA,1,233,FALSE,1,FALSE,maximum complete profiles at fixed k; lexicographic tie-break; logFC not used
MAOB,0.6,12,8,BRCA;COAD;ESCA;KIRP;LUAD;LUSC;STAD;THCA,1,234,FALSE,1,FALSE,maximum complete profiles at fixed k; lexicographic tie-break; logFC not used
MAOB,0.6,12,8,BRCA;COAD;ESCA;KIRP;LUAD;PRAD;STAD;THCA,1,235,FALSE,1,FALSE,maximum complete profiles at fixed k; lexicographic tie-break; logFC not used
MAOB,0.6,12,8,BRCA;COAD;ESCA;KIRP;LUSC;PRAD;STAD;THCA,1,236,FALSE,1,FALSE,maximum complete profiles at fixed k; lexicographic tie-break; logFC not used
MAOB,0.6,12,8,BRCA;COAD;ESCA;LUAD;LUSC;PRAD;STAD;THCA,1,237,FALSE,1,FALSE,maximum complete profiles at fixed k; lexicographic tie-break; logFC not used
MAOB,0.6,12,8,BRCA;COAD;KICH;KIRC;KIRP;LUAD;LUSC;THCA,1,238,FALSE,1,FALSE,maximum complete profiles at fixed k; lexicographic tie-break; logFC not used
MAOB,0.6,12,8,BRCA;COAD;KICH;KIRC;KIRP;LUAD;PRAD;THCA,1,239,FALSE,1,FALSE,maximum complete profiles at fixed k; lexicographic tie-break; logFC not used
MAOB,0.6,12,8,BRCA;COAD;KICH;KIRC;KIRP;LUAD;STAD;THCA,1,240,FALSE,1,FALSE,maximum complete profiles at fixed k; lexicographic tie-break; logFC not used
MAOB,0.6,12,8,BRCA;COAD;KICH;KIRC;KIRP;LUSC;PRAD;THCA,1,241,FALSE,1,FALSE,maximum complete profiles at fixed k; lexicographic tie-break; logFC not used
MAOB,0.6,12,8,BRCA;COAD;KICH;KIRC;KIRP;LUSC;STAD;THCA,1,242,FALSE,1,FALSE,maximum complete profiles at fixed k; lexicographic tie-break; logFC not used
MAOB,0.6,12,8,BRCA;COAD;KICH;KIRC;KIRP;PRAD;STAD;THCA,1,243,FALSE,1,FALSE,maximum complete profiles at fixed k; lexicographic tie-break; logFC not used
MAOB,0.6,12,8,BRCA;COAD;KICH;KIRC;LUAD;LUSC;PRAD;THCA,1,244,FALSE,1,FALSE,maximum complete profiles at fixed k; lexicographic tie-break; logFC not used
MAOB,0.6,12,8,BRCA;COAD;KICH;KIRC;LUAD;LUSC;STAD;THCA,1,245,FALSE,1,FALSE,maximum complete profiles at fixed k; lexicographic tie-break; logFC not used
MAOB,0.6,12,8,BRCA;COAD;KICH;KIRC;LUAD;PRAD;STAD;THCA,1,246,FALSE,1,FALSE,maximum complete profiles at fixed k; lexicographic tie-break; logFC not used
MAOB,0.6,12,8,BRCA;COAD;KICH;KIRC;LUSC;PRAD;STAD;THCA,1,247,FALSE,1,FALSE,maximum complete profiles at fixed k; lexicographic tie-break; logFC not used
MAOB,0.6,12,8,BRCA;COAD;KICH;KIRP;LUAD;LUSC;PRAD;THCA,1,248,FALSE,1,FALSE,maximum complete profiles at fixed k; lexicographic tie-break; logFC not used
MAOB,0.6,12,8,BRCA;COAD;KICH;KIRP;LUAD;LUSC;STAD;THCA,1,249,FALSE,1,FALSE,maximum complete profiles at fixed k; lexicographic tie-break; logFC not used
MAOB,0.6,12,8,BRCA;COAD;KICH;KIRP;LUAD;PRAD;STAD;THCA,1,250,FALSE,1,FALSE,maximum complete profiles at fixed k; lexicographic tie-break; logFC not used
MAOB,0.6,12,8,BRCA;COAD;KICH;KIRP;LUSC;PRAD;STAD;THCA,1,251,FALSE,1,FALSE,maximum complete profiles at fixed k; lexicographic tie-break; logFC not used
MAOB,0.6,12,8,BRCA;COAD;KICH;LUAD;LUSC;PRAD;STAD;THCA,1,252,FALSE,1,FALSE,maximum complete profiles at fixed k; lexicographic tie-break; logFC not used
MAOB,0.6,12,8,BRCA;COAD;KIRC;KIRP;LUAD;LUSC;PRAD;THCA,1,253,FALSE,1,FALSE,maximum complete profiles at fixed k; lexicographic tie-break; logFC not used
MAOB,0.6,12,8,BRCA;COAD;KIRC;KIRP;LUAD;LUSC;STAD;THCA,1,254,FALSE,1,FALSE,maximum complete profiles at fixed k; lexicographic tie-break; logFC not used
MAOB,0.6,12,8,BRCA;COAD;KIRC;KIRP;LUAD;PRAD;STAD;THCA,1,255,FALSE,1,FALSE,maximum complete profiles at fixed k; lexicographic tie-break; logFC not used
MAOB,0.6,12,8,BRCA;COAD;KIRC;KIRP;LUSC;PRAD;STAD;THCA,1,256,FALSE,1,FALSE,maximum complete profiles at fixed k; lexicographic tie-break; logFC not used
MAOB,0.6,12,8,BRCA;COAD;KIRC;LUAD;LUSC;PRAD;STAD;THCA,1,257,FALSE,1,FALSE,maximum complete profiles at fixed k; lexicographic tie-break; logFC not used
MAOB,0.6,12,8,BRCA;COAD;KIRP;LUAD;LUSC;PRAD;STAD;THCA,1,258,FALSE,1,FALSE,maximum complete profiles at fixed k; lexicographic tie-break; logFC not used
MAOB,0.6,12,8,BRCA;ESCA;KICH;KIRC;KIRP;LIHC;STAD;THCA,1,259,FALSE,1,FALSE,maximum complete profiles at fixed k; lexicographic tie-break; logFC not used
MAOB,0.6,12,8,BRCA;ESCA;KICH;KIRC;KIRP;LUAD;LUSC;THCA,1,260,FALSE,1,FALSE,maximum complete profiles at fixed k; lexicographic tie-break; logFC not used
MAOB,0.6,12,8,BRCA;ESCA;KICH;KIRC;KIRP;LUAD;PRAD;THCA,1,261,FALSE,1,FALSE,maximum complete profiles at fixed k; lexicographic tie-break; logFC not used
MAOB,0.6,12,8,BRCA;ESCA;KICH;KIRC;KIRP;LUAD;STAD;THCA,1,262,FALSE,1,FALSE,maximum complete profiles at fixed k; lexicographic tie-break; logFC not used
MAOB,0.6,12,8,BRCA;ESCA;KICH;KIRC;KIRP;LUSC;PRAD;THCA,1,263,FALSE,1,FALSE,maximum complete profiles at fixed k; lexicographic tie-break; logFC not used
MAOB,0.6,12,8,BRCA;ESCA;KICH;KIRC;KIRP;LUSC;STAD;THCA,1,264,FALSE,1,FALSE,maximum complete profiles at fixed k; lexicographic tie-break; logFC not used
MAOB,0.6,12,8,BRCA;ESCA;KICH;KIRC;KIRP;PRAD;STAD;THCA,1,265,FALSE,1,FALSE,maximum complete profiles at fixed k; lexicographic tie-break; logFC not used
MAOB,0.6,12,8,BRCA;ESCA;KICH;KIRC;LUAD;LUSC;PRAD;THCA,1,266,FALSE,1,FALSE,maximum complete profiles at fixed k; lexicographic tie-break; logFC not used
MAOB,0.6,12,8,BRCA;ESCA;KICH;KIRC;LUAD;LUSC;STAD;THCA,1,267,FALSE,1,FALSE,maximum complete profiles at fixed k; lexicographic tie-break; logFC not used
MAOB,0.6,12,8,BRCA;ESCA;KICH;KIRC;LUAD;PRAD;STAD;THCA,1,268,FALSE,1,FALSE,maximum complete profiles at fixed k; lexicographic tie-break; logFC not used
MAOB,0.6,12,8,BRCA;ESCA;KICH;KIRC;LUSC;PRAD;STAD;THCA,1,269,FALSE,1,FALSE,maximum complete profiles at fixed k; lexicographic tie-break; logFC not used
MAOB,0.6,12,8,BRCA;ESCA;KICH;KIRP;LUAD;LUSC;PRAD;THCA,1,270,FALSE,1,FALSE,maximum complete profiles at fixed k; lexicographic tie-break; logFC not used
MAOB,0.6,12,8,BRCA;ESCA;KICH;KIRP;LUAD;LUSC;STAD;THCA,1,271,FALSE,1,FALSE,maximum complete profiles at fixed k; lexicographic tie-break; logFC not used
MAOB,0.6,12,8,BRCA;ESCA;KICH;KIRP;LUAD;PRAD;STAD;THCA,1,272,FALSE,1,FALSE,maximum complete profiles at fixed k; lexicographic tie-break; logFC not used
MAOB,0.6,12,8,BRCA;ESCA;KICH;KIRP;LUSC;PRAD;STAD;THCA,1,273,FALSE,1,FALSE,maximum complete profiles at fixed k; lexicographic tie-break; logFC not used
MAOB,0.6,12,8,BRCA;ESCA;KICH;LUAD;LUSC;PRAD;STAD;THCA,1,274,FALSE,1,FALSE,maximum complete profiles at fixed k; lexicographic tie-break; logFC not used
MAOB,0.6,12,8,BRCA;ESCA;KIRC;KIRP;LUAD;LUSC;PRAD;THCA,1,275,FALSE,1,FALSE,maximum complete profiles at fixed k; lexicographic tie-break; logFC not used
MAOB,0.6,12,8,BRCA;ESCA;KIRC;KIRP;LUAD;LUSC;STAD;THCA,1,276,FALSE,1,FALSE,maximum complete profiles at fixed k; lexicographic tie-break; logFC not used
MAOB,0.6,12,8,BRCA;ESCA;KIRC;KIRP;LUAD;PRAD;STAD;THCA,1,277,FALSE,1,FALSE,maximum complete profiles at fixed k; lexicographic tie-break; logFC not used
MAOB,0.6,12,8,BRCA;ESCA;KIRC;KIRP;LUSC;PRAD;STAD;THCA,1,278,FALSE,1,FALSE,maximum complete profiles at fixed k; lexicographic tie-break; logFC not used
MAOB,0.6,12,8,BRCA;ESCA;KIRC;LUAD;LUSC;PRAD;STAD;THCA,1,279,FALSE,1,FALSE,maximum complete profiles at fixed k; lexicographic tie-break; logFC not used
MAOB,0.6,12,8,BRCA;ESCA;KIRP;LUAD;LUSC;PRAD;STAD;THCA,1,280,FALSE,1,FALSE,maximum complete profiles at fixed k; lexicographic tie-break; logFC not used
MAOB,0.6,12,8,BRCA;KICH;KIRC;KIRP;LIHC;LUAD;LUSC;THCA,1,281,FALSE,1,FALSE,maximum complete profiles at fixed k; lexicographic tie-break; logFC not used
MAOB,0.6,12,8,BRCA;KICH;KIRC;KIRP;LIHC;LUAD;STAD;THCA,1,282,FALSE,1,FALSE,maximum complete profiles at fixed k; lexicographic tie-break; logFC not used
MAOB,0.6,12,8,BRCA;KICH;KIRC;KIRP;LIHC;LUSC;STAD;THCA,1,283,FALSE,1,FALSE,maximum complete profiles at fixed k; lexicographic tie-break; logFC not used
MAOB,0.6,12,8,BRCA;KICH;KIRC;KIRP;LUAD;LUSC;PRAD;THCA,1,284,FALSE,1,FALSE,maximum complete profiles at fixed k; lexicographic tie-break; logFC not used
MAOB,0.6,12,8,BRCA;KICH;KIRC;KIRP;LUAD;PRAD;STAD;THCA,1,285,FALSE,1,FALSE,maximum complete profiles at fixed k; lexicographic tie-break; logFC not used
MAOB,0.6,12,8,BRCA;KICH;KIRC;KIRP;LUSC;PRAD;STAD;THCA,1,286,FALSE,1,FALSE,maximum complete profiles at fixed k; lexicographic tie-break; logFC not used
MAOB,0.6,12,8,BRCA;KICH;KIRC;LIHC;LUAD;LUSC;STAD;THCA,1,287,FALSE,1,FALSE,maximum complete profiles at fixed k; lexicographic tie-break; logFC not used
MAOB,0.6,12,8,BRCA;KICH;KIRC;LUAD;LUSC;PRAD;STAD;THCA,1,288,FALSE,1,FALSE,maximum complete profiles at fixed k; lexicographic tie-break; logFC not used
MAOB,0.6,12,8,BRCA;KICH;KIRP;LIHC;LUAD;LUSC;STAD;THCA,1,289,FALSE,1,FALSE,maximum complete profiles at fixed k; lexicographic tie-break; logFC not used
MAOB,0.6,12,8,BRCA;KICH;KIRP;LUAD;LUSC;PRAD;STAD;THCA,1,290,FALSE,1,FALSE,maximum complete profiles at fixed k; lexicographic tie-break; logFC not used
MAOB,0.6,12,8,BRCA;KIRC;KIRP;LIHC;LUAD;LUSC;STAD;THCA,1,291,FALSE,1,FALSE,maximum complete profiles at fixed k; lexicographic tie-break; logFC not used
MAOB,0.6,12,8,BRCA;KIRC;KIRP;LUAD;LUSC;PRAD;STAD;THCA,1,292,FALSE,1,FALSE,maximum complete profiles at fixed k; lexicographic tie-break; logFC not used
MAOB,0.6,12,8,KICH;KIRC;KIRP;LIHC;LUAD;LUSC;STAD;THCA,1,293,FALSE,1,FALSE,maximum complete profiles at fixed k; lexicographic tie-break; logFC not used
MAOB,0.6,12,8,BRCA;COAD;ESCA;KICH;KIRC;KIRP;LIHC;THCA,0,294,FALSE,1,FALSE,maximum complete profiles at fixed k; lexicographic tie-break; logFC not used
MAOB,0.6,12,8,BRCA;COAD;ESCA;KICH;KIRC;LIHC;LUAD;THCA,0,295,FALSE,1,FALSE,maximum complete profiles at fixed k; lexicographic tie-break; logFC not used
MAOB,0.6,12,8,BRCA;COAD;ESCA;KICH;KIRC;LIHC;LUSC;THCA,0,296,FALSE,1,FALSE,maximum complete profiles at fixed k; lexicographic tie-break; logFC not used
MAOB,0.6,12,8,BRCA;COAD;ESCA;KICH;KIRC;LIHC;PRAD;THCA,0,297,FALSE,1,FALSE,maximum complete profiles at fixed k; lexicographic tie-break; logFC not used
MAOB,0.6,12,8,BRCA;COAD;ESCA;KICH;KIRC;LIHC;STAD;THCA,0,298,FALSE,1,FALSE,maximum complete profiles at fixed k; lexicographic tie-break; logFC not used
MAOB,0.6,12,8,BRCA;COAD;ESCA;KICH;KIRP;LIHC;LUAD;THCA,0,299,FALSE,1,FALSE,maximum complete profiles at fixed k; lexicographic tie-break; logFC not used
MAOB,0.6,12,8,BRCA;COAD;ESCA;KICH;KIRP;LIHC;LUSC;THCA,0,300,FALSE,1,FALSE,maximum complete profiles at fixed k; lexicographic tie-break; logFC not used
MAOB,0.6,12,8,BRCA;COAD;ESCA;KICH;KIRP;LIHC;PRAD;THCA,0,301,FALSE,1,FALSE,maximum complete profiles at fixed k; lexicographic tie-break; logFC not used
MAOB,0.6,12,8,BRCA;COAD;ESCA;KICH;KIRP;LIHC;STAD;THCA,0,302,FALSE,1,FALSE,maximum complete profiles at fixed k; lexicographic tie-break; logFC not used
MAOB,0.6,12,8,BRCA;COAD;ESCA;KICH;LIHC;LUAD;LUSC;THCA,0,303,FALSE,1,FALSE,maximum complete profiles at fixed k; lexicographic tie-break; logFC not used
MAOB,0.6,12,8,BRCA;COAD;ESCA;KICH;LIHC;LUAD;PRAD;THCA,0,304,FALSE,1,FALSE,maximum complete profiles at fixed k; lexicographic tie-break; logFC not used
MAOB,0.6,12,8,BRCA;COAD;ESCA;KICH;LIHC;LUAD;STAD;THCA,0,305,FALSE,1,FALSE,maximum complete profiles at fixed k; lexicographic tie-break; logFC not used
MAOB,0.6,12,8,BRCA;COAD;ESCA;KICH;LIHC;LUSC;PRAD;THCA,0,306,FALSE,1,FALSE,maximum complete profiles at fixed k; lexicographic tie-break; logFC not used
MAOB,0.6,12,8,BRCA;COAD;ESCA;KICH;LIHC;LUSC;STAD;THCA,0,307,FALSE,1,FALSE,maximum complete profiles at fixed k; lexicographic tie-break; logFC not used
MAOB,0.6,12,8,BRCA;COAD;ESCA;KICH;LIHC;PRAD;STAD;THCA,0,308,FALSE,1,FALSE,maximum complete profiles at fixed k; lexicographic tie-break; logFC not used
MAOB,0.6,12,8,BRCA;COAD;ESCA;KIRC;KIRP;LIHC;LUAD;THCA,0,309,FALSE,1,FALSE,maximum complete profiles at fixed k; lexicographic tie-break; logFC not used
MAOB,0.6,12,8,BRCA;COAD;ESCA;KIRC;KIRP;LIHC;LUSC;THCA,0,310,FALSE,1,FALSE,maximum complete profiles at fixed k; lexicographic tie-break; logFC not used
MAOB,0.6,12,8,BRCA;COAD;ESCA;KIRC;KIRP;LIHC;PRAD;THCA,0,311,FALSE,1,FALSE,maximum complete profiles at fixed k; lexicographic tie-break; logFC not used
MAOB,0.6,12,8,BRCA;COAD;ESCA;KIRC;KIRP;LIHC;STAD;THCA,0,312,FALSE,1,FALSE,maximum complete profiles at fixed k; lexicographic tie-break; logFC not used
MAOB,0.6,12,8,BRCA;COAD;ESCA;KIRC;LIHC;LUAD;LUSC;THCA,0,313,FALSE,1,FALSE,maximum complete profiles at fixed k; lexicographic tie-break; logFC not used
MAOB,0.6,12,8,BRCA;COAD;ESCA;KIRC;LIHC;LUAD;PRAD;THCA,0,314,FALSE,1,FALSE,maximum complete profiles at fixed k; lexicographic tie-break; logFC not used
MAOB,0.6,12,8,BRCA;COAD;ESCA;KIRC;LIHC;LUAD;STAD;THCA,0,315,FALSE,1,FALSE,maximum complete profiles at fixed k; lexicographic tie-break; logFC not used
MAOB,0.6,12,8,BRCA;COAD;ESCA;KIRC;LIHC;LUSC;PRAD;THCA,0,316,FALSE,1,FALSE,maximum complete profiles at fixed k; lexicographic tie-break; logFC not used
MAOB,0.6,12,8,BRCA;COAD;ESCA;KIRC;LIHC;LUSC;STAD;THCA,0,317,FALSE,1,FALSE,maximum complete profiles at fixed k; lexicographic tie-break; logFC not used
MAOB,0.6,12,8,BRCA;COAD;ESCA;KIRC;LIHC;PRAD;STAD;THCA,0,318,FALSE,1,FALSE,maximum complete profiles at fixed k; lexicographic tie-break; logFC not used
MAOB,0.6,12,8,BRCA;COAD;ESCA;KIRP;LIHC;LUAD;LUSC;THCA,0,319,FALSE,1,FALSE,maximum complete profiles at fixed k; lexicographic tie-break; logFC not used
MAOB,0.6,12,8,BRCA;COAD;ESCA;KIRP;LIHC;LUAD;PRAD;THCA,0,320,FALSE,1,FALSE,maximum complete profiles at fixed k; lexicographic tie-break; logFC not used
MAOB,0.6,12,8,BRCA;COAD;ESCA;KIRP;LIHC;LUAD;STAD;THCA,0,321,FALSE,1,FALSE,maximum complete profiles at fixed k; lexicographic tie-break; logFC not used
MAOB,0.6,12,8,BRCA;COAD;ESCA;KIRP;LIHC;LUSC;PRAD;THCA,0,322,FALSE,1,FALSE,maximum complete profiles at fixed k; lexicographic tie-break; logFC not used
MAOB,0.6,12,8,BRCA;COAD;ESCA;KIRP;LIHC;LUSC;STAD;THCA,0,323,FALSE,1,FALSE,maximum complete profiles at fixed k; lexicographic tie-break; logFC not used
MAOB,0.6,12,8,BRCA;COAD;ESCA;KIRP;LIHC;PRAD;STAD;THCA,0,324,FALSE,1,FALSE,maximum complete profiles at fixed k; lexicographic tie-break; logFC not used
MAOB,0.6,12,8,BRCA;COAD;ESCA;LIHC;LUAD;LUSC;PRAD;THCA,0,325,FALSE,1,FALSE,maximum complete profiles at fixed k; lexicographic tie-break; logFC not used
MAOB,0.6,12,8,BRCA;COAD;ESCA;LIHC;LUAD;LUSC;STAD;THCA,0,326,FALSE,1,FALSE,maximum complete profiles at fixed k; lexicographic tie-break; logFC not used
MAOB,0.6,12,8,BRCA;COAD;ESCA;LIHC;LUAD;PRAD;STAD;THCA,0,327,FALSE,1,FALSE,maximum complete profiles at fixed k; lexicographic tie-break; logFC not used
MAOB,0.6,12,8,BRCA;COAD;ESCA;LIHC;LUSC;PRAD;STAD;THCA,0,328,FALSE,1,FALSE,maximum complete profiles at fixed k; lexicographic tie-break; logFC not used
MAOB,0.6,12,8,BRCA;COAD;KICH;KIRC;KIRP;LIHC;LUAD;THCA,0,329,FALSE,1,FALSE,maximum complete profiles at fixed k; lexicographic tie-break; logFC not used
MAOB,0.6,12,8,BRCA;COAD;KICH;KIRC;KIRP;LIHC;LUSC;THCA,0,330,FALSE,1,FALSE,maximum complete profiles at fixed k; lexicographic tie-break; logFC not used
MAOB,0.6,12,8,BRCA;COAD;KICH;KIRC;KIRP;LIHC;PRAD;THCA,0,331,FALSE,1,FALSE,maximum complete profiles at fixed k; lexicographic tie-break; logFC not used
MAOB,0.6,12,8,BRCA;COAD;KICH;KIRC;KIRP;LIHC;STAD;THCA,0,332,FALSE,1,FALSE,maximum complete profiles at fixed k; lexicographic tie-break; logFC not used
MAOB,0.6,12,8,BRCA;COAD;KICH;KIRC;LIHC;LUAD;LUSC;THCA,0,333,FALSE,1,FALSE,maximum complete profiles at fixed k; lexicographic tie-break; logFC not used
MAOB,0.6,12,8,BRCA;COAD;KICH;KIRC;LIHC;LUAD;PRAD;THCA,0,334,FALSE,1,FALSE,maximum complete profiles at fixed k; lexicographic tie-break; logFC not used
MAOB,0.6,12,8,BRCA;COAD;KICH;KIRC;LIHC;LUAD;STAD;THCA,0,335,FALSE,1,FALSE,maximum complete profiles at fixed k; lexicographic tie-break; logFC not used
MAOB,0.6,12,8,BRCA;COAD;KICH;KIRC;LIHC;LUSC;PRAD;THCA,0,336,FALSE,1,FALSE,maximum complete profiles at fixed k; lexicographic tie-break; logFC not used
MAOB,0.6,12,8,BRCA;COAD;KICH;KIRC;LIHC;LUSC;STAD;THCA,0,337,FALSE,1,FALSE,maximum complete profiles at fixed k; lexicographic tie-break; logFC not used
MAOB,0.6,12,8,BRCA;COAD;KICH;KIRC;LIHC;PRAD;STAD;THCA,0,338,FALSE,1,FALSE,maximum complete profiles at fixed k; lexicographic tie-break; logFC not used
MAOB,0.6,12,8,BRCA;COAD;KICH;KIRP;LIHC;LUAD;LUSC;THCA,0,339,FALSE,1,FALSE,maximum complete profiles at fixed k; lexicographic tie-break; logFC not used
MAOB,0.6,12,8,BRCA;COAD;KICH;KIRP;LIHC;LUAD;PRAD;THCA,0,340,FALSE,1,FALSE,maximum complete profiles at fixed k; lexicographic tie-break; logFC not used
MAOB,0.6,12,8,BRCA;COAD;KICH;KIRP;LIHC;LUAD;STAD;THCA,0,341,FALSE,1,FALSE,maximum complete profiles at fixed k; lexicographic tie-break; logFC not used
MAOB,0.6,12,8,BRCA;COAD;KICH;KIRP;LIHC;LUSC;PRAD;THCA,0,342,FALSE,1,FALSE,maximum complete profiles at fixed k; lexicographic tie-break; logFC not used
MAOB,0.6,12,8,BRCA;COAD;KICH;KIRP;LIHC;LUSC;STAD;THCA,0,343,FALSE,1,FALSE,maximum complete profiles at fixed k; lexicographic tie-break; logFC not used
MAOB,0.6,12,8,BRCA;COAD;KICH;KIRP;LIHC;PRAD;STAD;THCA,0,344,FALSE,1,FALSE,maximum complete profiles at fixed k; lexicographic tie-break; logFC not used
MAOB,0.6,12,8,BRCA;COAD;KICH;LIHC;LUAD;LUSC;PRAD;THCA,0,345,FALSE,1,FALSE,maximum complete profiles at fixed k; lexicographic tie-break; logFC not used
MAOB,0.6,12,8,BRCA;COAD;KICH;LIHC;LUAD;LUSC;STAD;THCA,0,346,FALSE,1,FALSE,maximum complete profiles at fixed k; lexicographic tie-break; logFC not used
MAOB,0.6,12,8,BRCA;COAD;KICH;LIHC;LUAD;PRAD;STAD;THCA,0,347,FALSE,1,FALSE,maximum complete profiles at fixed k; lexicographic tie-break; logFC not used
MAOB,0.6,12,8,BRCA;COAD;KICH;LIHC;LUSC;PRAD;STAD;THCA,0,348,FALSE,1,FALSE,maximum complete profiles at fixed k; lexicographic tie-break; logFC not used
MAOB,0.6,12,8,BRCA;COAD;KIRC;KIRP;LIHC;LUAD;LUSC;THCA,0,349,FALSE,1,FALSE,maximum complete profiles at fixed k; lexicographic tie-break; logFC not used
MAOB,0.6,12,8,BRCA;COAD;KIRC;KIRP;LIHC;LUAD;PRAD;THCA,0,350,FALSE,1,FALSE,maximum complete profiles at fixed k; lexicographic tie-break; logFC not used
MAOB,0.6,12,8,BRCA;COAD;KIRC;KIRP;LIHC;LUAD;STAD;THCA,0,351,FALSE,1,FALSE,maximum complete profiles at fixed k; lexicographic tie-break; logFC not used
MAOB,0.6,12,8,BRCA;COAD;KIRC;KIRP;LIHC;LUSC;PRAD;THCA,0,352,FALSE,1,FALSE,maximum complete profiles at fixed k; lexicographic tie-break; logFC not used
MAOB,0.6,12,8,BRCA;COAD;KIRC;KIRP;LIHC;LUSC;STAD;THCA,0,353,FALSE,1,FALSE,maximum complete profiles at fixed k; lexicographic tie-break; logFC not used
MAOB,0.6,12,8,BRCA;COAD;KIRC;KIRP;LIHC;PRAD;STAD;THCA,0,354,FALSE,1,FALSE,maximum complete profiles at fixed k; lexicographic tie-break; logFC not used
MAOB,0.6,12,8,BRCA;COAD;KIRC;LIHC;LUAD;LUSC;PRAD;THCA,0,355,FALSE,1,FALSE,maximum complete profiles at fixed k; lexicographic tie-break; logFC not used
MAOB,0.6,12,8,BRCA;COAD;KIRC;LIHC;LUAD;LUSC;STAD;THCA,0,356,FALSE,1,FALSE,maximum complete profiles at fixed k; lexicographic tie-break; logFC not used
MAOB,0.6,12,8,BRCA;COAD;KIRC;LIHC;LUAD;PRAD;STAD;THCA,0,357,FALSE,1,FALSE,maximum complete profiles at fixed k; lexicographic tie-break; logFC not used
MAOB,0.6,12,8,BRCA;COAD;KIRC;LIHC;LUSC;PRAD;STAD;THCA,0,358,FALSE,1,FALSE,maximum complete profiles at fixed k; lexicographic tie-break; logFC not used
MAOB,0.6,12,8,BRCA;COAD;KIRP;LIHC;LUAD;LUSC;PRAD;THCA,0,359,FALSE,1,FALSE,maximum complete profiles at fixed k; lexicographic tie-break; logFC not used
MAOB,0.6,12,8,BRCA;COAD;KIRP;LIHC;LUAD;LUSC;STAD;THCA,0,360,FALSE,1,FALSE,maximum complete profiles at fixed k; lexicographic tie-break; logFC not used
MAOB,0.6,12,8,BRCA;COAD;KIRP;LIHC;LUAD;PRAD;STAD;THCA,0,361,FALSE,1,FALSE,maximum complete profiles at fixed k; lexicographic tie-break; logFC not used
MAOB,0.6,12,8,BRCA;COAD;KIRP;LIHC;LUSC;PRAD;STAD;THCA,0,362,FALSE,1,FALSE,maximum complete profiles at fixed k; lexicographic tie-break; logFC not used
MAOB,0.6,12,8,BRCA;COAD;LIHC;LUAD;LUSC;PRAD;STAD;THCA,0,363,FALSE,1,FALSE,maximum complete profiles at fixed k; lexicographic tie-break; logFC not used
MAOB,0.6,12,8,BRCA;ESCA;KICH;KIRC;KIRP;LIHC;LUAD;THCA,0,364,FALSE,1,FALSE,maximum complete profiles at fixed k; lexicographic tie-break; logFC not used
MAOB,0.6,12,8,BRCA;ESCA;KICH;KIRC;KIRP;LIHC;LUSC;THCA,0,365,FALSE,1,FALSE,maximum complete profiles at fixed k; lexicographic tie-break; logFC not used
MAOB,0.6,12,8,BRCA;ESCA;KICH;KIRC;KIRP;LIHC;PRAD;THCA,0,366,FALSE,1,FALSE,maximum complete profiles at fixed k; lexicographic tie-break; logFC not used
MAOB,0.6,12,8,BRCA;ESCA;KICH;KIRC;LIHC;LUAD;LUSC;THCA,0,367,FALSE,1,FALSE,maximum complete profiles at fixed k; lexicographic tie-break; logFC not used
MAOB,0.6,12,8,BRCA;ESCA;KICH;KIRC;LIHC;LUAD;PRAD;THCA,0,368,FALSE,1,FALSE,maximum complete profiles at fixed k; lexicographic tie-break; logFC not used
MAOB,0.6,12,8,BRCA;ESCA;KICH;KIRC;LIHC;LUAD;STAD;THCA,0,369,FALSE,1,FALSE,maximum complete profiles at fixed k; lexicographic tie-break; logFC not used
MAOB,0.6,12,8,BRCA;ESCA;KICH;KIRC;LIHC;LUSC;PRAD;THCA,0,370,FALSE,1,FALSE,maximum complete profiles at fixed k; lexicographic tie-break; logFC not used
MAOB,0.6,12,8,BRCA;ESCA;KICH;KIRC;LIHC;LUSC;STAD;THCA,0,371,FALSE,1,FALSE,maximum complete profiles at fixed k; lexicographic tie-break; logFC not used
MAOB,0.6,12,8,BRCA;ESCA;KICH;KIRC;LIHC;PRAD;STAD;THCA,0,372,FALSE,1,FALSE,maximum complete profiles at fixed k; lexicographic tie-break; logFC not used
MAOB,0.6,12,8,BRCA;ESCA;KICH;KIRP;LIHC;LUAD;LUSC;THCA,0,373,FALSE,1,FALSE,maximum complete profiles at fixed k; lexicographic tie-break; logFC not used
MAOB,0.6,12,8,BRCA;ESCA;KICH;KIRP;LIHC;LUAD;PRAD;THCA,0,374,FALSE,1,FALSE,maximum complete profiles at fixed k; lexicographic tie-break; logFC not used
MAOB,0.6,12,8,BRCA;ESCA;KICH;KIRP;LIHC;LUAD;STAD;THCA,0,375,FALSE,1,FALSE,maximum complete profiles at fixed k; lexicographic tie-break; logFC not used
MAOB,0.6,12,8,BRCA;ESCA;KICH;KIRP;LIHC;LUSC;PRAD;THCA,0,376,FALSE,1,FALSE,maximum complete profiles at fixed k; lexicographic tie-break; logFC not used
MAOB,0.6,12,8,BRCA;ESCA;KICH;KIRP;LIHC;LUSC;STAD;THCA,0,377,FALSE,1,FALSE,maximum complete profiles at fixed k; lexicographic tie-break; logFC not used
MAOB,0.6,12,8,BRCA;ESCA;KICH;KIRP;LIHC;PRAD;STAD;THCA,0,378,FALSE,1,FALSE,maximum complete profiles at fixed k; lexicographic tie-break; logFC not used
MAOB,0.6,12,8,BRCA;ESCA;KICH;LIHC;LUAD;LUSC;PRAD;THCA,0,379,FALSE,1,FALSE,maximum complete profiles at fixed k; lexicographic tie-break; logFC not used
MAOB,0.6,12,8,BRCA;ESCA;KICH;LIHC;LUAD;LUSC;STAD;THCA,0,380,FALSE,1,FALSE,maximum complete profiles at fixed k; lexicographic tie-break; logFC not used
MAOB,0.6,12,8,BRCA;ESCA;KICH;LIHC;LUAD;PRAD;STAD;THCA,0,381,FALSE,1,FALSE,maximum complete profiles at fixed k; lexicographic tie-break; logFC not used
MAOB,0.6,12,8,BRCA;ESCA;KICH;LIHC;LUSC;PRAD;STAD;THCA,0,382,FALSE,1,FALSE,maximum complete profiles at fixed k; lexicographic tie-break; logFC not used
MAOB,0.6,12,8,BRCA;ESCA;KIRC;KIRP;LIHC;LUAD;LUSC;THCA,0,383,FALSE,1,FALSE,maximum complete profiles at fixed k; lexicographic tie-break; logFC not used
MAOB,0.6,12,8,BRCA;ESCA;KIRC;KIRP;LIHC;LUAD;PRAD;THCA,0,384,FALSE,1,FALSE,maximum complete profiles at fixed k; lexicographic tie-break; logFC not used
MAOB,0.6,12,8,BRCA;ESCA;KIRC;KIRP;LIHC;LUAD;STAD;THCA,0,385,FALSE,1,FALSE,maximum complete profiles at fixed k; lexicographic tie-break; logFC not used
MAOB,0.6,12,8,BRCA;ESCA;KIRC;KIRP;LIHC;LUSC;PRAD;THCA,0,386,FALSE,1,FALSE,maximum complete profiles at fixed k; lexicographic tie-break; logFC not used
MAOB,0.6,12,8,BRCA;ESCA;KIRC;KIRP;LIHC;LUSC;STAD;THCA,0,387,FALSE,1,FALSE,maximum complete profiles at fixed k; lexicographic tie-break; logFC not used
MAOB,0.6,12,8,BRCA;ESCA;KIRC;KIRP;LIHC;PRAD;STAD;THCA,0,388,FALSE,1,FALSE,maximum complete profiles at fixed k; lexicographic tie-break; logFC not used
MAOB,0.6,12,8,BRCA;ESCA;KIRC;LIHC;LUAD;LUSC;PRAD;THCA,0,389,FALSE,1,FALSE,maximum complete profiles at fixed k; lexicographic tie-break; logFC not used
MAOB,0.6,12,8,BRCA;ESCA;KIRC;LIHC;LUAD;LUSC;STAD;THCA,0,390,FALSE,1,FALSE,maximum complete profiles at fixed k; lexicographic tie-break; logFC not used
MAOB,0.6,12,8,BRCA;ESCA;KIRC;LIHC;LUAD;PRAD;STAD;THCA,0,391,FALSE,1,FALSE,maximum complete profiles at fixed k; lexicographic tie-break; logFC not used
MAOB,0.6,12,8,BRCA;ESCA;KIRC;LIHC;LUSC;PRAD;STAD;THCA,0,392,FALSE,1,FALSE,maximum complete profiles at fixed k; lexicographic tie-break; logFC not used
MAOB,0.6,12,8,BRCA;ESCA;KIRP;LIHC;LUAD;LUSC;PRAD;THCA,0,393,FALSE,1,FALSE,maximum complete profiles at fixed k; lexicographic tie-break; logFC not used
MAOB,0.6,12,8,BRCA;ESCA;KIRP;LIHC;LUAD;LUSC;STAD;THCA,0,394,FALSE,1,FALSE,maximum complete profiles at fixed k; lexicographic tie-break; logFC not used
MAOB,0.6,12,8,BRCA;ESCA;KIRP;LIHC;LUAD;PRAD;STAD;THCA,0,395,FALSE,1,FALSE,maximum complete profiles at fixed k; lexicographic tie-break; logFC not used
MAOB,0.6,12,8,BRCA;ESCA;KIRP;LIHC;LUSC;PRAD;STAD;THCA,0,396,FALSE,1,FALSE,maximum complete profiles at fixed k; lexicographic tie-break; logFC not used
MAOB,0.6,12,8,BRCA;ESCA;LIHC;LUAD;LUSC;PRAD;STAD;THCA,0,397,FALSE,1,FALSE,maximum complete profiles at fixed k; lexicographic tie-break; logFC not used
MAOB,0.6,12,8,BRCA;KICH;KIRC;KIRP;LIHC;LUAD;PRAD;THCA,0,398,FALSE,1,FALSE,maximum complete profiles at fixed k; lexicographic tie-break; logFC not used
MAOB,0.6,12,8,BRCA;KICH;KIRC;KIRP;LIHC;LUSC;PRAD;THCA,0,399,FALSE,1,FALSE,maximum complete profiles at fixed k; lexicographic tie-break; logFC not used
MAOB,0.6,12,8,BRCA;KICH;KIRC;KIRP;LIHC;PRAD;STAD;THCA,0,400,FALSE,1,FALSE,maximum complete profiles at fixed k; lexicographic tie-break; logFC not used
MAOB,0.6,12,8,BRCA;KICH;KIRC;LIHC;LUAD;LUSC;PRAD;THCA,0,401,FALSE,1,FALSE,maximum complete profiles at fixed k; lexicographic tie-break; logFC not used
MAOB,0.6,12,8,BRCA;KICH;KIRC;LIHC;LUAD;PRAD;STAD;THCA,0,402,FALSE,1,FALSE,maximum complete profiles at fixed k; lexicographic tie-break; logFC not used
MAOB,0.6,12,8,BRCA;KICH;KIRC;LIHC;LUSC;PRAD;STAD;THCA,0,403,FALSE,1,FALSE,maximum complete profiles at fixed k; lexicographic tie-break; logFC not used
MAOB,0.6,12,8,BRCA;KICH;KIRP;LIHC;LUAD;LUSC;PRAD;THCA,0,404,FALSE,1,FALSE,maximum complete profiles at fixed k; lexicographic tie-break; logFC not used
MAOB,0.6,12,8,BRCA;KICH;KIRP;LIHC;LUAD;PRAD;STAD;THCA,0,405,FALSE,1,FALSE,maximum complete profiles at fixed k; lexicographic tie-break; logFC not used
MAOB,0.6,12,8,BRCA;KICH;KIRP;LIHC;LUSC;PRAD;STAD;THCA,0,406,FALSE,1,FALSE,maximum complete profiles at fixed k; lexicographic tie-break; logFC not used
MAOB,0.6,12,8,BRCA;KICH;LIHC;LUAD;LUSC;PRAD;STAD;THCA,0,407,FALSE,1,FALSE,maximum complete profiles at fixed k; lexicographic tie-break; logFC not used
MAOB,0.6,12,8,BRCA;KIRC;KIRP;LIHC;LUAD;LUSC;PRAD;THCA,0,408,FALSE,1,FALSE,maximum complete profiles at fixed k; lexicographic tie-break; logFC not used
MAOB,0.6,12,8,BRCA;KIRC;KIRP;LIHC;LUAD;PRAD;STAD;THCA,0,409,FALSE,1,FALSE,maximum complete profiles at fixed k; lexicographic tie-break; logFC not used
MAOB,0.6,12,8,BRCA;KIRC;KIRP;LIHC;LUSC;PRAD;STAD;THCA,0,410,FALSE,1,FALSE,maximum complete profiles at fixed k; lexicographic tie-break; logFC not used
MAOB,0.6,12,8,BRCA;KIRC;LIHC;LUAD;LUSC;PRAD;STAD;THCA,0,411,FALSE,1,FALSE,maximum complete profiles at fixed k; lexicographic tie-break; logFC not used
MAOB,0.6,12,8,BRCA;KIRP;LIHC;LUAD;LUSC;PRAD;STAD;THCA,0,412,FALSE,1,FALSE,maximum complete profiles at fixed k; lexicographic tie-break; logFC not used
MAOB,0.6,12,8,COAD;ESCA;KICH;KIRC;KIRP;LIHC;LUAD;THCA,0,413,FALSE,1,FALSE,maximum complete profiles at fixed k; lexicographic tie-break; logFC not used
MAOB,0.6,12,8,COAD;ESCA;KICH;KIRC;KIRP;LIHC;LUSC;THCA,0,414,FALSE,1,FALSE,maximum complete profiles at fixed k; lexicographic tie-break; logFC not used
MAOB,0.6,12,8,COAD;ESCA;KICH;KIRC;KIRP;LIHC;PRAD;THCA,0,415,FALSE,1,FALSE,maximum complete profiles at fixed k; lexicographic tie-break; logFC not used
MAOB,0.6,12,8,COAD;ESCA;KICH;KIRC;KIRP;LIHC;STAD;THCA,0,416,FALSE,1,FALSE,maximum complete profiles at fixed k; lexicographic tie-break; logFC not used
MAOB,0.6,12,8,COAD;ESCA;KICH;KIRC;LIHC;LUAD;LUSC;THCA,0,417,FALSE,1,FALSE,maximum complete profiles at fixed k; lexicographic tie-break; logFC not used
MAOB,0.6,12,8,COAD;ESCA;KICH;KIRC;LIHC;LUAD;PRAD;THCA,0,418,FALSE,1,FALSE,maximum complete profiles at fixed k; lexicographic tie-break; logFC not used
MAOB,0.6,12,8,COAD;ESCA;KICH;KIRC;LIHC;LUAD;STAD;THCA,0,419,FALSE,1,FALSE,maximum complete profiles at fixed k; lexicographic tie-break; logFC not used
MAOB,0.6,12,8,COAD;ESCA;KICH;KIRC;LIHC;LUSC;PRAD;THCA,0,420,FALSE,1,FALSE,maximum complete profiles at fixed k; lexicographic tie-break; logFC not used
MAOB,0.6,12,8,COAD;ESCA;KICH;KIRC;LIHC;LUSC;STAD;THCA,0,421,FALSE,1,FALSE,maximum complete profiles at fixed k; lexicographic tie-break; logFC not used
MAOB,0.6,12,8,COAD;ESCA;KICH;KIRC;LIHC;PRAD;STAD;THCA,0,422,FALSE,1,FALSE,maximum complete profiles at fixed k; lexicographic tie-break; logFC not used
MAOB,0.6,12,8,COAD;ESCA;KICH;KIRP;LIHC;LUAD;LUSC;THCA,0,423,FALSE,1,FALSE,maximum complete profiles at fixed k; lexicographic tie-break; logFC not used
MAOB,0.6,12,8,COAD;ESCA;KICH;KIRP;LIHC;LUAD;PRAD;THCA,0,424,FALSE,1,FALSE,maximum complete profiles at fixed k; lexicographic tie-break; logFC not used
MAOB,0.6,12,8,COAD;ESCA;KICH;KIRP;LIHC;LUAD;STAD;THCA,0,425,FALSE,1,FALSE,maximum complete profiles at fixed k; lexicographic tie-break; logFC not used
MAOB,0.6,12,8,COAD;ESCA;KICH;KIRP;LIHC;LUSC;PRAD;THCA,0,426,FALSE,1,FALSE,maximum complete profiles at fixed k; lexicographic tie-break; logFC not used
MAOB,0.6,12,8,COAD;ESCA;KICH;KIRP;LIHC;LUSC;STAD;THCA,0,427,FALSE,1,FALSE,maximum complete profiles at fixed k; lexicographic tie-break; logFC not used
MAOB,0.6,12,8,COAD;ESCA;KICH;KIRP;LIHC;PRAD;STAD;THCA,0,428,FALSE,1,FALSE,maximum complete profiles at fixed k; lexicographic tie-break; logFC not used
MAOB,0.6,12,8,COAD;ESCA;KICH;LIHC;LUAD;LUSC;PRAD;THCA,0,429,FALSE,1,FALSE,maximum complete profiles at fixed k; lexicographic tie-break; logFC not used
MAOB,0.6,12,8,COAD;ESCA;KICH;LIHC;LUAD;LUSC;STAD;THCA,0,430,FALSE,1,FALSE,maximum complete profiles at fixed k; lexicographic tie-break; logFC not used
MAOB,0.6,12,8,COAD;ESCA;KICH;LIHC;LUAD;PRAD;STAD;THCA,0,431,FALSE,1,FALSE,maximum complete profiles at fixed k; lexicographic tie-break; logFC not used
MAOB,0.6,12,8,COAD;ESCA;KICH;LIHC;LUSC;PRAD;STAD;THCA,0,432,FALSE,1,FALSE,maximum complete profiles at fixed k; lexicographic tie-break; logFC not used
MAOB,0.6,12,8,COAD;ESCA;KIRC;KIRP;LIHC;LUAD;LUSC;THCA,0,433,FALSE,1,FALSE,maximum complete profiles at fixed k; lexicographic tie-break; logFC not used
MAOB,0.6,12,8,COAD;ESCA;KIRC;KIRP;LIHC;LUAD;PRAD;THCA,0,434,FALSE,1,FALSE,maximum complete profiles at fixed k; lexicographic tie-break; logFC not used
MAOB,0.6,12,8,COAD;ESCA;KIRC;KIRP;LIHC;LUAD;STAD;THCA,0,435,FALSE,1,FALSE,maximum complete profiles at fixed k; lexicographic tie-break; logFC not used
MAOB,0.6,12,8,COAD;ESCA;KIRC;KIRP;LIHC;LUSC;PRAD;THCA,0,436,FALSE,1,FALSE,maximum complete profiles at fixed k; lexicographic tie-break; logFC not used
MAOB,0.6,12,8,COAD;ESCA;KIRC;KIRP;LIHC;LUSC;STAD;THCA,0,437,FALSE,1,FALSE,maximum complete profiles at fixed k; lexicographic tie-break; logFC not used
MAOB,0.6,12,8,COAD;ESCA;KIRC;KIRP;LIHC;PRAD;STAD;THCA,0,438,FALSE,1,FALSE,maximum complete profiles at fixed k; lexicographic tie-break; logFC not used
MAOB,0.6,12,8,COAD;ESCA;KIRC;LIHC;LUAD;LUSC;PRAD;THCA,0,439,FALSE,1,FALSE,maximum complete profiles at fixed k; lexicographic tie-break; logFC not used
MAOB,0.6,12,8,COAD;ESCA;KIRC;LIHC;LUAD;LUSC;STAD;THCA,0,440,FALSE,1,FALSE,maximum complete profiles at fixed k; lexicographic tie-break; logFC not used
MAOB,0.6,12,8,COAD;ESCA;KIRC;LIHC;LUAD;PRAD;STAD;THCA,0,441,FALSE,1,FALSE,maximum complete profiles at fixed k; lexicographic tie-break; logFC not used
MAOB,0.6,12,8,COAD;ESCA;KIRC;LIHC;LUSC;PRAD;STAD;THCA,0,442,FALSE,1,FALSE,maximum complete profiles at fixed k; lexicographic tie-break; logFC not used
MAOB,0.6,12,8,COAD;ESCA;KIRP;LIHC;LUAD;LUSC;PRAD;THCA,0,443,FALSE,1,FALSE,maximum complete profiles at fixed k; lexicographic tie-break; logFC not used
MAOB,0.6,12,8,COAD;ESCA;KIRP;LIHC;LUAD;LUSC;STAD;THCA,0,444,FALSE,1,FALSE,maximum complete profiles at fixed k; lexicographic tie-break; logFC not used
MAOB,0.6,12,8,COAD;ESCA;KIRP;LIHC;LUAD;PRAD;STAD;THCA,0,445,FALSE,1,FALSE,maximum complete profiles at fixed k; lexicographic tie-break; logFC not used
MAOB,0.6,12,8,COAD;ESCA;KIRP;LIHC;LUSC;PRAD;STAD;THCA,0,446,FALSE,1,FALSE,maximum complete profiles at fixed k; lexicographic tie-break; logFC not used
MAOB,0.6,12,8,COAD;ESCA;LIHC;LUAD;LUSC;PRAD;STAD;THCA,0,447,FALSE,1,FALSE,maximum complete profiles at fixed k; lexicographic tie-break; logFC not used
MAOB,0.6,12,8,COAD;KICH;KIRC;KIRP;LIHC;LUAD;LUSC;THCA,0,448,FALSE,1,FALSE,maximum complete profiles at fixed k; lexicographic tie-break; logFC not used
MAOB,0.6,12,8,COAD;KICH;KIRC;KIRP;LIHC;LUAD;PRAD;THCA,0,449,FALSE,1,FALSE,maximum complete profiles at fixed k; lexicographic tie-break; logFC not used
MAOB,0.6,12,8,COAD;KICH;KIRC;KIRP;LIHC;LUAD;STAD;THCA,0,450,FALSE,1,FALSE,maximum complete profiles at fixed k; lexicographic tie-break; logFC not used
MAOB,0.6,12,8,COAD;KICH;KIRC;KIRP;LIHC;LUSC;PRAD;THCA,0,451,FALSE,1,FALSE,maximum complete profiles at fixed k; lexicographic tie-break; logFC not used
MAOB,0.6,12,8,COAD;KICH;KIRC;KIRP;LIHC;LUSC;STAD;THCA,0,452,FALSE,1,FALSE,maximum complete profiles at fixed k; lexicographic tie-break; logFC not used
MAOB,0.6,12,8,COAD;KICH;KIRC;KIRP;LIHC;PRAD;STAD;THCA,0,453,FALSE,1,FALSE,maximum complete profiles at fixed k; lexicographic tie-break; logFC not used
MAOB,0.6,12,8,COAD;KICH;KIRC;LIHC;LUAD;LUSC;PRAD;THCA,0,454,FALSE,1,FALSE,maximum complete profiles at fixed k; lexicographic tie-break; logFC not used
MAOB,0.6,12,8,COAD;KICH;KIRC;LIHC;LUAD;LUSC;STAD;THCA,0,455,FALSE,1,FALSE,maximum complete profiles at fixed k; lexicographic tie-break; logFC not used
MAOB,0.6,12,8,COAD;KICH;KIRC;LIHC;LUAD;PRAD;STAD;THCA,0,456,FALSE,1,FALSE,maximum complete profiles at fixed k; lexicographic tie-break; logFC not used
MAOB,0.6,12,8,COAD;KICH;KIRC;LIHC;LUSC;PRAD;STAD;THCA,0,457,FALSE,1,FALSE,maximum complete profiles at fixed k; lexicographic tie-break; logFC not used
MAOB,0.6,12,8,COAD;KICH;KIRP;LIHC;LUAD;LUSC;PRAD;THCA,0,458,FALSE,1,FALSE,maximum complete profiles at fixed k; lexicographic tie-break; logFC not used
MAOB,0.6,12,8,COAD;KICH;KIRP;LIHC;LUAD;LUSC;STAD;THCA,0,459,FALSE,1,FALSE,maximum complete profiles at fixed k; lexicographic tie-break; logFC not used
MAOB,0.6,12,8,COAD;KICH;KIRP;LIHC;LUAD;PRAD;STAD;THCA,0,460,FALSE,1,FALSE,maximum complete profiles at fixed k; lexicographic tie-break; logFC not used
MAOB,0.6,12,8,COAD;KICH;KIRP;LIHC;LUSC;PRAD;STAD;THCA,0,461,FALSE,1,FALSE,maximum complete profiles at fixed k; lexicographic tie-break; logFC not used
MAOB,0.6,12,8,COAD;KICH;LIHC;LUAD;LUSC;PRAD;STAD;THCA,0,462,FALSE,1,FALSE,maximum complete profiles at fixed k; lexicographic tie-break; logFC not used
MAOB,0.6,12,8,COAD;KIRC;KIRP;LIHC;LUAD;LUSC;PRAD;THCA,0,463,FALSE,1,FALSE,maximum complete profiles at fixed k; lexicographic tie-break; logFC not used
MAOB,0.6,12,8,COAD;KIRC;KIRP;LIHC;LUAD;LUSC;STAD;THCA,0,464,FALSE,1,FALSE,maximum complete profiles at fixed k; lexicographic tie-break; logFC not used
MAOB,0.6,12,8,COAD;KIRC;KIRP;LIHC;LUAD;PRAD;STAD;THCA,0,465,FALSE,1,FALSE,maximum complete profiles at fixed k; lexicographic tie-break; logFC not used
MAOB,0.6,12,8,COAD;KIRC;KIRP;LIHC;LUSC;PRAD;STAD;THCA,0,466,FALSE,1,FALSE,maximum complete profiles at fixed k; lexicographic tie-break; logFC not used
MAOB,0.6,12,8,COAD;KIRC;LIHC;LUAD;LUSC;PRAD;STAD;THCA,0,467,FALSE,1,FALSE,maximum complete profiles at fixed k; lexicographic tie-break; logFC not used
MAOB,0.6,12,8,COAD;KIRP;LIHC;LUAD;LUSC;PRAD;STAD;THCA,0,468,FALSE,1,FALSE,maximum complete profiles at fixed k; lexicographic tie-break; logFC not used
MAOB,0.6,12,8,ESCA;KICH;KIRC;KIRP;LIHC;LUAD;LUSC;THCA,0,469,FALSE,1,FALSE,maximum complete profiles at fixed k; lexicographic tie-break; logFC not used
MAOB,0.6,12,8,ESCA;KICH;KIRC;KIRP;LIHC;LUAD;PRAD;THCA,0,470,FALSE,1,FALSE,maximum complete profiles at fixed k; lexicographic tie-break; logFC not used
MAOB,0.6,12,8,ESCA;KICH;KIRC;KIRP;LIHC;LUAD;STAD;THCA,0,471,FALSE,1,FALSE,maximum complete profiles at fixed k; lexicographic tie-break; logFC not used
MAOB,0.6,12,8,ESCA;KICH;KIRC;KIRP;LIHC;LUSC;PRAD;THCA,0,472,FALSE,1,FALSE,maximum complete profiles at fixed k; lexicographic tie-break; logFC not used
MAOB,0.6,12,8,ESCA;KICH;KIRC;KIRP;LIHC;LUSC;STAD;THCA,0,473,FALSE,1,FALSE,maximum complete profiles at fixed k; lexicographic tie-break; logFC not used
MAOB,0.6,12,8,ESCA;KICH;KIRC;KIRP;LIHC;PRAD;STAD;THCA,0,474,FALSE,1,FALSE,maximum complete profiles at fixed k; lexicographic tie-break; logFC not used
MAOB,0.6,12,8,ESCA;KICH;KIRC;LIHC;LUAD;LUSC;PRAD;THCA,0,475,FALSE,1,FALSE,maximum complete profiles at fixed k; lexicographic tie-break; logFC not used
MAOB,0.6,12,8,ESCA;KICH;KIRC;LIHC;LUAD;LUSC;STAD;THCA,0,476,FALSE,1,FALSE,maximum complete profiles at fixed k; lexicographic tie-break; logFC not used
MAOB,0.6,12,8,ESCA;KICH;KIRC;LIHC;LUAD;PRAD;STAD;THCA,0,477,FALSE,1,FALSE,maximum complete profiles at fixed k; lexicographic tie-break; logFC not used
MAOB,0.6,12,8,ESCA;KICH;KIRC;LIHC;LUSC;PRAD;STAD;THCA,0,478,FALSE,1,FALSE,maximum complete profiles at fixed k; lexicographic tie-break; logFC not used
MAOB,0.6,12,8,ESCA;KICH;KIRP;LIHC;LUAD;LUSC;PRAD;THCA,0,479,FALSE,1,FALSE,maximum complete profiles at fixed k; lexicographic tie-break; logFC not used
MAOB,0.6,12,8,ESCA;KICH;KIRP;LIHC;LUAD;LUSC;STAD;THCA,0,480,FALSE,1,FALSE,maximum complete profiles at fixed k; lexicographic tie-break; logFC not used
MAOB,0.6,12,8,ESCA;KICH;KIRP;LIHC;LUAD;PRAD;STAD;THCA,0,481,FALSE,1,FALSE,maximum complete profiles at fixed k; lexicographic tie-break; logFC not used
MAOB,0.6,12,8,ESCA;KICH;KIRP;LIHC;LUSC;PRAD;STAD;THCA,0,482,FALSE,1,FALSE,maximum complete profiles at fixed k; lexicographic tie-break; logFC not used
MAOB,0.6,12,8,ESCA;KICH;LIHC;LUAD;LUSC;PRAD;STAD;THCA,0,483,FALSE,1,FALSE,maximum complete profiles at fixed k; lexicographic tie-break; logFC not used
MAOB,0.6,12,8,ESCA;KIRC;KIRP;LIHC;LUAD;LUSC;PRAD;THCA,0,484,FALSE,1,FALSE,maximum complete profiles at fixed k; lexicographic tie-break; logFC not used
MAOB,0.6,12,8,ESCA;KIRC;KIRP;LIHC;LUAD;LUSC;STAD;THCA,0,485,FALSE,1,FALSE,maximum complete profiles at fixed k; lexicographic tie-break; logFC not used
MAOB,0.6,12,8,ESCA;KIRC;KIRP;LIHC;LUAD;PRAD;STAD;THCA,0,486,FALSE,1,FALSE,maximum complete profiles at fixed k; lexicographic tie-break; logFC not used
MAOB,0.6,12,8,ESCA;KIRC;KIRP;LIHC;LUSC;PRAD;STAD;THCA,0,487,FALSE,1,FALSE,maximum complete profiles at fixed k; lexicographic tie-break; logFC not used
MAOB,0.6,12,8,ESCA;KIRC;LIHC;LUAD;LUSC;PRAD;STAD;THCA,0,488,FALSE,1,FALSE,maximum complete profiles at fixed k; lexicographic tie-break; logFC not used
MAOB,0.6,12,8,ESCA;KIRP;LIHC;LUAD;LUSC;PRAD;STAD;THCA,0,489,FALSE,1,FALSE,maximum complete profiles at fixed k; lexicographic tie-break; logFC not used
MAOB,0.6,12,8,KICH;KIRC;KIRP;LIHC;LUAD;LUSC;PRAD;THCA,0,490,FALSE,1,FALSE,maximum complete profiles at fixed k; lexicographic tie-break; logFC not used
MAOB,0.6,12,8,KICH;KIRC;KIRP;LIHC;LUAD;PRAD;STAD;THCA,0,491,FALSE,1,FALSE,maximum complete profiles at fixed k; lexicographic tie-break; logFC not used
MAOB,0.6,12,8,KICH;KIRC;KIRP;LIHC;LUSC;PRAD;STAD;THCA,0,492,FALSE,1,FALSE,maximum complete profiles at fixed k; lexicographic tie-break; logFC not used
MAOB,0.6,12,8,KICH;KIRC;LIHC;LUAD;LUSC;PRAD;STAD;THCA,0,493,FALSE,1,FALSE,maximum complete profiles at fixed k; lexicographic tie-break; logFC not used
MAOB,0.6,12,8,KICH;KIRP;LIHC;LUAD;LUSC;PRAD;STAD;THCA,0,494,FALSE,1,FALSE,maximum complete profiles at fixed k; lexicographic tie-break; logFC not used
MAOB,0.6,12,8,KIRC;KIRP;LIHC;LUAD;LUSC;PRAD;STAD;THCA,0,495,FALSE,1,FALSE,maximum complete profiles at fixed k; lexicographic tie-break; logFC not used
MAOB,0.7,12,9,BRCA;COAD;ESCA;KICH;KIRC;KIRP;LUAD;LUSC;PRAD,80,1,TRUE,1,TRUE,maximum complete profiles at fixed k; lexicographic tie-break; logFC not used
MAOB,0.7,12,9,BRCA;COAD;KICH;KIRC;KIRP;LUAD;LUSC;PRAD;STAD,66,2,FALSE,1,TRUE,maximum complete profiles at fixed k; lexicographic tie-break; logFC not used
MAOB,0.7,12,9,BRCA;ESCA;KICH;KIRC;KIRP;LUAD;LUSC;PRAD;STAD,53,3,FALSE,1,TRUE,maximum complete profiles at fixed k; lexicographic tie-break; logFC not used
MAOB,0.7,12,9,COAD;ESCA;KICH;KIRC;KIRP;LUAD;LUSC;PRAD;STAD,53,4,FALSE,1,TRUE,maximum complete profiles at fixed k; lexicographic tie-break; logFC not used
MAOB,0.7,12,9,BRCA;COAD;ESCA;KICH;KIRC;KIRP;LUAD;LUSC;STAD,44,5,FALSE,1,TRUE,maximum complete profiles at fixed k; lexicographic tie-break; logFC not used
MAOB,0.7,12,9,BRCA;COAD;ESCA;KICH;KIRC;LUAD;LUSC;PRAD;STAD,42,6,FALSE,1,TRUE,maximum complete profiles at fixed k; lexicographic tie-break; logFC not used
MAOB,0.7,12,9,BRCA;ESCA;KICH;KIRC;KIRP;LIHC;LUAD;LUSC;PRAD,42,7,FALSE,1,TRUE,maximum complete profiles at fixed k; lexicographic tie-break; logFC not used
MAOB,0.7,12,9,BRCA;COAD;ESCA;KICH;KIRP;LUAD;LUSC;PRAD;STAD,41,8,FALSE,1,TRUE,maximum complete profiles at fixed k; lexicographic tie-break; logFC not used
MAOB,0.7,12,9,BRCA;COAD;ESCA;KICH;KIRC;KIRP;LUAD;PRAD;STAD,40,9,FALSE,1,TRUE,maximum complete profiles at fixed k; lexicographic tie-break; logFC not used
MAOB,0.7,12,9,BRCA;COAD;ESCA;KICH;KIRC;KIRP;LUSC;PRAD;STAD,40,10,FALSE,1,TRUE,maximum complete profiles at fixed k; lexicographic tie-break; logFC not used
MAOB,0.7,12,9,BRCA;COAD;ESCA;KIRC;KIRP;LUAD;LUSC;PRAD;STAD,40,11,FALSE,1,TRUE,maximum complete profiles at fixed k; lexicographic tie-break; logFC not used
MAOB,0.7,12,9,BRCA;COAD;KICH;KIRC;KIRP;LIHC;LUAD;LUSC;PRAD,40,12,FALSE,1,TRUE,maximum complete profiles at fixed k; lexicographic tie-break; logFC not used
MAOB,0.7,12,9,BRCA;COAD;ESCA;KICH;KIRC;KIRP;LIHC;LUAD;LUSC,27,13,FALSE,1,TRUE,maximum complete profiles at fixed k; lexicographic tie-break; logFC not used
MAOB,0.7,12,9,COAD;ESCA;KICH;KIRC;KIRP;LIHC;LUAD;LUSC;PRAD,24,14,FALSE,1,TRUE,maximum complete profiles at fixed k; lexicographic tie-break; logFC not used
MAOB,0.7,12,9,BRCA;COAD;ESCA;KICH;KIRC;KIRP;LIHC;LUAD;PRAD,21,15,FALSE,1,TRUE,maximum complete profiles at fixed k; lexicographic tie-break; logFC not used
MAOB,0.7,12,9,BRCA;COAD;ESCA;KICH;KIRC;KIRP;LIHC;LUSC;PRAD,21,16,FALSE,1,TRUE,maximum complete profiles at fixed k; lexicographic tie-break; logFC not used
MAOB,0.7,12,9,BRCA;COAD;ESCA;KICH;KIRC;LIHC;LUAD;LUSC;PRAD,21,17,FALSE,1,TRUE,maximum complete profiles at fixed k; lexicographic tie-break; logFC not used
MAOB,0.7,12,9,BRCA;COAD;ESCA;KICH;KIRP;LIHC;LUAD;LUSC;PRAD,21,18,FALSE,1,TRUE,maximum complete profiles at fixed k; lexicographic tie-break; logFC not used
MAOB,0.7,12,9,BRCA;COAD;ESCA;KIRC;KIRP;LIHC;LUAD;LUSC;PRAD,21,19,FALSE,1,TRUE,maximum complete profiles at fixed k; lexicographic tie-break; logFC not used
MAOB,0.7,12,9,BRCA;KICH;KIRC;KIRP;LIHC;LUAD;LUSC;PRAD;STAD,19,20,FALSE,1,FALSE,maximum complete profiles at fixed k; lexicographic tie-break; logFC not used
MAOB,0.7,12,9,COAD;KICH;KIRC;KIRP;LIHC;LUAD;LUSC;PRAD;STAD,15,21,FALSE,1,FALSE,maximum complete profiles at fixed k; lexicographic tie-break; logFC not used
MAOB,0.7,12,9,BRCA;COAD;KICH;KIRC;KIRP;LIHC;LUAD;LUSC;STAD,12,22,FALSE,1,FALSE,maximum complete profiles at fixed k; lexicographic tie-break; logFC not used
MAOB,0.7,12,9,BRCA;COAD;KICH;KIRC;KIRP;LIHC;LUAD;PRAD;STAD,12,23,FALSE,1,FALSE,maximum complete profiles at fixed k; lexicographic tie-break; logFC not used
MAOB,0.7,12,9,BRCA;COAD;KICH;KIRC;KIRP;LIHC;LUSC;PRAD;STAD,12,24,FALSE,1,FALSE,maximum complete profiles at fixed k; lexicographic tie-break; logFC not used
MAOB,0.7,12,9,BRCA;COAD;KICH;KIRC;LIHC;LUAD;LUSC;PRAD;STAD,12,25,FALSE,1,FALSE,maximum complete profiles at fixed k; lexicographic tie-break; logFC not used
MAOB,0.7,12,9,BRCA;COAD;KICH;KIRP;LIHC;LUAD;LUSC;PRAD;STAD,12,26,FALSE,1,FALSE,maximum complete profiles at fixed k; lexicographic tie-break; logFC not used
MAOB,0.7,12,9,BRCA;COAD;KIRC;KIRP;LIHC;LUAD;LUSC;PRAD;STAD,12,27,FALSE,1,FALSE,maximum complete profiles at fixed k; lexicographic tie-break; logFC not used
MAOB,0.7,12,9,ESCA;KICH;KIRC;KIRP;LIHC;LUAD;LUSC;PRAD;STAD,12,28,FALSE,1,FALSE,maximum complete profiles at fixed k; lexicographic tie-break; logFC not used
MAOB,0.7,12,9,BRCA;COAD;ESCA;KICH;KIRC;KIRP;LIHC;PRAD;STAD,9,29,FALSE,1,FALSE,maximum complete profiles at fixed k; lexicographic tie-break; logFC not used
MAOB,0.7,12,9,BRCA;ESCA;KICH;KIRC;LIHC;LUAD;LUSC;PRAD;STAD,9,30,FALSE,1,FALSE,maximum complete profiles at fixed k; lexicographic tie-break; logFC not used
MAOB,0.7,12,9,BRCA;ESCA;KICH;KIRC;KIRP;LIHC;LUAD;LUSC;STAD,8,31,FALSE,1,FALSE,maximum complete profiles at fixed k; lexicographic tie-break; logFC not used
MAOB,0.7,12,9,BRCA;ESCA;KICH;KIRC;KIRP;LIHC;LUAD;PRAD;STAD,8,32,FALSE,1,FALSE,maximum complete profiles at fixed k; lexicographic tie-break; logFC not used
MAOB,0.7,12,9,BRCA;ESCA;KICH;KIRC;KIRP;LIHC;LUSC;PRAD;STAD,8,33,FALSE,1,FALSE,maximum complete profiles at fixed k; lexicographic tie-break; logFC not used
MAOB,0.7,12,9,BRCA;ESCA;KICH;KIRP;LIHC;LUAD;LUSC;PRAD;STAD,8,34,FALSE,1,FALSE,maximum complete profiles at fixed k; lexicographic tie-break; logFC not used
MAOB,0.7,12,9,BRCA;ESCA;KIRC;KIRP;LIHC;LUAD;LUSC;PRAD;STAD,8,35,FALSE,1,FALSE,maximum complete profiles at fixed k; lexicographic tie-break; logFC not used
MAOB,0.7,12,9,COAD;ESCA;KICH;KIRC;KIRP;LIHC;LUAD;LUSC;STAD,8,36,FALSE,1,FALSE,maximum complete profiles at fixed k; lexicographic tie-break; logFC not used
MAOB,0.7,12,9,COAD;ESCA;KICH;KIRC;KIRP;LIHC;LUAD;PRAD;STAD,8,37,FALSE,1,FALSE,maximum complete profiles at fixed k; lexicographic tie-break; logFC not used
MAOB,0.7,12,9,COAD;ESCA;KICH;KIRC;KIRP;LIHC;LUSC;PRAD;STAD,8,38,FALSE,1,FALSE,maximum complete profiles at fixed k; lexicographic tie-break; logFC not used
MAOB,0.7,12,9,COAD;ESCA;KICH;KIRC;LIHC;LUAD;LUSC;PRAD;STAD,8,39,FALSE,1,FALSE,maximum complete profiles at fixed k; lexicographic tie-break; logFC not used
MAOB,0.7,12,9,COAD;ESCA;KICH;KIRP;LIHC;LUAD;LUSC;PRAD;STAD,8,40,FALSE,1,FALSE,maximum complete profiles at fixed k; lexicographic tie-break; logFC not used
MAOB,0.7,12,9,COAD;ESCA;KIRC;KIRP;LIHC;LUAD;LUSC;PRAD;STAD,8,41,FALSE,1,FALSE,maximum complete profiles at fixed k; lexicographic tie-break; logFC not used
MAOB,0.7,12,9,BRCA;COAD;ESCA;KICH;KIRC;KIRP;LIHC;LUAD;STAD,6,42,FALSE,1,FALSE,maximum complete profiles at fixed k; lexicographic tie-break; logFC not used
MAOB,0.7,12,9,BRCA;COAD;ESCA;KICH;KIRC;KIRP;LIHC;LUSC;STAD,6,43,FALSE,1,FALSE,maximum complete profiles at fixed k; lexicographic tie-break; logFC not used
MAOB,0.7,12,9,BRCA;COAD;ESCA;KICH;KIRC;LIHC;LUAD;LUSC;STAD,6,44,FALSE,1,FALSE,maximum complete profiles at fixed k; lexicographic tie-break; logFC not used
MAOB,0.7,12,9,BRCA;COAD;ESCA;KICH;KIRC;LIHC;LUAD;PRAD;STAD,6,45,FALSE,1,FALSE,maximum complete profiles at fixed k; lexicographic tie-break; logFC not used
MAOB,0.7,12,9,BRCA;COAD;ESCA;KICH;KIRC;LIHC;LUSC;PRAD;STAD,6,46,FALSE,1,FALSE,maximum complete profiles at fixed k; lexicographic tie-break; logFC not used
MAOB,0.7,12,9,BRCA;COAD;ESCA;KICH;KIRP;LIHC;LUAD;LUSC;STAD,6,47,FALSE,1,FALSE,maximum complete profiles at fixed k; lexicographic tie-break; logFC not used
MAOB,0.7,12,9,BRCA;COAD;ESCA;KICH;KIRP;LIHC;LUAD;PRAD;STAD,6,48,FALSE,1,FALSE,maximum complete profiles at fixed k; lexicographic tie-break; logFC not used
MAOB,0.7,12,9,BRCA;COAD;ESCA;KICH;KIRP;LIHC;LUSC;PRAD;STAD,6,49,FALSE,1,FALSE,maximum complete profiles at fixed k; lexicographic tie-break; logFC not used
MAOB,0.7,12,9,BRCA;COAD;ESCA;KICH;LIHC;LUAD;LUSC;PRAD;STAD,6,50,FALSE,1,FALSE,maximum complete profiles at fixed k; lexicographic tie-break; logFC not used
MAOB,0.7,12,9,BRCA;COAD;ESCA;KIRC;KIRP;LIHC;LUAD;LUSC;STAD,6,51,FALSE,1,FALSE,maximum complete profiles at fixed k; lexicographic tie-break; logFC not used
MAOB,0.7,12,9,BRCA;COAD;ESCA;KIRC;KIRP;LIHC;LUAD;PRAD;STAD,6,52,FALSE,1,FALSE,maximum complete profiles at fixed k; lexicographic tie-break; logFC not used
MAOB,0.7,12,9,BRCA;COAD;ESCA;KIRC;KIRP;LIHC;LUSC;PRAD;STAD,6,53,FALSE,1,FALSE,maximum complete profiles at fixed k; lexicographic tie-break; logFC not used
MAOB,0.7,12,9,BRCA;COAD;ESCA;KIRC;LIHC;LUAD;LUSC;PRAD;STAD,6,54,FALSE,1,FALSE,maximum complete profiles at fixed k; lexicographic tie-break; logFC not used
MAOB,0.7,12,9,BRCA;COAD;ESCA;KIRP;LIHC;LUAD;LUSC;PRAD;STAD,6,55,FALSE,1,FALSE,maximum complete profiles at fixed k; lexicographic tie-break; logFC not used
MAOB,0.7,12,9,COAD;ESCA;KICH;KIRC;KIRP;LUAD;LUSC;PRAD;THCA,2,56,FALSE,1,FALSE,maximum complete profiles at fixed k; lexicographic tie-break; logFC not used
MAOB,0.7,12,9,COAD;ESCA;KICH;KIRC;KIRP;LUAD;LUSC;STAD;THCA,2,57,FALSE,1,FALSE,maximum complete profiles at fixed k; lexicographic tie-break; logFC not used
MAOB,0.7,12,9,COAD;ESCA;KICH;KIRC;KIRP;LUAD;PRAD;STAD;THCA,2,58,FALSE,1,FALSE,maximum complete profiles at fixed k; lexicographic tie-break; logFC not used
MAOB,0.7,12,9,COAD;ESCA;KICH;KIRC;KIRP;LUSC;PRAD;STAD;THCA,2,59,FALSE,1,FALSE,maximum complete profiles at fixed k; lexicographic tie-break; logFC not used
MAOB,0.7,12,9,COAD;ESCA;KICH;KIRC;LUAD;LUSC;PRAD;STAD;THCA,2,60,FALSE,1,FALSE,maximum complete profiles at fixed k; lexicographic tie-break; logFC not used
MAOB,0.7,12,9,COAD;ESCA;KICH;KIRP;LUAD;LUSC;PRAD;STAD;THCA,2,61,FALSE,1,FALSE,maximum complete profiles at fixed k; lexicographic tie-break; logFC not used
MAOB,0.7,12,9,COAD;ESCA;KIRC;KIRP;LUAD;LUSC;PRAD;STAD;THCA,2,62,FALSE,1,FALSE,maximum complete profiles at fixed k; lexicographic tie-break; logFC not used
MAOB,0.7,12,9,COAD;KICH;KIRC;KIRP;LUAD;LUSC;PRAD;STAD;THCA,2,63,FALSE,1,FALSE,maximum complete profiles at fixed k; lexicographic tie-break; logFC not used
MAOB,0.7,12,9,ESCA;KICH;KIRC;KIRP;LUAD;LUSC;PRAD;STAD;THCA,2,64,FALSE,1,FALSE,maximum complete profiles at fixed k; lexicographic tie-break; logFC not used
MAOB,0.7,12,9,BRCA;COAD;ESCA;KICH;KIRC;KIRP;LUAD;LUSC;THCA,1,65,FALSE,1,FALSE,maximum complete profiles at fixed k; lexicographic tie-break; logFC not used
MAOB,0.7,12,9,BRCA;COAD;ESCA;KICH;KIRC;KIRP;LUAD;PRAD;THCA,1,66,FALSE,1,FALSE,maximum complete profiles at fixed k; lexicographic tie-break; logFC not used
MAOB,0.7,12,9,BRCA;COAD;ESCA;KICH;KIRC;KIRP;LUAD;STAD;THCA,1,67,FALSE,1,FALSE,maximum complete profiles at fixed k; lexicographic tie-break; logFC not used
MAOB,0.7,12,9,BRCA;COAD;ESCA;KICH;KIRC;KIRP;LUSC;PRAD;THCA,1,68,FALSE,1,FALSE,maximum complete profiles at fixed k; lexicographic tie-break; logFC not used
MAOB,0.7,12,9,BRCA;COAD;ESCA;KICH;KIRC;KIRP;LUSC;STAD;THCA,1,69,FALSE,1,FALSE,maximum complete profiles at fixed k; lexicographic tie-break; logFC not used
MAOB,0.7,12,9,BRCA;COAD;ESCA;KICH;KIRC;KIRP;PRAD;STAD;THCA,1,70,FALSE,1,FALSE,maximum complete profiles at fixed k; lexicographic tie-break; logFC not used
MAOB,0.7,12,9,BRCA;COAD;ESCA;KICH;KIRC;LUAD;LUSC;PRAD;THCA,1,71,FALSE,1,FALSE,maximum complete profiles at fixed k; lexicographic tie-break; logFC not used
MAOB,0.7,12,9,BRCA;COAD;ESCA;KICH;KIRC;LUAD;LUSC;STAD;THCA,1,72,FALSE,1,FALSE,maximum complete profiles at fixed k; lexicographic tie-break; logFC not used
MAOB,0.7,12,9,BRCA;COAD;ESCA;KICH;KIRC;LUAD;PRAD;STAD;THCA,1,73,FALSE,1,FALSE,maximum complete profiles at fixed k; lexicographic tie-break; logFC not used
MAOB,0.7,12,9,BRCA;COAD;ESCA;KICH;KIRC;LUSC;PRAD;STAD;THCA,1,74,FALSE,1,FALSE,maximum complete profiles at fixed k; lexicographic tie-break; logFC not used
MAOB,0.7,12,9,BRCA;COAD;ESCA;KICH;KIRP;LUAD;LUSC;PRAD;THCA,1,75,FALSE,1,FALSE,maximum complete profiles at fixed k; lexicographic tie-break; logFC not used
MAOB,0.7,12,9,BRCA;COAD;ESCA;KICH;KIRP;LUAD;LUSC;STAD;THCA,1,76,FALSE,1,FALSE,maximum complete profiles at fixed k; lexicographic tie-break; logFC not used
MAOB,0.7,12,9,BRCA;COAD;ESCA;KICH;KIRP;LUAD;PRAD;STAD;THCA,1,77,FALSE,1,FALSE,maximum complete profiles at fixed k; lexicographic tie-break; logFC not used
MAOB,0.7,12,9,BRCA;COAD;ESCA;KICH;KIRP;LUSC;PRAD;STAD;THCA,1,78,FALSE,1,FALSE,maximum complete profiles at fixed k; lexicographic tie-break; logFC not used
MAOB,0.7,12,9,BRCA;COAD;ESCA;KICH;LUAD;LUSC;PRAD;STAD;THCA,1,79,FALSE,1,FALSE,maximum complete profiles at fixed k; lexicographic tie-break; logFC not used
MAOB,0.7,12,9,BRCA;COAD;ESCA;KIRC;KIRP;LUAD;LUSC;PRAD;THCA,1,80,FALSE,1,FALSE,maximum complete profiles at fixed k; lexicographic tie-break; logFC not used
MAOB,0.7,12,9,BRCA;COAD;ESCA;KIRC;KIRP;LUAD;LUSC;STAD;THCA,1,81,FALSE,1,FALSE,maximum complete profiles at fixed k; lexicographic tie-break; logFC not used
MAOB,0.7,12,9,BRCA;COAD;ESCA;KIRC;KIRP;LUAD;PRAD;STAD;THCA,1,82,FALSE,1,FALSE,maximum complete profiles at fixed k; lexicographic tie-break; logFC not used
MAOB,0.7,12,9,BRCA;COAD;ESCA;KIRC;KIRP;LUSC;PRAD;STAD;THCA,1,83,FALSE,1,FALSE,maximum complete profiles at fixed k; lexicographic tie-break; logFC not used
MAOB,0.7,12,9,BRCA;COAD;ESCA;KIRC;LUAD;LUSC;PRAD;STAD;THCA,1,84,FALSE,1,FALSE,maximum complete profiles at fixed k; lexicographic tie-break; logFC not used
MAOB,0.7,12,9,BRCA;COAD;ESCA;KIRP;LUAD;LUSC;PRAD;STAD;THCA,1,85,FALSE,1,FALSE,maximum complete profiles at fixed k; lexicographic tie-break; logFC not used
MAOB,0.7,12,9,BRCA;COAD;KICH;KIRC;KIRP;LUAD;LUSC;PRAD;THCA,1,86,FALSE,1,FALSE,maximum complete profiles at fixed k; lexicographic tie-break; logFC not used
MAOB,0.7,12,9,BRCA;COAD;KICH;KIRC;KIRP;LUAD;LUSC;STAD;THCA,1,87,FALSE,1,FALSE,maximum complete profiles at fixed k; lexicographic tie-break; logFC not used
MAOB,0.7,12,9,BRCA;COAD;KICH;KIRC;KIRP;LUAD;PRAD;STAD;THCA,1,88,FALSE,1,FALSE,maximum complete profiles at fixed k; lexicographic tie-break; logFC not used
MAOB,0.7,12,9,BRCA;COAD;KICH;KIRC;KIRP;LUSC;PRAD;STAD;THCA,1,89,FALSE,1,FALSE,maximum complete profiles at fixed k; lexicographic tie-break; logFC not used
MAOB,0.7,12,9,BRCA;COAD;KICH;KIRC;LUAD;LUSC;PRAD;STAD;THCA,1,90,FALSE,1,FALSE,maximum complete profiles at fixed k; lexicographic tie-break; logFC not used
MAOB,0.7,12,9,BRCA;COAD;KICH;KIRP;LUAD;LUSC;PRAD;STAD;THCA,1,91,FALSE,1,FALSE,maximum complete profiles at fixed k; lexicographic tie-break; logFC not used
MAOB,0.7,12,9,BRCA;COAD;KIRC;KIRP;LUAD;LUSC;PRAD;STAD;THCA,1,92,FALSE,1,FALSE,maximum complete profiles at fixed k; lexicographic tie-break; logFC not used
MAOB,0.7,12,9,BRCA;ESCA;KICH;KIRC;KIRP;LUAD;LUSC;PRAD;THCA,1,93,FALSE,1,FALSE,maximum complete profiles at fixed k; lexicographic tie-break; logFC not used
MAOB,0.7,12,9,BRCA;ESCA;KICH;KIRC;KIRP;LUAD;LUSC;STAD;THCA,1,94,FALSE,1,FALSE,maximum complete profiles at fixed k; lexicographic tie-break; logFC not used
MAOB,0.7,12,9,BRCA;ESCA;KICH;KIRC;KIRP;LUAD;PRAD;STAD;THCA,1,95,FALSE,1,FALSE,maximum complete profiles at fixed k; lexicographic tie-break; logFC not used
MAOB,0.7,12,9,BRCA;ESCA;KICH;KIRC;KIRP;LUSC;PRAD;STAD;THCA,1,96,FALSE,1,FALSE,maximum complete profiles at fixed k; lexicographic tie-break; logFC not used
MAOB,0.7,12,9,BRCA;ESCA;KICH;KIRC;LUAD;LUSC;PRAD;STAD;THCA,1,97,FALSE,1,FALSE,maximum complete profiles at fixed k; lexicographic tie-break; logFC not used
MAOB,0.7,12,9,BRCA;ESCA;KICH;KIRP;LUAD;LUSC;PRAD;STAD;THCA,1,98,FALSE,1,FALSE,maximum complete profiles at fixed k; lexicographic tie-break; logFC not used
MAOB,0.7,12,9,BRCA;ESCA;KIRC;KIRP;LUAD;LUSC;PRAD;STAD;THCA,1,99,FALSE,1,FALSE,maximum complete profiles at fixed k; lexicographic tie-break; logFC not used
MAOB,0.7,12,9,BRCA;KICH;KIRC;KIRP;LIHC;LUAD;LUSC;STAD;THCA,1,100,FALSE,1,FALSE,maximum complete profiles at fixed k; lexicographic tie-break; logFC not used
MAOB,0.7,12,9,BRCA;KICH;KIRC;KIRP;LUAD;LUSC;PRAD;STAD;THCA,1,101,FALSE,1,FALSE,maximum complete profiles at fixed k; lexicographic tie-break; logFC not used
MAOB,0.7,12,9,BRCA;COAD;ESCA;KICH;KIRC;KIRP;LIHC;LUAD;THCA,0,102,FALSE,1,FALSE,maximum complete profiles at fixed k; lexicographic tie-break; logFC not used
MAOB,0.7,12,9,BRCA;COAD;ESCA;KICH;KIRC;KIRP;LIHC;LUSC;THCA,0,103,FALSE,1,FALSE,maximum complete profiles at fixed k; lexicographic tie-break; logFC not used
MAOB,0.7,12,9,BRCA;COAD;ESCA;KICH;KIRC;KIRP;LIHC;PRAD;THCA,0,104,FALSE,1,FALSE,maximum complete profiles at fixed k; lexicographic tie-break; logFC not used
MAOB,0.7,12,9,BRCA;COAD;ESCA;KICH;KIRC;KIRP;LIHC;STAD;THCA,0,105,FALSE,1,FALSE,maximum complete profiles at fixed k; lexicographic tie-break; logFC not used
MAOB,0.7,12,9,BRCA;COAD;ESCA;KICH;KIRC;LIHC;LUAD;LUSC;THCA,0,106,FALSE,1,FALSE,maximum complete profiles at fixed k; lexicographic tie-break; logFC not used
MAOB,0.7,12,9,BRCA;COAD;ESCA;KICH;KIRC;LIHC;LUAD;PRAD;THCA,0,107,FALSE,1,FALSE,maximum complete profiles at fixed k; lexicographic tie-break; logFC not used
MAOB,0.7,12,9,BRCA;COAD;ESCA;KICH;KIRC;LIHC;LUAD;STAD;THCA,0,108,FALSE,1,FALSE,maximum complete profiles at fixed k; lexicographic tie-break; logFC not used
MAOB,0.7,12,9,BRCA;COAD;ESCA;KICH;KIRC;LIHC;LUSC;PRAD;THCA,0,109,FALSE,1,FALSE,maximum complete profiles at fixed k; lexicographic tie-break; logFC not used
MAOB,0.7,12,9,BRCA;COAD;ESCA;KICH;KIRC;LIHC;LUSC;STAD;THCA,0,110,FALSE,1,FALSE,maximum complete profiles at fixed k; lexicographic tie-break; logFC not used
MAOB,0.7,12,9,BRCA;COAD;ESCA;KICH;KIRC;LIHC;PRAD;STAD;THCA,0,111,FALSE,1,FALSE,maximum complete profiles at fixed k; lexicographic tie-break; logFC not used
MAOB,0.7,12,9,BRCA;COAD;ESCA;KICH;KIRP;LIHC;LUAD;LUSC;THCA,0,112,FALSE,1,FALSE,maximum complete profiles at fixed k; lexicographic tie-break; logFC not used
MAOB,0.7,12,9,BRCA;COAD;ESCA;KICH;KIRP;LIHC;LUAD;PRAD;THCA,0,113,FALSE,1,FALSE,maximum complete profiles at fixed k; lexicographic tie-break; logFC not used
MAOB,0.7,12,9,BRCA;COAD;ESCA;KICH;KIRP;LIHC;LUAD;STAD;THCA,0,114,FALSE,1,FALSE,maximum complete profiles at fixed k; lexicographic tie-break; logFC not used
MAOB,0.7,12,9,BRCA;COAD;ESCA;KICH;KIRP;LIHC;LUSC;PRAD;THCA,0,115,FALSE,1,FALSE,maximum complete profiles at fixed k; lexicographic tie-break; logFC not used
MAOB,0.7,12,9,BRCA;COAD;ESCA;KICH;KIRP;LIHC;LUSC;STAD;THCA,0,116,FALSE,1,FALSE,maximum complete profiles at fixed k; lexicographic tie-break; logFC not used
MAOB,0.7,12,9,BRCA;COAD;ESCA;KICH;KIRP;LIHC;PRAD;STAD;THCA,0,117,FALSE,1,FALSE,maximum complete profiles at fixed k; lexicographic tie-break; logFC not used
MAOB,0.7,12,9,BRCA;COAD;ESCA;KICH;LIHC;LUAD;LUSC;PRAD;THCA,0,118,FALSE,1,FALSE,maximum complete profiles at fixed k; lexicographic tie-break; logFC not used
MAOB,0.7,12,9,BRCA;COAD;ESCA;KICH;LIHC;LUAD;LUSC;STAD;THCA,0,119,FALSE,1,FALSE,maximum complete profiles at fixed k; lexicographic tie-break; logFC not used
MAOB,0.7,12,9,BRCA;COAD;ESCA;KICH;LIHC;LUAD;PRAD;STAD;THCA,0,120,FALSE,1,FALSE,maximum complete profiles at fixed k; lexicographic tie-break; logFC not used
MAOB,0.7,12,9,BRCA;COAD;ESCA;KICH;LIHC;LUSC;PRAD;STAD;THCA,0,121,FALSE,1,FALSE,maximum complete profiles at fixed k; lexicographic tie-break; logFC not used
MAOB,0.7,12,9,BRCA;COAD;ESCA;KIRC;KIRP;LIHC;LUAD;LUSC;THCA,0,122,FALSE,1,FALSE,maximum complete profiles at fixed k; lexicographic tie-break; logFC not used
MAOB,0.7,12,9,BRCA;COAD;ESCA;KIRC;KIRP;LIHC;LUAD;PRAD;THCA,0,123,FALSE,1,FALSE,maximum complete profiles at fixed k; lexicographic tie-break; logFC not used
MAOB,0.7,12,9,BRCA;COAD;ESCA;KIRC;KIRP;LIHC;LUAD;STAD;THCA,0,124,FALSE,1,FALSE,maximum complete profiles at fixed k; lexicographic tie-break; logFC not used
MAOB,0.7,12,9,BRCA;COAD;ESCA;KIRC;KIRP;LIHC;LUSC;PRAD;THCA,0,125,FALSE,1,FALSE,maximum complete profiles at fixed k; lexicographic tie-break; logFC not used
MAOB,0.7,12,9,BRCA;COAD;ESCA;KIRC;KIRP;LIHC;LUSC;STAD;THCA,0,126,FALSE,1,FALSE,maximum complete profiles at fixed k; lexicographic tie-break; logFC not used
MAOB,0.7,12,9,BRCA;COAD;ESCA;KIRC;KIRP;LIHC;PRAD;STAD;THCA,0,127,FALSE,1,FALSE,maximum complete profiles at fixed k; lexicographic tie-break; logFC not used
MAOB,0.7,12,9,BRCA;COAD;ESCA;KIRC;LIHC;LUAD;LUSC;PRAD;THCA,0,128,FALSE,1,FALSE,maximum complete profiles at fixed k; lexicographic tie-break; logFC not used
MAOB,0.7,12,9,BRCA;COAD;ESCA;KIRC;LIHC;LUAD;LUSC;STAD;THCA,0,129,FALSE,1,FALSE,maximum complete profiles at fixed k; lexicographic tie-break; logFC not used
MAOB,0.7,12,9,BRCA;COAD;ESCA;KIRC;LIHC;LUAD;PRAD;STAD;THCA,0,130,FALSE,1,FALSE,maximum complete profiles at fixed k; lexicographic tie-break; logFC not used
MAOB,0.7,12,9,BRCA;COAD;ESCA;KIRC;LIHC;LUSC;PRAD;STAD;THCA,0,131,FALSE,1,FALSE,maximum complete profiles at fixed k; lexicographic tie-break; logFC not used
MAOB,0.7,12,9,BRCA;COAD;ESCA;KIRP;LIHC;LUAD;LUSC;PRAD;THCA,0,132,FALSE,1,FALSE,maximum complete profiles at fixed k; lexicographic tie-break; logFC not used
MAOB,0.7,12,9,BRCA;COAD;ESCA;KIRP;LIHC;LUAD;LUSC;STAD;THCA,0,133,FALSE,1,FALSE,maximum complete profiles at fixed k; lexicographic tie-break; logFC not used
MAOB,0.7,12,9,BRCA;COAD;ESCA;KIRP;LIHC;LUAD;PRAD;STAD;THCA,0,134,FALSE,1,FALSE,maximum complete profiles at fixed k; lexicographic tie-break; logFC not used
MAOB,0.7,12,9,BRCA;COAD;ESCA;KIRP;LIHC;LUSC;PRAD;STAD;THCA,0,135,FALSE,1,FALSE,maximum complete profiles at fixed k; lexicographic tie-break; logFC not used
MAOB,0.7,12,9,BRCA;COAD;ESCA;LIHC;LUAD;LUSC;PRAD;STAD;THCA,0,136,FALSE,1,FALSE,maximum complete profiles at fixed k; lexicographic tie-break; logFC not used
MAOB,0.7,12,9,BRCA;COAD;KICH;KIRC;KIRP;LIHC;LUAD;LUSC;THCA,0,137,FALSE,1,FALSE,maximum complete profiles at fixed k; lexicographic tie-break; logFC not used
MAOB,0.7,12,9,BRCA;COAD;KICH;KIRC;KIRP;LIHC;LUAD;PRAD;THCA,0,138,FALSE,1,FALSE,maximum complete profiles at fixed k; lexicographic tie-break; logFC not used
MAOB,0.7,12,9,BRCA;COAD;KICH;KIRC;KIRP;LIHC;LUAD;STAD;THCA,0,139,FALSE,1,FALSE,maximum complete profiles at fixed k; lexicographic tie-break; logFC not used
MAOB,0.7,12,9,BRCA;COAD;KICH;KIRC;KIRP;LIHC;LUSC;PRAD;THCA,0,140,FALSE,1,FALSE,maximum complete profiles at fixed k; lexicographic tie-break; logFC not used
MAOB,0.7,12,9,BRCA;COAD;KICH;KIRC;KIRP;LIHC;LUSC;STAD;THCA,0,141,FALSE,1,FALSE,maximum complete profiles at fixed k; lexicographic tie-break; logFC not used
MAOB,0.7,12,9,BRCA;COAD;KICH;KIRC;KIRP;LIHC;PRAD;STAD;THCA,0,142,FALSE,1,FALSE,maximum complete profiles at fixed k; lexicographic tie-break; logFC not used
MAOB,0.7,12,9,BRCA;COAD;KICH;KIRC;LIHC;LUAD;LUSC;PRAD;THCA,0,143,FALSE,1,FALSE,maximum complete profiles at fixed k; lexicographic tie-break; logFC not used
MAOB,0.7,12,9,BRCA;COAD;KICH;KIRC;LIHC;LUAD;LUSC;STAD;THCA,0,144,FALSE,1,FALSE,maximum complete profiles at fixed k; lexicographic tie-break; logFC not used
MAOB,0.7,12,9,BRCA;COAD;KICH;KIRC;LIHC;LUAD;PRAD;STAD;THCA,0,145,FALSE,1,FALSE,maximum complete profiles at fixed k; lexicographic tie-break; logFC not used
MAOB,0.7,12,9,BRCA;COAD;KICH;KIRC;LIHC;LUSC;PRAD;STAD;THCA,0,146,FALSE,1,FALSE,maximum complete profiles at fixed k; lexicographic tie-break; logFC not used
MAOB,0.7,12,9,BRCA;COAD;KICH;KIRP;LIHC;LUAD;LUSC;PRAD;THCA,0,147,FALSE,1,FALSE,maximum complete profiles at fixed k; lexicographic tie-break; logFC not used
MAOB,0.7,12,9,BRCA;COAD;KICH;KIRP;LIHC;LUAD;LUSC;STAD;THCA,0,148,FALSE,1,FALSE,maximum complete profiles at fixed k; lexicographic tie-break; logFC not used
MAOB,0.7,12,9,BRCA;COAD;KICH;KIRP;LIHC;LUAD;PRAD;STAD;THCA,0,149,FALSE,1,FALSE,maximum complete profiles at fixed k; lexicographic tie-break; logFC not used
MAOB,0.7,12,9,BRCA;COAD;KICH;KIRP;LIHC;LUSC;PRAD;STAD;THCA,0,150,FALSE,1,FALSE,maximum complete profiles at fixed k; lexicographic tie-break; logFC not used
MAOB,0.7,12,9,BRCA;COAD;KICH;LIHC;LUAD;LUSC;PRAD;STAD;THCA,0,151,FALSE,1,FALSE,maximum complete profiles at fixed k; lexicographic tie-break; logFC not used
MAOB,0.7,12,9,BRCA;COAD;KIRC;KIRP;LIHC;LUAD;LUSC;PRAD;THCA,0,152,FALSE,1,FALSE,maximum complete profiles at fixed k; lexicographic tie-break; logFC not used
MAOB,0.7,12,9,BRCA;COAD;KIRC;KIRP;LIHC;LUAD;LUSC;STAD;THCA,0,153,FALSE,1,FALSE,maximum complete profiles at fixed k; lexicographic tie-break; logFC not used
MAOB,0.7,12,9,BRCA;COAD;KIRC;KIRP;LIHC;LUAD;PRAD;STAD;THCA,0,154,FALSE,1,FALSE,maximum complete profiles at fixed k; lexicographic tie-break; logFC not used
MAOB,0.7,12,9,BRCA;COAD;KIRC;KIRP;LIHC;LUSC;PRAD;STAD;THCA,0,155,FALSE,1,FALSE,maximum complete profiles at fixed k; lexicographic tie-break; logFC not used
MAOB,0.7,12,9,BRCA;COAD;KIRC;LIHC;LUAD;LUSC;PRAD;STAD;THCA,0,156,FALSE,1,FALSE,maximum complete profiles at fixed k; lexicographic tie-break; logFC not used
MAOB,0.7,12,9,BRCA;COAD;KIRP;LIHC;LUAD;LUSC;PRAD;STAD;THCA,0,157,FALSE,1,FALSE,maximum complete profiles at fixed k; lexicographic tie-break; logFC not used
MAOB,0.7,12,9,BRCA;ESCA;KICH;KIRC;KIRP;LIHC;LUAD;LUSC;THCA,0,158,FALSE,1,FALSE,maximum complete profiles at fixed k; lexicographic tie-break; logFC not used
MAOB,0.7,12,9,BRCA;ESCA;KICH;KIRC;KIRP;LIHC;LUAD;PRAD;THCA,0,159,FALSE,1,FALSE,maximum complete profiles at fixed k; lexicographic tie-break; logFC not used
MAOB,0.7,12,9,BRCA;ESCA;KICH;KIRC;KIRP;LIHC;LUAD;STAD;THCA,0,160,FALSE,1,FALSE,maximum complete profiles at fixed k; lexicographic tie-break; logFC not used
MAOB,0.7,12,9,BRCA;ESCA;KICH;KIRC;KIRP;LIHC;LUSC;PRAD;THCA,0,161,FALSE,1,FALSE,maximum complete profiles at fixed k; lexicographic tie-break; logFC not used
MAOB,0.7,12,9,BRCA;ESCA;KICH;KIRC;KIRP;LIHC;LUSC;STAD;THCA,0,162,FALSE,1,FALSE,maximum complete profiles at fixed k; lexicographic tie-break; logFC not used
MAOB,0.7,12,9,BRCA;ESCA;KICH;KIRC;KIRP;LIHC;PRAD;STAD;THCA,0,163,FALSE,1,FALSE,maximum complete profiles at fixed k; lexicographic tie-break; logFC not used
MAOB,0.7,12,9,BRCA;ESCA;KICH;KIRC;LIHC;LUAD;LUSC;PRAD;THCA,0,164,FALSE,1,FALSE,maximum complete profiles at fixed k; lexicographic tie-break; logFC not used
MAOB,0.7,12,9,BRCA;ESCA;KICH;KIRC;LIHC;LUAD;LUSC;STAD;THCA,0,165,FALSE,1,FALSE,maximum complete profiles at fixed k; lexicographic tie-break; logFC not used
MAOB,0.7,12,9,BRCA;ESCA;KICH;KIRC;LIHC;LUAD;PRAD;STAD;THCA,0,166,FALSE,1,FALSE,maximum complete profiles at fixed k; lexicographic tie-break; logFC not used
MAOB,0.7,12,9,BRCA;ESCA;KICH;KIRC;LIHC;LUSC;PRAD;STAD;THCA,0,167,FALSE,1,FALSE,maximum complete profiles at fixed k; lexicographic tie-break; logFC not used
MAOB,0.7,12,9,BRCA;ESCA;KICH;KIRP;LIHC;LUAD;LUSC;PRAD;THCA,0,168,FALSE,1,FALSE,maximum complete profiles at fixed k; lexicographic tie-break; logFC not used
MAOB,0.7,12,9,BRCA;ESCA;KICH;KIRP;LIHC;LUAD;LUSC;STAD;THCA,0,169,FALSE,1,FALSE,maximum complete profiles at fixed k; lexicographic tie-break; logFC not used
MAOB,0.7,12,9,BRCA;ESCA;KICH;KIRP;LIHC;LUAD;PRAD;STAD;THCA,0,170,FALSE,1,FALSE,maximum complete profiles at fixed k; lexicographic tie-break; logFC not used
MAOB,0.7,12,9,BRCA;ESCA;KICH;KIRP;LIHC;LUSC;PRAD;STAD;THCA,0,171,FALSE,1,FALSE,maximum complete profiles at fixed k; lexicographic tie-break; logFC not used
MAOB,0.7,12,9,BRCA;ESCA;KICH;LIHC;LUAD;LUSC;PRAD;STAD;THCA,0,172,FALSE,1,FALSE,maximum complete profiles at fixed k; lexicographic tie-break; logFC not used
MAOB,0.7,12,9,BRCA;ESCA;KIRC;KIRP;LIHC;LUAD;LUSC;PRAD;THCA,0,173,FALSE,1,FALSE,maximum complete profiles at fixed k; lexicographic tie-break; logFC not used
MAOB,0.7,12,9,BRCA;ESCA;KIRC;KIRP;LIHC;LUAD;LUSC;STAD;THCA,0,174,FALSE,1,FALSE,maximum complete profiles at fixed k; lexicographic tie-break; logFC not used
MAOB,0.7,12,9,BRCA;ESCA;KIRC;KIRP;LIHC;LUAD;PRAD;STAD;THCA,0,175,FALSE,1,FALSE,maximum complete profiles at fixed k; lexicographic tie-break; logFC not used
MAOB,0.7,12,9,BRCA;ESCA;KIRC;KIRP;LIHC;LUSC;PRAD;STAD;THCA,0,176,FALSE,1,FALSE,maximum complete profiles at fixed k; lexicographic tie-break; logFC not used
MAOB,0.7,12,9,BRCA;ESCA;KIRC;LIHC;LUAD;LUSC;PRAD;STAD;THCA,0,177,FALSE,1,FALSE,maximum complete profiles at fixed k; lexicographic tie-break; logFC not used
MAOB,0.7,12,9,BRCA;ESCA;KIRP;LIHC;LUAD;LUSC;PRAD;STAD;THCA,0,178,FALSE,1,FALSE,maximum complete profiles at fixed k; lexicographic tie-break; logFC not used
MAOB,0.7,12,9,BRCA;KICH;KIRC;KIRP;LIHC;LUAD;LUSC;PRAD;THCA,0,179,FALSE,1,FALSE,maximum complete profiles at fixed k; lexicographic tie-break; logFC not used
MAOB,0.7,12,9,BRCA;KICH;KIRC;KIRP;LIHC;LUAD;PRAD;STAD;THCA,0,180,FALSE,1,FALSE,maximum complete profiles at fixed k; lexicographic tie-break; logFC not used
MAOB,0.7,12,9,BRCA;KICH;KIRC;KIRP;LIHC;LUSC;PRAD;STAD;THCA,0,181,FALSE,1,FALSE,maximum complete profiles at fixed k; lexicographic tie-break; logFC not used
MAOB,0.7,12,9,BRCA;KICH;KIRC;LIHC;LUAD;LUSC;PRAD;STAD;THCA,0,182,FALSE,1,FALSE,maximum complete profiles at fixed k; lexicographic tie-break; logFC not used
MAOB,0.7,12,9,BRCA;KICH;KIRP;LIHC;LUAD;LUSC;PRAD;STAD;THCA,0,183,FALSE,1,FALSE,maximum complete profiles at fixed k; lexicographic tie-break; logFC not used
MAOB,0.7,12,9,BRCA;KIRC;KIRP;LIHC;LUAD;LUSC;PRAD;STAD;THCA,0,184,FALSE,1,FALSE,maximum complete profiles at fixed k; lexicographic tie-break; logFC not used
MAOB,0.7,12,9,COAD;ESCA;KICH;KIRC;KIRP;LIHC;LUAD;LUSC;THCA,0,185,FALSE,1,FALSE,maximum complete profiles at fixed k; lexicographic tie-break; logFC not used
MAOB,0.7,12,9,COAD;ESCA;KICH;KIRC;KIRP;LIHC;LUAD;PRAD;THCA,0,186,FALSE,1,FALSE,maximum complete profiles at fixed k; lexicographic tie-break; logFC not used
MAOB,0.7,12,9,COAD;ESCA;KICH;KIRC;KIRP;LIHC;LUAD;STAD;THCA,0,187,FALSE,1,FALSE,maximum complete profiles at fixed k; lexicographic tie-break; logFC not used
MAOB,0.7,12,9,COAD;ESCA;KICH;KIRC;KIRP;LIHC;LUSC;PRAD;THCA,0,188,FALSE,1,FALSE,maximum complete profiles at fixed k; lexicographic tie-break; logFC not used
MAOB,0.7,12,9,COAD;ESCA;KICH;KIRC;KIRP;LIHC;LUSC;STAD;THCA,0,189,FALSE,1,FALSE,maximum complete profiles at fixed k; lexicographic tie-break; logFC not used
MAOB,0.7,12,9,COAD;ESCA;KICH;KIRC;KIRP;LIHC;PRAD;STAD;THCA,0,190,FALSE,1,FALSE,maximum complete profiles at fixed k; lexicographic tie-break; logFC not used
MAOB,0.7,12,9,COAD;ESCA;KICH;KIRC;LIHC;LUAD;LUSC;PRAD;THCA,0,191,FALSE,1,FALSE,maximum complete profiles at fixed k; lexicographic tie-break; logFC not used
MAOB,0.7,12,9,COAD;ESCA;KICH;KIRC;LIHC;LUAD;LUSC;STAD;THCA,0,192,FALSE,1,FALSE,maximum complete profiles at fixed k; lexicographic tie-break; logFC not used
MAOB,0.7,12,9,COAD;ESCA;KICH;KIRC;LIHC;LUAD;PRAD;STAD;THCA,0,193,FALSE,1,FALSE,maximum complete profiles at fixed k; lexicographic tie-break; logFC not used
MAOB,0.7,12,9,COAD;ESCA;KICH;KIRC;LIHC;LUSC;PRAD;STAD;THCA,0,194,FALSE,1,FALSE,maximum complete profiles at fixed k; lexicographic tie-break; logFC not used
MAOB,0.7,12,9,COAD;ESCA;KICH;KIRP;LIHC;LUAD;LUSC;PRAD;THCA,0,195,FALSE,1,FALSE,maximum complete profiles at fixed k; lexicographic tie-break; logFC not used
MAOB,0.7,12,9,COAD;ESCA;KICH;KIRP;LIHC;LUAD;LUSC;STAD;THCA,0,196,FALSE,1,FALSE,maximum complete profiles at fixed k; lexicographic tie-break; logFC not used
MAOB,0.7,12,9,COAD;ESCA;KICH;KIRP;LIHC;LUAD;PRAD;STAD;THCA,0,197,FALSE,1,FALSE,maximum complete profiles at fixed k; lexicographic tie-break; logFC not used
MAOB,0.7,12,9,COAD;ESCA;KICH;KIRP;LIHC;LUSC;PRAD;STAD;THCA,0,198,FALSE,1,FALSE,maximum complete profiles at fixed k; lexicographic tie-break; logFC not used
MAOB,0.7,12,9,COAD;ESCA;KICH;LIHC;LUAD;LUSC;PRAD;STAD;THCA,0,199,FALSE,1,FALSE,maximum complete profiles at fixed k; lexicographic tie-break; logFC not used
MAOB,0.7,12,9,COAD;ESCA;KIRC;KIRP;LIHC;LUAD;LUSC;PRAD;THCA,0,200,FALSE,1,FALSE,maximum complete profiles at fixed k; lexicographic tie-break; logFC not used
MAOB,0.7,12,9,COAD;ESCA;KIRC;KIRP;LIHC;LUAD;LUSC;STAD;THCA,0,201,FALSE,1,FALSE,maximum complete profiles at fixed k; lexicographic tie-break; logFC not used
MAOB,0.7,12,9,COAD;ESCA;KIRC;KIRP;LIHC;LUAD;PRAD;STAD;THCA,0,202,FALSE,1,FALSE,maximum complete profiles at fixed k; lexicographic tie-break; logFC not used
MAOB,0.7,12,9,COAD;ESCA;KIRC;KIRP;LIHC;LUSC;PRAD;STAD;THCA,0,203,FALSE,1,FALSE,maximum complete profiles at fixed k; lexicographic tie-break; logFC not used
MAOB,0.7,12,9,COAD;ESCA;KIRC;LIHC;LUAD;LUSC;PRAD;STAD;THCA,0,204,FALSE,1,FALSE,maximum complete profiles at fixed k; lexicographic tie-break; logFC not used
MAOB,0.7,12,9,COAD;ESCA;KIRP;LIHC;LUAD;LUSC;PRAD;STAD;THCA,0,205,FALSE,1,FALSE,maximum complete profiles at fixed k; lexicographic tie-break; logFC not used
MAOB,0.7,12,9,COAD;KICH;KIRC;KIRP;LIHC;LUAD;LUSC;PRAD;THCA,0,206,FALSE,1,FALSE,maximum complete profiles at fixed k; lexicographic tie-break; logFC not used
MAOB,0.7,12,9,COAD;KICH;KIRC;KIRP;LIHC;LUAD;LUSC;STAD;THCA,0,207,FALSE,1,FALSE,maximum complete profiles at fixed k; lexicographic tie-break; logFC not used
MAOB,0.7,12,9,COAD;KICH;KIRC;KIRP;LIHC;LUAD;PRAD;STAD;THCA,0,208,FALSE,1,FALSE,maximum complete profiles at fixed k; lexicographic tie-break; logFC not used
MAOB,0.7,12,9,COAD;KICH;KIRC;KIRP;LIHC;LUSC;PRAD;STAD;THCA,0,209,FALSE,1,FALSE,maximum complete profiles at fixed k; lexicographic tie-break; logFC not used
MAOB,0.7,12,9,COAD;KICH;KIRC;LIHC;LUAD;LUSC;PRAD;STAD;THCA,0,210,FALSE,1,FALSE,maximum complete profiles at fixed k; lexicographic tie-break; logFC not used
MAOB,0.7,12,9,COAD;KICH;KIRP;LIHC;LUAD;LUSC;PRAD;STAD;THCA,0,211,FALSE,1,FALSE,maximum complete profiles at fixed k; lexicographic tie-break; logFC not used
MAOB,0.7,12,9,COAD;KIRC;KIRP;LIHC;LUAD;LUSC;PRAD;STAD;THCA,0,212,FALSE,1,FALSE,maximum complete profiles at fixed k; lexicographic tie-break; logFC not used
MAOB,0.7,12,9,ESCA;KICH;KIRC;KIRP;LIHC;LUAD;LUSC;PRAD;THCA,0,213,FALSE,1,FALSE,maximum complete profiles at fixed k; lexicographic tie-break; logFC not used
MAOB,0.7,12,9,ESCA;KICH;KIRC;KIRP;LIHC;LUAD;LUSC;STAD;THCA,0,214,FALSE,1,FALSE,maximum complete profiles at fixed k; lexicographic tie-break; logFC not used
MAOB,0.7,12,9,ESCA;KICH;KIRC;KIRP;LIHC;LUAD;PRAD;STAD;THCA,0,215,FALSE,1,FALSE,maximum complete profiles at fixed k; lexicographic tie-break; logFC not used
MAOB,0.7,12,9,ESCA;KICH;KIRC;KIRP;LIHC;LUSC;PRAD;STAD;THCA,0,216,FALSE,1,FALSE,maximum complete profiles at fixed k; lexicographic tie-break; logFC not used
MAOB,0.7,12,9,ESCA;KICH;KIRC;LIHC;LUAD;LUSC;PRAD;STAD;THCA,0,217,FALSE,1,FALSE,maximum complete profiles at fixed k; lexicographic tie-break; logFC not used
MAOB,0.7,12,9,ESCA;KICH;KIRP;LIHC;LUAD;LUSC;PRAD;STAD;THCA,0,218,FALSE,1,FALSE,maximum complete profiles at fixed k; lexicographic tie-break; logFC not used
MAOB,0.7,12,9,ESCA;KIRC;KIRP;LIHC;LUAD;LUSC;PRAD;STAD;THCA,0,219,FALSE,1,FALSE,maximum complete profiles at fixed k; lexicographic tie-break; logFC not used
MAOB,0.7,12,9,KICH;KIRC;KIRP;LIHC;LUAD;LUSC;PRAD;STAD;THCA,0,220,FALSE,1,FALSE,maximum complete profiles at fixed k; lexicographic tie-break; logFC not used
MAOB,0.8,12,10,BRCA;COAD;ESCA;KICH;KIRC;KIRP;LUAD;LUSC;PRAD;STAD,40,1,TRUE,1,TRUE,maximum complete profiles at fixed k; lexicographic tie-break; logFC not used
MAOB,0.8,12,10,BRCA;COAD;ESCA;KICH;KIRC;KIRP;LIHC;LUAD;LUSC;PRAD,21,2,FALSE,1,TRUE,maximum complete profiles at fixed k; lexicographic tie-break; logFC not used
MAOB,0.8,12,10,BRCA;COAD;KICH;KIRC;KIRP;LIHC;LUAD;LUSC;PRAD;STAD,12,3,FALSE,1,FALSE,maximum complete profiles at fixed k; lexicographic tie-break; logFC not used
MAOB,0.8,12,10,BRCA;ESCA;KICH;KIRC;KIRP;LIHC;LUAD;LUSC;PRAD;STAD,8,4,FALSE,1,FALSE,maximum complete profiles at fixed k; lexicographic tie-break; logFC not used
MAOB,0.8,12,10,COAD;ESCA;KICH;KIRC;KIRP;LIHC;LUAD;LUSC;PRAD;STAD,8,5,FALSE,1,FALSE,maximum complete profiles at fixed k; lexicographic tie-break; logFC not used
MAOB,0.8,12,10,BRCA;COAD;ESCA;KICH;KIRC;KIRP;LIHC;LUAD;LUSC;STAD,6,6,FALSE,1,FALSE,maximum complete profiles at fixed k; lexicographic tie-break; logFC not used
MAOB,0.8,12,10,BRCA;COAD;ESCA;KICH;KIRC;KIRP;LIHC;LUAD;PRAD;STAD,6,7,FALSE,1,FALSE,maximum complete profiles at fixed k; lexicographic tie-break; logFC not used
MAOB,0.8,12,10,BRCA;COAD;ESCA;KICH;KIRC;KIRP;LIHC;LUSC;PRAD;STAD,6,8,FALSE,1,FALSE,maximum complete profiles at fixed k; lexicographic tie-break; logFC not used
MAOB,0.8,12,10,BRCA;COAD;ESCA;KICH;KIRC;LIHC;LUAD;LUSC;PRAD;STAD,6,9,FALSE,1,FALSE,maximum complete profiles at fixed k; lexicographic tie-break; logFC not used
MAOB,0.8,12,10,BRCA;COAD;ESCA;KICH;KIRP;LIHC;LUAD;LUSC;PRAD;STAD,6,10,FALSE,1,FALSE,maximum complete profiles at fixed k; lexicographic tie-break; logFC not used
MAOB,0.8,12,10,BRCA;COAD;ESCA;KIRC;KIRP;LIHC;LUAD;LUSC;PRAD;STAD,6,11,FALSE,1,FALSE,maximum complete profiles at fixed k; lexicographic tie-break; logFC not used
MAOB,0.8,12,10,COAD;ESCA;KICH;KIRC;KIRP;LUAD;LUSC;PRAD;STAD;THCA,2,12,FALSE,1,FALSE,maximum complete profiles at fixed k; lexicographic tie-break; logFC not used
MAOB,0.8,12,10,BRCA;COAD;ESCA;KICH;KIRC;KIRP;LUAD;LUSC;PRAD;THCA,1,13,FALSE,1,FALSE,maximum complete profiles at fixed k; lexicographic tie-break; logFC not used
MAOB,0.8,12,10,BRCA;COAD;ESCA;KICH;KIRC;KIRP;LUAD;LUSC;STAD;THCA,1,14,FALSE,1,FALSE,maximum complete profiles at fixed k; lexicographic tie-break; logFC not used
MAOB,0.8,12,10,BRCA;COAD;ESCA;KICH;KIRC;KIRP;LUAD;PRAD;STAD;THCA,1,15,FALSE,1,FALSE,maximum complete profiles at fixed k; lexicographic tie-break; logFC not used
MAOB,0.8,12,10,BRCA;COAD;ESCA;KICH;KIRC;KIRP;LUSC;PRAD;STAD;THCA,1,16,FALSE,1,FALSE,maximum complete profiles at fixed k; lexicographic tie-break; logFC not used
MAOB,0.8,12,10,BRCA;COAD;ESCA;KICH;KIRC;LUAD;LUSC;PRAD;STAD;THCA,1,17,FALSE,1,FALSE,maximum complete profiles at fixed k; lexicographic tie-break; logFC not used
MAOB,0.8,12,10,BRCA;COAD;ESCA;KICH;KIRP;LUAD;LUSC;PRAD;STAD;THCA,1,18,FALSE,1,FALSE,maximum complete profiles at fixed k; lexicographic tie-break; logFC not used
MAOB,0.8,12,10,BRCA;COAD;ESCA;KIRC;KIRP;LUAD;LUSC;PRAD;STAD;THCA,1,19,FALSE,1,FALSE,maximum complete profiles at fixed k; lexicographic tie-break; logFC not used
MAOB,0.8,12,10,BRCA;COAD;KICH;KIRC;KIRP;LUAD;LUSC;PRAD;STAD;THCA,1,20,FALSE,1,FALSE,maximum complete profiles at fixed k; lexicographic tie-break; logFC not used
MAOB,0.8,12,10,BRCA;ESCA;KICH;KIRC;KIRP;LUAD;LUSC;PRAD;STAD;THCA,1,21,FALSE,1,FALSE,maximum complete profiles at fixed k; lexicographic tie-break; logFC not used
MAOB,0.8,12,10,BRCA;COAD;ESCA;KICH;KIRC;KIRP;LIHC;LUAD;LUSC;THCA,0,22,FALSE,1,FALSE,maximum complete profiles at fixed k; lexicographic tie-break; logFC not used
MAOB,0.8,12,10,BRCA;COAD;ESCA;KICH;KIRC;KIRP;LIHC;LUAD;PRAD;THCA,0,23,FALSE,1,FALSE,maximum complete profiles at fixed k; lexicographic tie-break; logFC not used
MAOB,0.8,12,10,BRCA;COAD;ESCA;KICH;KIRC;KIRP;LIHC;LUAD;STAD;THCA,0,24,FALSE,1,FALSE,maximum complete profiles at fixed k; lexicographic tie-break; logFC not used
MAOB,0.8,12,10,BRCA;COAD;ESCA;KICH;KIRC;KIRP;LIHC;LUSC;PRAD;THCA,0,25,FALSE,1,FALSE,maximum complete profiles at fixed k; lexicographic tie-break; logFC not used
MAOB,0.8,12,10,BRCA;COAD;ESCA;KICH;KIRC;KIRP;LIHC;LUSC;STAD;THCA,0,26,FALSE,1,FALSE,maximum complete profiles at fixed k; lexicographic tie-break; logFC not used
MAOB,0.8,12,10,BRCA;COAD;ESCA;KICH;KIRC;KIRP;LIHC;PRAD;STAD;THCA,0,27,FALSE,1,FALSE,maximum complete profiles at fixed k; lexicographic tie-break; logFC not used
MAOB,0.8,12,10,BRCA;COAD;ESCA;KICH;KIRC;LIHC;LUAD;LUSC;PRAD;THCA,0,28,FALSE,1,FALSE,maximum complete profiles at fixed k; lexicographic tie-break; logFC not used
MAOB,0.8,12,10,BRCA;COAD;ESCA;KICH;KIRC;LIHC;LUAD;LUSC;STAD;THCA,0,29,FALSE,1,FALSE,maximum complete profiles at fixed k; lexicographic tie-break; logFC not used
MAOB,0.8,12,10,BRCA;COAD;ESCA;KICH;KIRC;LIHC;LUAD;PRAD;STAD;THCA,0,30,FALSE,1,FALSE,maximum complete profiles at fixed k; lexicographic tie-break; logFC not used
MAOB,0.8,12,10,BRCA;COAD;ESCA;KICH;KIRC;LIHC;LUSC;PRAD;STAD;THCA,0,31,FALSE,1,FALSE,maximum complete profiles at fixed k; lexicographic tie-break; logFC not used
MAOB,0.8,12,10,BRCA;COAD;ESCA;KICH;KIRP;LIHC;LUAD;LUSC;PRAD;THCA,0,32,FALSE,1,FALSE,maximum complete profiles at fixed k; lexicographic tie-break; logFC not used
MAOB,0.8,12,10,BRCA;COAD;ESCA;KICH;KIRP;LIHC;LUAD;LUSC;STAD;THCA,0,33,FALSE,1,FALSE,maximum complete profiles at fixed k; lexicographic tie-break; logFC not used
MAOB,0.8,12,10,BRCA;COAD;ESCA;KICH;KIRP;LIHC;LUAD;PRAD;STAD;THCA,0,34,FALSE,1,FALSE,maximum complete profiles at fixed k; lexicographic tie-break; logFC not used
MAOB,0.8,12,10,BRCA;COAD;ESCA;KICH;KIRP;LIHC;LUSC;PRAD;STAD;THCA,0,35,FALSE,1,FALSE,maximum complete profiles at fixed k; lexicographic tie-break; logFC not used
MAOB,0.8,12,10,BRCA;COAD;ESCA;KICH;LIHC;LUAD;LUSC;PRAD;STAD;THCA,0,36,FALSE,1,FALSE,maximum complete profiles at fixed k; lexicographic tie-break; logFC not used
MAOB,0.8,12,10,BRCA;COAD;ESCA;KIRC;KIRP;LIHC;LUAD;LUSC;PRAD;THCA,0,37,FALSE,1,FALSE,maximum complete profiles at fixed k; lexicographic tie-break; logFC not used
MAOB,0.8,12,10,BRCA;COAD;ESCA;KIRC;KIRP;LIHC;LUAD;LUSC;STAD;THCA,0,38,FALSE,1,FALSE,maximum complete profiles at fixed k; lexicographic tie-break; logFC not used
MAOB,0.8,12,10,BRCA;COAD;ESCA;KIRC;KIRP;LIHC;LUAD;PRAD;STAD;THCA,0,39,FALSE,1,FALSE,maximum complete profiles at fixed k; lexicographic tie-break; logFC not used
MAOB,0.8,12,10,BRCA;COAD;ESCA;KIRC;KIRP;LIHC;LUSC;PRAD;STAD;THCA,0,40,FALSE,1,FALSE,maximum complete profiles at fixed k; lexicographic tie-break; logFC not used
MAOB,0.8,12,10,BRCA;COAD;ESCA;KIRC;LIHC;LUAD;LUSC;PRAD;STAD;THCA,0,41,FALSE,1,FALSE,maximum complete profiles at fixed k; lexicographic tie-break; logFC not used
MAOB,0.8,12,10,BRCA;COAD;ESCA;KIRP;LIHC;LUAD;LUSC;PRAD;STAD;THCA,0,42,FALSE,1,FALSE,maximum complete profiles at fixed k; lexicographic tie-break; logFC not used
MAOB,0.8,12,10,BRCA;COAD;KICH;KIRC;KIRP;LIHC;LUAD;LUSC;PRAD;THCA,0,43,FALSE,1,FALSE,maximum complete profiles at fixed k; lexicographic tie-break; logFC not used
MAOB,0.8,12,10,BRCA;COAD;KICH;KIRC;KIRP;LIHC;LUAD;LUSC;STAD;THCA,0,44,FALSE,1,FALSE,maximum complete profiles at fixed k; lexicographic tie-break; logFC not used
MAOB,0.8,12,10,BRCA;COAD;KICH;KIRC;KIRP;LIHC;LUAD;PRAD;STAD;THCA,0,45,FALSE,1,FALSE,maximum complete profiles at fixed k; lexicographic tie-break; logFC not used
MAOB,0.8,12,10,BRCA;COAD;KICH;KIRC;KIRP;LIHC;LUSC;PRAD;STAD;THCA,0,46,FALSE,1,FALSE,maximum complete profiles at fixed k; lexicographic tie-break; logFC not used
MAOB,0.8,12,10,BRCA;COAD;KICH;KIRC;LIHC;LUAD;LUSC;PRAD;STAD;THCA,0,47,FALSE,1,FALSE,maximum complete profiles at fixed k; lexicographic tie-break; logFC not used
MAOB,0.8,12,10,BRCA;COAD;KICH;KIRP;LIHC;LUAD;LUSC;PRAD;STAD;THCA,0,48,FALSE,1,FALSE,maximum complete profiles at fixed k; lexicographic tie-break; logFC not used
MAOB,0.8,12,10,BRCA;COAD;KIRC;KIRP;LIHC;LUAD;LUSC;PRAD;STAD;THCA,0,49,FALSE,1,FALSE,maximum complete profiles at fixed k; lexicographic tie-break; logFC not used
MAOB,0.8,12,10,BRCA;ESCA;KICH;KIRC;KIRP;LIHC;LUAD;LUSC;PRAD;THCA,0,50,FALSE,1,FALSE,maximum complete profiles at fixed k; lexicographic tie-break; logFC not used
MAOB,0.8,12,10,BRCA;ESCA;KICH;KIRC;KIRP;LIHC;LUAD;LUSC;STAD;THCA,0,51,FALSE,1,FALSE,maximum complete profiles at fixed k; lexicographic tie-break; logFC not used
MAOB,0.8,12,10,BRCA;ESCA;KICH;KIRC;KIRP;LIHC;LUAD;PRAD;STAD;THCA,0,52,FALSE,1,FALSE,maximum complete profiles at fixed k; lexicographic tie-break; logFC not used
MAOB,0.8,12,10,BRCA;ESCA;KICH;KIRC;KIRP;LIHC;LUSC;PRAD;STAD;THCA,0,53,FALSE,1,FALSE,maximum complete profiles at fixed k; lexicographic tie-break; logFC not used
MAOB,0.8,12,10,BRCA;ESCA;KICH;KIRC;LIHC;LUAD;LUSC;PRAD;STAD;THCA,0,54,FALSE,1,FALSE,maximum complete profiles at fixed k; lexicographic tie-break; logFC not used
MAOB,0.8,12,10,BRCA;ESCA;KICH;KIRP;LIHC;LUAD;LUSC;PRAD;STAD;THCA,0,55,FALSE,1,FALSE,maximum complete profiles at fixed k; lexicographic tie-break; logFC not used
MAOB,0.8,12,10,BRCA;ESCA;KIRC;KIRP;LIHC;LUAD;LUSC;PRAD;STAD;THCA,0,56,FALSE,1,FALSE,maximum complete profiles at fixed k; lexicographic tie-break; logFC not used
MAOB,0.8,12,10,BRCA;KICH;KIRC;KIRP;LIHC;LUAD;LUSC;PRAD;STAD;THCA,0,57,FALSE,1,FALSE,maximum complete profiles at fixed k; lexicographic tie-break; logFC not used
MAOB,0.8,12,10,COAD;ESCA;KICH;KIRC;KIRP;LIHC;LUAD;LUSC;PRAD;THCA,0,58,FALSE,1,FALSE,maximum complete profiles at fixed k; lexicographic tie-break; logFC not used
MAOB,0.8,12,10,COAD;ESCA;KICH;KIRC;KIRP;LIHC;LUAD;LUSC;STAD;THCA,0,59,FALSE,1,FALSE,maximum complete profiles at fixed k; lexicographic tie-break; logFC not used
MAOB,0.8,12,10,COAD;ESCA;KICH;KIRC;KIRP;LIHC;LUAD;PRAD;STAD;THCA,0,60,FALSE,1,FALSE,maximum complete profiles at fixed k; lexicographic tie-break; logFC not used
MAOB,0.8,12,10,COAD;ESCA;KICH;KIRC;KIRP;LIHC;LUSC;PRAD;STAD;THCA,0,61,FALSE,1,FALSE,maximum complete profiles at fixed k; lexicographic tie-break; logFC not used
MAOB,0.8,12,10,COAD;ESCA;KICH;KIRC;LIHC;LUAD;LUSC;PRAD;STAD;THCA,0,62,FALSE,1,FALSE,maximum complete profiles at fixed k; lexicographic tie-break; logFC not used
MAOB,0.8,12,10,COAD;ESCA;KICH;KIRP;LIHC;LUAD;LUSC;PRAD;STAD;THCA,0,63,FALSE,1,FALSE,maximum complete profiles at fixed k; lexicographic tie-break; logFC not used
MAOB,0.8,12,10,COAD;ESCA;KIRC;KIRP;LIHC;LUAD;LUSC;PRAD;STAD;THCA,0,64,FALSE,1,FALSE,maximum complete profiles at fixed k; lexicographic tie-break; logFC not used
MAOB,0.8,12,10,COAD;KICH;KIRC;KIRP;LIHC;LUAD;LUSC;PRAD;STAD;THCA,0,65,FALSE,1,FALSE,maximum complete profiles at fixed k; lexicographic tie-break; logFC not used
MAOB,0.8,12,10,ESCA;KICH;KIRC;KIRP;LIHC;LUAD;LUSC;PRAD;STAD;THCA,0,66,FALSE,1,FALSE,maximum complete profiles at fixed k; lexicographic tie-break; logFC not used
MAOB,0.9,12,11,BRCA;COAD;ESCA;KICH;KIRC;KIRP;LIHC;LUAD;LUSC;PRAD;STAD,6,1,TRUE,1,FALSE,maximum complete profiles at fixed k; lexicographic tie-break; logFC not used
MAOB,0.9,12,11,BRCA;COAD;ESCA;KICH;KIRC;KIRP;LUAD;LUSC;PRAD;STAD;THCA,1,2,FALSE,1,FALSE,maximum complete profiles at fixed k; lexicographic tie-break; logFC not used
MAOB,0.9,12,11,BRCA;COAD;ESCA;KICH;KIRC;KIRP;LIHC;LUAD;LUSC;PRAD;THCA,0,3,FALSE,1,FALSE,maximum complete profiles at fixed k; lexicographic tie-break; logFC not used
MAOB,0.9,12,11,BRCA;COAD;ESCA;KICH;KIRC;KIRP;LIHC;LUAD;LUSC;STAD;THCA,0,4,FALSE,1,FALSE,maximum complete profiles at fixed k; lexicographic tie-break; logFC not used
MAOB,0.9,12,11,BRCA;COAD;ESCA;KICH;KIRC;KIRP;LIHC;LUAD;PRAD;STAD;THCA,0,5,FALSE,1,FALSE,maximum complete profiles at fixed k; lexicographic tie-break; logFC not used
MAOB,0.9,12,11,BRCA;COAD;ESCA;KICH;KIRC;KIRP;LIHC;LUSC;PRAD;STAD;THCA,0,6,FALSE,1,FALSE,maximum complete profiles at fixed k; lexicographic tie-break; logFC not used
MAOB,0.9,12,11,BRCA;COAD;ESCA;KICH;KIRC;LIHC;LUAD;LUSC;PRAD;STAD;THCA,0,7,FALSE,1,FALSE,maximum complete profiles at fixed k; lexicographic tie-break; logFC not used
MAOB,0.9,12,11,BRCA;COAD;ESCA;KICH;KIRP;LIHC;LUAD;LUSC;PRAD;STAD;THCA,0,8,FALSE,1,FALSE,maximum complete profiles at fixed k; lexicographic tie-break; logFC not used
MAOB,0.9,12,11,BRCA;COAD;ESCA;KIRC;KIRP;LIHC;LUAD;LUSC;PRAD;STAD;THCA,0,9,FALSE,1,FALSE,maximum complete profiles at fixed k; lexicographic tie-break; logFC not used
MAOB,0.9,12,11,BRCA;COAD;KICH;KIRC;KIRP;LIHC;LUAD;LUSC;PRAD;STAD;THCA,0,10,FALSE,1,FALSE,maximum complete profiles at fixed k; lexicographic tie-break; logFC not used
MAOB,0.9,12,11,BRCA;ESCA;KICH;KIRC;KIRP;LIHC;LUAD;LUSC;PRAD;STAD;THCA,0,11,FALSE,1,FALSE,maximum complete profiles at fixed k; lexicographic tie-break; logFC not used
MAOB,0.9,12,11,COAD;ESCA;KICH;KIRC;KIRP;LIHC;LUAD;LUSC;PRAD;STAD;THCA,0,12,FALSE,1,FALSE,maximum complete profiles at fixed k; lexicographic tie-break; logFC not used
CYP3A4,0.5,8,4,BRCA;KICH;KIRC;KIRP,388,1,TRUE,1,TRUE,maximum complete profiles at fixed k; lexicographic tie-break; logFC not used
CYP3A4,0.5,8,4,KICH;KIRC;KIRP;STAD,367,2,FALSE,1,TRUE,maximum complete profiles at fixed k; lexicographic tie-break; logFC not used
CYP3A4,0.5,8,4,COAD;KICH;KIRC;KIRP,364,3,FALSE,1,TRUE,maximum complete profiles at fixed k; lexicographic tie-break; logFC not used
CYP3A4,0.5,8,4,ESCA;KICH;KIRC;KIRP,295,4,FALSE,1,TRUE,maximum complete profiles at fixed k; lexicographic tie-break; logFC not used
CYP3A4,0.5,8,4,COAD;KICH;KIRC;STAD,290,5,FALSE,1,TRUE,maximum complete profiles at fixed k; lexicographic tie-break; logFC not used
CYP3A4,0.5,8,4,COAD;KIRC;KIRP;STAD,288,6,FALSE,1,TRUE,maximum complete profiles at fixed k; lexicographic tie-break; logFC not used
CYP3A4,0.5,8,4,COAD;KICH;KIRP;STAD,277,7,FALSE,1,TRUE,maximum complete profiles at fixed k; lexicographic tie-break; logFC not used
CYP3A4,0.5,8,4,BRCA;KICH;KIRC;STAD,224,8,FALSE,1,TRUE,maximum complete profiles at fixed k; lexicographic tie-break; logFC not used
CYP3A4,0.5,8,4,BRCA;COAD;KICH;KIRC,219,9,FALSE,1,TRUE,maximum complete profiles at fixed k; lexicographic tie-break; logFC not used
CYP3A4,0.5,8,4,BRCA;KIRC;KIRP;STAD,217,10,FALSE,1,TRUE,maximum complete profiles at fixed k; lexicographic tie-break; logFC not used
CYP3A4,0.5,8,4,BRCA;ESCA;KICH;KIRC,210,11,FALSE,1,TRUE,maximum complete profiles at fixed k; lexicographic tie-break; logFC not used
CYP3A4,0.5,8,4,BRCA;KICH;KIRP;STAD,206,12,FALSE,1,TRUE,maximum complete profiles at fixed k; lexicographic tie-break; logFC not used
CYP3A4,0.5,8,4,BRCA;COAD;KIRC;KIRP,205,13,FALSE,1,TRUE,maximum complete profiles at fixed k; lexicographic tie-break; logFC not used
CYP3A4,0.5,8,4,BRCA;ESCA;KIRC;KIRP,204,14,FALSE,1,TRUE,maximum complete profiles at fixed k; lexicographic tie-break; logFC not used
CYP3A4,0.5,8,4,BRCA;COAD;KICH;KIRP,193,15,FALSE,1,TRUE,maximum complete profiles at fixed k; lexicographic tie-break; logFC not used
CYP3A4,0.5,8,4,BRCA;ESCA;KICH;KIRP,192,16,FALSE,1,TRUE,maximum complete profiles at fixed k; lexicographic tie-break; logFC not used
CYP3A4,0.5,8,4,COAD;ESCA;KICH;KIRC,186,17,FALSE,1,TRUE,maximum complete profiles at fixed k; lexicographic tie-break; logFC not used
CYP3A4,0.5,8,4,BRCA;COAD;KIRC;STAD,183,18,FALSE,1,TRUE,maximum complete profiles at fixed k; lexicographic tie-break; logFC not used
CYP3A4,0.5,8,4,BRCA;COAD;KICH;STAD,178,19,FALSE,1,TRUE,maximum complete profiles at fixed k; lexicographic tie-break; logFC not used
CYP3A4,0.5,8,4,COAD;ESCA;KIRC;KIRP,176,20,FALSE,1,TRUE,maximum complete profiles at fixed k; lexicographic tie-break; logFC not used
CYP3A4,0.5,8,4,BRCA;COAD;KIRP;STAD,168,21,FALSE,1,TRUE,maximum complete profiles at fixed k; lexicographic tie-break; logFC not used
CYP3A4,0.5,8,4,COAD;ESCA;KICH;KIRP,167,22,FALSE,1,TRUE,maximum complete profiles at fixed k; lexicographic tie-break; logFC not used
CYP3A4,0.5,8,4,ESCA;KICH;KIRC;STAD,165,23,FALSE,1,TRUE,maximum complete profiles at fixed k; lexicographic tie-break; logFC not used
CYP3A4,0.5,8,4,ESCA;KIRC;KIRP;STAD,163,24,FALSE,1,TRUE,maximum complete profiles at fixed k; lexicographic tie-break; logFC not used
CYP3A4,0.5,8,4,BRCA;COAD;ESCA;STAD,154,25,FALSE,1,TRUE,maximum complete profiles at fixed k; lexicographic tie-break; logFC not used
CYP3A4,0.5,8,4,ESCA;KICH;KIRP;STAD,152,26,FALSE,1,TRUE,maximum complete profiles at fixed k; lexicographic tie-break; logFC not used
CYP3A4,0.5,8,4,COAD;ESCA;KIRC;STAD,145,27,FALSE,1,TRUE,maximum complete profiles at fixed k; lexicographic tie-break; logFC not used
CYP3A4,0.5,8,4,BRCA;COAD;ESCA;KIRC,142,28,FALSE,1,TRUE,maximum complete profiles at fixed k; lexicographic tie-break; logFC not used
CYP3A4,0.5,8,4,COAD;ESCA;KICH;STAD,139,29,FALSE,1,TRUE,maximum complete profiles at fixed k; lexicographic tie-break; logFC not used
CYP3A4,0.5,8,4,COAD;ESCA;KIRP;STAD,136,30,FALSE,1,TRUE,maximum complete profiles at fixed k; lexicographic tie-break; logFC not used
CYP3A4,0.5,8,4,BRCA;COAD;ESCA;KICH,133,31,FALSE,1,TRUE,maximum complete profiles at fixed k; lexicographic tie-break; logFC not used
CYP3A4,0.5,8,4,BRCA;ESCA;KIRC;STAD,130,32,FALSE,1,TRUE,maximum complete profiles at fixed k; lexicographic tie-break; logFC not used
CYP3A4,0.5,8,4,BRCA;COAD;ESCA;KIRP,123,33,FALSE,1,TRUE,maximum complete profiles at fixed k; lexicographic tie-break; logFC not used
CYP3A4,0.5,8,4,BRCA;ESCA;KICH;STAD,123,34,FALSE,1,TRUE,maximum complete profiles at fixed k; lexicographic tie-break; logFC not used
CYP3A4,0.5,8,4,BRCA;ESCA;KIRP;STAD,120,35,FALSE,1,TRUE,maximum complete profiles at fixed k; lexicographic tie-break; logFC not used
CYP3A4,0.5,8,4,KICH;KIRC;KIRP;LIHC,23,36,FALSE,1,TRUE,maximum complete profiles at fixed k; lexicographic tie-break; logFC not used
CYP3A4,0.5,8,4,ESCA;KIRC;KIRP;LIHC,14,37,FALSE,1,FALSE,maximum complete profiles at fixed k; lexicographic tie-break; logFC not used
CYP3A4,0.5,8,4,ESCA;KICH;KIRC;LIHC,12,38,FALSE,1,FALSE,maximum complete profiles at fixed k; lexicographic tie-break; logFC not used
CYP3A4,0.5,8,4,ESCA;KICH;KIRP;LIHC,12,39,FALSE,1,FALSE,maximum complete profiles at fixed k; lexicographic tie-break; logFC not used
CYP3A4,0.5,8,4,KIRC;KIRP;LIHC;STAD,12,40,FALSE,1,FALSE,maximum complete profiles at fixed k; lexicographic tie-break; logFC not used
CYP3A4,0.5,8,4,COAD;ESCA;LIHC;STAD,11,41,FALSE,1,FALSE,maximum complete profiles at fixed k; lexicographic tie-break; logFC not used
CYP3A4,0.5,8,4,KICH;KIRC;LIHC;STAD,11,42,FALSE,1,FALSE,maximum complete profiles at fixed k; lexicographic tie-break; logFC not used
CYP3A4,0.5,8,4,KICH;KIRP;LIHC;STAD,11,43,FALSE,1,FALSE,maximum complete profiles at fixed k; lexicographic tie-break; logFC not used
CYP3A4,0.5,8,4,BRCA;KIRC;KIRP;LIHC,10,44,FALSE,1,FALSE,maximum complete profiles at fixed k; lexicographic tie-break; logFC not used
CYP3A4,0.5,8,4,COAD;KIRC;KIRP;LIHC,10,45,FALSE,1,FALSE,maximum complete profiles at fixed k; lexicographic tie-break; logFC not used
CYP3A4,0.5,8,4,BRCA;ESCA;LIHC;STAD,9,46,FALSE,1,FALSE,maximum complete profiles at fixed k; lexicographic tie-break; logFC not used
CYP3A4,0.5,8,4,BRCA;KICH;KIRC;LIHC,9,47,FALSE,1,FALSE,maximum complete profiles at fixed k; lexicographic tie-break; logFC not used
CYP3A4,0.5,8,4,BRCA;KICH;KIRP;LIHC,9,48,FALSE,1,FALSE,maximum complete profiles at fixed k; lexicographic tie-break; logFC not used
CYP3A4,0.5,8,4,COAD;KICH;KIRC;LIHC,9,49,FALSE,1,FALSE,maximum complete profiles at fixed k; lexicographic tie-break; logFC not used
CYP3A4,0.5,8,4,COAD;KICH;KIRP;LIHC,9,50,FALSE,1,FALSE,maximum complete profiles at fixed k; lexicographic tie-break; logFC not used
CYP3A4,0.5,8,4,ESCA;KIRC;LIHC;STAD,8,51,FALSE,1,FALSE,maximum complete profiles at fixed k; lexicographic tie-break; logFC not used
CYP3A4,0.5,8,4,ESCA;KIRP;LIHC;STAD,8,52,FALSE,1,FALSE,maximum complete profiles at fixed k; lexicographic tie-break; logFC not used
CYP3A4,0.5,8,4,BRCA;ESCA;KICH;LIHC,7,53,FALSE,1,FALSE,maximum complete profiles at fixed k; lexicographic tie-break; logFC not used
CYP3A4,0.5,8,4,BRCA;ESCA;KIRC;LIHC,7,54,FALSE,1,FALSE,maximum complete profiles at fixed k; lexicographic tie-break; logFC not used
CYP3A4,0.5,8,4,BRCA;ESCA;KIRP;LIHC,7,55,FALSE,1,FALSE,maximum complete profiles at fixed k; lexicographic tie-break; logFC not used
CYP3A4,0.5,8,4,COAD;KICH;LIHC;STAD,7,56,FALSE,1,FALSE,maximum complete profiles at fixed k; lexicographic tie-break; logFC not used
CYP3A4,0.5,8,4,COAD;KIRC;LIHC;STAD,7,57,FALSE,1,FALSE,maximum complete profiles at fixed k; lexicographic tie-break; logFC not used
CYP3A4,0.5,8,4,COAD;KIRP;LIHC;STAD,7,58,FALSE,1,FALSE,maximum complete profiles at fixed k; lexicographic tie-break; logFC not used
CYP3A4,0.5,8,4,ESCA;KICH;LIHC;STAD,7,59,FALSE,1,FALSE,maximum complete profiles at fixed k; lexicographic tie-break; logFC not used
CYP3A4,0.5,8,4,BRCA;COAD;ESCA;LIHC,6,60,FALSE,1,FALSE,maximum complete profiles at fixed k; lexicographic tie-break; logFC not used
CYP3A4,0.5,8,4,BRCA;COAD;LIHC;STAD,6,61,FALSE,1,FALSE,maximum complete profiles at fixed k; lexicographic tie-break; logFC not used
CYP3A4,0.5,8,4,COAD;ESCA;KIRC;LIHC,6,62,FALSE,1,FALSE,maximum complete profiles at fixed k; lexicographic tie-break; logFC not used
CYP3A4,0.5,8,4,COAD;ESCA;KIRP;LIHC,6,63,FALSE,1,FALSE,maximum complete profiles at fixed k; lexicographic tie-break; logFC not used
CYP3A4,0.5,8,4,BRCA;KICH;LIHC;STAD,5,64,FALSE,1,FALSE,maximum complete profiles at fixed k; lexicographic tie-break; logFC not used
CYP3A4,0.5,8,4,BRCA;KIRC;LIHC;STAD,5,65,FALSE,1,FALSE,maximum complete profiles at fixed k; lexicographic tie-break; logFC not used
CYP3A4,0.5,8,4,BRCA;KIRP;LIHC;STAD,5,66,FALSE,1,FALSE,maximum complete profiles at fixed k; lexicographic tie-break; logFC not used
CYP3A4,0.5,8,4,COAD;ESCA;KICH;LIHC,5,67,FALSE,1,FALSE,maximum complete profiles at fixed k; lexicographic tie-break; logFC not used
CYP3A4,0.5,8,4,BRCA;COAD;KIRC;LIHC,4,68,FALSE,1,FALSE,maximum complete profiles at fixed k; lexicographic tie-break; logFC not used
CYP3A4,0.5,8,4,BRCA;COAD;KIRP;LIHC,4,69,FALSE,1,FALSE,maximum complete profiles at fixed k; lexicographic tie-break; logFC not used
CYP3A4,0.5,8,4,BRCA;COAD;KICH;LIHC,3,70,FALSE,1,FALSE,maximum complete profiles at fixed k; lexicographic tie-break; logFC not used
CYP3A4,0.6,8,5,COAD;KICH;KIRC;KIRP;STAD,269,1,TRUE,1,TRUE,maximum complete profiles at fixed k; lexicographic tie-break; logFC not used
CYP3A4,0.6,8,5,BRCA;KICH;KIRC;KIRP;STAD,206,2,FALSE,1,TRUE,maximum complete profiles at fixed k; lexicographic tie-break; logFC not used
CYP3A4,0.6,8,5,BRCA;COAD;KICH;KIRC;KIRP,193,3,FALSE,1,TRUE,maximum complete profiles at fixed k; lexicographic tie-break; logFC not used
CYP3A4,0.6,8,5,BRCA;ESCA;KICH;KIRC;KIRP,190,4,FALSE,1,TRUE,maximum complete profiles at fixed k; lexicographic tie-break; logFC not used
CYP3A4,0.6,8,5,BRCA;COAD;KICH;KIRC;STAD,171,5,FALSE,1,TRUE,maximum complete profiles at fixed k; lexicographic tie-break; logFC not used
CYP3A4,0.6,8,5,COAD;ESCA;KICH;KIRC;KIRP,164,6,FALSE,1,TRUE,maximum complete profiles at fixed k; lexicographic tie-break; logFC not used
CYP3A4,0.6,8,5,BRCA;COAD;KIRC;KIRP;STAD,163,7,FALSE,1,TRUE,maximum complete profiles at fixed k; lexicographic tie-break; logFC not used
CYP3A4,0.6,8,5,BRCA;COAD;KICH;KIRP;STAD,155,8,FALSE,1,TRUE,maximum complete profiles at fixed k; lexicographic tie-break; logFC not used
CYP3A4,0.6,8,5,ESCA;KICH;KIRC;KIRP;STAD,149,9,FALSE,1,TRUE,maximum complete profiles at fixed k; lexicographic tie-break; logFC not used
CYP3A4,0.6,8,5,COAD;ESCA;KICH;KIRC;STAD,132,10,FALSE,1,TRUE,maximum complete profiles at fixed k; lexicographic tie-break; logFC not used
CYP3A4,0.6,8,5,COAD;ESCA;KIRC;KIRP;STAD,128,11,FALSE,1,TRUE,maximum complete profiles at fixed k; lexicographic tie-break; logFC not used
CYP3A4,0.6,8,5,BRCA;COAD;ESCA;KICH;KIRC,127,12,FALSE,1,TRUE,maximum complete profiles at fixed k; lexicographic tie-break; logFC not used
CYP3A4,0.6,8,5,BRCA;COAD;ESCA;KIRC;KIRP,122,13,FALSE,1,TRUE,maximum complete profiles at fixed k; lexicographic tie-break; logFC not used
CYP3A4,0.6,8,5,COAD;ESCA;KICH;KIRP;STAD,122,14,FALSE,1,TRUE,maximum complete profiles at fixed k; lexicographic tie-break; logFC not used
CYP3A4,0.6,8,5,BRCA;ESCA;KICH;KIRC;STAD,117,15,FALSE,1,TRUE,maximum complete profiles at fixed k; lexicographic tie-break; logFC not used
CYP3A4,0.6,8,5,BRCA;ESCA;KIRC;KIRP;STAD,117,16,FALSE,1,TRUE,maximum complete profiles at fixed k; lexicographic tie-break; logFC not used
CYP3A4,0.6,8,5,BRCA;COAD;ESCA;KICH;KIRP,112,17,FALSE,1,TRUE,maximum complete profiles at fixed k; lexicographic tie-break; logFC not used
CYP3A4,0.6,8,5,BRCA;ESCA;KICH;KIRP;STAD,108,18,FALSE,1,TRUE,maximum complete profiles at fixed k; lexicographic tie-break; logFC not used
CYP3A4,0.6,8,5,BRCA;COAD;ESCA;KIRC;STAD,107,19,FALSE,1,TRUE,maximum complete profiles at fixed k; lexicographic tie-break; logFC not used
CYP3A4,0.6,8,5,BRCA;COAD;ESCA;KICH;STAD,102,20,FALSE,1,TRUE,maximum complete profiles at fixed k; lexicographic tie-break; logFC not used
CYP3A4,0.6,8,5,BRCA;COAD;ESCA;KIRP;STAD,97,21,FALSE,1,TRUE,maximum complete profiles at fixed k; lexicographic tie-break; logFC not used
CYP3A4,0.6,8,5,ESCA;KICH;KIRC;KIRP;LIHC,12,22,FALSE,1,FALSE,maximum complete profiles at fixed k; lexicographic tie-break; logFC not used
CYP3A4,0.6,8,5,KICH;KIRC;KIRP;LIHC;STAD,11,23,FALSE,1,FALSE,maximum complete profiles at fixed k; lexicographic tie-break; logFC not used
CYP3A4,0.6,8,5,BRCA;KICH;KIRC;KIRP;LIHC,9,24,FALSE,1,FALSE,maximum complete profiles at fixed k; lexicographic tie-break; logFC not used
CYP3A4,0.6,8,5,COAD;KICH;KIRC;KIRP;LIHC,9,25,FALSE,1,FALSE,maximum complete profiles at fixed k; lexicographic tie-break; logFC not used
CYP3A4,0.6,8,5,ESCA;KIRC;KIRP;LIHC;STAD,8,26,FALSE,1,FALSE,maximum complete profiles at fixed k; lexicographic tie-break; logFC not used
CYP3A4,0.6,8,5,BRCA;ESCA;KICH;KIRC;LIHC,7,27,FALSE,1,FALSE,maximum complete profiles at fixed k; lexicographic tie-break; logFC not used
CYP3A4,0.6,8,5,BRCA;ESCA;KICH;KIRP;LIHC,7,28,FALSE,1,FALSE,maximum complete profiles at fixed k; lexicographic tie-break; logFC not used
CYP3A4,0.6,8,5,BRCA;ESCA;KIRC;KIRP;LIHC,7,29,FALSE,1,FALSE,maximum complete profiles at fixed k; lexicographic tie-break; logFC not used
CYP3A4,0.6,8,5,COAD;KICH;KIRC;LIHC;STAD,7,30,FALSE,1,FALSE,maximum complete profiles at fixed k; lexicographic tie-break; logFC not used
CYP3A4,0.6,8,5,COAD;KICH;KIRP;LIHC;STAD,7,31,FALSE,1,FALSE,maximum complete profiles at fixed k; lexicographic tie-break; logFC not used
CYP3A4,0.6,8,5,COAD;KIRC;KIRP;LIHC;STAD,7,32,FALSE,1,FALSE,maximum complete profiles at fixed k; lexicographic tie-break; logFC not used
CYP3A4,0.6,8,5,ESCA;KICH;KIRC;LIHC;STAD,7,33,FALSE,1,FALSE,maximum complete profiles at fixed k; lexicographic tie-break; logFC not used
CYP3A4,0.6,8,5,ESCA;KICH;KIRP;LIHC;STAD,7,34,FALSE,1,FALSE,maximum complete profiles at fixed k; lexicographic tie-break; logFC not used
CYP3A4,0.6,8,5,BRCA;COAD;ESCA;LIHC;STAD,5,35,FALSE,1,FALSE,maximum complete profiles at fixed k; lexicographic tie-break; logFC not used
CYP3A4,0.6,8,5,BRCA;KICH;KIRC;LIHC;STAD,5,36,FALSE,1,FALSE,maximum complete profiles at fixed k; lexicographic tie-break; logFC not used
CYP3A4,0.6,8,5,BRCA;KICH;KIRP;LIHC;STAD,5,37,FALSE,1,FALSE,maximum complete profiles at fixed k; lexicographic tie-break; logFC not used
CYP3A4,0.6,8,5,BRCA;KIRC;KIRP;LIHC;STAD,5,38,FALSE,1,FALSE,maximum complete profiles at fixed k; lexicographic tie-break; logFC not used
CYP3A4,0.6,8,5,COAD;ESCA;KICH;KIRC;LIHC,5,39,FALSE,1,FALSE,maximum complete profiles at fixed k; lexicographic tie-break; logFC not used
CYP3A4,0.6,8,5,COAD;ESCA;KICH;KIRP;LIHC,5,40,FALSE,1,FALSE,maximum complete profiles at fixed k; lexicographic tie-break; logFC not used
CYP3A4,0.6,8,5,COAD;ESCA;KICH;LIHC;STAD,5,41,FALSE,1,FALSE,maximum complete profiles at fixed k; lexicographic tie-break; logFC not used
CYP3A4,0.6,8,5,COAD;ESCA;KIRC;KIRP;LIHC,5,42,FALSE,1,FALSE,maximum complete profiles at fixed k; lexicographic tie-break; logFC not used
CYP3A4,0.6,8,5,COAD;ESCA;KIRC;LIHC;STAD,5,43,FALSE,1,FALSE,maximum complete profiles at fixed k; lexicographic tie-break; logFC not used
CYP3A4,0.6,8,5,COAD;ESCA;KIRP;LIHC;STAD,5,44,FALSE,1,FALSE,maximum complete profiles at fixed k; lexicographic tie-break; logFC not used
CYP3A4,0.6,8,5,BRCA;COAD;KIRC;KIRP;LIHC,4,45,FALSE,1,FALSE,maximum complete profiles at fixed k; lexicographic tie-break; logFC not used
CYP3A4,0.6,8,5,BRCA;ESCA;KICH;LIHC;STAD,4,46,FALSE,1,FALSE,maximum complete profiles at fixed k; lexicographic tie-break; logFC not used
CYP3A4,0.6,8,5,BRCA;ESCA;KIRC;LIHC;STAD,4,47,FALSE,1,FALSE,maximum complete profiles at fixed k; lexicographic tie-break; logFC not used
CYP3A4,0.6,8,5,BRCA;ESCA;KIRP;LIHC;STAD,4,48,FALSE,1,FALSE,maximum complete profiles at fixed k; lexicographic tie-break; logFC not used
CYP3A4,0.6,8,5,BRCA;COAD;ESCA;KICH;LIHC,3,49,FALSE,1,FALSE,maximum complete profiles at fixed k; lexicographic tie-break; logFC not used
CYP3A4,0.6,8,5,BRCA;COAD;ESCA;KIRC;LIHC,3,50,FALSE,1,FALSE,maximum complete profiles at fixed k; lexicographic tie-break; logFC not used
CYP3A4,0.6,8,5,BRCA;COAD;ESCA;KIRP;LIHC,3,51,FALSE,1,FALSE,maximum complete profiles at fixed k; lexicographic tie-break; logFC not used
CYP3A4,0.6,8,5,BRCA;COAD;KICH;KIRC;LIHC,3,52,FALSE,1,FALSE,maximum complete profiles at fixed k; lexicographic tie-break; logFC not used
CYP3A4,0.6,8,5,BRCA;COAD;KICH;KIRP;LIHC,3,53,FALSE,1,FALSE,maximum complete profiles at fixed k; lexicographic tie-break; logFC not used
CYP3A4,0.6,8,5,BRCA;COAD;KICH;LIHC;STAD,3,54,FALSE,1,FALSE,maximum complete profiles at fixed k; lexicographic tie-break; logFC not used
CYP3A4,0.6,8,5,BRCA;COAD;KIRC;LIHC;STAD,3,55,FALSE,1,FALSE,maximum complete profiles at fixed k; lexicographic tie-break; logFC not used
CYP3A4,0.6,8,5,BRCA;COAD;KIRP;LIHC;STAD,3,56,FALSE,1,FALSE,maximum complete profiles at fixed k; lexicographic tie-break; logFC not used
CYP3A4,0.7,8,6,BRCA;COAD;KICH;KIRC;KIRP;STAD,155,1,TRUE,1,TRUE,maximum complete profiles at fixed k; lexicographic tie-break; logFC not used
CYP3A4,0.7,8,6,COAD;ESCA;KICH;KIRC;KIRP;STAD,120,2,FALSE,1,TRUE,maximum complete profiles at fixed k; lexicographic tie-break; logFC not used
CYP3A4,0.7,8,6,BRCA;COAD;ESCA;KICH;KIRC;KIRP,112,3,FALSE,1,TRUE,maximum complete profiles at fixed k; lexicographic tie-break; logFC not used
CYP3A4,0.7,8,6,BRCA;ESCA;KICH;KIRC;KIRP;STAD,108,4,FALSE,1,TRUE,maximum complete profiles at fixed k; lexicographic tie-break; logFC not used
CYP3A4,0.7,8,6,BRCA;COAD;ESCA;KICH;KIRC;STAD,97,5,FALSE,1,TRUE,maximum complete profiles at fixed k; lexicographic tie-break; logFC not used
CYP3A4,0.7,8,6,BRCA;COAD;ESCA;KIRC;KIRP;STAD,96,6,FALSE,1,TRUE,maximum complete profiles at fixed k; lexicographic tie-break; logFC not used
CYP3A4,0.7,8,6,BRCA;COAD;ESCA;KICH;KIRP;STAD,89,7,FALSE,1,TRUE,maximum complete profiles at fixed k; lexicographic tie-break; logFC not used
CYP3A4,0.7,8,6,BRCA;ESCA;KICH;KIRC;KIRP;LIHC,7,8,FALSE,1,FALSE,maximum complete profiles at fixed k; lexicographic tie-break; logFC not used
CYP3A4,0.7,8,6,COAD;KICH;KIRC;KIRP;LIHC;STAD,7,9,FALSE,1,FALSE,maximum complete profiles at fixed k; lexicographic tie-break; logFC not used
CYP3A4,0.7,8,6,ESCA;KICH;KIRC;KIRP;LIHC;STAD,7,10,FALSE,1,FALSE,maximum complete profiles at fixed k; lexicographic tie-break; logFC not used
CYP3A4,0.7,8,6,BRCA;KICH;KIRC;KIRP;LIHC;STAD,5,11,FALSE,1,FALSE,maximum complete profiles at fixed k; lexicographic tie-break; logFC not used
CYP3A4,0.7,8,6,COAD;ESCA;KICH;KIRC;KIRP;LIHC,5,12,FALSE,1,FALSE,maximum complete profiles at fixed k; lexicographic tie-break; logFC not used
CYP3A4,0.7,8,6,COAD;ESCA;KICH;KIRC;LIHC;STAD,5,13,FALSE,1,FALSE,maximum complete profiles at fixed k; lexicographic tie-break; logFC not used
CYP3A4,0.7,8,6,COAD;ESCA;KICH;KIRP;LIHC;STAD,5,14,FALSE,1,FALSE,maximum complete profiles at fixed k; lexicographic tie-break; logFC not used
CYP3A4,0.7,8,6,COAD;ESCA;KIRC;KIRP;LIHC;STAD,5,15,FALSE,1,FALSE,maximum complete profiles at fixed k; lexicographic tie-break; logFC not used
CYP3A4,0.7,8,6,BRCA;ESCA;KICH;KIRC;LIHC;STAD,4,16,FALSE,1,FALSE,maximum complete profiles at fixed k; lexicographic tie-break; logFC not used
CYP3A4,0.7,8,6,BRCA;ESCA;KICH;KIRP;LIHC;STAD,4,17,FALSE,1,FALSE,maximum complete profiles at fixed k; lexicographic tie-break; logFC not used
CYP3A4,0.7,8,6,BRCA;ESCA;KIRC;KIRP;LIHC;STAD,4,18,FALSE,1,FALSE,maximum complete profiles at fixed k; lexicographic tie-break; logFC not used
CYP3A4,0.7,8,6,BRCA;COAD;ESCA;KICH;KIRC;LIHC,3,19,FALSE,1,FALSE,maximum complete profiles at fixed k; lexicographic tie-break; logFC not used
CYP3A4,0.7,8,6,BRCA;COAD;ESCA;KICH;KIRP;LIHC,3,20,FALSE,1,FALSE,maximum complete profiles at fixed k; lexicographic tie-break; logFC not used
CYP3A4,0.7,8,6,BRCA;COAD;ESCA;KICH;LIHC;STAD,3,21,FALSE,1,FALSE,maximum complete profiles at fixed k; lexicographic tie-break; logFC not used
CYP3A4,0.7,8,6,BRCA;COAD;ESCA;KIRC;KIRP;LIHC,3,22,FALSE,1,FALSE,maximum complete profiles at fixed k; lexicographic tie-break; logFC not used
CYP3A4,0.7,8,6,BRCA;COAD;ESCA;KIRC;LIHC;STAD,3,23,FALSE,1,FALSE,maximum complete profiles at fixed k; lexicographic tie-break; logFC not used
CYP3A4,0.7,8,6,BRCA;COAD;ESCA;KIRP;LIHC;STAD,3,24,FALSE,1,FALSE,maximum complete profiles at fixed k; lexicographic tie-break; logFC not used
CYP3A4,0.7,8,6,BRCA;COAD;KICH;KIRC;KIRP;LIHC,3,25,FALSE,1,FALSE,maximum complete profiles at fixed k; lexicographic tie-break; logFC not used
CYP3A4,0.7,8,6,BRCA;COAD;KICH;KIRC;LIHC;STAD,3,26,FALSE,1,FALSE,maximum complete profiles at fixed k; lexicographic tie-break; logFC not used
CYP3A4,0.7,8,6,BRCA;COAD;KICH;KIRP;LIHC;STAD,3,27,FALSE,1,FALSE,maximum complete profiles at fixed k; lexicographic tie-break; logFC not used
CYP3A4,0.7,8,6,BRCA;COAD;KIRC;KIRP;LIHC;STAD,3,28,FALSE,1,FALSE,maximum complete profiles at fixed k; lexicographic tie-break; logFC not used
CYP3A4,0.8,8,7,BRCA;COAD;ESCA;KICH;KIRC;KIRP;STAD,89,1,TRUE,1,TRUE,maximum complete profiles at fixed k; lexicographic tie-break; logFC not used
CYP3A4,0.8,8,7,COAD;ESCA;KICH;KIRC;KIRP;LIHC;STAD,5,2,FALSE,1,FALSE,maximum complete profiles at fixed k; lexicographic tie-break; logFC not used
CYP3A4,0.8,8,7,BRCA;ESCA;KICH;KIRC;KIRP;LIHC;STAD,4,3,FALSE,1,FALSE,maximum complete profiles at fixed k; lexicographic tie-break; logFC not used
CYP3A4,0.8,8,7,BRCA;COAD;ESCA;KICH;KIRC;KIRP;LIHC,3,4,FALSE,1,FALSE,maximum complete profiles at fixed k; lexicographic tie-break; logFC not used
CYP3A4,0.8,8,7,BRCA;COAD;ESCA;KICH;KIRC;LIHC;STAD,3,5,FALSE,1,FALSE,maximum complete profiles at fixed k; lexicographic tie-break; logFC not used
CYP3A4,0.8,8,7,BRCA;COAD;ESCA;KICH;KIRP;LIHC;STAD,3,6,FALSE,1,FALSE,maximum complete profiles at fixed k; lexicographic tie-break; logFC not used
CYP3A4,0.8,8,7,BRCA;COAD;ESCA;KIRC;KIRP;LIHC;STAD,3,7,FALSE,1,FALSE,maximum complete profiles at fixed k; lexicographic tie-break; logFC not used
CYP3A4,0.8,8,7,BRCA;COAD;KICH;KIRC;KIRP;LIHC;STAD,3,8,FALSE,1,FALSE,maximum complete profiles at fixed k; lexicographic tie-break; logFC not used
CYP3A4,0.9,8,8,BRCA;COAD;ESCA;KICH;KIRC;KIRP;LIHC;STAD,3,1,TRUE,1,FALSE,maximum complete profiles at fixed k; lexicographic tie-break; logFC not used
CYP3A5,0.5,12,6,BRCA;KICH;KIRC;KIRP;LUAD;LUSC,134,1,TRUE,1,TRUE,maximum complete profiles at fixed k; lexicographic tie-break; logFC not used
CYP3A5,0.5,12,6,ESCA;KICH;KIRC;KIRP;LUAD;LUSC,106,2,FALSE,1,TRUE,maximum complete profiles at fixed k; lexicographic tie-break; logFC not used
CYP3A5,0.5,12,6,COAD;KICH;KIRC;KIRP;LUAD;LUSC,70,3,FALSE,1,TRUE,maximum complete profiles at fixed k; lexicographic tie-break; logFC not used
CYP3A5,0.5,12,6,BRCA;ESCA;KICH;KIRC;KIRP;LUAD,65,4,FALSE,1,TRUE,maximum complete profiles at fixed k; lexicographic tie-break; logFC not used
CYP3A5,0.5,12,6,BRCA;ESCA;KICH;KIRP;LUAD;LUSC,63,5,FALSE,1,TRUE,maximum complete profiles at fixed k; lexicographic tie-break; logFC not used
CYP3A5,0.5,12,6,BRCA;ESCA;KIRC;KIRP;LUAD;LUSC,63,6,FALSE,1,TRUE,maximum complete profiles at fixed k; lexicographic tie-break; logFC not used
CYP3A5,0.5,12,6,BRCA;ESCA;KICH;KIRC;KIRP;LUSC,62,7,FALSE,1,TRUE,maximum complete profiles at fixed k; lexicographic tie-break; logFC not used
CYP3A5,0.5,12,6,BRCA;ESCA;KICH;KIRC;LUAD;LUSC,62,8,FALSE,1,TRUE,maximum complete profiles at fixed k; lexicographic tie-break; logFC not used
CYP3A5,0.5,12,6,KICH;KIRC;KIRP;LUAD;LUSC;STAD,54,9,FALSE,1,TRUE,maximum complete profiles at fixed k; lexicographic tie-break; logFC not used
CYP3A5,0.5,12,6,BRCA;COAD;KICH;KIRC;KIRP;LUAD,41,10,FALSE,1,TRUE,maximum complete profiles at fixed k; lexicographic tie-break; logFC not used
CYP3A5,0.5,12,6,KICH;KIRC;KIRP;LUAD;LUSC;PRAD,41,11,FALSE,1,TRUE,maximum complete profiles at fixed k; lexicographic tie-break; logFC not used
CYP3A5,0.5,12,6,KICH;KIRC;KIRP;LUAD;LUSC;THCA,41,12,FALSE,1,TRUE,maximum complete profiles at fixed k; lexicographic tie-break; logFC not used
CYP3A5,0.5,12,6,BRCA;COAD;KICH;KIRC;KIRP;LUSC,39,13,FALSE,1,TRUE,maximum complete profiles at fixed k; lexicographic tie-break; logFC not used
CYP3A5,0.5,12,6,BRCA;COAD;KICH;KIRC;LUAD;LUSC,39,14,FALSE,1,TRUE,maximum complete profiles at fixed k; lexicographic tie-break; logFC not used
CYP3A5,0.5,12,6,BRCA;COAD;KICH;KIRP;LUAD;LUSC,39,15,FALSE,1,TRUE,maximum complete profiles at fixed k; lexicographic tie-break; logFC not used
CYP3A5,0.5,12,6,BRCA;COAD;KIRC;KIRP;LUAD;LUSC,39,16,FALSE,1,TRUE,maximum complete profiles at fixed k; lexicographic tie-break; logFC not used
CYP3A5,0.5,12,6,COAD;ESCA;KICH;KIRC;KIRP;LUAD,35,17,FALSE,1,TRUE,maximum complete profiles at fixed k; lexicographic tie-break; logFC not used
CYP3A5,0.5,12,6,COAD;KICH;KIRC;KIRP;LUAD;STAD,35,18,FALSE,1,TRUE,maximum complete profiles at fixed k; lexicographic tie-break; logFC not used
CYP3A5,0.5,12,6,COAD;KICH;KIRC;KIRP;LUSC;STAD,35,19,FALSE,1,TRUE,maximum complete profiles at fixed k; lexicographic tie-break; logFC not used
CYP3A5,0.5,12,6,COAD;KICH;KIRC;LUAD;LUSC;STAD,35,20,FALSE,1,TRUE,maximum complete profiles at fixed k; lexicographic tie-break; logFC not used
CYP3A5,0.5,12,6,COAD;KICH;KIRP;LUAD;LUSC;STAD,35,21,FALSE,1,TRUE,maximum complete profiles at fixed k; lexicographic tie-break; logFC not used
CYP3A5,0.5,12,6,COAD;KIRC;KIRP;LUAD;LUSC;STAD,35,22,FALSE,1,TRUE,maximum complete profiles at fixed k; lexicographic tie-break; logFC not used
CYP3A5,0.5,12,6,COAD;ESCA;KICH;KIRC;KIRP;LUSC,34,23,FALSE,1,TRUE,maximum complete profiles at fixed k; lexicographic tie-break; logFC not used
CYP3A5,0.5,12,6,COAD;ESCA;KICH;KIRC;LUAD;LUSC,34,24,FALSE,1,TRUE,maximum complete profiles at fixed k; lexicographic tie-break; logFC not used
CYP3A5,0.5,12,6,COAD;ESCA;KICH;KIRP;LUAD;LUSC,34,25,FALSE,1,TRUE,maximum complete profiles at fixed k; lexicographic tie-break; logFC not used
CYP3A5,0.5,12,6,COAD;ESCA;KIRC;KIRP;LUAD;LUSC,34,26,FALSE,1,TRUE,maximum complete profiles at fixed k; lexicographic tie-break; logFC not used
CYP3A5,0.5,12,6,BRCA;COAD;ESCA;KICH;KIRC;KIRP,29,27,FALSE,1,TRUE,maximum complete profiles at fixed k; lexicographic tie-break; logFC not used
CYP3A5,0.5,12,6,BRCA;COAD;KICH;KIRC;KIRP;STAD,29,28,FALSE,1,TRUE,maximum complete profiles at fixed k; lexicographic tie-break; logFC not used
CYP3A5,0.5,12,6,BRCA;KIRC;KIRP;LUAD;LUSC;STAD,27,29,FALSE,1,TRUE,maximum complete profiles at fixed k; lexicographic tie-break; logFC not used
CYP3A5,0.5,12,6,ESCA;KIRC;KIRP;LUAD;LUSC;STAD,27,30,FALSE,1,TRUE,maximum complete profiles at fixed k; lexicographic tie-break; logFC not used
CYP3A5,0.5,12,6,BRCA;KICH;KIRC;KIRP;LUAD;STAD,26,31,FALSE,1,TRUE,maximum complete profiles at fixed k; lexicographic tie-break; logFC not used
CYP3A5,0.5,12,6,BRCA;KICH;KIRC;KIRP;LUSC;STAD,26,32,FALSE,1,TRUE,maximum complete profiles at fixed k; lexicographic tie-break; logFC not used
CYP3A5,0.5,12,6,BRCA;KICH;KIRC;LUAD;LUSC;STAD,26,33,FALSE,1,TRUE,maximum complete profiles at fixed k; lexicographic tie-break; logFC not used
CYP3A5,0.5,12,6,BRCA;KICH;KIRP;LUAD;LUSC;STAD,26,34,FALSE,1,TRUE,maximum complete profiles at fixed k; lexicographic tie-break; logFC not used
CYP3A5,0.5,12,6,ESCA;KICH;KIRC;KIRP;LUAD;STAD,26,35,FALSE,1,TRUE,maximum complete profiles at fixed k; lexicographic tie-break; logFC not used
CYP3A5,0.5,12,6,ESCA;KICH;KIRC;KIRP;LUSC;STAD,26,36,FALSE,1,TRUE,maximum complete profiles at fixed k; lexicographic tie-break; logFC not used
CYP3A5,0.5,12,6,ESCA;KICH;KIRC;LUAD;LUSC;STAD,26,37,FALSE,1,TRUE,maximum complete profiles at fixed k; lexicographic tie-break; logFC not used
CYP3A5,0.5,12,6,ESCA;KICH;KIRP;LUAD;LUSC;STAD,26,38,FALSE,1,TRUE,maximum complete profiles at fixed k; lexicographic tie-break; logFC not used
CYP3A5,0.5,12,6,COAD;KICH;KIRC;KIRP;PRAD;STAD,25,39,FALSE,1,TRUE,maximum complete profiles at fixed k; lexicographic tie-break; logFC not used
CYP3A5,0.5,12,6,KICH;KIRC;KIRP;LUAD;PRAD;STAD,24,40,FALSE,1,TRUE,maximum complete profiles at fixed k; lexicographic tie-break; logFC not used
CYP3A5,0.5,12,6,KICH;KIRC;KIRP;LUSC;PRAD;STAD,24,41,FALSE,1,TRUE,maximum complete profiles at fixed k; lexicographic tie-break; logFC not used
CYP3A5,0.5,12,6,KICH;KIRC;LUAD;LUSC;PRAD;STAD,24,42,FALSE,1,TRUE,maximum complete profiles at fixed k; lexicographic tie-break; logFC not used
CYP3A5,0.5,12,6,KICH;KIRP;LUAD;LUSC;PRAD;STAD,24,43,FALSE,1,TRUE,maximum complete profiles at fixed k; lexicographic tie-break; logFC not used
CYP3A5,0.5,12,6,KIRC;KIRP;LUAD;LUSC;PRAD;STAD,24,44,FALSE,1,TRUE,maximum complete profiles at fixed k; lexicographic tie-break; logFC not used
CYP3A5,0.5,12,6,BRCA;COAD;ESCA;KICH;KIRC;LUAD,23,45,FALSE,1,TRUE,maximum complete profiles at fixed k; lexicographic tie-break; logFC not used
CYP3A5,0.5,12,6,BRCA;COAD;ESCA;KICH;KIRP;LUAD,23,46,FALSE,1,TRUE,maximum complete profiles at fixed k; lexicographic tie-break; logFC not used
CYP3A5,0.5,12,6,BRCA;COAD;ESCA;KIRC;KIRP;LUAD,23,47,FALSE,1,TRUE,maximum complete profiles at fixed k; lexicographic tie-break; logFC not used
CYP3A5,0.5,12,6,BRCA;KICH;KIRC;KIRP;LUAD;PRAD,23,48,FALSE,1,TRUE,maximum complete profiles at fixed k; lexicographic tie-break; logFC not used
CYP3A5,0.5,12,6,COAD;ESCA;KICH;KIRC;KIRP;STAD,23,49,FALSE,1,TRUE,maximum complete profiles at fixed k; lexicographic tie-break; logFC not used
CYP3A5,0.5,12,6,BRCA;COAD;ESCA;KICH;KIRC;LUSC,22,50,FALSE,1,TRUE,maximum complete profiles at fixed k; lexicographic tie-break; logFC not used
CYP3A5,0.5,12,6,BRCA;COAD;ESCA;KICH;KIRP;LUSC,22,51,FALSE,1,TRUE,maximum complete profiles at fixed k; lexicographic tie-break; logFC not used
CYP3A5,0.5,12,6,BRCA;COAD;ESCA;KICH;LUAD;LUSC,22,52,FALSE,1,TRUE,maximum complete profiles at fixed k; lexicographic tie-break; logFC not used
CYP3A5,0.5,12,6,BRCA;COAD;ESCA;KIRC;KIRP;LUSC,22,53,FALSE,1,TRUE,maximum complete profiles at fixed k; lexicographic tie-break; logFC not used
CYP3A5,0.5,12,6,BRCA;COAD;ESCA;KIRC;LUAD;LUSC,22,54,FALSE,1,TRUE,maximum complete profiles at fixed k; lexicographic tie-break; logFC not used
CYP3A5,0.5,12,6,BRCA;COAD;ESCA;KIRP;LUAD;LUSC,22,55,FALSE,1,TRUE,maximum complete profiles at fixed k; lexicographic tie-break; logFC not used
CYP3A5,0.5,12,6,BRCA;KICH;KIRC;KIRP;LUSC;PRAD,22,56,FALSE,1,TRUE,maximum complete profiles at fixed k; lexicographic tie-break; logFC not used
CYP3A5,0.5,12,6,BRCA;KICH;KIRC;LUAD;LUSC;PRAD,22,57,FALSE,1,TRUE,maximum complete profiles at fixed k; lexicographic tie-break; logFC not used
CYP3A5,0.5,12,6,BRCA;KICH;KIRP;LUAD;LUSC;PRAD,22,58,FALSE,1,TRUE,maximum complete profiles at fixed k; lexicographic tie-break; logFC not used
CYP3A5,0.5,12,6,BRCA;KIRC;KIRP;LUAD;LUSC;PRAD,22,59,FALSE,1,TRUE,maximum complete profiles at fixed k; lexicographic tie-break; logFC not used
CYP3A5,0.5,12,6,COAD;KICH;KIRC;KIRP;LUAD;PRAD,22,60,FALSE,1,TRUE,maximum complete profiles at fixed k; lexicographic tie-break; logFC not used
CYP3A5,0.5,12,6,COAD;KICH;KIRC;KIRP;LUSC;PRAD,22,61,FALSE,1,TRUE,maximum complete profiles at fixed k; lexicographic tie-break; logFC not used
CYP3A5,0.5,12,6,COAD;KICH;KIRC;LUAD;LUSC;PRAD,22,62,FALSE,1,TRUE,maximum complete profiles at fixed k; lexicographic tie-break; logFC not used
CYP3A5,0.5,12,6,COAD;KICH;KIRP;LUAD;LUSC;PRAD,22,63,FALSE,1,TRUE,maximum complete profiles at fixed k; lexicographic tie-break; logFC not used
CYP3A5,0.5,12,6,COAD;KIRC;KIRP;LUAD;LUSC;PRAD,22,64,FALSE,1,TRUE,maximum complete profiles at fixed k; lexicographic tie-break; logFC not used
CYP3A5,0.5,12,6,BRCA;COAD;KIRP;LUAD;LUSC;STAD,21,65,FALSE,1,TRUE,maximum complete profiles at fixed k; lexicographic tie-break; logFC not used
CYP3A5,0.5,12,6,BRCA;ESCA;KICH;KIRC;KIRP;STAD,21,66,FALSE,1,TRUE,maximum complete profiles at fixed k; lexicographic tie-break; logFC not used
CYP3A5,0.5,12,6,ESCA;KICH;KIRC;KIRP;LUAD;PRAD,21,67,FALSE,1,TRUE,maximum complete profiles at fixed k; lexicographic tie-break; logFC not used
CYP3A5,0.5,12,6,ESCA;KICH;KIRC;KIRP;LUSC;PRAD,21,68,FALSE,1,TRUE,maximum complete profiles at fixed k; lexicographic tie-break; logFC not used
CYP3A5,0.5,12,6,ESCA;KICH;KIRC;LUAD;LUSC;PRAD,21,69,FALSE,1,TRUE,maximum complete profiles at fixed k; lexicographic tie-break; logFC not used
CYP3A5,0.5,12,6,ESCA;KICH;KIRP;LUAD;LUSC;PRAD,21,70,FALSE,1,TRUE,maximum complete profiles at fixed k; lexicographic tie-break; logFC not used
CYP3A5,0.5,12,6,ESCA;KIRC;KIRP;LUAD;LUSC;PRAD,21,71,FALSE,1,TRUE,maximum complete profiles at fixed k; lexicographic tie-break; logFC not used
CYP3A5,0.5,12,6,BRCA;COAD;KICH;KIRC;LUAD;STAD,20,72,FALSE,1,TRUE,maximum complete profiles at fixed k; lexicographic tie-break; logFC not used
CYP3A5,0.5,12,6,BRCA;COAD;KICH;KIRC;LUSC;STAD,20,73,FALSE,1,TRUE,maximum complete profiles at fixed k; lexicographic tie-break; logFC not used
CYP3A5,0.5,12,6,BRCA;COAD;KICH;KIRP;LUAD;STAD,20,74,FALSE,1,TRUE,maximum complete profiles at fixed k; lexicographic tie-break; logFC not used
CYP3A5,0.5,12,6,BRCA;COAD;KICH;KIRP;LUSC;STAD,20,75,FALSE,1,TRUE,maximum complete profiles at fixed k; lexicographic tie-break; logFC not used
CYP3A5,0.5,12,6,BRCA;COAD;KICH;LUAD;LUSC;STAD,20,76,FALSE,1,TRUE,maximum complete profiles at fixed k; lexicographic tie-break; logFC not used
CYP3A5,0.5,12,6,BRCA;COAD;KIRC;KIRP;LUAD;STAD,20,77,FALSE,1,TRUE,maximum complete profiles at fixed k; lexicographic tie-break; logFC not used
CYP3A5,0.5,12,6,BRCA;COAD;KIRC;KIRP;LUSC;STAD,20,78,FALSE,1,TRUE,maximum complete profiles at fixed k; lexicographic tie-break; logFC not used
CYP3A5,0.5,12,6,BRCA;COAD;KIRC;LUAD;LUSC;STAD,20,79,FALSE,1,TRUE,maximum complete profiles at fixed k; lexicographic tie-break; logFC not used
CYP3A5,0.5,12,6,BRCA;COAD;KICH;KIRC;KIRP;PRAD,19,80,FALSE,1,FALSE,maximum complete profiles at fixed k; lexicographic tie-break; logFC not used
CYP3A5,0.5,12,6,BRCA;KICH;KIRC;LUAD;LUSC;THCA,19,81,FALSE,1,FALSE,maximum complete profiles at fixed k; lexicographic tie-break; logFC not used
CYP3A5,0.5,12,6,ESCA;KICH;KIRC;KIRP;PRAD;STAD,19,82,FALSE,1,FALSE,maximum complete profiles at fixed k; lexicographic tie-break; logFC not used
CYP3A5,0.5,12,6,BRCA;ESCA;KICH;KIRC;KIRP;PRAD,18,83,FALSE,1,FALSE,maximum complete profiles at fixed k; lexicographic tie-break; logFC not used
CYP3A5,0.5,12,6,BRCA;ESCA;KIRC;KIRP;LUAD;STAD,18,84,FALSE,1,FALSE,maximum complete profiles at fixed k; lexicographic tie-break; logFC not used
CYP3A5,0.5,12,6,BRCA;ESCA;KIRC;KIRP;LUSC;STAD,18,85,FALSE,1,FALSE,maximum complete profiles at fixed k; lexicographic tie-break; logFC not used
CYP3A5,0.5,12,6,BRCA;ESCA;KIRC;LUAD;LUSC;STAD,18,86,FALSE,1,FALSE,maximum complete profiles at fixed k; lexicographic tie-break; logFC not used
CYP3A5,0.5,12,6,BRCA;ESCA;KIRP;LUAD;LUSC;STAD,18,87,FALSE,1,FALSE,maximum complete profiles at fixed k; lexicographic tie-break; logFC not used
CYP3A5,0.5,12,6,BRCA;KICH;KIRC;KIRP;LUAD;THCA,18,88,FALSE,1,FALSE,maximum complete profiles at fixed k; lexicographic tie-break; logFC not used
CYP3A5,0.5,12,6,BRCA;KIRC;KIRP;LUAD;LUSC;THCA,18,89,FALSE,1,FALSE,maximum complete profiles at fixed k; lexicographic tie-break; logFC not used
CYP3A5,0.5,12,6,COAD;ESCA;KICH;KIRC;KIRP;PRAD,18,90,FALSE,1,FALSE,maximum complete profiles at fixed k; lexicographic tie-break; logFC not used
CYP3A5,0.5,12,6,ESCA;KICH;KIRC;LUAD;LUSC;THCA,18,91,FALSE,1,FALSE,maximum complete profiles at fixed k; lexicographic tie-break; logFC not used
CYP3A5,0.5,12,6,ESCA;KIRC;KIRP;LUAD;LUSC;THCA,18,92,FALSE,1,FALSE,maximum complete profiles at fixed k; lexicographic tie-break; logFC not used
CYP3A5,0.5,12,6,KICH;KIRC;KIRP;LIHC;LUAD;LUSC,18,93,FALSE,1,FALSE,maximum complete profiles at fixed k; lexicographic tie-break; logFC not used
CYP3A5,0.5,12,6,BRCA;ESCA;KICH;KIRC;KIRP;THCA,17,94,FALSE,1,FALSE,maximum complete profiles at fixed k; lexicographic tie-break; logFC not used
CYP3A5,0.5,12,6,BRCA;ESCA;KICH;KIRC;LUAD;STAD,17,95,FALSE,1,FALSE,maximum complete profiles at fixed k; lexicographic tie-break; logFC not used
CYP3A5,0.5,12,6,BRCA;ESCA;KICH;KIRC;LUSC;STAD,17,96,FALSE,1,FALSE,maximum complete profiles at fixed k; lexicographic tie-break; logFC not used
CYP3A5,0.5,12,6,BRCA;ESCA;KICH;KIRP;LUAD;STAD,17,97,FALSE,1,FALSE,maximum complete profiles at fixed k; lexicographic tie-break; logFC not used
CYP3A5,0.5,12,6,BRCA;ESCA;KICH;KIRP;LUSC;STAD,17,98,FALSE,1,FALSE,maximum complete profiles at fixed k; lexicographic tie-break; logFC not used
CYP3A5,0.5,12,6,BRCA;ESCA;KICH;LUAD;LUSC;STAD,17,99,FALSE,1,FALSE,maximum complete profiles at fixed k; lexicographic tie-break; logFC not used
CYP3A5,0.5,12,6,BRCA;KICH;KIRC;KIRP;LUSC;THCA,17,100,FALSE,1,FALSE,maximum complete profiles at fixed k; lexicographic tie-break; logFC not used
CYP3A5,0.5,12,6,BRCA;KICH;KIRP;LUAD;LUSC;THCA,17,101,FALSE,1,FALSE,maximum complete profiles at fixed k; lexicographic tie-break; logFC not used
CYP3A5,0.5,12,6,COAD;KIRP;LUAD;LUSC;PRAD;STAD,17,102,FALSE,1,FALSE,maximum complete profiles at fixed k; lexicographic tie-break; logFC not used
CYP3A5,0.5,12,6,ESCA;KICH;KIRC;KIRP;LUAD;THCA,17,103,FALSE,1,FALSE,maximum complete profiles at fixed k; lexicographic tie-break; logFC not used
CYP3A5,0.5,12,6,ESCA;KICH;KIRC;KIRP;LUSC;THCA,17,104,FALSE,1,FALSE,maximum complete profiles at fixed k; lexicographic tie-break; logFC not used
CYP3A5,0.5,12,6,ESCA;KICH;KIRP;LUAD;LUSC;THCA,17,105,FALSE,1,FALSE,maximum complete profiles at fixed k; lexicographic tie-break; logFC not used
CYP3A5,0.5,12,6,BRCA;COAD;ESCA;LUAD;LUSC;STAD,16,106,FALSE,1,FALSE,maximum complete profiles at fixed k; lexicographic tie-break; logFC not used
CYP3A5,0.5,12,6,BRCA;KICH;KIRC;KIRP;PRAD;STAD,16,107,FALSE,1,FALSE,maximum complete profiles at fixed k; lexicographic tie-break; logFC not used
CYP3A5,0.5,12,6,COAD;ESCA;KICH;KIRC;LUAD;STAD,16,108,FALSE,1,FALSE,maximum complete profiles at fixed k; lexicographic tie-break; logFC not used
CYP3A5,0.5,12,6,COAD;ESCA;KICH;KIRC;LUSC;STAD,16,109,FALSE,1,FALSE,maximum complete profiles at fixed k; lexicographic tie-break; logFC not used
CYP3A5,0.5,12,6,COAD;ESCA;KICH;KIRP;LUAD;STAD,16,110,FALSE,1,FALSE,maximum complete profiles at fixed k; lexicographic tie-break; logFC not used
CYP3A5,0.5,12,6,COAD;ESCA;KICH;KIRP;LUSC;STAD,16,111,FALSE,1,FALSE,maximum complete profiles at fixed k; lexicographic tie-break; logFC not used
CYP3A5,0.5,12,6,COAD;ESCA;KICH;LUAD;LUSC;STAD,16,112,FALSE,1,FALSE,maximum complete profiles at fixed k; lexicographic tie-break; logFC not used
CYP3A5,0.5,12,6,COAD;ESCA;KIRC;KIRP;LUAD;STAD,16,113,FALSE,1,FALSE,maximum complete profiles at fixed k; lexicographic tie-break; logFC not used
CYP3A5,0.5,12,6,COAD;ESCA;KIRC;KIRP;LUSC;STAD,16,114,FALSE,1,FALSE,maximum complete profiles at fixed k; lexicographic tie-break; logFC not used
CYP3A5,0.5,12,6,COAD;ESCA;KIRC;LUAD;LUSC;STAD,16,115,FALSE,1,FALSE,maximum complete profiles at fixed k; lexicographic tie-break; logFC not used
CYP3A5,0.5,12,6,COAD;ESCA;KIRP;LUAD;LUSC;STAD,16,116,FALSE,1,FALSE,maximum complete profiles at fixed k; lexicographic tie-break; logFC not used
CYP3A5,0.5,12,6,COAD;KICH;KIRC;LUAD;PRAD;STAD,16,117,FALSE,1,FALSE,maximum complete profiles at fixed k; lexicographic tie-break; logFC not used
CYP3A5,0.5,12,6,COAD;KICH;KIRC;LUSC;PRAD;STAD,16,118,FALSE,1,FALSE,maximum complete profiles at fixed k; lexicographic tie-break; logFC not used
CYP3A5,0.5,12,6,COAD;KICH;KIRP;LUAD;PRAD;STAD,16,119,FALSE,1,FALSE,maximum complete profiles at fixed k; lexicographic tie-break; logFC not used
CYP3A5,0.5,12,6,COAD;KICH;KIRP;LUSC;PRAD;STAD,16,120,FALSE,1,FALSE,maximum complete profiles at fixed k; lexicographic tie-break; logFC not used
CYP3A5,0.5,12,6,COAD;KICH;LUAD;LUSC;PRAD;STAD,16,121,FALSE,1,FALSE,maximum complete profiles at fixed k; lexicographic tie-break; logFC not used
CYP3A5,0.5,12,6,COAD;KIRC;KIRP;LUAD;PRAD;STAD,16,122,FALSE,1,FALSE,maximum complete profiles at fixed k; lexicographic tie-break; logFC not used
CYP3A5,0.5,12,6,COAD;KIRC;KIRP;LUSC;PRAD;STAD,16,123,FALSE,1,FALSE,maximum complete profiles at fixed k; lexicographic tie-break; logFC not used
CYP3A5,0.5,12,6,COAD;KIRC;LUAD;LUSC;PRAD;STAD,16,124,FALSE,1,FALSE,maximum complete profiles at fixed k; lexicographic tie-break; logFC not used
CYP3A5,0.5,12,6,BRCA;ESCA;KICH;KIRC;LUAD;PRAD,15,125,FALSE,1,FALSE,maximum complete profiles at fixed k; lexicographic tie-break; logFC not used
CYP3A5,0.5,12,6,BRCA;ESCA;KICH;KIRC;LUSC;PRAD,15,126,FALSE,1,FALSE,maximum complete profiles at fixed k; lexicographic tie-break; logFC not used
CYP3A5,0.5,12,6,BRCA;ESCA;KICH;KIRP;LUAD;PRAD,15,127,FALSE,1,FALSE,maximum complete profiles at fixed k; lexicographic tie-break; logFC not used
CYP3A5,0.5,12,6,BRCA;ESCA;KICH;KIRP;LUSC;PRAD,15,128,FALSE,1,FALSE,maximum complete profiles at fixed k; lexicographic tie-break; logFC not used
CYP3A5,0.5,12,6,BRCA;ESCA;KICH;LUAD;LUSC;PRAD,15,129,FALSE,1,FALSE,maximum complete profiles at fixed k; lexicographic tie-break; logFC not used
CYP3A5,0.5,12,6,BRCA;ESCA;KIRC;KIRP;LUAD;PRAD,15,130,FALSE,1,FALSE,maximum complete profiles at fixed k; lexicographic tie-break; logFC not used
CYP3A5,0.5,12,6,BRCA;ESCA;KIRC;KIRP;LUSC;PRAD,15,131,FALSE,1,FALSE,maximum complete profiles at fixed k; lexicographic tie-break; logFC not used
CYP3A5,0.5,12,6,BRCA;ESCA;KIRC;LUAD;LUSC;PRAD,15,132,FALSE,1,FALSE,maximum complete profiles at fixed k; lexicographic tie-break; logFC not used
CYP3A5,0.5,12,6,BRCA;ESCA;KIRP;LUAD;LUSC;PRAD,15,133,FALSE,1,FALSE,maximum complete profiles at fixed k; lexicographic tie-break; logFC not used
CYP3A5,0.5,12,6,BRCA;COAD;ESCA;KICH;KIRC;STAD,14,134,FALSE,1,FALSE,maximum complete profiles at fixed k; lexicographic tie-break; logFC not used
CYP3A5,0.5,12,6,BRCA;COAD;ESCA;KICH;KIRP;STAD,14,135,FALSE,1,FALSE,maximum complete profiles at fixed k; lexicographic tie-break; logFC not used
CYP3A5,0.5,12,6,BRCA;COAD;ESCA;KIRC;KIRP;STAD,14,136,FALSE,1,FALSE,maximum complete profiles at fixed k; lexicographic tie-break; logFC not used
CYP3A5,0.5,12,6,BRCA;KICH;KIRC;KIRP;LIHC;LUAD,14,137,FALSE,1,FALSE,maximum complete profiles at fixed k; lexicographic tie-break; logFC not used
CYP3A5,0.5,12,6,BRCA;KICH;KIRC;KIRP;LIHC;LUSC,14,138,FALSE,1,FALSE,maximum complete profiles at fixed k; lexicographic tie-break; logFC not used
CYP3A5,0.5,12,6,BRCA;KICH;KIRC;LIHC;LUAD;LUSC,14,139,FALSE,1,FALSE,maximum complete profiles at fixed k; lexicographic tie-break; logFC not used
CYP3A5,0.5,12,6,BRCA;KICH;KIRP;LIHC;LUAD;LUSC,14,140,FALSE,1,FALSE,maximum complete profiles at fixed k; lexicographic tie-break; logFC not used
CYP3A5,0.5,12,6,BRCA;KIRC;KIRP;LIHC;LUAD;LUSC,14,141,FALSE,1,FALSE,maximum complete profiles at fixed k; lexicographic tie-break; logFC not used
CYP3A5,0.5,12,6,BRCA;COAD;KICH;KIRC;KIRP;THCA,13,142,FALSE,1,FALSE,maximum complete profiles at fixed k; lexicographic tie-break; logFC not used
CYP3A5,0.5,12,6,BRCA;COAD;KIRP;LUAD;LUSC;PRAD,13,143,FALSE,1,FALSE,maximum complete profiles at fixed k; lexicographic tie-break; logFC not used
CYP3A5,0.5,12,6,COAD;ESCA;KICH;KIRC;LUAD;PRAD,13,144,FALSE,1,FALSE,maximum complete profiles at fixed k; lexicographic tie-break; logFC not used
CYP3A5,0.5,12,6,COAD;ESCA;KICH;KIRC;LUSC;PRAD,13,145,FALSE,1,FALSE,maximum complete profiles at fixed k; lexicographic tie-break; logFC not used
CYP3A5,0.5,12,6,COAD;ESCA;KICH;KIRC;PRAD;STAD,13,146,FALSE,1,FALSE,maximum complete profiles at fixed k; lexicographic tie-break; logFC not used
CYP3A5,0.5,12,6,COAD;ESCA;KICH;KIRP;LUAD;PRAD,13,147,FALSE,1,FALSE,maximum complete profiles at fixed k; lexicographic tie-break; logFC not used
CYP3A5,0.5,12,6,COAD;ESCA;KICH;KIRP;LUSC;PRAD,13,148,FALSE,1,FALSE,maximum complete profiles at fixed k; lexicographic tie-break; logFC not used
CYP3A5,0.5,12,6,COAD;ESCA;KICH;KIRP;PRAD;STAD,13,149,FALSE,1,FALSE,maximum complete profiles at fixed k; lexicographic tie-break; logFC not used
CYP3A5,0.5,12,6,COAD;ESCA;KICH;LUAD;LUSC;PRAD,13,150,FALSE,1,FALSE,maximum complete profiles at fixed k; lexicographic tie-break; logFC not used
CYP3A5,0.5,12,6,COAD;ESCA;KIRC;KIRP;LUAD;PRAD,13,151,FALSE,1,FALSE,maximum complete profiles at fixed k; lexicographic tie-break; logFC not used
CYP3A5,0.5,12,6,COAD;ESCA;KIRC;KIRP;LUSC;PRAD,13,152,FALSE,1,FALSE,maximum complete profiles at fixed k; lexicographic tie-break; logFC not used
CYP3A5,0.5,12,6,COAD;ESCA;KIRC;KIRP;PRAD;STAD,13,153,FALSE,1,FALSE,maximum complete profiles at fixed k; lexicographic tie-break; logFC not used
CYP3A5,0.5,12,6,COAD;ESCA;KIRC;LUAD;LUSC;PRAD,13,154,FALSE,1,FALSE,maximum complete profiles at fixed k; lexicographic tie-break; logFC not used
CYP3A5,0.5,12,6,COAD;ESCA;KIRP;LUAD;LUSC;PRAD,13,155,FALSE,1,FALSE,maximum complete profiles at fixed k; lexicographic tie-break; logFC not used
CYP3A5,0.5,12,6,BRCA;COAD;ESCA;KICH;KIRC;PRAD,12,156,FALSE,1,FALSE,maximum complete profiles at fixed k; lexicographic tie-break; logFC not used
CYP3A5,0.5,12,6,BRCA;COAD;ESCA;KICH;KIRP;PRAD,12,157,FALSE,1,FALSE,maximum complete profiles at fixed k; lexicographic tie-break; logFC not used
CYP3A5,0.5,12,6,BRCA;COAD;ESCA;KICH;LUAD;STAD,12,158,FALSE,1,FALSE,maximum complete profiles at fixed k; lexicographic tie-break; logFC not used
CYP3A5,0.5,12,6,BRCA;COAD;ESCA;KICH;LUSC;STAD,12,159,FALSE,1,FALSE,maximum complete profiles at fixed k; lexicographic tie-break; logFC not used
CYP3A5,0.5,12,6,BRCA;COAD;ESCA;KIRC;KIRP;PRAD,12,160,FALSE,1,FALSE,maximum complete profiles at fixed k; lexicographic tie-break; logFC not used
CYP3A5,0.5,12,6,BRCA;COAD;ESCA;KIRC;LUAD;STAD,12,161,FALSE,1,FALSE,maximum complete profiles at fixed k; lexicographic tie-break; logFC not used
CYP3A5,0.5,12,6,BRCA;COAD;ESCA;KIRC;LUSC;STAD,12,162,FALSE,1,FALSE,maximum complete profiles at fixed k; lexicographic tie-break; logFC not used
CYP3A5,0.5,12,6,BRCA;COAD;ESCA;KIRP;LUAD;STAD,12,163,FALSE,1,FALSE,maximum complete profiles at fixed k; lexicographic tie-break; logFC not used
CYP3A5,0.5,12,6,BRCA;COAD;ESCA;KIRP;LUSC;STAD,12,164,FALSE,1,FALSE,maximum complete profiles at fixed k; lexicographic tie-break; logFC not used
CYP3A5,0.5,12,6,BRCA;COAD;ESCA;LUAD;LUSC;PRAD,12,165,FALSE,1,FALSE,maximum complete profiles at fixed k; lexicographic tie-break; logFC not used
CYP3A5,0.5,12,6,BRCA;COAD;KICH;KIRC;LUAD;PRAD,12,166,FALSE,1,FALSE,maximum complete profiles at fixed k; lexicographic tie-break; logFC not used
CYP3A5,0.5,12,6,BRCA;COAD;KICH;KIRC;LUSC;PRAD,12,167,FALSE,1,FALSE,maximum complete profiles at fixed k; lexicographic tie-break; logFC not used
CYP3A5,0.5,12,6,BRCA;COAD;KICH;KIRC;PRAD;STAD,12,168,FALSE,1,FALSE,maximum complete profiles at fixed k; lexicographic tie-break; logFC not used
CYP3A5,0.5,12,6,BRCA;COAD;KICH;KIRP;LUAD;PRAD,12,169,FALSE,1,FALSE,maximum complete profiles at fixed k; lexicographic tie-break; logFC not used
CYP3A5,0.5,12,6,BRCA;COAD;KICH;KIRP;LUSC;PRAD,12,170,FALSE,1,FALSE,maximum complete profiles at fixed k; lexicographic tie-break; logFC not used
CYP3A5,0.5,12,6,BRCA;COAD;KICH;KIRP;PRAD;STAD,12,171,FALSE,1,FALSE,maximum complete profiles at fixed k; lexicographic tie-break; logFC not used
CYP3A5,0.5,12,6,BRCA;COAD;KICH;LUAD;LUSC;PRAD,12,172,FALSE,1,FALSE,maximum complete profiles at fixed k; lexicographic tie-break; logFC not used
CYP3A5,0.5,12,6,BRCA;COAD;KIRC;KIRP;LUAD;PRAD,12,173,FALSE,1,FALSE,maximum complete profiles at fixed k; lexicographic tie-break; logFC not used
CYP3A5,0.5,12,6,BRCA;COAD;KIRC;KIRP;LUSC;PRAD,12,174,FALSE,1,FALSE,maximum complete profiles at fixed k; lexicographic tie-break; logFC not used
CYP3A5,0.5,12,6,BRCA;COAD;KIRC;KIRP;PRAD;STAD,12,175,FALSE,1,FALSE,maximum complete profiles at fixed k; lexicographic tie-break; logFC not used
CYP3A5,0.5,12,6,BRCA;COAD;KIRC;LUAD;LUSC;PRAD,12,176,FALSE,1,FALSE,maximum complete profiles at fixed k; lexicographic tie-break; logFC not used
CYP3A5,0.5,12,6,BRCA;KIRC;LUAD;LUSC;PRAD;STAD,12,177,FALSE,1,FALSE,maximum complete profiles at fixed k; lexicographic tie-break; logFC not used
CYP3A5,0.5,12,6,BRCA;KIRP;LUAD;LUSC;PRAD;STAD,12,178,FALSE,1,FALSE,maximum complete profiles at fixed k; lexicographic tie-break; logFC not used
CYP3A5,0.5,12,6,ESCA;KICH;KIRC;LUAD;PRAD;STAD,12,179,FALSE,1,FALSE,maximum complete profiles at fixed k; lexicographic tie-break; logFC not used
CYP3A5,0.5,12,6,ESCA;KICH;KIRC;LUSC;PRAD;STAD,12,180,FALSE,1,FALSE,maximum complete profiles at fixed k; lexicographic tie-break; logFC not used
CYP3A5,0.5,12,6,ESCA;KICH;KIRP;LUAD;PRAD;STAD,12,181,FALSE,1,FALSE,maximum complete profiles at fixed k; lexicographic tie-break; logFC not used
CYP3A5,0.5,12,6,ESCA;KICH;KIRP;LUSC;PRAD;STAD,12,182,FALSE,1,FALSE,maximum complete profiles at fixed k; lexicographic tie-break; logFC not used
CYP3A5,0.5,12,6,ESCA;KICH;LUAD;LUSC;PRAD;STAD,12,183,FALSE,1,FALSE,maximum complete profiles at fixed k; lexicographic tie-break; logFC not used
CYP3A5,0.5,12,6,ESCA;KIRC;KIRP;LUAD;PRAD;STAD,12,184,FALSE,1,FALSE,maximum complete profiles at fixed k; lexicographic tie-break; logFC not used
CYP3A5,0.5,12,6,ESCA;KIRC;KIRP;LUSC;PRAD;STAD,12,185,FALSE,1,FALSE,maximum complete profiles at fixed k; lexicographic tie-break; logFC not used
CYP3A5,0.5,12,6,ESCA;KIRC;LUAD;LUSC;PRAD;STAD,12,186,FALSE,1,FALSE,maximum complete profiles at fixed k; lexicographic tie-break; logFC not used
CYP3A5,0.5,12,6,ESCA;KIRP;LUAD;LUSC;PRAD;STAD,12,187,FALSE,1,FALSE,maximum complete profiles at fixed k; lexicographic tie-break; logFC not used
CYP3A5,0.5,12,6,BRCA;ESCA;LUAD;LUSC;PRAD;STAD,11,188,FALSE,1,FALSE,maximum complete profiles at fixed k; lexicographic tie-break; logFC not used
CYP3A5,0.5,12,6,BRCA;KICH;KIRC;LUAD;PRAD;STAD,11,189,FALSE,1,FALSE,maximum complete profiles at fixed k; lexicographic tie-break; logFC not used
CYP3A5,0.5,12,6,BRCA;KICH;KIRC;LUSC;PRAD;STAD,11,190,FALSE,1,FALSE,maximum complete profiles at fixed k; lexicographic tie-break; logFC not used
CYP3A5,0.5,12,6,BRCA;KICH;KIRP;LUAD;PRAD;STAD,11,191,FALSE,1,FALSE,maximum complete profiles at fixed k; lexicographic tie-break; logFC not used
CYP3A5,0.5,12,6,BRCA;KICH;KIRP;LUSC;PRAD;STAD,11,192,FALSE,1,FALSE,maximum complete profiles at fixed k; lexicographic tie-break; logFC not used
CYP3A5,0.5,12,6,BRCA;KICH;LUAD;LUSC;PRAD;STAD,11,193,FALSE,1,FALSE,maximum complete profiles at fixed k; lexicographic tie-break; logFC not used
CYP3A5,0.5,12,6,BRCA;KIRC;KIRP;LUAD;PRAD;STAD,11,194,FALSE,1,FALSE,maximum complete profiles at fixed k; lexicographic tie-break; logFC not used
CYP3A5,0.5,12,6,BRCA;KIRC;KIRP;LUSC;PRAD;STAD,11,195,FALSE,1,FALSE,maximum complete profiles at fixed k; lexicographic tie-break; logFC not used
CYP3A5,0.5,12,6,COAD;ESCA;LUAD;LUSC;PRAD;STAD,11,196,FALSE,1,FALSE,maximum complete profiles at fixed k; lexicographic tie-break; logFC not used
CYP3A5,0.5,12,6,COAD;KICH;KIRC;KIRP;LUAD;THCA,11,197,FALSE,1,FALSE,maximum complete profiles at fixed k; lexicographic tie-break; logFC not used
CYP3A5,0.5,12,6,COAD;KICH;KIRC;KIRP;LUSC;THCA,11,198,FALSE,1,FALSE,maximum complete profiles at fixed k; lexicographic tie-break; logFC not used
CYP3A5,0.5,12,6,COAD;KICH;KIRC;LUAD;LUSC;THCA,11,199,FALSE,1,FALSE,maximum complete profiles at fixed k; lexicographic tie-break; logFC not used
CYP3A5,0.5,12,6,COAD;KICH;KIRP;LUAD;LUSC;THCA,11,200,FALSE,1,FALSE,maximum complete profiles at fixed k; lexicographic tie-break; logFC not used
CYP3A5,0.5,12,6,COAD;KIRC;KIRP;LUAD;LUSC;THCA,11,201,FALSE,1,FALSE,maximum complete profiles at fixed k; lexicographic tie-break; logFC not used
CYP3A5,0.5,12,6,BRCA;COAD;ESCA;KICH;LUAD;PRAD,10,202,FALSE,1,FALSE,maximum complete profiles at fixed k; lexicographic tie-break; logFC not used
CYP3A5,0.5,12,6,BRCA;COAD;ESCA;KICH;LUSC;PRAD,10,203,FALSE,1,FALSE,maximum complete profiles at fixed k; lexicographic tie-break; logFC not used
CYP3A5,0.5,12,6,BRCA;COAD;ESCA;KIRC;LUAD;PRAD,10,204,FALSE,1,FALSE,maximum complete profiles at fixed k; lexicographic tie-break; logFC not used
CYP3A5,0.5,12,6,BRCA;COAD;ESCA;KIRC;LUSC;PRAD,10,205,FALSE,1,FALSE,maximum complete profiles at fixed k; lexicographic tie-break; logFC not used
CYP3A5,0.5,12,6,BRCA;COAD;ESCA;KIRP;LUAD;PRAD,10,206,FALSE,1,FALSE,maximum complete profiles at fixed k; lexicographic tie-break; logFC not used
CYP3A5,0.5,12,6,BRCA;COAD;ESCA;KIRP;LUSC;PRAD,10,207,FALSE,1,FALSE,maximum complete profiles at fixed k; lexicographic tie-break; logFC not used
CYP3A5,0.5,12,6,BRCA;COAD;LUAD;LUSC;PRAD;STAD,10,208,FALSE,1,FALSE,maximum complete profiles at fixed k; lexicographic tie-break; logFC not used
CYP3A5,0.5,12,6,BRCA;ESCA;KICH;KIRC;PRAD;STAD,10,209,FALSE,1,FALSE,maximum complete profiles at fixed k; lexicographic tie-break; logFC not used
CYP3A5,0.5,12,6,BRCA;ESCA;KICH;KIRP;PRAD;STAD,10,210,FALSE,1,FALSE,maximum complete profiles at fixed k; lexicographic tie-break; logFC not used
CYP3A5,0.5,12,6,BRCA;ESCA;KIRC;KIRP;PRAD;STAD,10,211,FALSE,1,FALSE,maximum complete profiles at fixed k; lexicographic tie-break; logFC not used
CYP3A5,0.5,12,6,COAD;ESCA;KICH;KIRC;KIRP;THCA,10,212,FALSE,1,FALSE,maximum complete profiles at fixed k; lexicographic tie-break; logFC not used
CYP3A5,0.5,12,6,BRCA;COAD;KIRP;LUAD;PRAD;STAD,8,213,FALSE,1,FALSE,maximum complete profiles at fixed k; lexicographic tie-break; logFC not used
CYP3A5,0.5,12,6,BRCA;COAD;KIRP;LUSC;PRAD;STAD,8,214,FALSE,1,FALSE,maximum complete profiles at fixed k; lexicographic tie-break; logFC not used
CYP3A5,0.5,12,6,BRCA;ESCA;KICH;KIRC;KIRP;LIHC,8,215,FALSE,1,FALSE,maximum complete profiles at fixed k; lexicographic tie-break; logFC not used
CYP3A5,0.5,12,6,BRCA;ESCA;KICH;LUAD;PRAD;STAD,8,216,FALSE,1,FALSE,maximum complete profiles at fixed k; lexicographic tie-break; logFC not used
CYP3A5,0.5,12,6,BRCA;ESCA;KICH;LUSC;PRAD;STAD,8,217,FALSE,1,FALSE,maximum complete profiles at fixed k; lexicographic tie-break; logFC not used
CYP3A5,0.5,12,6,BRCA;ESCA;KIRC;KIRP;LUAD;THCA,8,218,FALSE,1,FALSE,maximum complete profiles at fixed k; lexicographic tie-break; logFC not used
CYP3A5,0.5,12,6,BRCA;ESCA;KIRC;KIRP;LUSC;THCA,8,219,FALSE,1,FALSE,maximum complete profiles at fixed k; lexicographic tie-break; logFC not used
CYP3A5,0.5,12,6,BRCA;ESCA;KIRC;LUAD;LUSC;THCA,8,220,FALSE,1,FALSE,maximum complete profiles at fixed k; lexicographic tie-break; logFC not used
CYP3A5,0.5,12,6,BRCA;ESCA;KIRC;LUAD;PRAD;STAD,8,221,FALSE,1,FALSE,maximum complete profiles at fixed k; lexicographic tie-break; logFC not used
CYP3A5,0.5,12,6,BRCA;ESCA;KIRC;LUSC;PRAD;STAD,8,222,FALSE,1,FALSE,maximum complete profiles at fixed k; lexicographic tie-break; logFC not used
CYP3A5,0.5,12,6,BRCA;ESCA;KIRP;LUAD;LUSC;THCA,8,223,FALSE,1,FALSE,maximum complete profiles at fixed k; lexicographic tie-break; logFC not used
CYP3A5,0.5,12,6,BRCA;ESCA;KIRP;LUAD;PRAD;STAD,8,224,FALSE,1,FALSE,maximum complete profiles at fixed k; lexicographic tie-break; logFC not used
CYP3A5,0.5,12,6,BRCA;ESCA;KIRP;LUSC;PRAD;STAD,8,225,FALSE,1,FALSE,maximum complete profiles at fixed k; lexicographic tie-break; logFC not used
CYP3A5,0.5,12,6,BRCA;KICH;KIRC;KIRP;PRAD;THCA,8,226,FALSE,1,FALSE,maximum complete profiles at fixed k; lexicographic tie-break; logFC not used
CYP3A5,0.5,12,6,COAD;ESCA;KICH;LUAD;LUSC;THCA,8,227,FALSE,1,FALSE,maximum complete profiles at fixed k; lexicographic tie-break; logFC not used
CYP3A5,0.5,12,6,COAD;ESCA;KICH;LUAD;PRAD;STAD,8,228,FALSE,1,FALSE,maximum complete profiles at fixed k; lexicographic tie-break; logFC not used
CYP3A5,0.5,12,6,COAD;ESCA;KICH;LUSC;PRAD;STAD,8,229,FALSE,1,FALSE,maximum complete profiles at fixed k; lexicographic tie-break; logFC not used
CYP3A5,0.5,12,6,COAD;ESCA;KIRC;LUAD;PRAD;STAD,8,230,FALSE,1,FALSE,maximum complete profiles at fixed k; lexicographic tie-break; logFC not used
CYP3A5,0.5,12,6,COAD;ESCA;KIRC;LUSC;PRAD;STAD,8,231,FALSE,1,FALSE,maximum complete profiles at fixed k; lexicographic tie-break; logFC not used
CYP3A5,0.5,12,6,COAD;ESCA;KIRP;LUAD;PRAD;STAD,8,232,FALSE,1,FALSE,maximum complete profiles at fixed k; lexicographic tie-break; logFC not used
CYP3A5,0.5,12,6,COAD;ESCA;KIRP;LUSC;PRAD;STAD,8,233,FALSE,1,FALSE,maximum complete profiles at fixed k; lexicographic tie-break; logFC not used
CYP3A5,0.5,12,6,BRCA;COAD;ESCA;KICH;PRAD;STAD,7,234,FALSE,1,FALSE,maximum complete profiles at fixed k; lexicographic tie-break; logFC not used
CYP3A5,0.5,12,6,BRCA;COAD;ESCA;KIRC;PRAD;STAD,7,235,FALSE,1,FALSE,maximum complete profiles at fixed k; lexicographic tie-break; logFC not used
CYP3A5,0.5,12,6,BRCA;COAD;ESCA;KIRP;PRAD;STAD,7,236,FALSE,1,FALSE,maximum complete profiles at fixed k; lexicographic tie-break; logFC not used
CYP3A5,0.5,12,6,BRCA;COAD;ESCA;LUAD;LUSC;THCA,7,237,FALSE,1,FALSE,maximum complete profiles at fixed k; lexicographic tie-break; logFC not used
CYP3A5,0.5,12,6,BRCA;COAD;KICH;LUAD;PRAD;STAD,7,238,FALSE,1,FALSE,maximum complete profiles at fixed k; lexicographic tie-break; logFC not used
CYP3A5,0.5,12,6,BRCA;COAD;KICH;LUSC;PRAD;STAD,7,239,FALSE,1,FALSE,maximum complete profiles at fixed k; lexicographic tie-break; logFC not used
CYP3A5,0.5,12,6,BRCA;COAD;KIRC;LUAD;PRAD;STAD,7,240,FALSE,1,FALSE,maximum complete profiles at fixed k; lexicographic tie-break; logFC not used
CYP3A5,0.5,12,6,BRCA;COAD;KIRC;LUSC;PRAD;STAD,7,241,FALSE,1,FALSE,maximum complete profiles at fixed k; lexicographic tie-break; logFC not used
CYP3A5,0.5,12,6,BRCA;ESCA;KICH;KIRC;LUAD;THCA,7,242,FALSE,1,FALSE,maximum complete profiles at fixed k; lexicographic tie-break; logFC not used
CYP3A5,0.5,12,6,BRCA;ESCA;KICH;KIRC;LUSC;THCA,7,243,FALSE,1,FALSE,maximum complete profiles at fixed k; lexicographic tie-break; logFC not used
CYP3A5,0.5,12,6,BRCA;ESCA;KICH;KIRP;LUAD;THCA,7,244,FALSE,1,FALSE,maximum complete profiles at fixed k; lexicographic tie-break; logFC not used
CYP3A5,0.5,12,6,BRCA;ESCA;KICH;KIRP;LUSC;THCA,7,245,FALSE,1,FALSE,maximum complete profiles at fixed k; lexicographic tie-break; logFC not used
CYP3A5,0.5,12,6,BRCA;ESCA;KICH;LUAD;LUSC;THCA,7,246,FALSE,1,FALSE,maximum complete profiles at fixed k; lexicographic tie-break; logFC not used
CYP3A5,0.5,12,6,COAD;ESCA;KICH;KIRC;LUAD;THCA,7,247,FALSE,1,FALSE,maximum complete profiles at fixed k; lexicographic tie-break; logFC not used
CYP3A5,0.5,12,6,COAD;ESCA;KICH;KIRC;LUSC;THCA,7,248,FALSE,1,FALSE,maximum complete profiles at fixed k; lexicographic tie-break; logFC not used
CYP3A5,0.5,12,6,COAD;ESCA;KICH;KIRP;LUAD;THCA,7,249,FALSE,1,FALSE,maximum complete profiles at fixed k; lexicographic tie-break; logFC not used
CYP3A5,0.5,12,6,COAD;ESCA;KICH;KIRP;LUSC;THCA,7,250,FALSE,1,FALSE,maximum complete profiles at fixed k; lexicographic tie-break; logFC not used
CYP3A5,0.5,12,6,COAD;ESCA;KIRC;KIRP;LUAD;THCA,7,251,FALSE,1,FALSE,maximum complete profiles at fixed k; lexicographic tie-break; logFC not used
CYP3A5,0.5,12,6,COAD;ESCA;KIRC;KIRP;LUSC;THCA,7,252,FALSE,1,FALSE,maximum complete profiles at fixed k; lexicographic tie-break; logFC not used
CYP3A5,0.5,12,6,COAD;ESCA;KIRC;LUAD;LUSC;THCA,7,253,FALSE,1,FALSE,maximum complete profiles at fixed k; lexicographic tie-break; logFC not used
CYP3A5,0.5,12,6,COAD;ESCA;KIRP;LUAD;LUSC;THCA,7,254,FALSE,1,FALSE,maximum complete profiles at fixed k; lexicographic tie-break; logFC not used
CYP3A5,0.5,12,6,COAD;KICH;KIRC;KIRP;LIHC;STAD,7,255,FALSE,1,FALSE,maximum complete profiles at fixed k; lexicographic tie-break; logFC not used
CYP3A5,0.5,12,6,BRCA;COAD;ESCA;LUAD;PRAD;STAD,6,256,FALSE,1,FALSE,maximum complete profiles at fixed k; lexicographic tie-break; logFC not used
CYP3A5,0.5,12,6,BRCA;COAD;ESCA;LUSC;PRAD;STAD,6,257,FALSE,1,FALSE,maximum complete profiles at fixed k; lexicographic tie-break; logFC not used
CYP3A5,0.5,12,6,COAD;KICH;KIRC;KIRP;LIHC;THCA,6,258,FALSE,1,FALSE,maximum complete profiles at fixed k; lexicographic tie-break; logFC not used
CYP3A5,0.5,12,6,COAD;KICH;KIRC;KIRP;STAD;THCA,6,259,FALSE,1,FALSE,maximum complete profiles at fixed k; lexicographic tie-break; logFC not used
CYP3A5,0.5,12,6,ESCA;KICH;KIRC;KIRP;LIHC;LUAD,6,260,FALSE,1,FALSE,maximum complete profiles at fixed k; lexicographic tie-break; logFC not used
CYP3A5,0.5,12,6,ESCA;KICH;KIRC;KIRP;LIHC;LUSC,6,261,FALSE,1,FALSE,maximum complete profiles at fixed k; lexicographic tie-break; logFC not used
CYP3A5,0.5,12,6,ESCA;KICH;KIRC;LIHC;LUAD;LUSC,6,262,FALSE,1,FALSE,maximum complete profiles at fixed k; lexicographic tie-break; logFC not used
CYP3A5,0.5,12,6,ESCA;KICH;KIRP;LIHC;LUAD;LUSC,6,263,FALSE,1,FALSE,maximum complete profiles at fixed k; lexicographic tie-break; logFC not used
CYP3A5,0.5,12,6,ESCA;KIRC;KIRP;LIHC;LUAD;LUSC,6,264,FALSE,1,FALSE,maximum complete profiles at fixed k; lexicographic tie-break; logFC not used
CYP3A5,0.5,12,6,BRCA;COAD;KICH;KIRC;KIRP;LIHC,5,265,FALSE,1,FALSE,maximum complete profiles at fixed k; lexicographic tie-break; logFC not used
CYP3A5,0.5,12,6,BRCA;COAD;KICH;KIRC;LUAD;THCA,5,266,FALSE,1,FALSE,maximum complete profiles at fixed k; lexicographic tie-break; logFC not used
CYP3A5,0.5,12,6,BRCA;COAD;KICH;KIRC;LUSC;THCA,5,267,FALSE,1,FALSE,maximum complete profiles at fixed k; lexicographic tie-break; logFC not used
CYP3A5,0.5,12,6,BRCA;COAD;KICH;KIRP;LUAD;THCA,5,268,FALSE,1,FALSE,maximum complete profiles at fixed k; lexicographic tie-break; logFC not used
CYP3A5,0.5,12,6,BRCA;COAD;KICH;KIRP;LUSC;THCA,5,269,FALSE,1,FALSE,maximum complete profiles at fixed k; lexicographic tie-break; logFC not used
CYP3A5,0.5,12,6,BRCA;COAD;KICH;LUAD;LUSC;THCA,5,270,FALSE,1,FALSE,maximum complete profiles at fixed k; lexicographic tie-break; logFC not used
CYP3A5,0.5,12,6,BRCA;COAD;KIRC;KIRP;LUAD;THCA,5,271,FALSE,1,FALSE,maximum complete profiles at fixed k; lexicographic tie-break; logFC not used
CYP3A5,0.5,12,6,BRCA;COAD;KIRC;KIRP;LUSC;THCA,5,272,FALSE,1,FALSE,maximum complete profiles at fixed k; lexicographic tie-break; logFC not used
CYP3A5,0.5,12,6,BRCA;COAD;KIRC;LUAD;LUSC;THCA,5,273,FALSE,1,FALSE,maximum complete profiles at fixed k; lexicographic tie-break; logFC not used
CYP3A5,0.5,12,6,BRCA;COAD;KIRP;LUAD;LUSC;THCA,5,274,FALSE,1,FALSE,maximum complete profiles at fixed k; lexicographic tie-break; logFC not used
CYP3A5,0.5,12,6,BRCA;ESCA;KICH;KIRC;LIHC;LUAD,5,275,FALSE,1,FALSE,maximum complete profiles at fixed k; lexicographic tie-break; logFC not used
CYP3A5,0.5,12,6,BRCA;ESCA;KICH;KIRC;LIHC;LUSC,5,276,FALSE,1,FALSE,maximum complete profiles at fixed k; lexicographic tie-break; logFC not used
CYP3A5,0.5,12,6,BRCA;ESCA;KICH;KIRP;LIHC;LUAD,5,277,FALSE,1,FALSE,maximum complete profiles at fixed k; lexicographic tie-break; logFC not used
CYP3A5,0.5,12,6,BRCA;ESCA;KICH;KIRP;LIHC;LUSC,5,278,FALSE,1,FALSE,maximum complete profiles at fixed k; lexicographic tie-break; logFC not used
CYP3A5,0.5,12,6,BRCA;ESCA;KICH;LIHC;LUAD;LUSC,5,279,FALSE,1,FALSE,maximum complete profiles at fixed k; lexicographic tie-break; logFC not used
CYP3A5,0.5,12,6,BRCA;ESCA;KIRC;KIRP;LIHC;LUAD,5,280,FALSE,1,FALSE,maximum complete profiles at fixed k; lexicographic tie-break; logFC not used
CYP3A5,0.5,12,6,BRCA;ESCA;KIRC;KIRP;LIHC;LUSC,5,281,FALSE,1,FALSE,maximum complete profiles at fixed k; lexicographic tie-break; logFC not used
CYP3A5,0.5,12,6,BRCA;ESCA;KIRC;LIHC;LUAD;LUSC,5,282,FALSE,1,FALSE,maximum complete profiles at fixed k; lexicographic tie-break; logFC not used
CYP3A5,0.5,12,6,BRCA;ESCA;KIRP;LIHC;LUAD;LUSC,5,283,FALSE,1,FALSE,maximum complete profiles at fixed k; lexicographic tie-break; logFC not used
CYP3A5,0.5,12,6,BRCA;KICH;KIRC;KIRP;LIHC;STAD,5,284,FALSE,1,FALSE,maximum complete profiles at fixed k; lexicographic tie-break; logFC not used
CYP3A5,0.5,12,6,BRCA;KICH;KIRC;KIRP;LIHC;THCA,5,285,FALSE,1,FALSE,maximum complete profiles at fixed k; lexicographic tie-break; logFC not used
CYP3A5,0.5,12,6,BRCA;KICH;KIRC;KIRP;STAD;THCA,5,286,FALSE,1,FALSE,maximum complete profiles at fixed k; lexicographic tie-break; logFC not used
CYP3A5,0.5,12,6,COAD;ESCA;KICH;KIRC;KIRP;LIHC,5,287,FALSE,1,FALSE,maximum complete profiles at fixed k; lexicographic tie-break; logFC not used
CYP3A5,0.5,12,6,KICH;KIRC;KIRP;LIHC;LUAD;STAD,5,288,FALSE,1,FALSE,maximum complete profiles at fixed k; lexicographic tie-break; logFC not used
CYP3A5,0.5,12,6,KICH;KIRC;KIRP;LIHC;LUSC;STAD,5,289,FALSE,1,FALSE,maximum complete profiles at fixed k; lexicographic tie-break; logFC not used
CYP3A5,0.5,12,6,KICH;KIRC;LIHC;LUAD;LUSC;STAD,5,290,FALSE,1,FALSE,maximum complete profiles at fixed k; lexicographic tie-break; logFC not used
CYP3A5,0.5,12,6,KICH;KIRP;LIHC;LUAD;LUSC;STAD,5,291,FALSE,1,FALSE,maximum complete profiles at fixed k; lexicographic tie-break; logFC not used
CYP3A5,0.5,12,6,KIRC;KIRP;LIHC;LUAD;LUSC;STAD,5,292,FALSE,1,FALSE,maximum complete profiles at fixed k; lexicographic tie-break; logFC not used
CYP3A5,0.5,12,6,BRCA;COAD;ESCA;KICH;KIRC;THCA,4,293,FALSE,1,FALSE,maximum complete profiles at fixed k; lexicographic tie-break; logFC not used
CYP3A5,0.5,12,6,BRCA;COAD;ESCA;KICH;KIRP;THCA,4,294,FALSE,1,FALSE,maximum complete profiles at fixed k; lexicographic tie-break; logFC not used
CYP3A5,0.5,12,6,BRCA;COAD;ESCA;KIRC;KIRP;THCA,4,295,FALSE,1,FALSE,maximum complete profiles at fixed k; lexicographic tie-break; logFC not used
CYP3A5,0.5,12,6,BRCA;COAD;LUAD;LUSC;STAD;THCA,4,296,FALSE,1,FALSE,maximum complete profiles at fixed k; lexicographic tie-break; logFC not used
CYP3A5,0.5,12,6,BRCA;ESCA;KIRC;KIRP;STAD;THCA,4,297,FALSE,1,FALSE,maximum complete profiles at fixed k; lexicographic tie-break; logFC not used
CYP3A5,0.5,12,6,BRCA;ESCA;LUAD;LUSC;STAD;THCA,4,298,FALSE,1,FALSE,maximum complete profiles at fixed k; lexicographic tie-break; logFC not used
CYP3A5,0.5,12,6,COAD;KICH;KIRC;KIRP;LIHC;LUAD,4,299,FALSE,1,FALSE,maximum complete profiles at fixed k; lexicographic tie-break; logFC not used
CYP3A5,0.5,12,6,COAD;KICH;KIRC;KIRP;LIHC;LUSC,4,300,FALSE,1,FALSE,maximum complete profiles at fixed k; lexicographic tie-break; logFC not used
CYP3A5,0.5,12,6,COAD;KICH;KIRC;LIHC;LUAD;LUSC,4,301,FALSE,1,FALSE,maximum complete profiles at fixed k; lexicographic tie-break; logFC not used
CYP3A5,0.5,12,6,COAD;KICH;KIRP;LIHC;LUAD;LUSC,4,302,FALSE,1,FALSE,maximum complete profiles at fixed k; lexicographic tie-break; logFC not used
CYP3A5,0.5,12,6,COAD;KIRC;KIRP;LIHC;LUAD;LUSC,4,303,FALSE,1,FALSE,maximum complete profiles at fixed k; lexicographic tie-break; logFC not used
CYP3A5,0.5,12,6,ESCA;KICH;KIRC;KIRP;LIHC;STAD,4,304,FALSE,1,FALSE,maximum complete profiles at fixed k; lexicographic tie-break; logFC not used
CYP3A5,0.5,12,6,ESCA;KICH;KIRC;KIRP;LIHC;THCA,4,305,FALSE,1,FALSE,maximum complete profiles at fixed k; lexicographic tie-break; logFC not used
CYP3A5,0.5,12,6,KICH;KIRC;KIRP;LIHC;STAD;THCA,4,306,FALSE,1,FALSE,maximum complete profiles at fixed k; lexicographic tie-break; logFC not used
CYP3A5,0.5,12,6,BRCA;COAD;ESCA;KICH;LUAD;THCA,3,307,FALSE,1,FALSE,maximum complete profiles at fixed k; lexicographic tie-break; logFC not used
CYP3A5,0.5,12,6,BRCA;COAD;ESCA;KICH;LUSC;THCA,3,308,FALSE,1,FALSE,maximum complete profiles at fixed k; lexicographic tie-break; logFC not used
CYP3A5,0.5,12,6,BRCA;COAD;ESCA;KIRC;LUAD;THCA,3,309,FALSE,1,FALSE,maximum complete profiles at fixed k; lexicographic tie-break; logFC not used
CYP3A5,0.5,12,6,BRCA;COAD;ESCA;KIRC;LUSC;THCA,3,310,FALSE,1,FALSE,maximum complete profiles at fixed k; lexicographic tie-break; logFC not used
CYP3A5,0.5,12,6,BRCA;COAD;ESCA;KIRP;LUAD;THCA,3,311,FALSE,1,FALSE,maximum complete profiles at fixed k; lexicographic tie-break; logFC not used
CYP3A5,0.5,12,6,BRCA;COAD;ESCA;KIRP;LUSC;THCA,3,312,FALSE,1,FALSE,maximum complete profiles at fixed k; lexicographic tie-break; logFC not used
CYP3A5,0.5,12,6,BRCA;COAD;KICH;KIRC;LIHC;STAD,3,313,FALSE,1,FALSE,maximum complete profiles at fixed k; lexicographic tie-break; logFC not used
CYP3A5,0.5,12,6,BRCA;COAD;KICH;KIRC;STAD;THCA,3,314,FALSE,1,FALSE,maximum complete profiles at fixed k; lexicographic tie-break; logFC not used
CYP3A5,0.5,12,6,BRCA;COAD;KICH;KIRP;LIHC;STAD,3,315,FALSE,1,FALSE,maximum complete profiles at fixed k; lexicographic tie-break; logFC not used
CYP3A5,0.5,12,6,BRCA;COAD;KICH;KIRP;STAD;THCA,3,316,FALSE,1,FALSE,maximum complete profiles at fixed k; lexicographic tie-break; logFC not used
CYP3A5,0.5,12,6,BRCA;COAD;KIRC;KIRP;LIHC;STAD,3,317,FALSE,1,FALSE,maximum complete profiles at fixed k; lexicographic tie-break; logFC not used
CYP3A5,0.5,12,6,BRCA;COAD;KIRC;KIRP;STAD;THCA,3,318,FALSE,1,FALSE,maximum complete profiles at fixed k; lexicographic tie-break; logFC not used
CYP3A5,0.5,12,6,BRCA;COAD;LIHC;LUAD;LUSC;STAD,3,319,FALSE,1,FALSE,maximum complete profiles at fixed k; lexicographic tie-break; logFC not used
CYP3A5,0.5,12,6,BRCA;COAD;LUAD;LUSC;PRAD;THCA,3,320,FALSE,1,FALSE,maximum complete profiles at fixed k; lexicographic tie-break; logFC not used
CYP3A5,0.5,12,6,BRCA;ESCA;KICH;KIRC;STAD;THCA,3,321,FALSE,1,FALSE,maximum complete profiles at fixed k; lexicographic tie-break; logFC not used
CYP3A5,0.5,12,6,BRCA;ESCA;KICH;KIRP;STAD;THCA,3,322,FALSE,1,FALSE,maximum complete profiles at fixed k; lexicographic tie-break; logFC not used
CYP3A5,0.5,12,6,BRCA;ESCA;LUAD;LUSC;PRAD;THCA,3,323,FALSE,1,FALSE,maximum complete profiles at fixed k; lexicographic tie-break; logFC not used
CYP3A5,0.5,12,6,BRCA;KICH;KIRC;KIRP;LIHC;PRAD,3,324,FALSE,1,FALSE,maximum complete profiles at fixed k; lexicographic tie-break; logFC not used
CYP3A5,0.5,12,6,BRCA;KICH;KIRC;LIHC;LUAD;STAD,3,325,FALSE,1,FALSE,maximum complete profiles at fixed k; lexicographic tie-break; logFC not used
CYP3A5,0.5,12,6,BRCA;KICH;KIRC;LIHC;LUSC;STAD,3,326,FALSE,1,FALSE,maximum complete profiles at fixed k; lexicographic tie-break; logFC not used
CYP3A5,0.5,12,6,BRCA;KICH;KIRC;LIHC;STAD;THCA,3,327,FALSE,1,FALSE,maximum complete profiles at fixed k; lexicographic tie-break; logFC not used
CYP3A5,0.5,12,6,BRCA;KICH;KIRP;LIHC;LUAD;STAD,3,328,FALSE,1,FALSE,maximum complete profiles at fixed k; lexicographic tie-break; logFC not used
CYP3A5,0.5,12,6,BRCA;KICH;KIRP;LIHC;LUSC;STAD,3,329,FALSE,1,FALSE,maximum complete profiles at fixed k; lexicographic tie-break; logFC not used
CYP3A5,0.5,12,6,BRCA;KICH;KIRP;LIHC;STAD;THCA,3,330,FALSE,1,FALSE,maximum complete profiles at fixed k; lexicographic tie-break; logFC not used
CYP3A5,0.5,12,6,BRCA;KICH;LIHC;LUAD;LUSC;STAD,3,331,FALSE,1,FALSE,maximum complete profiles at fixed k; lexicographic tie-break; logFC not used
CYP3A5,0.5,12,6,BRCA;KIRC;KIRP;LIHC;LUAD;STAD,3,332,FALSE,1,FALSE,maximum complete profiles at fixed k; lexicographic tie-break; logFC not used
CYP3A5,0.5,12,6,BRCA;KIRC;KIRP;LIHC;LUSC;STAD,3,333,FALSE,1,FALSE,maximum complete profiles at fixed k; lexicographic tie-break; logFC not used
CYP3A5,0.5,12,6,BRCA;KIRC;KIRP;LIHC;STAD;THCA,3,334,FALSE,1,FALSE,maximum complete profiles at fixed k; lexicographic tie-break; logFC not used
CYP3A5,0.5,12,6,BRCA;KIRC;LIHC;LUAD;LUSC;STAD,3,335,FALSE,1,FALSE,maximum complete profiles at fixed k; lexicographic tie-break; logFC not used
CYP3A5,0.5,12,6,BRCA;KIRP;LIHC;LUAD;LUSC;STAD,3,336,FALSE,1,FALSE,maximum complete profiles at fixed k; lexicographic tie-break; logFC not used
CYP3A5,0.5,12,6,COAD;ESCA;KICH;KIRC;LIHC;THCA,3,337,FALSE,1,FALSE,maximum complete profiles at fixed k; lexicographic tie-break; logFC not used
CYP3A5,0.5,12,6,COAD;ESCA;KICH;KIRP;LIHC;THCA,3,338,FALSE,1,FALSE,maximum complete profiles at fixed k; lexicographic tie-break; logFC not used
CYP3A5,0.5,12,6,COAD;ESCA;KIRC;KIRP;LIHC;THCA,3,339,FALSE,1,FALSE,maximum complete profiles at fixed k; lexicographic tie-break; logFC not used
CYP3A5,0.5,12,6,COAD;ESCA;LIHC;LUAD;LUSC;STAD,3,340,FALSE,1,FALSE,maximum complete profiles at fixed k; lexicographic tie-break; logFC not used
CYP3A5,0.5,12,6,COAD;ESCA;LUAD;LUSC;STAD;THCA,3,341,FALSE,1,FALSE,maximum complete profiles at fixed k; lexicographic tie-break; logFC not used
CYP3A5,0.5,12,6,COAD;KICH;KIRC;KIRP;PRAD;THCA,3,342,FALSE,1,FALSE,maximum complete profiles at fixed k; lexicographic tie-break; logFC not used
CYP3A5,0.5,12,6,COAD;KICH;KIRC;LIHC;LUAD;STAD,3,343,FALSE,1,FALSE,maximum complete profiles at fixed k; lexicographic tie-break; logFC not used
CYP3A5,0.5,12,6,COAD;KICH;KIRC;LIHC;LUSC;STAD,3,344,FALSE,1,FALSE,maximum complete profiles at fixed k; lexicographic tie-break; logFC not used
CYP3A5,0.5,12,6,COAD;KICH;KIRC;LIHC;STAD;THCA,3,345,FALSE,1,FALSE,maximum complete profiles at fixed k; lexicographic tie-break; logFC not used
CYP3A5,0.5,12,6,COAD;KICH;KIRP;LIHC;LUAD;STAD,3,346,FALSE,1,FALSE,maximum complete profiles at fixed k; lexicographic tie-break; logFC not used
CYP3A5,0.5,12,6,COAD;KICH;KIRP;LIHC;LUSC;STAD,3,347,FALSE,1,FALSE,maximum complete profiles at fixed k; lexicographic tie-break; logFC not used
CYP3A5,0.5,12,6,COAD;KICH;KIRP;LIHC;STAD;THCA,3,348,FALSE,1,FALSE,maximum complete profiles at fixed k; lexicographic tie-break; logFC not used
CYP3A5,0.5,12,6,COAD;KICH;LIHC;LUAD;LUSC;STAD,3,349,FALSE,1,FALSE,maximum complete profiles at fixed k; lexicographic tie-break; logFC not used
CYP3A5,0.5,12,6,COAD;KIRC;KIRP;LIHC;LUAD;STAD,3,350,FALSE,1,FALSE,maximum complete profiles at fixed k; lexicographic tie-break; logFC not used
CYP3A5,0.5,12,6,COAD;KIRC;KIRP;LIHC;LUSC;STAD,3,351,FALSE,1,FALSE,maximum complete profiles at fixed k; lexicographic tie-break; logFC not used
CYP3A5,0.5,12,6,COAD;KIRC;KIRP;LIHC;STAD;THCA,3,352,FALSE,1,FALSE,maximum complete profiles at fixed k; lexicographic tie-break; logFC not used
CYP3A5,0.5,12,6,COAD;KIRC;LIHC;LUAD;LUSC;STAD,3,353,FALSE,1,FALSE,maximum complete profiles at fixed k; lexicographic tie-break; logFC not used
CYP3A5,0.5,12,6,COAD;KIRP;LIHC;LUAD;LUSC;STAD,3,354,FALSE,1,FALSE,maximum complete profiles at fixed k; lexicographic tie-break; logFC not used
CYP3A5,0.5,12,6,ESCA;KICH;KIRC;KIRP;LIHC;PRAD,3,355,FALSE,1,FALSE,maximum complete profiles at fixed k; lexicographic tie-break; logFC not used
CYP3A5,0.5,12,6,ESCA;KICH;KIRC;KIRP;STAD;THCA,3,356,FALSE,1,FALSE,maximum complete profiles at fixed k; lexicographic tie-break; logFC not used
CYP3A5,0.5,12,6,KICH;KIRC;KIRP;LIHC;LUAD;THCA,3,357,FALSE,1,FALSE,maximum complete profiles at fixed k; lexicographic tie-break; logFC not used
CYP3A5,0.5,12,6,KICH;KIRC;KIRP;LIHC;LUSC;THCA,3,358,FALSE,1,FALSE,maximum complete profiles at fixed k; lexicographic tie-break; logFC not used
CYP3A5,0.5,12,6,KICH;KIRC;LIHC;LUAD;LUSC;THCA,3,359,FALSE,1,FALSE,maximum complete profiles at fixed k; lexicographic tie-break; logFC not used
CYP3A5,0.5,12,6,KICH;KIRP;LIHC;LUAD;LUSC;THCA,3,360,FALSE,1,FALSE,maximum complete profiles at fixed k; lexicographic tie-break; logFC not used
CYP3A5,0.5,12,6,KIRC;KIRP;LIHC;LUAD;LUSC;THCA,3,361,FALSE,1,FALSE,maximum complete profiles at fixed k; lexicographic tie-break; logFC not used
CYP3A5,0.5,12,6,KIRC;KIRP;LUAD;LUSC;STAD;THCA,3,362,FALSE,1,FALSE,maximum complete profiles at fixed k; lexicographic tie-break; logFC not used
CYP3A5,0.5,12,6,BRCA;COAD;ESCA;LIHC;LUAD;LUSC,2,363,FALSE,1,FALSE,maximum complete profiles at fixed k; lexicographic tie-break; logFC not used
CYP3A5,0.5,12,6,BRCA;COAD;ESCA;LIHC;LUAD;STAD,2,364,FALSE,1,FALSE,maximum complete profiles at fixed k; lexicographic tie-break; logFC not used
CYP3A5,0.5,12,6,BRCA;COAD;ESCA;LIHC;LUSC;STAD,2,365,FALSE,1,FALSE,maximum complete profiles at fixed k; lexicographic tie-break; logFC not used
CYP3A5,0.5,12,6,BRCA;COAD;ESCA;LUAD;PRAD;THCA,2,366,FALSE,1,FALSE,maximum complete profiles at fixed k; lexicographic tie-break; logFC not used
CYP3A5,0.5,12,6,BRCA;COAD;ESCA;LUAD;STAD;THCA,2,367,FALSE,1,FALSE,maximum complete profiles at fixed k; lexicographic tie-break; logFC not used
CYP3A5,0.5,12,6,BRCA;COAD;ESCA;LUSC;PRAD;THCA,2,368,FALSE,1,FALSE,maximum complete profiles at fixed k; lexicographic tie-break; logFC not used
CYP3A5,0.5,12,6,BRCA;COAD;ESCA;LUSC;STAD;THCA,2,369,FALSE,1,FALSE,maximum complete profiles at fixed k; lexicographic tie-break; logFC not used
CYP3A5,0.5,12,6,BRCA;COAD;KICH;KIRC;LIHC;LUAD,2,370,FALSE,1,FALSE,maximum complete profiles at fixed k; lexicographic tie-break; logFC not used
CYP3A5,0.5,12,6,BRCA;COAD;KICH;KIRC;LIHC;LUSC,2,371,FALSE,1,FALSE,maximum complete profiles at fixed k; lexicographic tie-break; logFC not used
CYP3A5,0.5,12,6,BRCA;COAD;KICH;KIRC;LIHC;THCA,2,372,FALSE,1,FALSE,maximum complete profiles at fixed k; lexicographic tie-break; logFC not used
CYP3A5,0.5,12,6,BRCA;COAD;KICH;KIRC;PRAD;THCA,2,373,FALSE,1,FALSE,maximum complete profiles at fixed k; lexicographic tie-break; logFC not used
CYP3A5,0.5,12,6,BRCA;COAD;KICH;KIRP;LIHC;LUAD,2,374,FALSE,1,FALSE,maximum complete profiles at fixed k; lexicographic tie-break; logFC not used
CYP3A5,0.5,12,6,BRCA;COAD;KICH;KIRP;LIHC;LUSC,2,375,FALSE,1,FALSE,maximum complete profiles at fixed k; lexicographic tie-break; logFC not used
CYP3A5,0.5,12,6,BRCA;COAD;KICH;KIRP;LIHC;THCA,2,376,FALSE,1,FALSE,maximum complete profiles at fixed k; lexicographic tie-break; logFC not used
CYP3A5,0.5,12,6,BRCA;COAD;KICH;KIRP;PRAD;THCA,2,377,FALSE,1,FALSE,maximum complete profiles at fixed k; lexicographic tie-break; logFC not used
CYP3A5,0.5,12,6,BRCA;COAD;KICH;LIHC;LUAD;LUSC,2,378,FALSE,1,FALSE,maximum complete profiles at fixed k; lexicographic tie-break; logFC not used
CYP3A5,0.5,12,6,BRCA;COAD;KICH;LIHC;LUAD;STAD,2,379,FALSE,1,FALSE,maximum complete profiles at fixed k; lexicographic tie-break; logFC not used
CYP3A5,0.5,12,6,BRCA;COAD;KICH;LIHC;LUSC;STAD,2,380,FALSE,1,FALSE,maximum complete profiles at fixed k; lexicographic tie-break; logFC not used
CYP3A5,0.5,12,6,BRCA;COAD;KICH;LIHC;STAD;THCA,2,381,FALSE,1,FALSE,maximum complete profiles at fixed k; lexicographic tie-break; logFC not used
CYP3A5,0.5,12,6,BRCA;COAD;KIRC;KIRP;LIHC;LUAD,2,382,FALSE,1,FALSE,maximum complete profiles at fixed k; lexicographic tie-break; logFC not used
CYP3A5,0.5,12,6,BRCA;COAD;KIRC;KIRP;LIHC;LUSC,2,383,FALSE,1,FALSE,maximum complete profiles at fixed k; lexicographic tie-break; logFC not used
CYP3A5,0.5,12,6,BRCA;COAD;KIRC;KIRP;LIHC;THCA,2,384,FALSE,1,FALSE,maximum complete profiles at fixed k; lexicographic tie-break; logFC not used
CYP3A5,0.5,12,6,BRCA;COAD;KIRC;KIRP;PRAD;THCA,2,385,FALSE,1,FALSE,maximum complete profiles at fixed k; lexicographic tie-break; logFC not used
CYP3A5,0.5,12,6,BRCA;COAD;KIRC;LIHC;LUAD;LUSC,2,386,FALSE,1,FALSE,maximum complete profiles at fixed k; lexicographic tie-break; logFC not used
CYP3A5,0.5,12,6,BRCA;COAD;KIRC;LIHC;LUAD;STAD,2,387,FALSE,1,FALSE,maximum complete profiles at fixed k; lexicographic tie-break; logFC not used
CYP3A5,0.5,12,6,BRCA;COAD;KIRC;LIHC;LUSC;STAD,2,388,FALSE,1,FALSE,maximum complete profiles at fixed k; lexicographic tie-break; logFC not used
CYP3A5,0.5,12,6,BRCA;COAD;KIRC;LIHC;STAD;THCA,2,389,FALSE,1,FALSE,maximum complete profiles at fixed k; lexicographic tie-break; logFC not used
CYP3A5,0.5,12,6,BRCA;COAD;KIRP;LIHC;LUAD;LUSC,2,390,FALSE,1,FALSE,maximum complete profiles at fixed k; lexicographic tie-break; logFC not used
CYP3A5,0.5,12,6,BRCA;COAD;KIRP;LIHC;LUAD;STAD,2,391,FALSE,1,FALSE,maximum complete profiles at fixed k; lexicographic tie-break; logFC not used
CYP3A5,0.5,12,6,BRCA;COAD;KIRP;LIHC;LUSC;STAD,2,392,FALSE,1,FALSE,maximum complete profiles at fixed k; lexicographic tie-break; logFC not used
CYP3A5,0.5,12,6,BRCA;COAD;KIRP;LIHC;STAD;THCA,2,393,FALSE,1,FALSE,maximum complete profiles at fixed k; lexicographic tie-break; logFC not used
CYP3A5,0.5,12,6,BRCA;ESCA;KICH;KIRC;LIHC;PRAD,2,394,FALSE,1,FALSE,maximum complete profiles at fixed k; lexicographic tie-break; logFC not used
CYP3A5,0.5,12,6,BRCA;ESCA;KICH;KIRC;LIHC;STAD,2,395,FALSE,1,FALSE,maximum complete profiles at fixed k; lexicographic tie-break; logFC not used
CYP3A5,0.5,12,6,BRCA;ESCA;KICH;KIRC;LIHC;THCA,2,396,FALSE,1,FALSE,maximum complete profiles at fixed k; lexicographic tie-break; logFC not used
CYP3A5,0.5,12,6,BRCA;ESCA;KICH;KIRP;LIHC;PRAD,2,397,FALSE,1,FALSE,maximum complete profiles at fixed k; lexicographic tie-break; logFC not used
CYP3A5,0.5,12,6,BRCA;ESCA;KICH;KIRP;LIHC;STAD,2,398,FALSE,1,FALSE,maximum complete profiles at fixed k; lexicographic tie-break; logFC not used
CYP3A5,0.5,12,6,BRCA;ESCA;KICH;KIRP;LIHC;THCA,2,399,FALSE,1,FALSE,maximum complete profiles at fixed k; lexicographic tie-break; logFC not used
CYP3A5,0.5,12,6,BRCA;ESCA;KICH;LIHC;STAD;THCA,2,400,FALSE,1,FALSE,maximum complete profiles at fixed k; lexicographic tie-break; logFC not used
CYP3A5,0.5,12,6,BRCA;ESCA;KIRC;KIRP;LIHC;PRAD,2,401,FALSE,1,FALSE,maximum complete profiles at fixed k; lexicographic tie-break; logFC not used
CYP3A5,0.5,12,6,BRCA;ESCA;KIRC;KIRP;LIHC;STAD,2,402,FALSE,1,FALSE,maximum complete profiles at fixed k; lexicographic tie-break; logFC not used
CYP3A5,0.5,12,6,BRCA;ESCA;KIRC;KIRP;LIHC;THCA,2,403,FALSE,1,FALSE,maximum complete profiles at fixed k; lexicographic tie-break; logFC not used
CYP3A5,0.5,12,6,BRCA;ESCA;KIRC;LIHC;STAD;THCA,2,404,FALSE,1,FALSE,maximum complete profiles at fixed k; lexicographic tie-break; logFC not used
CYP3A5,0.5,12,6,BRCA;ESCA;KIRC;LUAD;STAD;THCA,2,405,FALSE,1,FALSE,maximum complete profiles at fixed k; lexicographic tie-break; logFC not used
CYP3A5,0.5,12,6,BRCA;ESCA;KIRC;LUSC;STAD;THCA,2,406,FALSE,1,FALSE,maximum complete profiles at fixed k; lexicographic tie-break; logFC not used
CYP3A5,0.5,12,6,BRCA;ESCA;KIRP;LIHC;STAD;THCA,2,407,FALSE,1,FALSE,maximum complete profiles at fixed k; lexicographic tie-break; logFC not used
CYP3A5,0.5,12,6,BRCA;ESCA;KIRP;LUAD;STAD;THCA,2,408,FALSE,1,FALSE,maximum complete profiles at fixed k; lexicographic tie-break; logFC not used
CYP3A5,0.5,12,6,BRCA;ESCA;KIRP;LUSC;STAD;THCA,2,409,FALSE,1,FALSE,maximum complete profiles at fixed k; lexicographic tie-break; logFC not used
CYP3A5,0.5,12,6,BRCA;ESCA;LIHC;LUAD;LUSC;STAD,2,410,FALSE,1,FALSE,maximum complete profiles at fixed k; lexicographic tie-break; logFC not used
CYP3A5,0.5,12,6,BRCA;KICH;KIRC;LIHC;LUAD;PRAD,2,411,FALSE,1,FALSE,maximum complete profiles at fixed k; lexicographic tie-break; logFC not used
CYP3A5,0.5,12,6,BRCA;KICH;KIRC;LIHC;LUAD;THCA,2,412,FALSE,1,FALSE,maximum complete profiles at fixed k; lexicographic tie-break; logFC not used
CYP3A5,0.5,12,6,BRCA;KICH;KIRC;LIHC;LUSC;PRAD,2,413,FALSE,1,FALSE,maximum complete profiles at fixed k; lexicographic tie-break; logFC not used
CYP3A5,0.5,12,6,BRCA;KICH;KIRC;LIHC;LUSC;THCA,2,414,FALSE,1,FALSE,maximum complete profiles at fixed k; lexicographic tie-break; logFC not used
CYP3A5,0.5,12,6,BRCA;KICH;KIRC;LUAD;PRAD;THCA,2,415,FALSE,1,FALSE,maximum complete profiles at fixed k; lexicographic tie-break; logFC not used
CYP3A5,0.5,12,6,BRCA;KICH;KIRP;LIHC;LUAD;PRAD,2,416,FALSE,1,FALSE,maximum complete profiles at fixed k; lexicographic tie-break; logFC not used
CYP3A5,0.5,12,6,BRCA;KICH;KIRP;LIHC;LUAD;THCA,2,417,FALSE,1,FALSE,maximum complete profiles at fixed k; lexicographic tie-break; logFC not used
CYP3A5,0.5,12,6,BRCA;KICH;KIRP;LIHC;LUSC;PRAD,2,418,FALSE,1,FALSE,maximum complete profiles at fixed k; lexicographic tie-break; logFC not used
CYP3A5,0.5,12,6,BRCA;KICH;KIRP;LIHC;LUSC;THCA,2,419,FALSE,1,FALSE,maximum complete profiles at fixed k; lexicographic tie-break; logFC not used
CYP3A5,0.5,12,6,BRCA;KICH;KIRP;LUAD;PRAD;THCA,2,420,FALSE,1,FALSE,maximum complete profiles at fixed k; lexicographic tie-break; logFC not used
CYP3A5,0.5,12,6,BRCA;KICH;LIHC;LUAD;LUSC;PRAD,2,421,FALSE,1,FALSE,maximum complete profiles at fixed k; lexicographic tie-break; logFC not used
CYP3A5,0.5,12,6,BRCA;KICH;LIHC;LUAD;LUSC;THCA,2,422,FALSE,1,FALSE,maximum complete profiles at fixed k; lexicographic tie-break; logFC not used
CYP3A5,0.5,12,6,BRCA;KIRC;KIRP;LIHC;LUAD;PRAD,2,423,FALSE,1,FALSE,maximum complete profiles at fixed k; lexicographic tie-break; logFC not used
CYP3A5,0.5,12,6,BRCA;KIRC;KIRP;LIHC;LUAD;THCA,2,424,FALSE,1,FALSE,maximum complete profiles at fixed k; lexicographic tie-break; logFC not used
CYP3A5,0.5,12,6,BRCA;KIRC;KIRP;LIHC;LUSC;PRAD,2,425,FALSE,1,FALSE,maximum complete profiles at fixed k; lexicographic tie-break; logFC not used
CYP3A5,0.5,12,6,BRCA;KIRC;KIRP;LIHC;LUSC;THCA,2,426,FALSE,1,FALSE,maximum complete profiles at fixed k; lexicographic tie-break; logFC not used
CYP3A5,0.5,12,6,BRCA;KIRC;KIRP;LUAD;PRAD;THCA,2,427,FALSE,1,FALSE,maximum complete profiles at fixed k; lexicographic tie-break; logFC not used
CYP3A5,0.5,12,6,BRCA;KIRC;KIRP;LUAD;STAD;THCA,2,428,FALSE,1,FALSE,maximum complete profiles at fixed k; lexicographic tie-break; logFC not used
CYP3A5,0.5,12,6,BRCA;KIRC;KIRP;LUSC;STAD;THCA,2,429,FALSE,1,FALSE,maximum complete profiles at fixed k; lexicographic tie-break; logFC not used
CYP3A5,0.5,12,6,BRCA;KIRC;LIHC;LUAD;LUSC;PRAD,2,430,FALSE,1,FALSE,maximum complete profiles at fixed k; lexicographic tie-break; logFC not used
CYP3A5,0.5,12,6,BRCA;KIRC;LIHC;LUAD;LUSC;THCA,2,431,FALSE,1,FALSE,maximum complete profiles at fixed k; lexicographic tie-break; logFC not used
CYP3A5,0.5,12,6,BRCA;KIRC;LUAD;LUSC;STAD;THCA,2,432,FALSE,1,FALSE,maximum complete profiles at fixed k; lexicographic tie-break; logFC not used
CYP3A5,0.5,12,6,BRCA;KIRP;LIHC;LUAD;LUSC;PRAD,2,433,FALSE,1,FALSE,maximum complete profiles at fixed k; lexicographic tie-break; logFC not used
CYP3A5,0.5,12,6,BRCA;KIRP;LIHC;LUAD;LUSC;THCA,2,434,FALSE,1,FALSE,maximum complete profiles at fixed k; lexicographic tie-break; logFC not used
CYP3A5,0.5,12,6,BRCA;KIRP;LUAD;LUSC;STAD;THCA,2,435,FALSE,1,FALSE,maximum complete profiles at fixed k; lexicographic tie-break; logFC not used
CYP3A5,0.5,12,6,BRCA;LIHC;LUAD;LUSC;PRAD;STAD,2,436,FALSE,1,FALSE,maximum complete profiles at fixed k; lexicographic tie-break; logFC not used
CYP3A5,0.5,12,6,BRCA;LUAD;LUSC;PRAD;STAD;THCA,2,437,FALSE,1,FALSE,maximum complete profiles at fixed k; lexicographic tie-break; logFC not used
CYP3A5,0.5,12,6,COAD;ESCA;KICH;KIRC;LIHC;LUAD,2,438,FALSE,1,FALSE,maximum complete profiles at fixed k; lexicographic tie-break; logFC not used
CYP3A5,0.5,12,6,COAD;ESCA;KICH;KIRC;LIHC;LUSC,2,439,FALSE,1,FALSE,maximum complete profiles at fixed k; lexicographic tie-break; logFC not used
CYP3A5,0.5,12,6,COAD;ESCA;KICH;KIRC;LIHC;STAD,2,440,FALSE,1,FALSE,maximum complete profiles at fixed k; lexicographic tie-break; logFC not used
CYP3A5,0.5,12,6,COAD;ESCA;KICH;KIRP;LIHC;LUAD,2,441,FALSE,1,FALSE,maximum complete profiles at fixed k; lexicographic tie-break; logFC not used
CYP3A5,0.5,12,6,COAD;ESCA;KICH;KIRP;LIHC;LUSC,2,442,FALSE,1,FALSE,maximum complete profiles at fixed k; lexicographic tie-break; logFC not used
CYP3A5,0.5,12,6,COAD;ESCA;KICH;KIRP;LIHC;STAD,2,443,FALSE,1,FALSE,maximum complete profiles at fixed k; lexicographic tie-break; logFC not used
CYP3A5,0.5,12,6,COAD;ESCA;KICH;LIHC;LUAD;LUSC,2,444,FALSE,1,FALSE,maximum complete profiles at fixed k; lexicographic tie-break; logFC not used
CYP3A5,0.5,12,6,COAD;ESCA;KICH;LIHC;LUAD;THCA,2,445,FALSE,1,FALSE,maximum complete profiles at fixed k; lexicographic tie-break; logFC not used
CYP3A5,0.5,12,6,COAD;ESCA;KICH;LIHC;LUSC;THCA,2,446,FALSE,1,FALSE,maximum complete profiles at fixed k; lexicographic tie-break; logFC not used
CYP3A5,0.5,12,6,COAD;ESCA;KIRC;KIRP;LIHC;LUAD,2,447,FALSE,1,FALSE,maximum complete profiles at fixed k; lexicographic tie-break; logFC not used
CYP3A5,0.5,12,6,COAD;ESCA;KIRC;KIRP;LIHC;LUSC,2,448,FALSE,1,FALSE,maximum complete profiles at fixed k; lexicographic tie-break; logFC not used
CYP3A5,0.5,12,6,COAD;ESCA;KIRC;KIRP;LIHC;STAD,2,449,FALSE,1,FALSE,maximum complete profiles at fixed k; lexicographic tie-break; logFC not used
CYP3A5,0.5,12,6,COAD;ESCA;KIRC;LIHC;LUAD;LUSC,2,450,FALSE,1,FALSE,maximum complete profiles at fixed k; lexicographic tie-break; logFC not used
CYP3A5,0.5,12,6,COAD;ESCA;KIRC;LIHC;LUAD;THCA,2,451,FALSE,1,FALSE,maximum complete profiles at fixed k; lexicographic tie-break; logFC not used
CYP3A5,0.5,12,6,COAD;ESCA;KIRC;LIHC;LUSC;THCA,2,452,FALSE,1,FALSE,maximum complete profiles at fixed k; lexicographic tie-break; logFC not used
CYP3A5,0.5,12,6,COAD;ESCA;KIRP;LIHC;LUAD;LUSC,2,453,FALSE,1,FALSE,maximum complete profiles at fixed k; lexicographic tie-break; logFC not used
CYP3A5,0.5,12,6,COAD;ESCA;KIRP;LIHC;LUAD;THCA,2,454,FALSE,1,FALSE,maximum complete profiles at fixed k; lexicographic tie-break; logFC not used
CYP3A5,0.5,12,6,COAD;ESCA;KIRP;LIHC;LUSC;THCA,2,455,FALSE,1,FALSE,maximum complete profiles at fixed k; lexicographic tie-break; logFC not used
CYP3A5,0.5,12,6,COAD;ESCA;LIHC;LUAD;LUSC;THCA,2,456,FALSE,1,FALSE,maximum complete profiles at fixed k; lexicographic tie-break; logFC not used
CYP3A5,0.5,12,6,COAD;ESCA;LUAD;LUSC;PRAD;THCA,2,457,FALSE,1,FALSE,maximum complete profiles at fixed k; lexicographic tie-break; logFC not used
CYP3A5,0.5,12,6,COAD;KICH;KIRC;LIHC;LUAD;THCA,2,458,FALSE,1,FALSE,maximum complete profiles at fixed k; lexicographic tie-break; logFC not used
CYP3A5,0.5,12,6,COAD;KICH;KIRC;LIHC;LUSC;THCA,2,459,FALSE,1,FALSE,maximum complete profiles at fixed k; lexicographic tie-break; logFC not used
CYP3A5,0.5,12,6,COAD;KICH;KIRC;PRAD;STAD;THCA,2,460,FALSE,1,FALSE,maximum complete profiles at fixed k; lexicographic tie-break; logFC not used
CYP3A5,0.5,12,6,COAD;KICH;KIRP;LIHC;LUAD;THCA,2,461,FALSE,1,FALSE,maximum complete profiles at fixed k; lexicographic tie-break; logFC not used
CYP3A5,0.5,12,6,COAD;KICH;KIRP;LIHC;LUSC;THCA,2,462,FALSE,1,FALSE,maximum complete profiles at fixed k; lexicographic tie-break; logFC not used
CYP3A5,0.5,12,6,COAD;KICH;KIRP;PRAD;STAD;THCA,2,463,FALSE,1,FALSE,maximum complete profiles at fixed k; lexicographic tie-break; logFC not used
CYP3A5,0.5,12,6,COAD;KICH;LIHC;LUAD;LUSC;THCA,2,464,FALSE,1,FALSE,maximum complete profiles at fixed k; lexicographic tie-break; logFC not used
CYP3A5,0.5,12,6,COAD;KIRC;KIRP;LIHC;LUAD;THCA,2,465,FALSE,1,FALSE,maximum complete profiles at fixed k; lexicographic tie-break; logFC not used
CYP3A5,0.5,12,6,COAD;KIRC;KIRP;LIHC;LUSC;THCA,2,466,FALSE,1,FALSE,maximum complete profiles at fixed k; lexicographic tie-break; logFC not used
CYP3A5,0.5,12,6,COAD;KIRC;KIRP;PRAD;STAD;THCA,2,467,FALSE,1,FALSE,maximum complete profiles at fixed k; lexicographic tie-break; logFC not used
CYP3A5,0.5,12,6,COAD;KIRC;LIHC;LUAD;LUSC;THCA,2,468,FALSE,1,FALSE,maximum complete profiles at fixed k; lexicographic tie-break; logFC not used
CYP3A5,0.5,12,6,COAD;KIRP;LIHC;LUAD;LUSC;THCA,2,469,FALSE,1,FALSE,maximum complete profiles at fixed k; lexicographic tie-break; logFC not used
CYP3A5,0.5,12,6,COAD;LIHC;LUAD;LUSC;PRAD;STAD,2,470,FALSE,1,FALSE,maximum complete profiles at fixed k; lexicographic tie-break; logFC not used
CYP3A5,0.5,12,6,ESCA;KICH;KIRC;LIHC;LUAD;THCA,2,471,FALSE,1,FALSE,maximum complete profiles at fixed k; lexicographic tie-break; logFC not used
CYP3A5,0.5,12,6,ESCA;KICH;KIRC;LIHC;LUSC;THCA,2,472,FALSE,1,FALSE,maximum complete profiles at fixed k; lexicographic tie-break; logFC not used
CYP3A5,0.5,12,6,ESCA;KICH;KIRC;LIHC;STAD;THCA,2,473,FALSE,1,FALSE,maximum complete profiles at fixed k; lexicographic tie-break; logFC not used
CYP3A5,0.5,12,6,ESCA;KICH;KIRP;LIHC;LUAD;THCA,2,474,FALSE,1,FALSE,maximum complete profiles at fixed k; lexicographic tie-break; logFC not used
CYP3A5,0.5,12,6,ESCA;KICH;KIRP;LIHC;LUSC;THCA,2,475,FALSE,1,FALSE,maximum complete profiles at fixed k; lexicographic tie-break; logFC not used
CYP3A5,0.5,12,6,ESCA;KICH;KIRP;LIHC;STAD;THCA,2,476,FALSE,1,FALSE,maximum complete profiles at fixed k; lexicographic tie-break; logFC not used
CYP3A5,0.5,12,6,ESCA;KICH;LIHC;LUAD;LUSC;THCA,2,477,FALSE,1,FALSE,maximum complete profiles at fixed k; lexicographic tie-break; logFC not used
CYP3A5,0.5,12,6,ESCA;KIRC;KIRP;LIHC;LUAD;THCA,2,478,FALSE,1,FALSE,maximum complete profiles at fixed k; lexicographic tie-break; logFC not used
CYP3A5,0.5,12,6,ESCA;KIRC;KIRP;LIHC;LUSC;THCA,2,479,FALSE,1,FALSE,maximum complete profiles at fixed k; lexicographic tie-break; logFC not used
CYP3A5,0.5,12,6,ESCA;KIRC;KIRP;LIHC;STAD;THCA,2,480,FALSE,1,FALSE,maximum complete profiles at fixed k; lexicographic tie-break; logFC not used
CYP3A5,0.5,12,6,ESCA;KIRC;KIRP;LUAD;STAD;THCA,2,481,FALSE,1,FALSE,maximum complete profiles at fixed k; lexicographic tie-break; logFC not used
CYP3A5,0.5,12,6,ESCA;KIRC;KIRP;LUSC;STAD;THCA,2,482,FALSE,1,FALSE,maximum complete profiles at fixed k; lexicographic tie-break; logFC not used
CYP3A5,0.5,12,6,ESCA;KIRC;LIHC;LUAD;LUSC;THCA,2,483,FALSE,1,FALSE,maximum complete profiles at fixed k; lexicographic tie-break; logFC not used
CYP3A5,0.5,12,6,ESCA;KIRC;LUAD;LUSC;STAD;THCA,2,484,FALSE,1,FALSE,maximum complete profiles at fixed k; lexicographic tie-break; logFC not used
CYP3A5,0.5,12,6,ESCA;KIRP;LIHC;LUAD;LUSC;THCA,2,485,FALSE,1,FALSE,maximum complete profiles at fixed k; lexicographic tie-break; logFC not used
CYP3A5,0.5,12,6,ESCA;KIRP;LUAD;LUSC;STAD;THCA,2,486,FALSE,1,FALSE,maximum complete profiles at fixed k; lexicographic tie-break; logFC not used
CYP3A5,0.5,12,6,KICH;KIRC;KIRP;LIHC;LUAD;PRAD,2,487,FALSE,1,FALSE,maximum complete profiles at fixed k; lexicographic tie-break; logFC not used
CYP3A5,0.5,12,6,KICH;KIRC;KIRP;LIHC;LUSC;PRAD,2,488,FALSE,1,FALSE,maximum complete profiles at fixed k; lexicographic tie-break; logFC not used
CYP3A5,0.5,12,6,KICH;KIRC;KIRP;LIHC;PRAD;STAD,2,489,FALSE,1,FALSE,maximum complete profiles at fixed k; lexicographic tie-break; logFC not used
CYP3A5,0.5,12,6,KICH;KIRC;KIRP;LUAD;PRAD;THCA,2,490,FALSE,1,FALSE,maximum complete profiles at fixed k; lexicographic tie-break; logFC not used
CYP3A5,0.5,12,6,KICH;KIRC;KIRP;LUAD;STAD;THCA,2,491,FALSE,1,FALSE,maximum complete profiles at fixed k; lexicographic tie-break; logFC not used
CYP3A5,0.5,12,6,KICH;KIRC;KIRP;LUSC;STAD;THCA,2,492,FALSE,1,FALSE,maximum complete profiles at fixed k; lexicographic tie-break; logFC not used
CYP3A5,0.5,12,6,KICH;KIRC;KIRP;PRAD;STAD;THCA,2,493,FALSE,1,FALSE,maximum complete profiles at fixed k; lexicographic tie-break; logFC not used
CYP3A5,0.5,12,6,KICH;KIRC;LIHC;LUAD;LUSC;PRAD,2,494,FALSE,1,FALSE,maximum complete profiles at fixed k; lexicographic tie-break; logFC not used
CYP3A5,0.5,12,6,KICH;KIRC;LUAD;LUSC;STAD;THCA,2,495,FALSE,1,FALSE,maximum complete profiles at fixed k; lexicographic tie-break; logFC not used
CYP3A5,0.5,12,6,KICH;KIRP;LIHC;LUAD;LUSC;PRAD,2,496,FALSE,1,FALSE,maximum complete profiles at fixed k; lexicographic tie-break; logFC not used
CYP3A5,0.5,12,6,KICH;KIRP;LUAD;LUSC;STAD;THCA,2,497,FALSE,1,FALSE,maximum complete profiles at fixed k; lexicographic tie-break; logFC not used
CYP3A5,0.5,12,6,KIRC;KIRP;LIHC;LUAD;LUSC;PRAD,2,498,FALSE,1,FALSE,maximum complete profiles at fixed k; lexicographic tie-break; logFC not used
CYP3A5,0.5,12,6,BRCA;COAD;ESCA;KICH;KIRC;LIHC,1,499,FALSE,1,FALSE,maximum complete profiles at fixed k; lexicographic tie-break; logFC not used
CYP3A5,0.5,12,6,BRCA;COAD;ESCA;KICH;KIRP;LIHC,1,500,FALSE,1,FALSE,maximum complete profiles at fixed k; lexicographic tie-break; logFC not used
CYP3A5,0.5,12,6,BRCA;COAD;ESCA;KICH;LIHC;LUAD,1,501,FALSE,1,FALSE,maximum complete profiles at fixed k; lexicographic tie-break; logFC not used
CYP3A5,0.5,12,6,BRCA;COAD;ESCA;KICH;LIHC;LUSC,1,502,FALSE,1,FALSE,maximum complete profiles at fixed k; lexicographic tie-break; logFC not used
CYP3A5,0.5,12,6,BRCA;COAD;ESCA;KICH;LIHC;STAD,1,503,FALSE,1,FALSE,maximum complete profiles at fixed k; lexicographic tie-break; logFC not used
CYP3A5,0.5,12,6,BRCA;COAD;ESCA;KICH;LIHC;THCA,1,504,FALSE,1,FALSE,maximum complete profiles at fixed k; lexicographic tie-break; logFC not used
CYP3A5,0.5,12,6,BRCA;COAD;ESCA;KICH;PRAD;THCA,1,505,FALSE,1,FALSE,maximum complete profiles at fixed k; lexicographic tie-break; logFC not used
CYP3A5,0.5,12,6,BRCA;COAD;ESCA;KICH;STAD;THCA,1,506,FALSE,1,FALSE,maximum complete profiles at fixed k; lexicographic tie-break; logFC not used
CYP3A5,0.5,12,6,BRCA;COAD;ESCA;KIRC;KIRP;LIHC,1,507,FALSE,1,FALSE,maximum complete profiles at fixed k; lexicographic tie-break; logFC not used
CYP3A5,0.5,12,6,BRCA;COAD;ESCA;KIRC;LIHC;LUAD,1,508,FALSE,1,FALSE,maximum complete profiles at fixed k; lexicographic tie-break; logFC not used
CYP3A5,0.5,12,6,BRCA;COAD;ESCA;KIRC;LIHC;LUSC,1,509,FALSE,1,FALSE,maximum complete profiles at fixed k; lexicographic tie-break; logFC not used
CYP3A5,0.5,12,6,BRCA;COAD;ESCA;KIRC;LIHC;STAD,1,510,FALSE,1,FALSE,maximum complete profiles at fixed k; lexicographic tie-break; logFC not used
CYP3A5,0.5,12,6,BRCA;COAD;ESCA;KIRC;LIHC;THCA,1,511,FALSE,1,FALSE,maximum complete profiles at fixed k; lexicographic tie-break; logFC not used
CYP3A5,0.5,12,6,BRCA;COAD;ESCA;KIRC;PRAD;THCA,1,512,FALSE,1,FALSE,maximum complete profiles at fixed k; lexicographic tie-break; logFC not used
CYP3A5,0.5,12,6,BRCA;COAD;ESCA;KIRC;STAD;THCA,1,513,FALSE,1,FALSE,maximum complete profiles at fixed k; lexicographic tie-break; logFC not used
CYP3A5,0.5,12,6,BRCA;COAD;ESCA;KIRP;LIHC;LUAD,1,514,FALSE,1,FALSE,maximum complete profiles at fixed k; lexicographic tie-break; logFC not used
CYP3A5,0.5,12,6,BRCA;COAD;ESCA;KIRP;LIHC;LUSC,1,515,FALSE,1,FALSE,maximum complete profiles at fixed k; lexicographic tie-break; logFC not used
CYP3A5,0.5,12,6,BRCA;COAD;ESCA;KIRP;LIHC;STAD,1,516,FALSE,1,FALSE,maximum complete profiles at fixed k; lexicographic tie-break; logFC not used
CYP3A5,0.5,12,6,BRCA;COAD;ESCA;KIRP;LIHC;THCA,1,517,FALSE,1,FALSE,maximum complete profiles at fixed k; lexicographic tie-break; logFC not used
CYP3A5,0.5,12,6,BRCA;COAD;ESCA;KIRP;PRAD;THCA,1,518,FALSE,1,FALSE,maximum complete profiles at fixed k; lexicographic tie-break; logFC not used
CYP3A5,0.5,12,6,BRCA;COAD;ESCA;KIRP;STAD;THCA,1,519,FALSE,1,FALSE,maximum complete profiles at fixed k; lexicographic tie-break; logFC not used
CYP3A5,0.5,12,6,BRCA;COAD;ESCA;LIHC;LUAD;THCA,1,520,FALSE,1,FALSE,maximum complete profiles at fixed k; lexicographic tie-break; logFC not used
CYP3A5,0.5,12,6,BRCA;COAD;ESCA;LIHC;LUSC;THCA,1,521,FALSE,1,FALSE,maximum complete profiles at fixed k; lexicographic tie-break; logFC not used
CYP3A5,0.5,12,6,BRCA;COAD;ESCA;LIHC;STAD;THCA,1,522,FALSE,1,FALSE,maximum complete profiles at fixed k; lexicographic tie-break; logFC not used
CYP3A5,0.5,12,6,BRCA;COAD;KICH;LIHC;LUAD;THCA,1,523,FALSE,1,FALSE,maximum complete profiles at fixed k; lexicographic tie-break; logFC not used
CYP3A5,0.5,12,6,BRCA;COAD;KICH;LIHC;LUSC;THCA,1,524,FALSE,1,FALSE,maximum complete profiles at fixed k; lexicographic tie-break; logFC not used
CYP3A5,0.5,12,6,BRCA;COAD;KICH;LUAD;PRAD;THCA,1,525,FALSE,1,FALSE,maximum complete profiles at fixed k; lexicographic tie-break; logFC not used
CYP3A5,0.5,12,6,BRCA;COAD;KICH;LUAD;STAD;THCA,1,526,FALSE,1,FALSE,maximum complete profiles at fixed k; lexicographic tie-break; logFC not used
CYP3A5,0.5,12,6,BRCA;COAD;KICH;LUSC;PRAD;THCA,1,527,FALSE,1,FALSE,maximum complete profiles at fixed k; lexicographic tie-break; logFC not used
CYP3A5,0.5,12,6,BRCA;COAD;KICH;LUSC;STAD;THCA,1,528,FALSE,1,FALSE,maximum complete profiles at fixed k; lexicographic tie-break; logFC not used
CYP3A5,0.5,12,6,BRCA;COAD;KICH;PRAD;STAD;THCA,1,529,FALSE,1,FALSE,maximum complete profiles at fixed k; lexicographic tie-break; logFC not used
CYP3A5,0.5,12,6,BRCA;COAD;KIRC;LIHC;LUAD;THCA,1,530,FALSE,1,FALSE,maximum complete profiles at fixed k; lexicographic tie-break; logFC not used
CYP3A5,0.5,12,6,BRCA;COAD;KIRC;LIHC;LUSC;THCA,1,531,FALSE,1,FALSE,maximum complete profiles at fixed k; lexicographic tie-break; logFC not used
CYP3A5,0.5,12,6,BRCA;COAD;KIRC;LUAD;PRAD;THCA,1,532,FALSE,1,FALSE,maximum complete profiles at fixed k; lexicographic tie-break; logFC not used
CYP3A5,0.5,12,6,BRCA;COAD;KIRC;LUAD;STAD;THCA,1,533,FALSE,1,FALSE,maximum complete profiles at fixed k; lexicographic tie-break; logFC not used
CYP3A5,0.5,12,6,BRCA;COAD;KIRC;LUSC;PRAD;THCA,1,534,FALSE,1,FALSE,maximum complete profiles at fixed k; lexicographic tie-break; logFC not used
CYP3A5,0.5,12,6,BRCA;COAD;KIRC;LUSC;STAD;THCA,1,535,FALSE,1,FALSE,maximum complete profiles at fixed k; lexicographic tie-break; logFC not used
CYP3A5,0.5,12,6,BRCA;COAD;KIRC;PRAD;STAD;THCA,1,536,FALSE,1,FALSE,maximum complete profiles at fixed k; lexicographic tie-break; logFC not used
CYP3A5,0.5,12,6,BRCA;COAD;KIRP;LIHC;LUAD;THCA,1,537,FALSE,1,FALSE,maximum complete profiles at fixed k; lexicographic tie-break; logFC not used
CYP3A5,0.5,12,6,BRCA;COAD;KIRP;LIHC;LUSC;THCA,1,538,FALSE,1,FALSE,maximum complete profiles at fixed k; lexicographic tie-break; logFC not used
CYP3A5,0.5,12,6,BRCA;COAD;KIRP;LUAD;PRAD;THCA,1,539,FALSE,1,FALSE,maximum complete profiles at fixed k; lexicographic tie-break; logFC not used
CYP3A5,0.5,12,6,BRCA;COAD;KIRP;LUAD;STAD;THCA,1,540,FALSE,1,FALSE,maximum complete profiles at fixed k; lexicographic tie-break; logFC not used
CYP3A5,0.5,12,6,BRCA;COAD;KIRP;LUSC;PRAD;THCA,1,541,FALSE,1,FALSE,maximum complete profiles at fixed k; lexicographic tie-break; logFC not used
CYP3A5,0.5,12,6,BRCA;COAD;KIRP;LUSC;STAD;THCA,1,542,FALSE,1,FALSE,maximum complete profiles at fixed k; lexicographic tie-break; logFC not used
CYP3A5,0.5,12,6,BRCA;COAD;KIRP;PRAD;STAD;THCA,1,543,FALSE,1,FALSE,maximum complete profiles at fixed k; lexicographic tie-break; logFC not used
CYP3A5,0.5,12,6,BRCA;COAD;LIHC;LUAD;LUSC;THCA,1,544,FALSE,1,FALSE,maximum complete profiles at fixed k; lexicographic tie-break; logFC not used
CYP3A5,0.5,12,6,BRCA;COAD;LIHC;LUAD;STAD;THCA,1,545,FALSE,1,FALSE,maximum complete profiles at fixed k; lexicographic tie-break; logFC not used
CYP3A5,0.5,12,6,BRCA;COAD;LIHC;LUSC;STAD;THCA,1,546,FALSE,1,FALSE,maximum complete profiles at fixed k; lexicographic tie-break; logFC not used
CYP3A5,0.5,12,6,BRCA;COAD;LUAD;PRAD;STAD;THCA,1,547,FALSE,1,FALSE,maximum complete profiles at fixed k; lexicographic tie-break; logFC not used
CYP3A5,0.5,12,6,BRCA;COAD;LUSC;PRAD;STAD;THCA,1,548,FALSE,1,FALSE,maximum complete profiles at fixed k; lexicographic tie-break; logFC not used
CYP3A5,0.5,12,6,BRCA;ESCA;KICH;KIRC;PRAD;THCA,1,549,FALSE,1,FALSE,maximum complete profiles at fixed k; lexicographic tie-break; logFC not used
CYP3A5,0.5,12,6,BRCA;ESCA;KICH;KIRP;PRAD;THCA,1,550,FALSE,1,FALSE,maximum complete profiles at fixed k; lexicographic tie-break; logFC not used
CYP3A5,0.5,12,6,BRCA;ESCA;KICH;LIHC;LUAD;PRAD,1,551,FALSE,1,FALSE,maximum complete profiles at fixed k; lexicographic tie-break; logFC not used
CYP3A5,0.5,12,6,BRCA;ESCA;KICH;LIHC;LUAD;STAD,1,552,FALSE,1,FALSE,maximum complete profiles at fixed k; lexicographic tie-break; logFC not used
CYP3A5,0.5,12,6,BRCA;ESCA;KICH;LIHC;LUAD;THCA,1,553,FALSE,1,FALSE,maximum complete profiles at fixed k; lexicographic tie-break; logFC not used
CYP3A5,0.5,12,6,BRCA;ESCA;KICH;LIHC;LUSC;PRAD,1,554,FALSE,1,FALSE,maximum complete profiles at fixed k; lexicographic tie-break; logFC not used
CYP3A5,0.5,12,6,BRCA;ESCA;KICH;LIHC;LUSC;STAD,1,555,FALSE,1,FALSE,maximum complete profiles at fixed k; lexicographic tie-break; logFC not used
CYP3A5,0.5,12,6,BRCA;ESCA;KICH;LIHC;LUSC;THCA,1,556,FALSE,1,FALSE,maximum complete profiles at fixed k; lexicographic tie-break; logFC not used
CYP3A5,0.5,12,6,BRCA;ESCA;KICH;LUAD;PRAD;THCA,1,557,FALSE,1,FALSE,maximum complete profiles at fixed k; lexicographic tie-break; logFC not used
CYP3A5,0.5,12,6,BRCA;ESCA;KICH;LUAD;STAD;THCA,1,558,FALSE,1,FALSE,maximum complete profiles at fixed k; lexicographic tie-break; logFC not used
CYP3A5,0.5,12,6,BRCA;ESCA;KICH;LUSC;PRAD;THCA,1,559,FALSE,1,FALSE,maximum complete profiles at fixed k; lexicographic tie-break; logFC not used
CYP3A5,0.5,12,6,BRCA;ESCA;KICH;LUSC;STAD;THCA,1,560,FALSE,1,FALSE,maximum complete profiles at fixed k; lexicographic tie-break; logFC not used
CYP3A5,0.5,12,6,BRCA;ESCA;KIRC;KIRP;PRAD;THCA,1,561,FALSE,1,FALSE,maximum complete profiles at fixed k; lexicographic tie-break; logFC not used
CYP3A5,0.5,12,6,BRCA;ESCA;KIRC;LIHC;LUAD;PRAD,1,562,FALSE,1,FALSE,maximum complete profiles at fixed k; lexicographic tie-break; logFC not used
CYP3A5,0.5,12,6,BRCA;ESCA;KIRC;LIHC;LUAD;STAD,1,563,FALSE,1,FALSE,maximum complete profiles at fixed k; lexicographic tie-break; logFC not used
CYP3A5,0.5,12,6,BRCA;ESCA;KIRC;LIHC;LUAD;THCA,1,564,FALSE,1,FALSE,maximum complete profiles at fixed k; lexicographic tie-break; logFC not used
CYP3A5,0.5,12,6,BRCA;ESCA;KIRC;LIHC;LUSC;PRAD,1,565,FALSE,1,FALSE,maximum complete profiles at fixed k; lexicographic tie-break; logFC not used
CYP3A5,0.5,12,6,BRCA;ESCA;KIRC;LIHC;LUSC;STAD,1,566,FALSE,1,FALSE,maximum complete profiles at fixed k; lexicographic tie-break; logFC not used
CYP3A5,0.5,12,6,BRCA;ESCA;KIRC;LIHC;LUSC;THCA,1,567,FALSE,1,FALSE,maximum complete profiles at fixed k; lexicographic tie-break; logFC not used
CYP3A5,0.5,12,6,BRCA;ESCA;KIRC;LUAD;PRAD;THCA,1,568,FALSE,1,FALSE,maximum complete profiles at fixed k; lexicographic tie-break; logFC not used
CYP3A5,0.5,12,6,BRCA;ESCA;KIRC;LUSC;PRAD;THCA,1,569,FALSE,1,FALSE,maximum complete profiles at fixed k; lexicographic tie-break; logFC not used
CYP3A5,0.5,12,6,BRCA;ESCA;KIRP;LIHC;LUAD;PRAD,1,570,FALSE,1,FALSE,maximum complete profiles at fixed k; lexicographic tie-break; logFC not used
CYP3A5,0.5,12,6,BRCA;ESCA;KIRP;LIHC;LUAD;STAD,1,571,FALSE,1,FALSE,maximum complete profiles at fixed k; lexicographic tie-break; logFC not used
CYP3A5,0.5,12,6,BRCA;ESCA;KIRP;LIHC;LUAD;THCA,1,572,FALSE,1,FALSE,maximum complete profiles at fixed k; lexicographic tie-break; logFC not used
CYP3A5,0.5,12,6,BRCA;ESCA;KIRP;LIHC;LUSC;PRAD,1,573,FALSE,1,FALSE,maximum complete profiles at fixed k; lexicographic tie-break; logFC not used
CYP3A5,0.5,12,6,BRCA;ESCA;KIRP;LIHC;LUSC;STAD,1,574,FALSE,1,FALSE,maximum complete profiles at fixed k; lexicographic tie-break; logFC not used
CYP3A5,0.5,12,6,BRCA;ESCA;KIRP;LIHC;LUSC;THCA,1,575,FALSE,1,FALSE,maximum complete profiles at fixed k; lexicographic tie-break; logFC not used
CYP3A5,0.5,12,6,BRCA;ESCA;KIRP;LUAD;PRAD;THCA,1,576,FALSE,1,FALSE,maximum complete profiles at fixed k; lexicographic tie-break; logFC not used
CYP3A5,0.5,12,6,BRCA;ESCA;KIRP;LUSC;PRAD;THCA,1,577,FALSE,1,FALSE,maximum complete profiles at fixed k; lexicographic tie-break; logFC not used
CYP3A5,0.5,12,6,BRCA;ESCA;LIHC;LUAD;LUSC;PRAD,1,578,FALSE,1,FALSE,maximum complete profiles at fixed k; lexicographic tie-break; logFC not used
CYP3A5,0.5,12,6,BRCA;ESCA;LIHC;LUAD;LUSC;THCA,1,579,FALSE,1,FALSE,maximum complete profiles at fixed k; lexicographic tie-break; logFC not used
CYP3A5,0.5,12,6,BRCA;ESCA;LIHC;LUAD;STAD;THCA,1,580,FALSE,1,FALSE,maximum complete profiles at fixed k; lexicographic tie-break; logFC not used
CYP3A5,0.5,12,6,BRCA;ESCA;LIHC;LUSC;STAD;THCA,1,581,FALSE,1,FALSE,maximum complete profiles at fixed k; lexicographic tie-break; logFC not used
CYP3A5,0.5,12,6,BRCA;ESCA;LUAD;PRAD;STAD;THCA,1,582,FALSE,1,FALSE,maximum complete profiles at fixed k; lexicographic tie-break; logFC not used
CYP3A5,0.5,12,6,BRCA;ESCA;LUSC;PRAD;STAD;THCA,1,583,FALSE,1,FALSE,maximum complete profiles at fixed k; lexicographic tie-break; logFC not used
CYP3A5,0.5,12,6,BRCA;KICH;KIRC;LIHC;PRAD;STAD,1,584,FALSE,1,FALSE,maximum complete profiles at fixed k; lexicographic tie-break; logFC not used
CYP3A5,0.5,12,6,BRCA;KICH;KIRC;LUAD;STAD;THCA,1,585,FALSE,1,FALSE,maximum complete profiles at fixed k; lexicographic tie-break; logFC not used
CYP3A5,0.5,12,6,BRCA;KICH;KIRC;LUSC;PRAD;THCA,1,586,FALSE,1,FALSE,maximum complete profiles at fixed k; lexicographic tie-break; logFC not used
CYP3A5,0.5,12,6,BRCA;KICH;KIRC;LUSC;STAD;THCA,1,587,FALSE,1,FALSE,maximum complete profiles at fixed k; lexicographic tie-break; logFC not used
CYP3A5,0.5,12,6,BRCA;KICH;KIRC;PRAD;STAD;THCA,1,588,FALSE,1,FALSE,maximum complete profiles at fixed k; lexicographic tie-break; logFC not used
CYP3A5,0.5,12,6,BRCA;KICH;KIRP;LIHC;PRAD;STAD,1,589,FALSE,1,FALSE,maximum complete profiles at fixed k; lexicographic tie-break; logFC not used
CYP3A5,0.5,12,6,BRCA;KICH;KIRP;LUAD;STAD;THCA,1,590,FALSE,1,FALSE,maximum complete profiles at fixed k; lexicographic tie-break; logFC not used
CYP3A5,0.5,12,6,BRCA;KICH;KIRP;LUSC;PRAD;THCA,1,591,FALSE,1,FALSE,maximum complete profiles at fixed k; lexicographic tie-break; logFC not used
CYP3A5,0.5,12,6,BRCA;KICH;KIRP;LUSC;STAD;THCA,1,592,FALSE,1,FALSE,maximum complete profiles at fixed k; lexicographic tie-break; logFC not used
CYP3A5,0.5,12,6,BRCA;KICH;KIRP;PRAD;STAD;THCA,1,593,FALSE,1,FALSE,maximum complete profiles at fixed k; lexicographic tie-break; logFC not used
CYP3A5,0.5,12,6,BRCA;KICH;LIHC;LUAD;PRAD;STAD,1,594,FALSE,1,FALSE,maximum complete profiles at fixed k; lexicographic tie-break; logFC not used
CYP3A5,0.5,12,6,BRCA;KICH;LIHC;LUAD;STAD;THCA,1,595,FALSE,1,FALSE,maximum complete profiles at fixed k; lexicographic tie-break; logFC not used
CYP3A5,0.5,12,6,BRCA;KICH;LIHC;LUSC;PRAD;STAD,1,596,FALSE,1,FALSE,maximum complete profiles at fixed k; lexicographic tie-break; logFC not used
CYP3A5,0.5,12,6,BRCA;KICH;LIHC;LUSC;STAD;THCA,1,597,FALSE,1,FALSE,maximum complete profiles at fixed k; lexicographic tie-break; logFC not used
CYP3A5,0.5,12,6,BRCA;KICH;LUAD;LUSC;PRAD;THCA,1,598,FALSE,1,FALSE,maximum complete profiles at fixed k; lexicographic tie-break; logFC not used
CYP3A5,0.5,12,6,BRCA;KICH;LUAD;LUSC;STAD;THCA,1,599,FALSE,1,FALSE,maximum complete profiles at fixed k; lexicographic tie-break; logFC not used
CYP3A5,0.5,12,6,BRCA;KIRC;KIRP;LIHC;PRAD;STAD,1,600,FALSE,1,FALSE,maximum complete profiles at fixed k; lexicographic tie-break; logFC not used
CYP3A5,0.5,12,6,BRCA;KIRC;KIRP;LUSC;PRAD;THCA,1,601,FALSE,1,FALSE,maximum complete profiles at fixed k; lexicographic tie-break; logFC not used
CYP3A5,0.5,12,6,BRCA;KIRC;KIRP;PRAD;STAD;THCA,1,602,FALSE,1,FALSE,maximum complete profiles at fixed k; lexicographic tie-break; logFC not used
CYP3A5,0.5,12,6,BRCA;KIRC;LIHC;LUAD;PRAD;STAD,1,603,FALSE,1,FALSE,maximum complete profiles at fixed k; lexicographic tie-break; logFC not used
CYP3A5,0.5,12,6,BRCA;KIRC;LIHC;LUAD;STAD;THCA,1,604,FALSE,1,FALSE,maximum complete profiles at fixed k; lexicographic tie-break; logFC not used
CYP3A5,0.5,12,6,BRCA;KIRC;LIHC;LUSC;PRAD;STAD,1,605,FALSE,1,FALSE,maximum complete profiles at fixed k; lexicographic tie-break; logFC not used
CYP3A5,0.5,12,6,BRCA;KIRC;LIHC;LUSC;STAD;THCA,1,606,FALSE,1,FALSE,maximum complete profiles at fixed k; lexicographic tie-break; logFC not used
CYP3A5,0.5,12,6,BRCA;KIRC;LUAD;LUSC;PRAD;THCA,1,607,FALSE,1,FALSE,maximum complete profiles at fixed k; lexicographic tie-break; logFC not used
CYP3A5,0.5,12,6,BRCA;KIRP;LIHC;LUAD;PRAD;STAD,1,608,FALSE,1,FALSE,maximum complete profiles at fixed k; lexicographic tie-break; logFC not used
CYP3A5,0.5,12,6,BRCA;KIRP;LIHC;LUAD;STAD;THCA,1,609,FALSE,1,FALSE,maximum complete profiles at fixed k; lexicographic tie-break; logFC not used
CYP3A5,0.5,12,6,BRCA;KIRP;LIHC;LUSC;PRAD;STAD,1,610,FALSE,1,FALSE,maximum complete profiles at fixed k; lexicographic tie-break; logFC not used
CYP3A5,0.5,12,6,BRCA;KIRP;LIHC;LUSC;STAD;THCA,1,611,FALSE,1,FALSE,maximum complete profiles at fixed k; lexicographic tie-break; logFC not used
CYP3A5,0.5,12,6,BRCA;KIRP;LUAD;LUSC;PRAD;THCA,1,612,FALSE,1,FALSE,maximum complete profiles at fixed k; lexicographic tie-break; logFC not used
CYP3A5,0.5,12,6,BRCA;LIHC;LUAD;LUSC;STAD;THCA,1,613,FALSE,1,FALSE,maximum complete profiles at fixed k; lexicographic tie-break; logFC not used
CYP3A5,0.5,12,6,COAD;ESCA;KICH;KIRC;LIHC;PRAD,1,614,FALSE,1,FALSE,maximum complete profiles at fixed k; lexicographic tie-break; logFC not used
CYP3A5,0.5,12,6,COAD;ESCA;KICH;KIRC;PRAD;THCA,1,615,FALSE,1,FALSE,maximum complete profiles at fixed k; lexicographic tie-break; logFC not used
CYP3A5,0.5,12,6,COAD;ESCA;KICH;KIRC;STAD;THCA,1,616,FALSE,1,FALSE,maximum complete profiles at fixed k; lexicographic tie-break; logFC not used
CYP3A5,0.5,12,6,COAD;ESCA;KICH;KIRP;LIHC;PRAD,1,617,FALSE,1,FALSE,maximum complete profiles at fixed k; lexicographic tie-break; logFC not used
CYP3A5,0.5,12,6,COAD;ESCA;KICH;KIRP;PRAD;THCA,1,618,FALSE,1,FALSE,maximum complete profiles at fixed k; lexicographic tie-break; logFC not used
CYP3A5,0.5,12,6,COAD;ESCA;KICH;KIRP;STAD;THCA,1,619,FALSE,1,FALSE,maximum complete profiles at fixed k; lexicographic tie-break; logFC not used
CYP3A5,0.5,12,6,COAD;ESCA;KICH;LIHC;LUAD;STAD,1,620,FALSE,1,FALSE,maximum complete profiles at fixed k; lexicographic tie-break; logFC not used
CYP3A5,0.5,12,6,COAD;ESCA;KICH;LIHC;LUSC;STAD,1,621,FALSE,1,FALSE,maximum complete profiles at fixed k; lexicographic tie-break; logFC not used
CYP3A5,0.5,12,6,COAD;ESCA;KICH;LIHC;PRAD;STAD,1,622,FALSE,1,FALSE,maximum complete profiles at fixed k; lexicographic tie-break; logFC not used
CYP3A5,0.5,12,6,COAD;ESCA;KICH;LIHC;STAD;THCA,1,623,FALSE,1,FALSE,maximum complete profiles at fixed k; lexicographic tie-break; logFC not used
CYP3A5,0.5,12,6,COAD;ESCA;KICH;LUAD;PRAD;THCA,1,624,FALSE,1,FALSE,maximum complete profiles at fixed k; lexicographic tie-break; logFC not used
CYP3A5,0.5,12,6,COAD;ESCA;KICH;LUAD;STAD;THCA,1,625,FALSE,1,FALSE,maximum complete profiles at fixed k; lexicographic tie-break; logFC not used
CYP3A5,0.5,12,6,COAD;ESCA;KICH;LUSC;PRAD;THCA,1,626,FALSE,1,FALSE,maximum complete profiles at fixed k; lexicographic tie-break; logFC not used
CYP3A5,0.5,12,6,COAD;ESCA;KICH;LUSC;STAD;THCA,1,627,FALSE,1,FALSE,maximum complete profiles at fixed k; lexicographic tie-break; logFC not used
CYP3A5,0.5,12,6,COAD;ESCA;KIRC;KIRP;LIHC;PRAD,1,628,FALSE,1,FALSE,maximum complete profiles at fixed k; lexicographic tie-break; logFC not used
CYP3A5,0.5,12,6,COAD;ESCA;KIRC;KIRP;PRAD;THCA,1,629,FALSE,1,FALSE,maximum complete profiles at fixed k; lexicographic tie-break; logFC not used
CYP3A5,0.5,12,6,COAD;ESCA;KIRC;KIRP;STAD;THCA,1,630,FALSE,1,FALSE,maximum complete profiles at fixed k; lexicographic tie-break; logFC not used
CYP3A5,0.5,12,6,COAD;ESCA;KIRC;LIHC;LUAD;STAD,1,631,FALSE,1,FALSE,maximum complete profiles at fixed k; lexicographic tie-break; logFC not used
CYP3A5,0.5,12,6,COAD;ESCA;KIRC;LIHC;LUSC;STAD,1,632,FALSE,1,FALSE,maximum complete profiles at fixed k; lexicographic tie-break; logFC not used
CYP3A5,0.5,12,6,COAD;ESCA;KIRC;LIHC;PRAD;STAD,1,633,FALSE,1,FALSE,maximum complete profiles at fixed k; lexicographic tie-break; logFC not used
CYP3A5,0.5,12,6,COAD;ESCA;KIRC;LIHC;STAD;THCA,1,634,FALSE,1,FALSE,maximum complete profiles at fixed k; lexicographic tie-break; logFC not used
CYP3A5,0.5,12,6,COAD;ESCA;KIRC;LUAD;PRAD;THCA,1,635,FALSE,1,FALSE,maximum complete profiles at fixed k; lexicographic tie-break; logFC not used
CYP3A5,0.5,12,6,COAD;ESCA;KIRC;LUAD;STAD;THCA,1,636,FALSE,1,FALSE,maximum complete profiles at fixed k; lexicographic tie-break; logFC not used
CYP3A5,0.5,12,6,COAD;ESCA;KIRC;LUSC;PRAD;THCA,1,637,FALSE,1,FALSE,maximum complete profiles at fixed k; lexicographic tie-break; logFC not used
CYP3A5,0.5,12,6,COAD;ESCA;KIRC;LUSC;STAD;THCA,1,638,FALSE,1,FALSE,maximum complete profiles at fixed k; lexicographic tie-break; logFC not used
CYP3A5,0.5,12,6,COAD;ESCA;KIRP;LIHC;LUAD;STAD,1,639,FALSE,1,FALSE,maximum complete profiles at fixed k; lexicographic tie-break; logFC not used
CYP3A5,0.5,12,6,COAD;ESCA;KIRP;LIHC;LUSC;STAD,1,640,FALSE,1,FALSE,maximum complete profiles at fixed k; lexicographic tie-break; logFC not used
CYP3A5,0.5,12,6,COAD;ESCA;KIRP;LIHC;PRAD;STAD,1,641,FALSE,1,FALSE,maximum complete profiles at fixed k; lexicographic tie-break; logFC not used
CYP3A5,0.5,12,6,COAD;ESCA;KIRP;LIHC;STAD;THCA,1,642,FALSE,1,FALSE,maximum complete profiles at fixed k; lexicographic tie-break; logFC not used
CYP3A5,0.5,12,6,COAD;ESCA;KIRP;LUAD;PRAD;THCA,1,643,FALSE,1,FALSE,maximum complete profiles at fixed k; lexicographic tie-break; logFC not used
CYP3A5,0.5,12,6,COAD;ESCA;KIRP;LUAD;STAD;THCA,1,644,FALSE,1,FALSE,maximum complete profiles at fixed k; lexicographic tie-break; logFC not used
CYP3A5,0.5,12,6,COAD;ESCA;KIRP;LUSC;PRAD;THCA,1,645,FALSE,1,FALSE,maximum complete profiles at fixed k; lexicographic tie-break; logFC not used
CYP3A5,0.5,12,6,COAD;ESCA;KIRP;LUSC;STAD;THCA,1,646,FALSE,1,FALSE,maximum complete profiles at fixed k; lexicographic tie-break; logFC not used
CYP3A5,0.5,12,6,COAD;ESCA;LIHC;LUAD;LUSC;PRAD,1,647,FALSE,1,FALSE,maximum complete profiles at fixed k; lexicographic tie-break; logFC not used
CYP3A5,0.5,12,6,COAD;ESCA;LIHC;LUAD;PRAD;STAD,1,648,FALSE,1,FALSE,maximum complete profiles at fixed k; lexicographic tie-break; logFC not used
CYP3A5,0.5,12,6,COAD;ESCA;LIHC;LUAD;STAD;THCA,1,649,FALSE,1,FALSE,maximum complete profiles at fixed k; lexicographic tie-break; logFC not used
CYP3A5,0.5,12,6,COAD;ESCA;LIHC;LUSC;PRAD;STAD,1,650,FALSE,1,FALSE,maximum complete profiles at fixed k; lexicographic tie-break; logFC not used
CYP3A5,0.5,12,6,COAD;ESCA;LIHC;LUSC;STAD;THCA,1,651,FALSE,1,FALSE,maximum complete profiles at fixed k; lexicographic tie-break; logFC not used
CYP3A5,0.5,12,6,COAD;KICH;KIRC;KIRP;LIHC;PRAD,1,652,FALSE,1,FALSE,maximum complete profiles at fixed k; lexicographic tie-break; logFC not used
CYP3A5,0.5,12,6,COAD;KICH;KIRC;LIHC;PRAD;STAD,1,653,FALSE,1,FALSE,maximum complete profiles at fixed k; lexicographic tie-break; logFC not used
CYP3A5,0.5,12,6,COAD;KICH;KIRC;LUAD;PRAD;THCA,1,654,FALSE,1,FALSE,maximum complete profiles at fixed k; lexicographic tie-break; logFC not used
CYP3A5,0.5,12,6,COAD;KICH;KIRC;LUAD;STAD;THCA,1,655,FALSE,1,FALSE,maximum complete profiles at fixed k; lexicographic tie-break; logFC not used
CYP3A5,0.5,12,6,COAD;KICH;KIRC;LUSC;PRAD;THCA,1,656,FALSE,1,FALSE,maximum complete profiles at fixed k; lexicographic tie-break; logFC not used
CYP3A5,0.5,12,6,COAD;KICH;KIRC;LUSC;STAD;THCA,1,657,FALSE,1,FALSE,maximum complete profiles at fixed k; lexicographic tie-break; logFC not used
CYP3A5,0.5,12,6,COAD;KICH;KIRP;LIHC;PRAD;STAD,1,658,FALSE,1,FALSE,maximum complete profiles at fixed k; lexicographic tie-break; logFC not used
CYP3A5,0.5,12,6,COAD;KICH;KIRP;LUAD;PRAD;THCA,1,659,FALSE,1,FALSE,maximum complete profiles at fixed k; lexicographic tie-break; logFC not used
CYP3A5,0.5,12,6,COAD;KICH;KIRP;LUAD;STAD;THCA,1,660,FALSE,1,FALSE,maximum complete profiles at fixed k; lexicographic tie-break; logFC not used
CYP3A5,0.5,12,6,COAD;KICH;KIRP;LUSC;PRAD;THCA,1,661,FALSE,1,FALSE,maximum complete profiles at fixed k; lexicographic tie-break; logFC not used
CYP3A5,0.5,12,6,COAD;KICH;KIRP;LUSC;STAD;THCA,1,662,FALSE,1,FALSE,maximum complete profiles at fixed k; lexicographic tie-break; logFC not used
CYP3A5,0.5,12,6,COAD;KICH;LIHC;LUAD;STAD;THCA,1,663,FALSE,1,FALSE,maximum complete profiles at fixed k; lexicographic tie-break; logFC not used
CYP3A5,0.5,12,6,COAD;KICH;LIHC;LUSC;STAD;THCA,1,664,FALSE,1,FALSE,maximum complete profiles at fixed k; lexicographic tie-break; logFC not used
CYP3A5,0.5,12,6,COAD;KICH;LUAD;LUSC;PRAD;THCA,1,665,FALSE,1,FALSE,maximum complete profiles at fixed k; lexicographic tie-break; logFC not used
CYP3A5,0.5,12,6,COAD;KICH;LUAD;LUSC;STAD;THCA,1,666,FALSE,1,FALSE,maximum complete profiles at fixed k; lexicographic tie-break; logFC not used
CYP3A5,0.5,12,6,COAD;KIRC;KIRP;LIHC;PRAD;STAD,1,667,FALSE,1,FALSE,maximum complete profiles at fixed k; lexicographic tie-break; logFC not used
CYP3A5,0.5,12,6,COAD;KIRC;KIRP;LUAD;PRAD;THCA,1,668,FALSE,1,FALSE,maximum complete profiles at fixed k; lexicographic tie-break; logFC not used
CYP3A5,0.5,12,6,COAD;KIRC;KIRP;LUAD;STAD;THCA,1,669,FALSE,1,FALSE,maximum complete profiles at fixed k; lexicographic tie-break; logFC not used
CYP3A5,0.5,12,6,COAD;KIRC;KIRP;LUSC;PRAD;THCA,1,670,FALSE,1,FALSE,maximum complete profiles at fixed k; lexicographic tie-break; logFC not used
CYP3A5,0.5,12,6,COAD;KIRC;KIRP;LUSC;STAD;THCA,1,671,FALSE,1,FALSE,maximum complete profiles at fixed k; lexicographic tie-break; logFC not used
CYP3A5,0.5,12,6,COAD;KIRC;LIHC;LUAD;STAD;THCA,1,672,FALSE,1,FALSE,maximum complete profiles at fixed k; lexicographic tie-break; logFC not used
CYP3A5,0.5,12,6,COAD;KIRC;LIHC;LUSC;STAD;THCA,1,673,FALSE,1,FALSE,maximum complete profiles at fixed k; lexicographic tie-break; logFC not used
CYP3A5,0.5,12,6,COAD;KIRC;LUAD;LUSC;PRAD;THCA,1,674,FALSE,1,FALSE,maximum complete profiles at fixed k; lexicographic tie-break; logFC not used
CYP3A5,0.5,12,6,COAD;KIRC;LUAD;LUSC;STAD;THCA,1,675,FALSE,1,FALSE,maximum complete profiles at fixed k; lexicographic tie-break; logFC not used
CYP3A5,0.5,12,6,COAD;KIRP;LIHC;LUAD;STAD;THCA,1,676,FALSE,1,FALSE,maximum complete profiles at fixed k; lexicographic tie-break; logFC not used
CYP3A5,0.5,12,6,COAD;KIRP;LIHC;LUSC;STAD;THCA,1,677,FALSE,1,FALSE,maximum complete profiles at fixed k; lexicographic tie-break; logFC not used
CYP3A5,0.5,12,6,COAD;KIRP;LUAD;LUSC;PRAD;THCA,1,678,FALSE,1,FALSE,maximum complete profiles at fixed k; lexicographic tie-break; logFC not used
CYP3A5,0.5,12,6,COAD;KIRP;LUAD;LUSC;STAD;THCA,1,679,FALSE,1,FALSE,maximum complete profiles at fixed k; lexicographic tie-break; logFC not used
CYP3A5,0.5,12,6,COAD;LIHC;LUAD;LUSC;STAD;THCA,1,680,FALSE,1,FALSE,maximum complete profiles at fixed k; lexicographic tie-break; logFC not used
CYP3A5,0.5,12,6,COAD;LUAD;LUSC;PRAD;STAD;THCA,1,681,FALSE,1,FALSE,maximum complete profiles at fixed k; lexicographic tie-break; logFC not used
CYP3A5,0.5,12,6,ESCA;KICH;KIRC;KIRP;PRAD;THCA,1,682,FALSE,1,FALSE,maximum complete profiles at fixed k; lexicographic tie-break; logFC not used
CYP3A5,0.5,12,6,ESCA;KICH;KIRC;LIHC;LUAD;PRAD,1,683,FALSE,1,FALSE,maximum complete profiles at fixed k; lexicographic tie-break; logFC not used
CYP3A5,0.5,12,6,ESCA;KICH;KIRC;LIHC;LUAD;STAD,1,684,FALSE,1,FALSE,maximum complete profiles at fixed k; lexicographic tie-break; logFC not used
CYP3A5,0.5,12,6,ESCA;KICH;KIRC;LIHC;LUSC;PRAD,1,685,FALSE,1,FALSE,maximum complete profiles at fixed k; lexicographic tie-break; logFC not used
CYP3A5,0.5,12,6,ESCA;KICH;KIRC;LIHC;LUSC;STAD,1,686,FALSE,1,FALSE,maximum complete profiles at fixed k; lexicographic tie-break; logFC not used
CYP3A5,0.5,12,6,ESCA;KICH;KIRC;LIHC;PRAD;STAD,1,687,FALSE,1,FALSE,maximum complete profiles at fixed k; lexicographic tie-break; logFC not used
CYP3A5,0.5,12,6,ESCA;KICH;KIRC;LUAD;PRAD;THCA,1,688,FALSE,1,FALSE,maximum complete profiles at fixed k; lexicographic tie-break; logFC not used
CYP3A5,0.5,12,6,ESCA;KICH;KIRC;LUAD;STAD;THCA,1,689,FALSE,1,FALSE,maximum complete profiles at fixed k; lexicographic tie-break; logFC not used
CYP3A5,0.5,12,6,ESCA;KICH;KIRC;LUSC;PRAD;THCA,1,690,FALSE,1,FALSE,maximum complete profiles at fixed k; lexicographic tie-break; logFC not used
CYP3A5,0.5,12,6,ESCA;KICH;KIRC;LUSC;STAD;THCA,1,691,FALSE,1,FALSE,maximum complete profiles at fixed k; lexicographic tie-break; logFC not used
CYP3A5,0.5,12,6,ESCA;KICH;KIRP;LIHC;LUAD;PRAD,1,692,FALSE,1,FALSE,maximum complete profiles at fixed k; lexicographic tie-break; logFC not used
CYP3A5,0.5,12,6,ESCA;KICH;KIRP;LIHC;LUAD;STAD,1,693,FALSE,1,FALSE,maximum complete profiles at fixed k; lexicographic tie-break; logFC not used
CYP3A5,0.5,12,6,ESCA;KICH;KIRP;LIHC;LUSC;PRAD,1,694,FALSE,1,FALSE,maximum complete profiles at fixed k; lexicographic tie-break; logFC not used
CYP3A5,0.5,12,6,ESCA;KICH;KIRP;LIHC;LUSC;STAD,1,695,FALSE,1,FALSE,maximum complete profiles at fixed k; lexicographic tie-break; logFC not used
CYP3A5,0.5,12,6,ESCA;KICH;KIRP;LIHC;PRAD;STAD,1,696,FALSE,1,FALSE,maximum complete profiles at fixed k; lexicographic tie-break; logFC not used
CYP3A5,0.5,12,6,ESCA;KICH;KIRP;LUAD;PRAD;THCA,1,697,FALSE,1,FALSE,maximum complete profiles at fixed k; lexicographic tie-break; logFC not used
CYP3A5,0.5,12,6,ESCA;KICH;KIRP;LUAD;STAD;THCA,1,698,FALSE,1,FALSE,maximum complete profiles at fixed k; lexicographic tie-break; logFC not used
CYP3A5,0.5,12,6,ESCA;KICH;KIRP;LUSC;PRAD;THCA,1,699,FALSE,1,FALSE,maximum complete profiles at fixed k; lexicographic tie-break; logFC not used
CYP3A5,0.5,12,6,ESCA;KICH;KIRP;LUSC;STAD;THCA,1,700,FALSE,1,FALSE,maximum complete profiles at fixed k; lexicographic tie-break; logFC not used
CYP3A5,0.5,12,6,ESCA;KICH;LIHC;LUAD;LUSC;PRAD,1,701,FALSE,1,FALSE,maximum complete profiles at fixed k; lexicographic tie-break; logFC not used
CYP3A5,0.5,12,6,ESCA;KICH;LIHC;LUAD;LUSC;STAD,1,702,FALSE,1,FALSE,maximum complete profiles at fixed k; lexicographic tie-break; logFC not used
CYP3A5,0.5,12,6,ESCA;KICH;LIHC;LUAD;STAD;THCA,1,703,FALSE,1,FALSE,maximum complete profiles at fixed k; lexicographic tie-break; logFC not used
CYP3A5,0.5,12,6,ESCA;KICH;LIHC;LUSC;STAD;THCA,1,704,FALSE,1,FALSE,maximum complete profiles at fixed k; lexicographic tie-break; logFC not used
CYP3A5,0.5,12,6,ESCA;KICH;LUAD;LUSC;PRAD;THCA,1,705,FALSE,1,FALSE,maximum complete profiles at fixed k; lexicographic tie-break; logFC not used
CYP3A5,0.5,12,6,ESCA;KICH;LUAD;LUSC;STAD;THCA,1,706,FALSE,1,FALSE,maximum complete profiles at fixed k; lexicographic tie-break; logFC not used
CYP3A5,0.5,12,6,ESCA;KIRC;KIRP;LIHC;LUAD;PRAD,1,707,FALSE,1,FALSE,maximum complete profiles at fixed k; lexicographic tie-break; logFC not used
CYP3A5,0.5,12,6,ESCA;KIRC;KIRP;LIHC;LUAD;STAD,1,708,FALSE,1,FALSE,maximum complete profiles at fixed k; lexicographic tie-break; logFC not used
CYP3A5,0.5,12,6,ESCA;KIRC;KIRP;LIHC;LUSC;PRAD,1,709,FALSE,1,FALSE,maximum complete profiles at fixed k; lexicographic tie-break; logFC not used
CYP3A5,0.5,12,6,ESCA;KIRC;KIRP;LIHC;LUSC;STAD,1,710,FALSE,1,FALSE,maximum complete profiles at fixed k; lexicographic tie-break; logFC not used
CYP3A5,0.5,12,6,ESCA;KIRC;KIRP;LIHC;PRAD;STAD,1,711,FALSE,1,FALSE,maximum complete profiles at fixed k; lexicographic tie-break; logFC not used
CYP3A5,0.5,12,6,ESCA;KIRC;KIRP;LUAD;PRAD;THCA,1,712,FALSE,1,FALSE,maximum complete profiles at fixed k; lexicographic tie-break; logFC not used
CYP3A5,0.5,12,6,ESCA;KIRC;KIRP;LUSC;PRAD;THCA,1,713,FALSE,1,FALSE,maximum complete profiles at fixed k; lexicographic tie-break; logFC not used
CYP3A5,0.5,12,6,ESCA;KIRC;LIHC;LUAD;LUSC;PRAD,1,714,FALSE,1,FALSE,maximum complete profiles at fixed k; lexicographic tie-break; logFC not used
CYP3A5,0.5,12,6,ESCA;KIRC;LIHC;LUAD;LUSC;STAD,1,715,FALSE,1,FALSE,maximum complete profiles at fixed k; lexicographic tie-break; logFC not used
CYP3A5,0.5,12,6,ESCA;KIRC;LIHC;LUAD;STAD;THCA,1,716,FALSE,1,FALSE,maximum complete profiles at fixed k; lexicographic tie-break; logFC not used
CYP3A5,0.5,12,6,ESCA;KIRC;LIHC;LUSC;STAD;THCA,1,717,FALSE,1,FALSE,maximum complete profiles at fixed k; lexicographic tie-break; logFC not used
CYP3A5,0.5,12,6,ESCA;KIRC;LUAD;LUSC;PRAD;THCA,1,718,FALSE,1,FALSE,maximum complete profiles at fixed k; lexicographic tie-break; logFC not used
CYP3A5,0.5,12,6,ESCA;KIRP;LIHC;LUAD;LUSC;PRAD,1,719,FALSE,1,FALSE,maximum complete profiles at fixed k; lexicographic tie-break; logFC not used
CYP3A5,0.5,12,6,ESCA;KIRP;LIHC;LUAD;LUSC;STAD,1,720,FALSE,1,FALSE,maximum complete profiles at fixed k; lexicographic tie-break; logFC not used
CYP3A5,0.5,12,6,ESCA;KIRP;LIHC;LUAD;STAD;THCA,1,721,FALSE,1,FALSE,maximum complete profiles at fixed k; lexicographic tie-break; logFC not used
CYP3A5,0.5,12,6,ESCA;KIRP;LIHC;LUSC;STAD;THCA,1,722,FALSE,1,FALSE,maximum complete profiles at fixed k; lexicographic tie-break; logFC not used
CYP3A5,0.5,12,6,ESCA;KIRP;LUAD;LUSC;PRAD;THCA,1,723,FALSE,1,FALSE,maximum complete profiles at fixed k; lexicographic tie-break; logFC not used
CYP3A5,0.5,12,6,ESCA;LIHC;LUAD;LUSC;PRAD;STAD,1,724,FALSE,1,FALSE,maximum complete profiles at fixed k; lexicographic tie-break; logFC not used
CYP3A5,0.5,12,6,ESCA;LIHC;LUAD;LUSC;STAD;THCA,1,725,FALSE,1,FALSE,maximum complete profiles at fixed k; lexicographic tie-break; logFC not used
CYP3A5,0.5,12,6,ESCA;LUAD;LUSC;PRAD;STAD;THCA,1,726,FALSE,1,FALSE,maximum complete profiles at fixed k; lexicographic tie-break; logFC not used
CYP3A5,0.5,12,6,KICH;KIRC;KIRP;LUSC;PRAD;THCA,1,727,FALSE,1,FALSE,maximum complete profiles at fixed k; lexicographic tie-break; logFC not used
CYP3A5,0.5,12,6,KICH;KIRC;LIHC;LUAD;PRAD;STAD,1,728,FALSE,1,FALSE,maximum complete profiles at fixed k; lexicographic tie-break; logFC not used
CYP3A5,0.5,12,6,KICH;KIRC;LIHC;LUAD;STAD;THCA,1,729,FALSE,1,FALSE,maximum complete profiles at fixed k; lexicographic tie-break; logFC not used
CYP3A5,0.5,12,6,KICH;KIRC;LIHC;LUSC;PRAD;STAD,1,730,FALSE,1,FALSE,maximum complete profiles at fixed k; lexicographic tie-break; logFC not used
CYP3A5,0.5,12,6,KICH;KIRC;LIHC;LUSC;STAD;THCA,1,731,FALSE,1,FALSE,maximum complete profiles at fixed k; lexicographic tie-break; logFC not used
CYP3A5,0.5,12,6,KICH;KIRC;LUAD;LUSC;PRAD;THCA,1,732,FALSE,1,FALSE,maximum complete profiles at fixed k; lexicographic tie-break; logFC not used
CYP3A5,0.5,12,6,KICH;KIRP;LIHC;LUAD;PRAD;STAD,1,733,FALSE,1,FALSE,maximum complete profiles at fixed k; lexicographic tie-break; logFC not used
CYP3A5,0.5,12,6,KICH;KIRP;LIHC;LUAD;STAD;THCA,1,734,FALSE,1,FALSE,maximum complete profiles at fixed k; lexicographic tie-break; logFC not used
CYP3A5,0.5,12,6,KICH;KIRP;LIHC;LUSC;PRAD;STAD,1,735,FALSE,1,FALSE,maximum complete profiles at fixed k; lexicographic tie-break; logFC not used
CYP3A5,0.5,12,6,KICH;KIRP;LIHC;LUSC;STAD;THCA,1,736,FALSE,1,FALSE,maximum complete profiles at fixed k; lexicographic tie-break; logFC not used
CYP3A5,0.5,12,6,KICH;KIRP;LUAD;LUSC;PRAD;THCA,1,737,FALSE,1,FALSE,maximum complete profiles at fixed k; lexicographic tie-break; logFC not used
CYP3A5,0.5,12,6,KICH;LIHC;LUAD;LUSC;PRAD;STAD,1,738,FALSE,1,FALSE,maximum complete profiles at fixed k; lexicographic tie-break; logFC not used
CYP3A5,0.5,12,6,KICH;LIHC;LUAD;LUSC;STAD;THCA,1,739,FALSE,1,FALSE,maximum complete profiles at fixed k; lexicographic tie-break; logFC not used
CYP3A5,0.5,12,6,KIRC;KIRP;LIHC;LUAD;PRAD;STAD,1,740,FALSE,1,FALSE,maximum complete profiles at fixed k; lexicographic tie-break; logFC not used
CYP3A5,0.5,12,6,KIRC;KIRP;LIHC;LUAD;STAD;THCA,1,741,FALSE,1,FALSE,maximum complete profiles at fixed k; lexicographic tie-break; logFC not used
CYP3A5,0.5,12,6,KIRC;KIRP;LIHC;LUSC;PRAD;STAD,1,742,FALSE,1,FALSE,maximum complete profiles at fixed k; lexicographic tie-break; logFC not used
CYP3A5,0.5,12,6,KIRC;KIRP;LIHC;LUSC;STAD;THCA,1,743,FALSE,1,FALSE,maximum complete profiles at fixed k; lexicographic tie-break; logFC not used
CYP3A5,0.5,12,6,KIRC;KIRP;LUAD;LUSC;PRAD;THCA,1,744,FALSE,1,FALSE,maximum complete profiles at fixed k; lexicographic tie-break; logFC not used
CYP3A5,0.5,12,6,KIRC;LIHC;LUAD;LUSC;PRAD;STAD,1,745,FALSE,1,FALSE,maximum complete profiles at fixed k; lexicographic tie-break; logFC not used
CYP3A5,0.5,12,6,KIRC;LIHC;LUAD;LUSC;STAD;THCA,1,746,FALSE,1,FALSE,maximum complete profiles at fixed k; lexicographic tie-break; logFC not used
CYP3A5,0.5,12,6,KIRP;LIHC;LUAD;LUSC;PRAD;STAD,1,747,FALSE,1,FALSE,maximum complete profiles at fixed k; lexicographic tie-break; logFC not used
CYP3A5,0.5,12,6,KIRP;LIHC;LUAD;LUSC;STAD;THCA,1,748,FALSE,1,FALSE,maximum complete profiles at fixed k; lexicographic tie-break; logFC not used
CYP3A5,0.5,12,6,BRCA;COAD;ESCA;KICH;LIHC;PRAD,0,749,FALSE,1,FALSE,maximum complete profiles at fixed k; lexicographic tie-break; logFC not used
CYP3A5,0.5,12,6,BRCA;COAD;ESCA;KIRC;LIHC;PRAD,0,750,FALSE,1,FALSE,maximum complete profiles at fixed k; lexicographic tie-break; logFC not used
CYP3A5,0.5,12,6,BRCA;COAD;ESCA;KIRP;LIHC;PRAD,0,751,FALSE,1,FALSE,maximum complete profiles at fixed k; lexicographic tie-break; logFC not used
CYP3A5,0.5,12,6,BRCA;COAD;ESCA;LIHC;LUAD;PRAD,0,752,FALSE,1,FALSE,maximum complete profiles at fixed k; lexicographic tie-break; logFC not used
CYP3A5,0.5,12,6,BRCA;COAD;ESCA;LIHC;LUSC;PRAD,0,753,FALSE,1,FALSE,maximum complete profiles at fixed k; lexicographic tie-break; logFC not used
CYP3A5,0.5,12,6,BRCA;COAD;ESCA;LIHC;PRAD;STAD,0,754,FALSE,1,FALSE,maximum complete profiles at fixed k; lexicographic tie-break; logFC not used
CYP3A5,0.5,12,6,BRCA;COAD;ESCA;LIHC;PRAD;THCA,0,755,FALSE,1,FALSE,maximum complete profiles at fixed k; lexicographic tie-break; logFC not used
CYP3A5,0.5,12,6,BRCA;COAD;ESCA;PRAD;STAD;THCA,0,756,FALSE,1,FALSE,maximum complete profiles at fixed k; lexicographic tie-break; logFC not used
CYP3A5,0.5,12,6,BRCA;COAD;KICH;KIRC;LIHC;PRAD,0,757,FALSE,1,FALSE,maximum complete profiles at fixed k; lexicographic tie-break; logFC not used
CYP3A5,0.5,12,6,BRCA;COAD;KICH;KIRP;LIHC;PRAD,0,758,FALSE,1,FALSE,maximum complete profiles at fixed k; lexicographic tie-break; logFC not used
CYP3A5,0.5,12,6,BRCA;COAD;KICH;LIHC;LUAD;PRAD,0,759,FALSE,1,FALSE,maximum complete profiles at fixed k; lexicographic tie-break; logFC not used
CYP3A5,0.5,12,6,BRCA;COAD;KICH;LIHC;LUSC;PRAD,0,760,FALSE,1,FALSE,maximum complete profiles at fixed k; lexicographic tie-break; logFC not used
CYP3A5,0.5,12,6,BRCA;COAD;KICH;LIHC;PRAD;STAD,0,761,FALSE,1,FALSE,maximum complete profiles at fixed k; lexicographic tie-break; logFC not used
CYP3A5,0.5,12,6,BRCA;COAD;KICH;LIHC;PRAD;THCA,0,762,FALSE,1,FALSE,maximum complete profiles at fixed k; lexicographic tie-break; logFC not used
CYP3A5,0.5,12,6,BRCA;COAD;KIRC;KIRP;LIHC;PRAD,0,763,FALSE,1,FALSE,maximum complete profiles at fixed k; lexicographic tie-break; logFC not used
CYP3A5,0.5,12,6,BRCA;COAD;KIRC;LIHC;LUAD;PRAD,0,764,FALSE,1,FALSE,maximum complete profiles at fixed k; lexicographic tie-break; logFC not used
CYP3A5,0.5,12,6,BRCA;COAD;KIRC;LIHC;LUSC;PRAD,0,765,FALSE,1,FALSE,maximum complete profiles at fixed k; lexicographic tie-break; logFC not used
CYP3A5,0.5,12,6,BRCA;COAD;KIRC;LIHC;PRAD;STAD,0,766,FALSE,1,FALSE,maximum complete profiles at fixed k; lexicographic tie-break; logFC not used
CYP3A5,0.5,12,6,BRCA;COAD;KIRC;LIHC;PRAD;THCA,0,767,FALSE,1,FALSE,maximum complete profiles at fixed k; lexicographic tie-break; logFC not used
CYP3A5,0.5,12,6,BRCA;COAD;KIRP;LIHC;LUAD;PRAD,0,768,FALSE,1,FALSE,maximum complete profiles at fixed k; lexicographic tie-break; logFC not used
CYP3A5,0.5,12,6,BRCA;COAD;KIRP;LIHC;LUSC;PRAD,0,769,FALSE,1,FALSE,maximum complete profiles at fixed k; lexicographic tie-break; logFC not used
CYP3A5,0.5,12,6,BRCA;COAD;KIRP;LIHC;PRAD;STAD,0,770,FALSE,1,FALSE,maximum complete profiles at fixed k; lexicographic tie-break; logFC not used
CYP3A5,0.5,12,6,BRCA;COAD;KIRP;LIHC;PRAD;THCA,0,771,FALSE,1,FALSE,maximum complete profiles at fixed k; lexicographic tie-break; logFC not used
CYP3A5,0.5,12,6,BRCA;COAD;LIHC;LUAD;LUSC;PRAD,0,772,FALSE,1,FALSE,maximum complete profiles at fixed k; lexicographic tie-break; logFC not used
CYP3A5,0.5,12,6,BRCA;COAD;LIHC;LUAD;PRAD;STAD,0,773,FALSE,1,FALSE,maximum complete profiles at fixed k; lexicographic tie-break; logFC not used
CYP3A5,0.5,12,6,BRCA;COAD;LIHC;LUAD;PRAD;THCA,0,774,FALSE,1,FALSE,maximum complete profiles at fixed k; lexicographic tie-break; logFC not used
CYP3A5,0.5,12,6,BRCA;COAD;LIHC;LUSC;PRAD;STAD,0,775,FALSE,1,FALSE,maximum complete profiles at fixed k; lexicographic tie-break; logFC not used
CYP3A5,0.5,12,6,BRCA;COAD;LIHC;LUSC;PRAD;THCA,0,776,FALSE,1,FALSE,maximum complete profiles at fixed k; lexicographic tie-break; logFC not used
CYP3A5,0.5,12,6,BRCA;COAD;LIHC;PRAD;STAD;THCA,0,777,FALSE,1,FALSE,maximum complete profiles at fixed k; lexicographic tie-break; logFC not used
CYP3A5,0.5,12,6,BRCA;ESCA;KICH;LIHC;PRAD;STAD,0,778,FALSE,1,FALSE,maximum complete profiles at fixed k; lexicographic tie-break; logFC not used
CYP3A5,0.5,12,6,BRCA;ESCA;KICH;LIHC;PRAD;THCA,0,779,FALSE,1,FALSE,maximum complete profiles at fixed k; lexicographic tie-break; logFC not used
CYP3A5,0.5,12,6,BRCA;ESCA;KICH;PRAD;STAD;THCA,0,780,FALSE,1,FALSE,maximum complete profiles at fixed k; lexicographic tie-break; logFC not used
CYP3A5,0.5,12,6,BRCA;ESCA;KIRC;LIHC;PRAD;STAD,0,781,FALSE,1,FALSE,maximum complete profiles at fixed k; lexicographic tie-break; logFC not used
CYP3A5,0.5,12,6,BRCA;ESCA;KIRC;LIHC;PRAD;THCA,0,782,FALSE,1,FALSE,maximum complete profiles at fixed k; lexicographic tie-break; logFC not used
CYP3A5,0.5,12,6,BRCA;ESCA;KIRC;PRAD;STAD;THCA,0,783,FALSE,1,FALSE,maximum complete profiles at fixed k; lexicographic tie-break; logFC not used
CYP3A5,0.5,12,6,BRCA;ESCA;KIRP;LIHC;PRAD;STAD,0,784,FALSE,1,FALSE,maximum complete profiles at fixed k; lexicographic tie-break; logFC not used
CYP3A5,0.5,12,6,BRCA;ESCA;KIRP;LIHC;PRAD;THCA,0,785,FALSE,1,FALSE,maximum complete profiles at fixed k; lexicographic tie-break; logFC not used
CYP3A5,0.5,12,6,BRCA;ESCA;KIRP;PRAD;STAD;THCA,0,786,FALSE,1,FALSE,maximum complete profiles at fixed k; lexicographic tie-break; logFC not used
CYP3A5,0.5,12,6,BRCA;ESCA;LIHC;LUAD;PRAD;STAD,0,787,FALSE,1,FALSE,maximum complete profiles at fixed k; lexicographic tie-break; logFC not used
CYP3A5,0.5,12,6,BRCA;ESCA;LIHC;LUAD;PRAD;THCA,0,788,FALSE,1,FALSE,maximum complete profiles at fixed k; lexicographic tie-break; logFC not used
CYP3A5,0.5,12,6,BRCA;ESCA;LIHC;LUSC;PRAD;STAD,0,789,FALSE,1,FALSE,maximum complete profiles at fixed k; lexicographic tie-break; logFC not used
CYP3A5,0.5,12,6,BRCA;ESCA;LIHC;LUSC;PRAD;THCA,0,790,FALSE,1,FALSE,maximum complete profiles at fixed k; lexicographic tie-break; logFC not used
CYP3A5,0.5,12,6,BRCA;ESCA;LIHC;PRAD;STAD;THCA,0,791,FALSE,1,FALSE,maximum complete profiles at fixed k; lexicographic tie-break; logFC not used
CYP3A5,0.5,12,6,BRCA;KICH;KIRC;LIHC;PRAD;THCA,0,792,FALSE,1,FALSE,maximum complete profiles at fixed k; lexicographic tie-break; logFC not used
CYP3A5,0.5,12,6,BRCA;KICH;KIRP;LIHC;PRAD;THCA,0,793,FALSE,1,FALSE,maximum complete profiles at fixed k; lexicographic tie-break; logFC not used
CYP3A5,0.5,12,6,BRCA;KICH;LIHC;LUAD;PRAD;THCA,0,794,FALSE,1,FALSE,maximum complete profiles at fixed k; lexicographic tie-break; logFC not used
CYP3A5,0.5,12,6,BRCA;KICH;LIHC;LUSC;PRAD;THCA,0,795,FALSE,1,FALSE,maximum complete profiles at fixed k; lexicographic tie-break; logFC not used
CYP3A5,0.5,12,6,BRCA;KICH;LIHC;PRAD;STAD;THCA,0,796,FALSE,1,FALSE,maximum complete profiles at fixed k; lexicographic tie-break; logFC not used
CYP3A5,0.5,12,6,BRCA;KICH;LUAD;PRAD;STAD;THCA,0,797,FALSE,1,FALSE,maximum complete profiles at fixed k; lexicographic tie-break; logFC not used
CYP3A5,0.5,12,6,BRCA;KICH;LUSC;PRAD;STAD;THCA,0,798,FALSE,1,FALSE,maximum complete profiles at fixed k; lexicographic tie-break; logFC not used
CYP3A5,0.5,12,6,BRCA;KIRC;KIRP;LIHC;PRAD;THCA,0,799,FALSE,1,FALSE,maximum complete profiles at fixed k; lexicographic tie-break; logFC not used
CYP3A5,0.5,12,6,BRCA;KIRC;LIHC;LUAD;PRAD;THCA,0,800,FALSE,1,FALSE,maximum complete profiles at fixed k; lexicographic tie-break; logFC not used
CYP3A5,0.5,12,6,BRCA;KIRC;LIHC;LUSC;PRAD;THCA,0,801,FALSE,1,FALSE,maximum complete profiles at fixed k; lexicographic tie-break; logFC not used
CYP3A5,0.5,12,6,BRCA;KIRC;LIHC;PRAD;STAD;THCA,0,802,FALSE,1,FALSE,maximum complete profiles at fixed k; lexicographic tie-break; logFC not used
CYP3A5,0.5,12,6,BRCA;KIRC;LUAD;PRAD;STAD;THCA,0,803,FALSE,1,FALSE,maximum complete profiles at fixed k; lexicographic tie-break; logFC not used
CYP3A5,0.5,12,6,BRCA;KIRC;LUSC;PRAD;STAD;THCA,0,804,FALSE,1,FALSE,maximum complete profiles at fixed k; lexicographic tie-break; logFC not used
CYP3A5,0.5,12,6,BRCA;KIRP;LIHC;LUAD;PRAD;THCA,0,805,FALSE,1,FALSE,maximum complete profiles at fixed k; lexicographic tie-break; logFC not used
CYP3A5,0.5,12,6,BRCA;KIRP;LIHC;LUSC;PRAD;THCA,0,806,FALSE,1,FALSE,maximum complete profiles at fixed k; lexicographic tie-break; logFC not used
CYP3A5,0.5,12,6,BRCA;KIRP;LIHC;PRAD;STAD;THCA,0,807,FALSE,1,FALSE,maximum complete profiles at fixed k; lexicographic tie-break; logFC not used
CYP3A5,0.5,12,6,BRCA;KIRP;LUAD;PRAD;STAD;THCA,0,808,FALSE,1,FALSE,maximum complete profiles at fixed k; lexicographic tie-break; logFC not used
CYP3A5,0.5,12,6,BRCA;KIRP;LUSC;PRAD;STAD;THCA,0,809,FALSE,1,FALSE,maximum complete profiles at fixed k; lexicographic tie-break; logFC not used
CYP3A5,0.5,12,6,BRCA;LIHC;LUAD;LUSC;PRAD;THCA,0,810,FALSE,1,FALSE,maximum complete profiles at fixed k; lexicographic tie-break; logFC not used
CYP3A5,0.5,12,6,BRCA;LIHC;LUAD;PRAD;STAD;THCA,0,811,FALSE,1,FALSE,maximum complete profiles at fixed k; lexicographic tie-break; logFC not used
CYP3A5,0.5,12,6,BRCA;LIHC;LUSC;PRAD;STAD;THCA,0,812,FALSE,1,FALSE,maximum complete profiles at fixed k; lexicographic tie-break; logFC not used
CYP3A5,0.5,12,6,COAD;ESCA;KICH;LIHC;LUAD;PRAD,0,813,FALSE,1,FALSE,maximum complete profiles at fixed k; lexicographic tie-break; logFC not used
CYP3A5,0.5,12,6,COAD;ESCA;KICH;LIHC;LUSC;PRAD,0,814,FALSE,1,FALSE,maximum complete profiles at fixed k; lexicographic tie-break; logFC not used
CYP3A5,0.5,12,6,COAD;ESCA;KICH;LIHC;PRAD;THCA,0,815,FALSE,1,FALSE,maximum complete profiles at fixed k; lexicographic tie-break; logFC not used
CYP3A5,0.5,12,6,COAD;ESCA;KICH;PRAD;STAD;THCA,0,816,FALSE,1,FALSE,maximum complete profiles at fixed k; lexicographic tie-break; logFC not used
CYP3A5,0.5,12,6,COAD;ESCA;KIRC;LIHC;LUAD;PRAD,0,817,FALSE,1,FALSE,maximum complete profiles at fixed k; lexicographic tie-break; logFC not used
CYP3A5,0.5,12,6,COAD;ESCA;KIRC;LIHC;LUSC;PRAD,0,818,FALSE,1,FALSE,maximum complete profiles at fixed k; lexicographic tie-break; logFC not used
CYP3A5,0.5,12,6,COAD;ESCA;KIRC;LIHC;PRAD;THCA,0,819,FALSE,1,FALSE,maximum complete profiles at fixed k; lexicographic tie-break; logFC not used
CYP3A5,0.5,12,6,COAD;ESCA;KIRC;PRAD;STAD;THCA,0,820,FALSE,1,FALSE,maximum complete profiles at fixed k; lexicographic tie-break; logFC not used
CYP3A5,0.5,12,6,COAD;ESCA;KIRP;LIHC;LUAD;PRAD,0,821,FALSE,1,FALSE,maximum complete profiles at fixed k; lexicographic tie-break; logFC not used
CYP3A5,0.5,12,6,COAD;ESCA;KIRP;LIHC;LUSC;PRAD,0,822,FALSE,1,FALSE,maximum complete profiles at fixed k; lexicographic tie-break; logFC not used
CYP3A5,0.5,12,6,COAD;ESCA;KIRP;LIHC;PRAD;THCA,0,823,FALSE,1,FALSE,maximum complete profiles at fixed k; lexicographic tie-break; logFC not used
CYP3A5,0.5,12,6,COAD;ESCA;KIRP;PRAD;STAD;THCA,0,824,FALSE,1,FALSE,maximum complete profiles at fixed k; lexicographic tie-break; logFC not used
CYP3A5,0.5,12,6,COAD;ESCA;LIHC;LUAD;PRAD;THCA,0,825,FALSE,1,FALSE,maximum complete profiles at fixed k; lexicographic tie-break; logFC not used
CYP3A5,0.5,12,6,COAD;ESCA;LIHC;LUSC;PRAD;THCA,0,826,FALSE,1,FALSE,maximum complete profiles at fixed k; lexicographic tie-break; logFC not used
CYP3A5,0.5,12,6,COAD;ESCA;LIHC;PRAD;STAD;THCA,0,827,FALSE,1,FALSE,maximum complete profiles at fixed k; lexicographic tie-break; logFC not used
CYP3A5,0.5,12,6,COAD;ESCA;LUAD;PRAD;STAD;THCA,0,828,FALSE,1,FALSE,maximum complete profiles at fixed k; lexicographic tie-break; logFC not used
CYP3A5,0.5,12,6,COAD;ESCA;LUSC;PRAD;STAD;THCA,0,829,FALSE,1,FALSE,maximum complete profiles at fixed k; lexicographic tie-break; logFC not used
CYP3A5,0.5,12,6,COAD;KICH;KIRC;LIHC;LUAD;PRAD,0,830,FALSE,1,FALSE,maximum complete profiles at fixed k; lexicographic tie-break; logFC not used
CYP3A5,0.5,12,6,COAD;KICH;KIRC;LIHC;LUSC;PRAD,0,831,FALSE,1,FALSE,maximum complete profiles at fixed k; lexicographic tie-break; logFC not used
CYP3A5,0.5,12,6,COAD;KICH;KIRC;LIHC;PRAD;THCA,0,832,FALSE,1,FALSE,maximum complete profiles at fixed k; lexicographic tie-break; logFC not used
CYP3A5,0.5,12,6,COAD;KICH;KIRP;LIHC;LUAD;PRAD,0,833,FALSE,1,FALSE,maximum complete profiles at fixed k; lexicographic tie-break; logFC not used
CYP3A5,0.5,12,6,COAD;KICH;KIRP;LIHC;LUSC;PRAD,0,834,FALSE,1,FALSE,maximum complete profiles at fixed k; lexicographic tie-break; logFC not used
CYP3A5,0.5,12,6,COAD;KICH;KIRP;LIHC;PRAD;THCA,0,835,FALSE,1,FALSE,maximum complete profiles at fixed k; lexicographic tie-break; logFC not used
CYP3A5,0.5,12,6,COAD;KICH;LIHC;LUAD;LUSC;PRAD,0,836,FALSE,1,FALSE,maximum complete profiles at fixed k; lexicographic tie-break; logFC not used
CYP3A5,0.5,12,6,COAD;KICH;LIHC;LUAD;PRAD;STAD,0,837,FALSE,1,FALSE,maximum complete profiles at fixed k; lexicographic tie-break; logFC not used
CYP3A5,0.5,12,6,COAD;KICH;LIHC;LUAD;PRAD;THCA,0,838,FALSE,1,FALSE,maximum complete profiles at fixed k; lexicographic tie-break; logFC not used
CYP3A5,0.5,12,6,COAD;KICH;LIHC;LUSC;PRAD;STAD,0,839,FALSE,1,FALSE,maximum complete profiles at fixed k; lexicographic tie-break; logFC not used
CYP3A5,0.5,12,6,COAD;KICH;LIHC;LUSC;PRAD;THCA,0,840,FALSE,1,FALSE,maximum complete profiles at fixed k; lexicographic tie-break; logFC not used
CYP3A5,0.5,12,6,COAD;KICH;LIHC;PRAD;STAD;THCA,0,841,FALSE,1,FALSE,maximum complete profiles at fixed k; lexicographic tie-break; logFC not used
CYP3A5,0.5,12,6,COAD;KICH;LUAD;PRAD;STAD;THCA,0,842,FALSE,1,FALSE,maximum complete profiles at fixed k; lexicographic tie-break; logFC not used
CYP3A5,0.5,12,6,COAD;KICH;LUSC;PRAD;STAD;THCA,0,843,FALSE,1,FALSE,maximum complete profiles at fixed k; lexicographic tie-break; logFC not used
CYP3A5,0.5,12,6,COAD;KIRC;KIRP;LIHC;LUAD;PRAD,0,844,FALSE,1,FALSE,maximum complete profiles at fixed k; lexicographic tie-break; logFC not used
CYP3A5,0.5,12,6,COAD;KIRC;KIRP;LIHC;LUSC;PRAD,0,845,FALSE,1,FALSE,maximum complete profiles at fixed k; lexicographic tie-break; logFC not used
CYP3A5,0.5,12,6,COAD;KIRC;KIRP;LIHC;PRAD;THCA,0,846,FALSE,1,FALSE,maximum complete profiles at fixed k; lexicographic tie-break; logFC not used
CYP3A5,0.5,12,6,COAD;KIRC;LIHC;LUAD;LUSC;PRAD,0,847,FALSE,1,FALSE,maximum complete profiles at fixed k; lexicographic tie-break; logFC not used
CYP3A5,0.5,12,6,COAD;KIRC;LIHC;LUAD;PRAD;STAD,0,848,FALSE,1,FALSE,maximum complete profiles at fixed k; lexicographic tie-break; logFC not used
CYP3A5,0.5,12,6,COAD;KIRC;LIHC;LUAD;PRAD;THCA,0,849,FALSE,1,FALSE,maximum complete profiles at fixed k; lexicographic tie-break; logFC not used
CYP3A5,0.5,12,6,COAD;KIRC;LIHC;LUSC;PRAD;STAD,0,850,FALSE,1,FALSE,maximum complete profiles at fixed k; lexicographic tie-break; logFC not used
CYP3A5,0.5,12,6,COAD;KIRC;LIHC;LUSC;PRAD;THCA,0,851,FALSE,1,FALSE,maximum complete profiles at fixed k; lexicographic tie-break; logFC not used
CYP3A5,0.5,12,6,COAD;KIRC;LIHC;PRAD;STAD;THCA,0,852,FALSE,1,FALSE,maximum complete profiles at fixed k; lexicographic tie-break; logFC not used
CYP3A5,0.5,12,6,COAD;KIRC;LUAD;PRAD;STAD;THCA,0,853,FALSE,1,FALSE,maximum complete profiles at fixed k; lexicographic tie-break; logFC not used
CYP3A5,0.5,12,6,COAD;KIRC;LUSC;PRAD;STAD;THCA,0,854,FALSE,1,FALSE,maximum complete profiles at fixed k; lexicographic tie-break; logFC not used
CYP3A5,0.5,12,6,COAD;KIRP;LIHC;LUAD;LUSC;PRAD,0,855,FALSE,1,FALSE,maximum complete profiles at fixed k; lexicographic tie-break; logFC not used
CYP3A5,0.5,12,6,COAD;KIRP;LIHC;LUAD;PRAD;STAD,0,856,FALSE,1,FALSE,maximum complete profiles at fixed k; lexicographic tie-break; logFC not used
CYP3A5,0.5,12,6,COAD;KIRP;LIHC;LUAD;PRAD;THCA,0,857,FALSE,1,FALSE,maximum complete profiles at fixed k; lexicographic tie-break; logFC not used
CYP3A5,0.5,12,6,COAD;KIRP;LIHC;LUSC;PRAD;STAD,0,858,FALSE,1,FALSE,maximum complete profiles at fixed k; lexicographic tie-break; logFC not used
CYP3A5,0.5,12,6,COAD;KIRP;LIHC;LUSC;PRAD;THCA,0,859,FALSE,1,FALSE,maximum complete profiles at fixed k; lexicographic tie-break; logFC not used
CYP3A5,0.5,12,6,COAD;KIRP;LIHC;PRAD;STAD;THCA,0,860,FALSE,1,FALSE,maximum complete profiles at fixed k; lexicographic tie-break; logFC not used
CYP3A5,0.5,12,6,COAD;KIRP;LUAD;PRAD;STAD;THCA,0,861,FALSE,1,FALSE,maximum complete profiles at fixed k; lexicographic tie-break; logFC not used
CYP3A5,0.5,12,6,COAD;KIRP;LUSC;PRAD;STAD;THCA,0,862,FALSE,1,FALSE,maximum complete profiles at fixed k; lexicographic tie-break; logFC not used
CYP3A5,0.5,12,6,COAD;LIHC;LUAD;LUSC;PRAD;THCA,0,863,FALSE,1,FALSE,maximum complete profiles at fixed k; lexicographic tie-break; logFC not used
CYP3A5,0.5,12,6,COAD;LIHC;LUAD;PRAD;STAD;THCA,0,864,FALSE,1,FALSE,maximum complete profiles at fixed k; lexicographic tie-break; logFC not used
CYP3A5,0.5,12,6,COAD;LIHC;LUSC;PRAD;STAD;THCA,0,865,FALSE,1,FALSE,maximum complete profiles at fixed k; lexicographic tie-break; logFC not used
CYP3A5,0.5,12,6,ESCA;KICH;KIRC;LIHC;PRAD;THCA,0,866,FALSE,1,FALSE,maximum complete profiles at fixed k; lexicographic tie-break; logFC not used
CYP3A5,0.5,12,6,ESCA;KICH;KIRC;PRAD;STAD;THCA,0,867,FALSE,1,FALSE,maximum complete profiles at fixed k; lexicographic tie-break; logFC not used
CYP3A5,0.5,12,6,ESCA;KICH;KIRP;LIHC;PRAD;THCA,0,868,FALSE,1,FALSE,maximum complete profiles at fixed k; lexicographic tie-break; logFC not used
CYP3A5,0.5,12,6,ESCA;KICH;KIRP;PRAD;STAD;THCA,0,869,FALSE,1,FALSE,maximum complete profiles at fixed k; lexicographic tie-break; logFC not used
CYP3A5,0.5,12,6,ESCA;KICH;LIHC;LUAD;PRAD;STAD,0,870,FALSE,1,FALSE,maximum complete profiles at fixed k; lexicographic tie-break; logFC not used
CYP3A5,0.5,12,6,ESCA;KICH;LIHC;LUAD;PRAD;THCA,0,871,FALSE,1,FALSE,maximum complete profiles at fixed k; lexicographic tie-break; logFC not used
CYP3A5,0.5,12,6,ESCA;KICH;LIHC;LUSC;PRAD;STAD,0,872,FALSE,1,FALSE,maximum complete profiles at fixed k; lexicographic tie-break; logFC not used
CYP3A5,0.5,12,6,ESCA;KICH;LIHC;LUSC;PRAD;THCA,0,873,FALSE,1,FALSE,maximum complete profiles at fixed k; lexicographic tie-break; logFC not used
CYP3A5,0.5,12,6,ESCA;KICH;LIHC;PRAD;STAD;THCA,0,874,FALSE,1,FALSE,maximum complete profiles at fixed k; lexicographic tie-break; logFC not used
CYP3A5,0.5,12,6,ESCA;KICH;LUAD;PRAD;STAD;THCA,0,875,FALSE,1,FALSE,maximum complete profiles at fixed k; lexicographic tie-break; logFC not used
CYP3A5,0.5,12,6,ESCA;KICH;LUSC;PRAD;STAD;THCA,0,876,FALSE,1,FALSE,maximum complete profiles at fixed k; lexicographic tie-break; logFC not used
CYP3A5,0.5,12,6,ESCA;KIRC;KIRP;LIHC;PRAD;THCA,0,877,FALSE,1,FALSE,maximum complete profiles at fixed k; lexicographic tie-break; logFC not used
CYP3A5,0.5,12,6,ESCA;KIRC;KIRP;PRAD;STAD;THCA,0,878,FALSE,1,FALSE,maximum complete profiles at fixed k; lexicographic tie-break; logFC not used
CYP3A5,0.5,12,6,ESCA;KIRC;LIHC;LUAD;PRAD;STAD,0,879,FALSE,1,FALSE,maximum complete profiles at fixed k; lexicographic tie-break; logFC not used
CYP3A5,0.5,12,6,ESCA;KIRC;LIHC;LUAD;PRAD;THCA,0,880,FALSE,1,FALSE,maximum complete profiles at fixed k; lexicographic tie-break; logFC not used
CYP3A5,0.5,12,6,ESCA;KIRC;LIHC;LUSC;PRAD;STAD,0,881,FALSE,1,FALSE,maximum complete profiles at fixed k; lexicographic tie-break; logFC not used
CYP3A5,0.5,12,6,ESCA;KIRC;LIHC;LUSC;PRAD;THCA,0,882,FALSE,1,FALSE,maximum complete profiles at fixed k; lexicographic tie-break; logFC not used
CYP3A5,0.5,12,6,ESCA;KIRC;LIHC;PRAD;STAD;THCA,0,883,FALSE,1,FALSE,maximum complete profiles at fixed k; lexicographic tie-break; logFC not used
CYP3A5,0.5,12,6,ESCA;KIRC;LUAD;PRAD;STAD;THCA,0,884,FALSE,1,FALSE,maximum complete profiles at fixed k; lexicographic tie-break; logFC not used
CYP3A5,0.5,12,6,ESCA;KIRC;LUSC;PRAD;STAD;THCA,0,885,FALSE,1,FALSE,maximum complete profiles at fixed k; lexicographic tie-break; logFC not used
CYP3A5,0.5,12,6,ESCA;KIRP;LIHC;LUAD;PRAD;STAD,0,886,FALSE,1,FALSE,maximum complete profiles at fixed k; lexicographic tie-break; logFC not used
CYP3A5,0.5,12,6,ESCA;KIRP;LIHC;LUAD;PRAD;THCA,0,887,FALSE,1,FALSE,maximum complete profiles at fixed k; lexicographic tie-break; logFC not used
CYP3A5,0.5,12,6,ESCA;KIRP;LIHC;LUSC;PRAD;STAD,0,888,FALSE,1,FALSE,maximum complete profiles at fixed k; lexicographic tie-break; logFC not used
CYP3A5,0.5,12,6,ESCA;KIRP;LIHC;LUSC;PRAD;THCA,0,889,FALSE,1,FALSE,maximum complete profiles at fixed k; lexicographic tie-break; logFC not used
CYP3A5,0.5,12,6,ESCA;KIRP;LIHC;PRAD;STAD;THCA,0,890,FALSE,1,FALSE,maximum complete profiles at fixed k; lexicographic tie-break; logFC not used
CYP3A5,0.5,12,6,ESCA;KIRP;LUAD;PRAD;STAD;THCA,0,891,FALSE,1,FALSE,maximum complete profiles at fixed k; lexicographic tie-break; logFC not used
CYP3A5,0.5,12,6,ESCA;KIRP;LUSC;PRAD;STAD;THCA,0,892,FALSE,1,FALSE,maximum complete profiles at fixed k; lexicographic tie-break; logFC not used
CYP3A5,0.5,12,6,ESCA;LIHC;LUAD;LUSC;PRAD;THCA,0,893,FALSE,1,FALSE,maximum complete profiles at fixed k; lexicographic tie-break; logFC not used
CYP3A5,0.5,12,6,ESCA;LIHC;LUAD;PRAD;STAD;THCA,0,894,FALSE,1,FALSE,maximum complete profiles at fixed k; lexicographic tie-break; logFC not used
CYP3A5,0.5,12,6,ESCA;LIHC;LUSC;PRAD;STAD;THCA,0,895,FALSE,1,FALSE,maximum complete profiles at fixed k; lexicographic tie-break; logFC not used
CYP3A5,0.5,12,6,KICH;KIRC;KIRP;LIHC;PRAD;THCA,0,896,FALSE,1,FALSE,maximum complete profiles at fixed k; lexicographic tie-break; logFC not used
CYP3A5,0.5,12,6,KICH;KIRC;LIHC;LUAD;PRAD;THCA,0,897,FALSE,1,FALSE,maximum complete profiles at fixed k; lexicographic tie-break; logFC not used
CYP3A5,0.5,12,6,KICH;KIRC;LIHC;LUSC;PRAD;THCA,0,898,FALSE,1,FALSE,maximum complete profiles at fixed k; lexicographic tie-break; logFC not used
CYP3A5,0.5,12,6,KICH;KIRC;LIHC;PRAD;STAD;THCA,0,899,FALSE,1,FALSE,maximum complete profiles at fixed k; lexicographic tie-break; logFC not used
CYP3A5,0.5,12,6,KICH;KIRC;LUAD;PRAD;STAD;THCA,0,900,FALSE,1,FALSE,maximum complete profiles at fixed k; lexicographic tie-break; logFC not used
CYP3A5,0.5,12,6,KICH;KIRC;LUSC;PRAD;STAD;THCA,0,901,FALSE,1,FALSE,maximum complete profiles at fixed k; lexicographic tie-break; logFC not used
CYP3A5,0.5,12,6,KICH;KIRP;LIHC;LUAD;PRAD;THCA,0,902,FALSE,1,FALSE,maximum complete profiles at fixed k; lexicographic tie-break; logFC not used
CYP3A5,0.5,12,6,KICH;KIRP;LIHC;LUSC;PRAD;THCA,0,903,FALSE,1,FALSE,maximum complete profiles at fixed k; lexicographic tie-break; logFC not used
CYP3A5,0.5,12,6,KICH;KIRP;LIHC;PRAD;STAD;THCA,0,904,FALSE,1,FALSE,maximum complete profiles at fixed k; lexicographic tie-break; logFC not used
CYP3A5,0.5,12,6,KICH;KIRP;LUAD;PRAD;STAD;THCA,0,905,FALSE,1,FALSE,maximum complete profiles at fixed k; lexicographic tie-break; logFC not used
CYP3A5,0.5,12,6,KICH;KIRP;LUSC;PRAD;STAD;THCA,0,906,FALSE,1,FALSE,maximum complete profiles at fixed k; lexicographic tie-break; logFC not used
CYP3A5,0.5,12,6,KICH;LIHC;LUAD;LUSC;PRAD;THCA,0,907,FALSE,1,FALSE,maximum complete profiles at fixed k; lexicographic tie-break; logFC not used
CYP3A5,0.5,12,6,KICH;LIHC;LUAD;PRAD;STAD;THCA,0,908,FALSE,1,FALSE,maximum complete profiles at fixed k; lexicographic tie-break; logFC not used
CYP3A5,0.5,12,6,KICH;LIHC;LUSC;PRAD;STAD;THCA,0,909,FALSE,1,FALSE,maximum complete profiles at fixed k; lexicographic tie-break; logFC not used
CYP3A5,0.5,12,6,KICH;LUAD;LUSC;PRAD;STAD;THCA,0,910,FALSE,1,FALSE,maximum complete profiles at fixed k; lexicographic tie-break; logFC not used
CYP3A5,0.5,12,6,KIRC;KIRP;LIHC;LUAD;PRAD;THCA,0,911,FALSE,1,FALSE,maximum complete profiles at fixed k; lexicographic tie-break; logFC not used
CYP3A5,0.5,12,6,KIRC;KIRP;LIHC;LUSC;PRAD;THCA,0,912,FALSE,1,FALSE,maximum complete profiles at fixed k; lexicographic tie-break; logFC not used
CYP3A5,0.5,12,6,KIRC;KIRP;LIHC;PRAD;STAD;THCA,0,913,FALSE,1,FALSE,maximum complete profiles at fixed k; lexicographic tie-break; logFC not used
CYP3A5,0.5,12,6,KIRC;KIRP;LUAD;PRAD;STAD;THCA,0,914,FALSE,1,FALSE,maximum complete profiles at fixed k; lexicographic tie-break; logFC not used
CYP3A5,0.5,12,6,KIRC;KIRP;LUSC;PRAD;STAD;THCA,0,915,FALSE,1,FALSE,maximum complete profiles at fixed k; lexicographic tie-break; logFC not used
CYP3A5,0.5,12,6,KIRC;LIHC;LUAD;LUSC;PRAD;THCA,0,916,FALSE,1,FALSE,maximum complete profiles at fixed k; lexicographic tie-break; logFC not used
CYP3A5,0.5,12,6,KIRC;LIHC;LUAD;PRAD;STAD;THCA,0,917,FALSE,1,FALSE,maximum complete profiles at fixed k; lexicographic tie-break; logFC not used
CYP3A5,0.5,12,6,KIRC;LIHC;LUSC;PRAD;STAD;THCA,0,918,FALSE,1,FALSE,maximum complete profiles at fixed k; lexicographic tie-break; logFC not used
CYP3A5,0.5,12,6,KIRC;LUAD;LUSC;PRAD;STAD;THCA,0,919,FALSE,1,FALSE,maximum complete profiles at fixed k; lexicographic tie-break; logFC not used
CYP3A5,0.5,12,6,KIRP;LIHC;LUAD;LUSC;PRAD;THCA,0,920,FALSE,1,FALSE,maximum complete profiles at fixed k; lexicographic tie-break; logFC not used
CYP3A5,0.5,12,6,KIRP;LIHC;LUAD;PRAD;STAD;THCA,0,921,FALSE,1,FALSE,maximum complete profiles at fixed k; lexicographic tie-break; logFC not used
CYP3A5,0.5,12,6,KIRP;LIHC;LUSC;PRAD;STAD;THCA,0,922,FALSE,1,FALSE,maximum complete profiles at fixed k; lexicographic tie-break; logFC not used
CYP3A5,0.5,12,6,KIRP;LUAD;LUSC;PRAD;STAD;THCA,0,923,FALSE,1,FALSE,maximum complete profiles at fixed k; lexicographic tie-break; logFC not used
CYP3A5,0.5,12,6,LIHC;LUAD;LUSC;PRAD;STAD;THCA,0,924,FALSE,1,FALSE,maximum complete profiles at fixed k; lexicographic tie-break; logFC not used
CYP3A5,0.6,12,8,BRCA;COAD;ESCA;KICH;KIRC;KIRP;LUAD;LUSC,22,1,TRUE,1,TRUE,maximum complete profiles at fixed k; lexicographic tie-break; logFC not used
CYP3A5,0.6,12,8,BRCA;COAD;KICH;KIRC;KIRP;LUAD;LUSC;STAD,20,2,FALSE,1,TRUE,maximum complete profiles at fixed k; lexicographic tie-break; logFC not used
CYP3A5,0.6,12,8,BRCA;ESCA;KICH;KIRC;KIRP;LUAD;LUSC;STAD,17,3,FALSE,1,FALSE,maximum complete profiles at fixed k; lexicographic tie-break; logFC not used
CYP3A5,0.6,12,8,COAD;ESCA;KICH;KIRC;KIRP;LUAD;LUSC;STAD,16,4,FALSE,1,FALSE,maximum complete profiles at fixed k; lexicographic tie-break; logFC not used
CYP3A5,0.6,12,8,COAD;KICH;KIRC;KIRP;LUAD;LUSC;PRAD;STAD,16,5,FALSE,1,FALSE,maximum complete profiles at fixed k; lexicographic tie-break; logFC not used
CYP3A5,0.6,12,8,BRCA;ESCA;KICH;KIRC;KIRP;LUAD;LUSC;PRAD,15,6,FALSE,1,FALSE,maximum complete profiles at fixed k; lexicographic tie-break; logFC not used
CYP3A5,0.6,12,8,COAD;ESCA;KICH;KIRC;KIRP;LUAD;LUSC;PRAD,13,7,FALSE,1,FALSE,maximum complete profiles at fixed k; lexicographic tie-break; logFC not used
CYP3A5,0.6,12,8,BRCA;COAD;ESCA;KICH;KIRC;KIRP;LUAD;STAD,12,8,FALSE,1,FALSE,maximum complete profiles at fixed k; lexicographic tie-break; logFC not used
CYP3A5,0.6,12,8,BRCA;COAD;ESCA;KICH;KIRC;KIRP;LUSC;STAD,12,9,FALSE,1,FALSE,maximum complete profiles at fixed k; lexicographic tie-break; logFC not used
CYP3A5,0.6,12,8,BRCA;COAD;ESCA;KICH;KIRC;LUAD;LUSC;STAD,12,10,FALSE,1,FALSE,maximum complete profiles at fixed k; lexicographic tie-break; logFC not used
CYP3A5,0.6,12,8,BRCA;COAD;ESCA;KICH;KIRP;LUAD;LUSC;STAD,12,11,FALSE,1,FALSE,maximum complete profiles at fixed k; lexicographic tie-break; logFC not used
CYP3A5,0.6,12,8,BRCA;COAD;ESCA;KIRC;KIRP;LUAD;LUSC;STAD,12,12,FALSE,1,FALSE,maximum complete profiles at fixed k; lexicographic tie-break; logFC not used
CYP3A5,0.6,12,8,BRCA;COAD;KICH;KIRC;KIRP;LUAD;LUSC;PRAD,12,13,FALSE,1,FALSE,maximum complete profiles at fixed k; lexicographic tie-break; logFC not used
CYP3A5,0.6,12,8,ESCA;KICH;KIRC;KIRP;LUAD;LUSC;PRAD;STAD,12,14,FALSE,1,FALSE,maximum complete profiles at fixed k; lexicographic tie-break; logFC not used
CYP3A5,0.6,12,8,BRCA;KICH;KIRC;KIRP;LUAD;LUSC;PRAD;STAD,11,15,FALSE,1,FALSE,maximum complete profiles at fixed k; lexicographic tie-break; logFC not used
CYP3A5,0.6,12,8,BRCA;COAD;ESCA;KICH;KIRC;KIRP;LUAD;PRAD,10,16,FALSE,1,FALSE,maximum complete profiles at fixed k; lexicographic tie-break; logFC not used
CYP3A5,0.6,12,8,BRCA;COAD;ESCA;KICH;KIRC;KIRP;LUSC;PRAD,10,17,FALSE,1,FALSE,maximum complete profiles at fixed k; lexicographic tie-break; logFC not used
CYP3A5,0.6,12,8,BRCA;COAD;ESCA;KICH;KIRC;LUAD;LUSC;PRAD,10,18,FALSE,1,FALSE,maximum complete profiles at fixed k; lexicographic tie-break; logFC not used
CYP3A5,0.6,12,8,BRCA;COAD;ESCA;KICH;KIRP;LUAD;LUSC;PRAD,10,19,FALSE,1,FALSE,maximum complete profiles at fixed k; lexicographic tie-break; logFC not used
CYP3A5,0.6,12,8,BRCA;COAD;ESCA;KIRC;KIRP;LUAD;LUSC;PRAD,10,20,FALSE,1,FALSE,maximum complete profiles at fixed k; lexicographic tie-break; logFC not used
CYP3A5,0.6,12,8,BRCA;ESCA;KICH;KIRC;KIRP;LUAD;PRAD;STAD,8,21,FALSE,1,FALSE,maximum complete profiles at fixed k; lexicographic tie-break; logFC not used
CYP3A5,0.6,12,8,BRCA;ESCA;KICH;KIRC;KIRP;LUSC;PRAD;STAD,8,22,FALSE,1,FALSE,maximum complete profiles at fixed k; lexicographic tie-break; logFC not used
CYP3A5,0.6,12,8,BRCA;ESCA;KICH;KIRC;LUAD;LUSC;PRAD;STAD,8,23,FALSE,1,FALSE,maximum complete profiles at fixed k; lexicographic tie-break; logFC not used
CYP3A5,0.6,12,8,BRCA;ESCA;KICH;KIRP;LUAD;LUSC;PRAD;STAD,8,24,FALSE,1,FALSE,maximum complete profiles at fixed k; lexicographic tie-break; logFC not used
CYP3A5,0.6,12,8,BRCA;ESCA;KIRC;KIRP;LUAD;LUSC;PRAD;STAD,8,25,FALSE,1,FALSE,maximum complete profiles at fixed k; lexicographic tie-break; logFC not used
CYP3A5,0.6,12,8,COAD;ESCA;KICH;KIRC;KIRP;LUAD;PRAD;STAD,8,26,FALSE,1,FALSE,maximum complete profiles at fixed k; lexicographic tie-break; logFC not used
CYP3A5,0.6,12,8,COAD;ESCA;KICH;KIRC;KIRP;LUSC;PRAD;STAD,8,27,FALSE,1,FALSE,maximum complete profiles at fixed k; lexicographic tie-break; logFC not used
CYP3A5,0.6,12,8,COAD;ESCA;KICH;KIRC;LUAD;LUSC;PRAD;STAD,8,28,FALSE,1,FALSE,maximum complete profiles at fixed k; lexicographic tie-break; logFC not used
CYP3A5,0.6,12,8,COAD;ESCA;KICH;KIRP;LUAD;LUSC;PRAD;STAD,8,29,FALSE,1,FALSE,maximum complete profiles at fixed k; lexicographic tie-break; logFC not used
CYP3A5,0.6,12,8,COAD;ESCA;KIRC;KIRP;LUAD;LUSC;PRAD;STAD,8,30,FALSE,1,FALSE,maximum complete profiles at fixed k; lexicographic tie-break; logFC not used
CYP3A5,0.6,12,8,BRCA;COAD;ESCA;KICH;KIRC;KIRP;PRAD;STAD,7,31,FALSE,1,FALSE,maximum complete profiles at fixed k; lexicographic tie-break; logFC not used
CYP3A5,0.6,12,8,BRCA;COAD;KICH;KIRC;KIRP;LUAD;PRAD;STAD,7,32,FALSE,1,FALSE,maximum complete profiles at fixed k; lexicographic tie-break; logFC not used
CYP3A5,0.6,12,8,BRCA;COAD;KICH;KIRC;KIRP;LUSC;PRAD;STAD,7,33,FALSE,1,FALSE,maximum complete profiles at fixed k; lexicographic tie-break; logFC not used
CYP3A5,0.6,12,8,BRCA;COAD;KICH;KIRC;LUAD;LUSC;PRAD;STAD,7,34,FALSE,1,FALSE,maximum complete profiles at fixed k; lexicographic tie-break; logFC not used
CYP3A5,0.6,12,8,BRCA;COAD;KICH;KIRP;LUAD;LUSC;PRAD;STAD,7,35,FALSE,1,FALSE,maximum complete profiles at fixed k; lexicographic tie-break; logFC not used
CYP3A5,0.6,12,8,BRCA;COAD;KIRC;KIRP;LUAD;LUSC;PRAD;STAD,7,36,FALSE,1,FALSE,maximum complete profiles at fixed k; lexicographic tie-break; logFC not used
CYP3A5,0.6,12,8,BRCA;ESCA;KICH;KIRC;KIRP;LUAD;LUSC;THCA,7,37,FALSE,1,FALSE,maximum complete profiles at fixed k; lexicographic tie-break; logFC not used
CYP3A5,0.6,12,8,COAD;ESCA;KICH;KIRC;KIRP;LUAD;LUSC;THCA,7,38,FALSE,1,FALSE,maximum complete profiles at fixed k; lexicographic tie-break; logFC not used
CYP3A5,0.6,12,8,BRCA;COAD;ESCA;KICH;KIRC;LUAD;PRAD;STAD,5,39,FALSE,1,FALSE,maximum complete profiles at fixed k; lexicographic tie-break; logFC not used
CYP3A5,0.6,12,8,BRCA;COAD;ESCA;KICH;KIRC;LUSC;PRAD;STAD,5,40,FALSE,1,FALSE,maximum complete profiles at fixed k; lexicographic tie-break; logFC not used
CYP3A5,0.6,12,8,BRCA;COAD;ESCA;KICH;KIRP;LUAD;PRAD;STAD,5,41,FALSE,1,FALSE,maximum complete profiles at fixed k; lexicographic tie-break; logFC not used
CYP3A5,0.6,12,8,BRCA;COAD;ESCA;KICH;KIRP;LUSC;PRAD;STAD,5,42,FALSE,1,FALSE,maximum complete profiles at fixed k; lexicographic tie-break; logFC not used
CYP3A5,0.6,12,8,BRCA;COAD;ESCA;KICH;LUAD;LUSC;PRAD;STAD,5,43,FALSE,1,FALSE,maximum complete profiles at fixed k; lexicographic tie-break; logFC not used
CYP3A5,0.6,12,8,BRCA;COAD;ESCA;KIRC;KIRP;LUAD;PRAD;STAD,5,44,FALSE,1,FALSE,maximum complete profiles at fixed k; lexicographic tie-break; logFC not used
CYP3A5,0.6,12,8,BRCA;COAD;ESCA;KIRC;KIRP;LUSC;PRAD;STAD,5,45,FALSE,1,FALSE,maximum complete profiles at fixed k; lexicographic tie-break; logFC not used
CYP3A5,0.6,12,8,BRCA;COAD;ESCA;KIRC;LUAD;LUSC;PRAD;STAD,5,46,FALSE,1,FALSE,maximum complete profiles at fixed k; lexicographic tie-break; logFC not used
CYP3A5,0.6,12,8,BRCA;COAD;ESCA;KIRP;LUAD;LUSC;PRAD;STAD,5,47,FALSE,1,FALSE,maximum complete profiles at fixed k; lexicographic tie-break; logFC not used
CYP3A5,0.6,12,8,BRCA;COAD;KICH;KIRC;KIRP;LUAD;LUSC;THCA,5,48,FALSE,1,FALSE,maximum complete profiles at fixed k; lexicographic tie-break; logFC not used
CYP3A5,0.6,12,8,BRCA;ESCA;KICH;KIRC;KIRP;LIHC;LUAD;LUSC,5,49,FALSE,1,FALSE,maximum complete profiles at fixed k; lexicographic tie-break; logFC not used
CYP3A5,0.6,12,8,BRCA;COAD;ESCA;KICH;KIRC;KIRP;LUAD;THCA,3,50,FALSE,1,FALSE,maximum complete profiles at fixed k; lexicographic tie-break; logFC not used
CYP3A5,0.6,12,8,BRCA;COAD;ESCA;KICH;KIRC;KIRP;LUSC;THCA,3,51,FALSE,1,FALSE,maximum complete profiles at fixed k; lexicographic tie-break; logFC not used
CYP3A5,0.6,12,8,BRCA;COAD;ESCA;KICH;KIRC;LUAD;LUSC;THCA,3,52,FALSE,1,FALSE,maximum complete profiles at fixed k; lexicographic tie-break; logFC not used
CYP3A5,0.6,12,8,BRCA;COAD;ESCA;KICH;KIRP;LUAD;LUSC;THCA,3,53,FALSE,1,FALSE,maximum complete profiles at fixed k; lexicographic tie-break; logFC not used
CYP3A5,0.6,12,8,BRCA;COAD;ESCA;KIRC;KIRP;LUAD;LUSC;THCA,3,54,FALSE,1,FALSE,maximum complete profiles at fixed k; lexicographic tie-break; logFC not used
CYP3A5,0.6,12,8,BRCA;KICH;KIRC;KIRP;LIHC;LUAD;LUSC;STAD,3,55,FALSE,1,FALSE,maximum complete profiles at fixed k; lexicographic tie-break; logFC not used
CYP3A5,0.6,12,8,COAD;KICH;KIRC;KIRP;LIHC;LUAD;LUSC;STAD,3,56,FALSE,1,FALSE,maximum complete profiles at fixed k; lexicographic tie-break; logFC not used
CYP3A5,0.6,12,8,BRCA;COAD;KICH;KIRC;KIRP;LIHC;LUAD;LUSC,2,57,FALSE,1,FALSE,maximum complete profiles at fixed k; lexicographic tie-break; logFC not used
CYP3A5,0.6,12,8,BRCA;COAD;KICH;KIRC;KIRP;LIHC;LUAD;STAD,2,58,FALSE,1,FALSE,maximum complete profiles at fixed k; lexicographic tie-break; logFC not used
CYP3A5,0.6,12,8,BRCA;COAD;KICH;KIRC;KIRP;LIHC;LUSC;STAD,2,59,FALSE,1,FALSE,maximum complete profiles at fixed k; lexicographic tie-break; logFC not used
CYP3A5,0.6,12,8,BRCA;COAD;KICH;KIRC;KIRP;LIHC;STAD;THCA,2,60,FALSE,1,FALSE,maximum complete profiles at fixed k; lexicographic tie-break; logFC not used
CYP3A5,0.6,12,8,BRCA;COAD;KICH;KIRC;LIHC;LUAD;LUSC;STAD,2,61,FALSE,1,FALSE,maximum complete profiles at fixed k; lexicographic tie-break; logFC not used
CYP3A5,0.6,12,8,BRCA;COAD;KICH;KIRP;LIHC;LUAD;LUSC;STAD,2,62,FALSE,1,FALSE,maximum complete profiles at fixed k; lexicographic tie-break; logFC not used
CYP3A5,0.6,12,8,BRCA;COAD;KIRC;KIRP;LIHC;LUAD;LUSC;STAD,2,63,FALSE,1,FALSE,maximum complete profiles at fixed k; lexicographic tie-break; logFC not used
CYP3A5,0.6,12,8,BRCA;ESCA;KICH;KIRC;KIRP;LIHC;STAD;THCA,2,64,FALSE,1,FALSE,maximum complete profiles at fixed k; lexicographic tie-break; logFC not used
CYP3A5,0.6,12,8,BRCA;ESCA;KIRC;KIRP;LUAD;LUSC;STAD;THCA,2,65,FALSE,1,FALSE,maximum complete profiles at fixed k; lexicographic tie-break; logFC not used
CYP3A5,0.6,12,8,BRCA;KICH;KIRC;KIRP;LIHC;LUAD;LUSC;PRAD,2,66,FALSE,1,FALSE,maximum complete profiles at fixed k; lexicographic tie-break; logFC not used
CYP3A5,0.6,12,8,BRCA;KICH;KIRC;KIRP;LIHC;LUAD;LUSC;THCA,2,67,FALSE,1,FALSE,maximum complete profiles at fixed k; lexicographic tie-break; logFC not used
CYP3A5,0.6,12,8,COAD;ESCA;KICH;KIRC;KIRP;LIHC;LUAD;LUSC,2,68,FALSE,1,FALSE,maximum complete profiles at fixed k; lexicographic tie-break; logFC not used
CYP3A5,0.6,12,8,COAD;ESCA;KICH;KIRC;KIRP;LIHC;LUAD;THCA,2,69,FALSE,1,FALSE,maximum complete profiles at fixed k; lexicographic tie-break; logFC not used
CYP3A5,0.6,12,8,COAD;ESCA;KICH;KIRC;KIRP;LIHC;LUSC;THCA,2,70,FALSE,1,FALSE,maximum complete profiles at fixed k; lexicographic tie-break; logFC not used
CYP3A5,0.6,12,8,COAD;ESCA;KICH;KIRC;LIHC;LUAD;LUSC;THCA,2,71,FALSE,1,FALSE,maximum complete profiles at fixed k; lexicographic tie-break; logFC not used
CYP3A5,0.6,12,8,COAD;ESCA;KICH;KIRP;LIHC;LUAD;LUSC;THCA,2,72,FALSE,1,FALSE,maximum complete profiles at fixed k; lexicographic tie-break; logFC not used
CYP3A5,0.6,12,8,COAD;ESCA;KIRC;KIRP;LIHC;LUAD;LUSC;THCA,2,73,FALSE,1,FALSE,maximum complete profiles at fixed k; lexicographic tie-break; logFC not used
CYP3A5,0.6,12,8,COAD;KICH;KIRC;KIRP;LIHC;LUAD;LUSC;THCA,2,74,FALSE,1,FALSE,maximum complete profiles at fixed k; lexicographic tie-break; logFC not used
CYP3A5,0.6,12,8,ESCA;KICH;KIRC;KIRP;LIHC;LUAD;LUSC;THCA,2,75,FALSE,1,FALSE,maximum complete profiles at fixed k; lexicographic tie-break; logFC not used
CYP3A5,0.6,12,8,BRCA;COAD;ESCA;KICH;KIRC;KIRP;LIHC;LUAD,1,76,FALSE,1,FALSE,maximum complete profiles at fixed k; lexicographic tie-break; logFC not used
CYP3A5,0.6,12,8,BRCA;COAD;ESCA;KICH;KIRC;KIRP;LIHC;LUSC,1,77,FALSE,1,FALSE,maximum complete profiles at fixed k; lexicographic tie-break; logFC not used
CYP3A5,0.6,12,8,BRCA;COAD;ESCA;KICH;KIRC;KIRP;LIHC;STAD,1,78,FALSE,1,FALSE,maximum complete profiles at fixed k; lexicographic tie-break; logFC not used
CYP3A5,0.6,12,8,BRCA;COAD;ESCA;KICH;KIRC;KIRP;LIHC;THCA,1,79,FALSE,1,FALSE,maximum complete profiles at fixed k; lexicographic tie-break; logFC not used
CYP3A5,0.6,12,8,BRCA;COAD;ESCA;KICH;KIRC;KIRP;PRAD;THCA,1,80,FALSE,1,FALSE,maximum complete profiles at fixed k; lexicographic tie-break; logFC not used
CYP3A5,0.6,12,8,BRCA;COAD;ESCA;KICH;KIRC;KIRP;STAD;THCA,1,81,FALSE,1,FALSE,maximum complete profiles at fixed k; lexicographic tie-break; logFC not used
CYP3A5,0.6,12,8,BRCA;COAD;ESCA;KICH;KIRC;LIHC;LUAD;LUSC,1,82,FALSE,1,FALSE,maximum complete profiles at fixed k; lexicographic tie-break; logFC not used
CYP3A5,0.6,12,8,BRCA;COAD;ESCA;KICH;KIRC;LIHC;LUAD;STAD,1,83,FALSE,1,FALSE,maximum complete profiles at fixed k; lexicographic tie-break; logFC not used
CYP3A5,0.6,12,8,BRCA;COAD;ESCA;KICH;KIRC;LIHC;LUAD;THCA,1,84,FALSE,1,FALSE,maximum complete profiles at fixed k; lexicographic tie-break; logFC not used
CYP3A5,0.6,12,8,BRCA;COAD;ESCA;KICH;KIRC;LIHC;LUSC;STAD,1,85,FALSE,1,FALSE,maximum complete profiles at fixed k; lexicographic tie-break; logFC not used
CYP3A5,0.6,12,8,BRCA;COAD;ESCA;KICH;KIRC;LIHC;LUSC;THCA,1,86,FALSE,1,FALSE,maximum complete profiles at fixed k; lexicographic tie-break; logFC not used
CYP3A5,0.6,12,8,BRCA;COAD;ESCA;KICH;KIRC;LIHC;STAD;THCA,1,87,FALSE,1,FALSE,maximum complete profiles at fixed k; lexicographic tie-break; logFC not used
CYP3A5,0.6,12,8,BRCA;COAD;ESCA;KICH;KIRC;LUAD;PRAD;THCA,1,88,FALSE,1,FALSE,maximum complete profiles at fixed k; lexicographic tie-break; logFC not used
CYP3A5,0.6,12,8,BRCA;COAD;ESCA;KICH;KIRC;LUAD;STAD;THCA,1,89,FALSE,1,FALSE,maximum complete profiles at fixed k; lexicographic tie-break; logFC not used
CYP3A5,0.6,12,8,BRCA;COAD;ESCA;KICH;KIRC;LUSC;PRAD;THCA,1,90,FALSE,1,FALSE,maximum complete profiles at fixed k; lexicographic tie-break; logFC not used
CYP3A5,0.6,12,8,BRCA;COAD;ESCA;KICH;KIRC;LUSC;STAD;THCA,1,91,FALSE,1,FALSE,maximum complete profiles at fixed k; lexicographic tie-break; logFC not used
CYP3A5,0.6,12,8,BRCA;COAD;ESCA;KICH;KIRP;LIHC;LUAD;LUSC,1,92,FALSE,1,FALSE,maximum complete profiles at fixed k; lexicographic tie-break; logFC not used
CYP3A5,0.6,12,8,BRCA;COAD;ESCA;KICH;KIRP;LIHC;LUAD;STAD,1,93,FALSE,1,FALSE,maximum complete profiles at fixed k; lexicographic tie-break; logFC not used
CYP3A5,0.6,12,8,BRCA;COAD;ESCA;KICH;KIRP;LIHC;LUAD;THCA,1,94,FALSE,1,FALSE,maximum complete profiles at fixed k; lexicographic tie-break; logFC not used
CYP3A5,0.6,12,8,BRCA;COAD;ESCA;KICH;KIRP;LIHC;LUSC;STAD,1,95,FALSE,1,FALSE,maximum complete profiles at fixed k; lexicographic tie-break; logFC not used
CYP3A5,0.6,12,8,BRCA;COAD;ESCA;KICH;KIRP;LIHC;LUSC;THCA,1,96,FALSE,1,FALSE,maximum complete profiles at fixed k; lexicographic tie-break; logFC not used
CYP3A5,0.6,12,8,BRCA;COAD;ESCA;KICH;KIRP;LIHC;STAD;THCA,1,97,FALSE,1,FALSE,maximum complete profiles at fixed k; lexicographic tie-break; logFC not used
CYP3A5,0.6,12,8,BRCA;COAD;ESCA;KICH;KIRP;LUAD;PRAD;THCA,1,98,FALSE,1,FALSE,maximum complete profiles at fixed k; lexicographic tie-break; logFC not used
CYP3A5,0.6,12,8,BRCA;COAD;ESCA;KICH;KIRP;LUAD;STAD;THCA,1,99,FALSE,1,FALSE,maximum complete profiles at fixed k; lexicographic tie-break; logFC not used
CYP3A5,0.6,12,8,BRCA;COAD;ESCA;KICH;KIRP;LUSC;PRAD;THCA,1,100,FALSE,1,FALSE,maximum complete profiles at fixed k; lexicographic tie-break; logFC not used
CYP3A5,0.6,12,8,BRCA;COAD;ESCA;KICH;KIRP;LUSC;STAD;THCA,1,101,FALSE,1,FALSE,maximum complete profiles at fixed k; lexicographic tie-break; logFC not used
CYP3A5,0.6,12,8,BRCA;COAD;ESCA;KICH;LIHC;LUAD;LUSC;STAD,1,102,FALSE,1,FALSE,maximum complete profiles at fixed k; lexicographic tie-break; logFC not used
CYP3A5,0.6,12,8,BRCA;COAD;ESCA;KICH;LIHC;LUAD;LUSC;THCA,1,103,FALSE,1,FALSE,maximum complete profiles at fixed k; lexicographic tie-break; logFC not used
CYP3A5,0.6,12,8,BRCA;COAD;ESCA;KICH;LIHC;LUAD;STAD;THCA,1,104,FALSE,1,FALSE,maximum complete profiles at fixed k; lexicographic tie-break; logFC not used
CYP3A5,0.6,12,8,BRCA;COAD;ESCA;KICH;LIHC;LUSC;STAD;THCA,1,105,FALSE,1,FALSE,maximum complete profiles at fixed k; lexicographic tie-break; logFC not used
CYP3A5,0.6,12,8,BRCA;COAD;ESCA;KICH;LUAD;LUSC;PRAD;THCA,1,106,FALSE,1,FALSE,maximum complete profiles at fixed k; lexicographic tie-break; logFC not used
CYP3A5,0.6,12,8,BRCA;COAD;ESCA;KICH;LUAD;LUSC;STAD;THCA,1,107,FALSE,1,FALSE,maximum complete profiles at fixed k; lexicographic tie-break; logFC not used
CYP3A5,0.6,12,8,BRCA;COAD;ESCA;KIRC;KIRP;LIHC;LUAD;LUSC,1,108,FALSE,1,FALSE,maximum complete profiles at fixed k; lexicographic tie-break; logFC not used
CYP3A5,0.6,12,8,BRCA;COAD;ESCA;KIRC;KIRP;LIHC;LUAD;STAD,1,109,FALSE,1,FALSE,maximum complete profiles at fixed k; lexicographic tie-break; logFC not used
CYP3A5,0.6,12,8,BRCA;COAD;ESCA;KIRC;KIRP;LIHC;LUAD;THCA,1,110,FALSE,1,FALSE,maximum complete profiles at fixed k; lexicographic tie-break; logFC not used
CYP3A5,0.6,12,8,BRCA;COAD;ESCA;KIRC;KIRP;LIHC;LUSC;STAD,1,111,FALSE,1,FALSE,maximum complete profiles at fixed k; lexicographic tie-break; logFC not used
CYP3A5,0.6,12,8,BRCA;COAD;ESCA;KIRC;KIRP;LIHC;LUSC;THCA,1,112,FALSE,1,FALSE,maximum complete profiles at fixed k; lexicographic tie-break; logFC not used
CYP3A5,0.6,12,8,BRCA;COAD;ESCA;KIRC;KIRP;LIHC;STAD;THCA,1,113,FALSE,1,FALSE,maximum complete profiles at fixed k; lexicographic tie-break; logFC not used
CYP3A5,0.6,12,8,BRCA;COAD;ESCA;KIRC;KIRP;LUAD;PRAD;THCA,1,114,FALSE,1,FALSE,maximum complete profiles at fixed k; lexicographic tie-break; logFC not used
CYP3A5,0.6,12,8,BRCA;COAD;ESCA;KIRC;KIRP;LUAD;STAD;THCA,1,115,FALSE,1,FALSE,maximum complete profiles at fixed k; lexicographic tie-break; logFC not used
CYP3A5,0.6,12,8,BRCA;COAD;ESCA;KIRC;KIRP;LUSC;PRAD;THCA,1,116,FALSE,1,FALSE,maximum complete profiles at fixed k; lexicographic tie-break; logFC not used
CYP3A5,0.6,12,8,BRCA;COAD;ESCA;KIRC;KIRP;LUSC;STAD;THCA,1,117,FALSE,1,FALSE,maximum complete profiles at fixed k; lexicographic tie-break; logFC not used
CYP3A5,0.6,12,8,BRCA;COAD;ESCA;KIRC;LIHC;LUAD;LUSC;STAD,1,118,FALSE,1,FALSE,maximum complete profiles at fixed k; lexicographic tie-break; logFC not used
CYP3A5,0.6,12,8,BRCA;COAD;ESCA;KIRC;LIHC;LUAD;LUSC;THCA,1,119,FALSE,1,FALSE,maximum complete profiles at fixed k; lexicographic tie-break; logFC not used
CYP3A5,0.6,12,8,BRCA;COAD;ESCA;KIRC;LIHC;LUAD;STAD;THCA,1,120,FALSE,1,FALSE,maximum complete profiles at fixed k; lexicographic tie-break; logFC not used
CYP3A5,0.6,12,8,BRCA;COAD;ESCA;KIRC;LIHC;LUSC;STAD;THCA,1,121,FALSE,1,FALSE,maximum complete profiles at fixed k; lexicographic tie-break; logFC not used
CYP3A5,0.6,12,8,BRCA;COAD;ESCA;KIRC;LUAD;LUSC;PRAD;THCA,1,122,FALSE,1,FALSE,maximum complete profiles at fixed k; lexicographic tie-break; logFC not used
CYP3A5,0.6,12,8,BRCA;COAD;ESCA;KIRC;LUAD;LUSC;STAD;THCA,1,123,FALSE,1,FALSE,maximum complete profiles at fixed k; lexicographic tie-break; logFC not used
CYP3A5,0.6,12,8,BRCA;COAD;ESCA;KIRP;LIHC;LUAD;LUSC;STAD,1,124,FALSE,1,FALSE,maximum complete profiles at fixed k; lexicographic tie-break; logFC not used
CYP3A5,0.6,12,8,BRCA;COAD;ESCA;KIRP;LIHC;LUAD;LUSC;THCA,1,125,FALSE,1,FALSE,maximum complete profiles at fixed k; lexicographic tie-break; logFC not used
CYP3A5,0.6,12,8,BRCA;COAD;ESCA;KIRP;LIHC;LUAD;STAD;THCA,1,126,FALSE,1,FALSE,maximum complete profiles at fixed k; lexicographic tie-break; logFC not used
CYP3A5,0.6,12,8,BRCA;COAD;ESCA;KIRP;LIHC;LUSC;STAD;THCA,1,127,FALSE,1,FALSE,maximum complete profiles at fixed k; lexicographic tie-break; logFC not used
CYP3A5,0.6,12,8,BRCA;COAD;ESCA;KIRP;LUAD;LUSC;PRAD;THCA,1,128,FALSE,1,FALSE,maximum complete profiles at fixed k; lexicographic tie-break; logFC not used
CYP3A5,0.6,12,8,BRCA;COAD;ESCA;KIRP;LUAD;LUSC;STAD;THCA,1,129,FALSE,1,FALSE,maximum complete profiles at fixed k; lexicographic tie-break; logFC not used
CYP3A5,0.6,12,8,BRCA;COAD;ESCA;LIHC;LUAD;LUSC;STAD;THCA,1,130,FALSE,1,FALSE,maximum complete profiles at fixed k; lexicographic tie-break; logFC not used
CYP3A5,0.6,12,8,BRCA;COAD;KICH;KIRC;KIRP;LIHC;LUAD;THCA,1,131,FALSE,1,FALSE,maximum complete profiles at fixed k; lexicographic tie-break; logFC not used
CYP3A5,0.6,12,8,BRCA;COAD;KICH;KIRC;KIRP;LIHC;LUSC;THCA,1,132,FALSE,1,FALSE,maximum complete profiles at fixed k; lexicographic tie-break; logFC not used
CYP3A5,0.6,12,8,BRCA;COAD;KICH;KIRC;KIRP;LUAD;PRAD;THCA,1,133,FALSE,1,FALSE,maximum complete profiles at fixed k; lexicographic tie-break; logFC not used
CYP3A5,0.6,12,8,BRCA;COAD;KICH;KIRC;KIRP;LUAD;STAD;THCA,1,134,FALSE,1,FALSE,maximum complete profiles at fixed k; lexicographic tie-break; logFC not used
CYP3A5,0.6,12,8,BRCA;COAD;KICH;KIRC;KIRP;LUSC;PRAD;THCA,1,135,FALSE,1,FALSE,maximum complete profiles at fixed k; lexicographic tie-break; logFC not used
CYP3A5,0.6,12,8,BRCA;COAD;KICH;KIRC;KIRP;LUSC;STAD;THCA,1,136,FALSE,1,FALSE,maximum complete profiles at fixed k; lexicographic tie-break; logFC not used
CYP3A5,0.6,12,8,BRCA;COAD;KICH;KIRC;KIRP;PRAD;STAD;THCA,1,137,FALSE,1,FALSE,maximum complete profiles at fixed k; lexicographic tie-break; logFC not used
CYP3A5,0.6,12,8,BRCA;COAD;KICH;KIRC;LIHC;LUAD;LUSC;THCA,1,138,FALSE,1,FALSE,maximum complete profiles at fixed k; lexicographic tie-break; logFC not used
CYP3A5,0.6,12,8,BRCA;COAD;KICH;KIRC;LIHC;LUAD;STAD;THCA,1,139,FALSE,1,FALSE,maximum complete profiles at fixed k; lexicographic tie-break; logFC not used
CYP3A5,0.6,12,8,BRCA;COAD;KICH;KIRC;LIHC;LUSC;STAD;THCA,1,140,FALSE,1,FALSE,maximum complete profiles at fixed k; lexicographic tie-break; logFC not used
CYP3A5,0.6,12,8,BRCA;COAD;KICH;KIRC;LUAD;LUSC;PRAD;THCA,1,141,FALSE,1,FALSE,maximum complete profiles at fixed k; lexicographic tie-break; logFC not used
CYP3A5,0.6,12,8,BRCA;COAD;KICH;KIRC;LUAD;LUSC;STAD;THCA,1,142,FALSE,1,FALSE,maximum complete profiles at fixed k; lexicographic tie-break; logFC not used
CYP3A5,0.6,12,8,BRCA;COAD;KICH;KIRP;LIHC;LUAD;LUSC;THCA,1,143,FALSE,1,FALSE,maximum complete profiles at fixed k; lexicographic tie-break; logFC not used
CYP3A5,0.6,12,8,BRCA;COAD;KICH;KIRP;LIHC;LUAD;STAD;THCA,1,144,FALSE,1,FALSE,maximum complete profiles at fixed k; lexicographic tie-break; logFC not used
CYP3A5,0.6,12,8,BRCA;COAD;KICH;KIRP;LIHC;LUSC;STAD;THCA,1,145,FALSE,1,FALSE,maximum complete profiles at fixed k; lexicographic tie-break; logFC not used
CYP3A5,0.6,12,8,BRCA;COAD;KICH;KIRP;LUAD;LUSC;PRAD;THCA,1,146,FALSE,1,FALSE,maximum complete profiles at fixed k; lexicographic tie-break; logFC not used
CYP3A5,0.6,12,8,BRCA;COAD;KICH;KIRP;LUAD;LUSC;STAD;THCA,1,147,FALSE,1,FALSE,maximum complete profiles at fixed k; lexicographic tie-break; logFC not used
CYP3A5,0.6,12,8,BRCA;COAD;KICH;LIHC;LUAD;LUSC;STAD;THCA,1,148,FALSE,1,FALSE,maximum complete profiles at fixed k; lexicographic tie-break; logFC not used
CYP3A5,0.6,12,8,BRCA;COAD;KIRC;KIRP;LIHC;LUAD;LUSC;THCA,1,149,FALSE,1,FALSE,maximum complete profiles at fixed k; lexicographic tie-break; logFC not used
CYP3A5,0.6,12,8,BRCA;COAD;KIRC;KIRP;LIHC;LUAD;STAD;THCA,1,150,FALSE,1,FALSE,maximum complete profiles at fixed k; lexicographic tie-break; logFC not used
CYP3A5,0.6,12,8,BRCA;COAD;KIRC;KIRP;LIHC;LUSC;STAD;THCA,1,151,FALSE,1,FALSE,maximum complete profiles at fixed k; lexicographic tie-break; logFC not used
CYP3A5,0.6,12,8,BRCA;COAD;KIRC;KIRP;LUAD;LUSC;PRAD;THCA,1,152,FALSE,1,FALSE,maximum complete profiles at fixed k; lexicographic tie-break; logFC not used
CYP3A5,0.6,12,8,BRCA;COAD;KIRC;KIRP;LUAD;LUSC;STAD;THCA,1,153,FALSE,1,FALSE,maximum complete profiles at fixed k; lexicographic tie-break; logFC not used
CYP3A5,0.6,12,8,BRCA;COAD;KIRC;LIHC;LUAD;LUSC;STAD;THCA,1,154,FALSE,1,FALSE,maximum complete profiles at fixed k; lexicographic tie-break; logFC not used
CYP3A5,0.6,12,8,BRCA;COAD;KIRP;LIHC;LUAD;LUSC;STAD;THCA,1,155,FALSE,1,FALSE,maximum complete profiles at fixed k; lexicographic tie-break; logFC not used
CYP3A5,0.6,12,8,BRCA;ESCA;KICH;KIRC;KIRP;LIHC;LUAD;PRAD,1,156,FALSE,1,FALSE,maximum complete profiles at fixed k; lexicographic tie-break; logFC not used
CYP3A5,0.6,12,8,BRCA;ESCA;KICH;KIRC;KIRP;LIHC;LUAD;STAD,1,157,FALSE,1,FALSE,maximum complete profiles at fixed k; lexicographic tie-break; logFC not used
CYP3A5,0.6,12,8,BRCA;ESCA;KICH;KIRC;KIRP;LIHC;LUAD;THCA,1,158,FALSE,1,FALSE,maximum complete profiles at fixed k; lexicographic tie-break; logFC not used
CYP3A5,0.6,12,8,BRCA;ESCA;KICH;KIRC;KIRP;LIHC;LUSC;PRAD,1,159,FALSE,1,FALSE,maximum complete profiles at fixed k; lexicographic tie-break; logFC not used
CYP3A5,0.6,12,8,BRCA;ESCA;KICH;KIRC;KIRP;LIHC;LUSC;STAD,1,160,FALSE,1,FALSE,maximum complete profiles at fixed k; lexicographic tie-break; logFC not used
CYP3A5,0.6,12,8,BRCA;ESCA;KICH;KIRC;KIRP;LIHC;LUSC;THCA,1,161,FALSE,1,FALSE,maximum complete profiles at fixed k; lexicographic tie-break; logFC not used
CYP3A5,0.6,12,8,BRCA;ESCA;KICH;KIRC;KIRP;LUAD;PRAD;THCA,1,162,FALSE,1,FALSE,maximum complete profiles at fixed k; lexicographic tie-break; logFC not used
CYP3A5,0.6,12,8,BRCA;ESCA;KICH;KIRC;KIRP;LUAD;STAD;THCA,1,163,FALSE,1,FALSE,maximum complete profiles at fixed k; lexicographic tie-break; logFC not used
CYP3A5,0.6,12,8,BRCA;ESCA;KICH;KIRC;KIRP;LUSC;PRAD;THCA,1,164,FALSE,1,FALSE,maximum complete profiles at fixed k; lexicographic tie-break; logFC not used
CYP3A5,0.6,12,8,BRCA;ESCA;KICH;KIRC;KIRP;LUSC;STAD;THCA,1,165,FALSE,1,FALSE,maximum complete profiles at fixed k; lexicographic tie-break; logFC not used
CYP3A5,0.6,12,8,BRCA;ESCA;KICH;KIRC;LIHC;LUAD;LUSC;PRAD,1,166,FALSE,1,FALSE,maximum complete profiles at fixed k; lexicographic tie-break; logFC not used
CYP3A5,0.6,12,8,BRCA;ESCA;KICH;KIRC;LIHC;LUAD;LUSC;STAD,1,167,FALSE,1,FALSE,maximum complete profiles at fixed k; lexicographic tie-break; logFC not used
CYP3A5,0.6,12,8,BRCA;ESCA;KICH;KIRC;LIHC;LUAD;LUSC;THCA,1,168,FALSE,1,FALSE,maximum complete profiles at fixed k; lexicographic tie-break; logFC not used
CYP3A5,0.6,12,8,BRCA;ESCA;KICH;KIRC;LIHC;LUAD;STAD;THCA,1,169,FALSE,1,FALSE,maximum complete profiles at fixed k; lexicographic tie-break; logFC not used
CYP3A5,0.6,12,8,BRCA;ESCA;KICH;KIRC;LIHC;LUSC;STAD;THCA,1,170,FALSE,1,FALSE,maximum complete profiles at fixed k; lexicographic tie-break; logFC not used
CYP3A5,0.6,12,8,BRCA;ESCA;KICH;KIRC;LUAD;LUSC;PRAD;THCA,1,171,FALSE,1,FALSE,maximum complete profiles at fixed k; lexicographic tie-break; logFC not used
CYP3A5,0.6,12,8,BRCA;ESCA;KICH;KIRC;LUAD;LUSC;STAD;THCA,1,172,FALSE,1,FALSE,maximum complete profiles at fixed k; lexicographic tie-break; logFC not used
CYP3A5,0.6,12,8,BRCA;ESCA;KICH;KIRP;LIHC;LUAD;LUSC;PRAD,1,173,FALSE,1,FALSE,maximum complete profiles at fixed k; lexicographic tie-break; logFC not used
CYP3A5,0.6,12,8,BRCA;ESCA;KICH;KIRP;LIHC;LUAD;LUSC;STAD,1,174,FALSE,1,FALSE,maximum complete profiles at fixed k; lexicographic tie-break; logFC not used
CYP3A5,0.6,12,8,BRCA;ESCA;KICH;KIRP;LIHC;LUAD;LUSC;THCA,1,175,FALSE,1,FALSE,maximum complete profiles at fixed k; lexicographic tie-break; logFC not used
CYP3A5,0.6,12,8,BRCA;ESCA;KICH;KIRP;LIHC;LUAD;STAD;THCA,1,176,FALSE,1,FALSE,maximum complete profiles at fixed k; lexicographic tie-break; logFC not used
CYP3A5,0.6,12,8,BRCA;ESCA;KICH;KIRP;LIHC;LUSC;STAD;THCA,1,177,FALSE,1,FALSE,maximum complete profiles at fixed k; lexicographic tie-break; logFC not used
CYP3A5,0.6,12,8,BRCA;ESCA;KICH;KIRP;LUAD;LUSC;PRAD;THCA,1,178,FALSE,1,FALSE,maximum complete profiles at fixed k; lexicographic tie-break; logFC not used
CYP3A5,0.6,12,8,BRCA;ESCA;KICH;KIRP;LUAD;LUSC;STAD;THCA,1,179,FALSE,1,FALSE,maximum complete profiles at fixed k; lexicographic tie-break; logFC not used
CYP3A5,0.6,12,8,BRCA;ESCA;KICH;LIHC;LUAD;LUSC;STAD;THCA,1,180,FALSE,1,FALSE,maximum complete profiles at fixed k; lexicographic tie-break; logFC not used
CYP3A5,0.6,12,8,BRCA;ESCA;KIRC;KIRP;LIHC;LUAD;LUSC;PRAD,1,181,FALSE,1,FALSE,maximum complete profiles at fixed k; lexicographic tie-break; logFC not used
CYP3A5,0.6,12,8,BRCA;ESCA;KIRC;KIRP;LIHC;LUAD;LUSC;STAD,1,182,FALSE,1,FALSE,maximum complete profiles at fixed k; lexicographic tie-break; logFC not used
CYP3A5,0.6,12,8,BRCA;ESCA;KIRC;KIRP;LIHC;LUAD;LUSC;THCA,1,183,FALSE,1,FALSE,maximum complete profiles at fixed k; lexicographic tie-break; logFC not used
CYP3A5,0.6,12,8,BRCA;ESCA;KIRC;KIRP;LIHC;LUAD;STAD;THCA,1,184,FALSE,1,FALSE,maximum complete profiles at fixed k; lexicographic tie-break; logFC not used
CYP3A5,0.6,12,8,BRCA;ESCA;KIRC;KIRP;LIHC;LUSC;STAD;THCA,1,185,FALSE,1,FALSE,maximum complete profiles at fixed k; lexicographic tie-break; logFC not used
CYP3A5,0.6,12,8,BRCA;ESCA;KIRC;KIRP;LUAD;LUSC;PRAD;THCA,1,186,FALSE,1,FALSE,maximum complete profiles at fixed k; lexicographic tie-break; logFC not used
CYP3A5,0.6,12,8,BRCA;ESCA;KIRC;LIHC;LUAD;LUSC;STAD;THCA,1,187,FALSE,1,FALSE,maximum complete profiles at fixed k; lexicographic tie-break; logFC not used
CYP3A5,0.6,12,8,BRCA;ESCA;KIRP;LIHC;LUAD;LUSC;STAD;THCA,1,188,FALSE,1,FALSE,maximum complete profiles at fixed k; lexicographic tie-break; logFC not used
CYP3A5,0.6,12,8,BRCA;KICH;KIRC;KIRP;LIHC;LUAD;PRAD;STAD,1,189,FALSE,1,FALSE,maximum complete profiles at fixed k; lexicographic tie-break; logFC not used
CYP3A5,0.6,12,8,BRCA;KICH;KIRC;KIRP;LIHC;LUAD;STAD;THCA,1,190,FALSE,1,FALSE,maximum complete profiles at fixed k; lexicographic tie-break; logFC not used
CYP3A5,0.6,12,8,BRCA;KICH;KIRC;KIRP;LIHC;LUSC;PRAD;STAD,1,191,FALSE,1,FALSE,maximum complete profiles at fixed k; lexicographic tie-break; logFC not used
CYP3A5,0.6,12,8,BRCA;KICH;KIRC;KIRP;LIHC;LUSC;STAD;THCA,1,192,FALSE,1,FALSE,maximum complete profiles at fixed k; lexicographic tie-break; logFC not used
CYP3A5,0.6,12,8,BRCA;KICH;KIRC;KIRP;LUAD;LUSC;PRAD;THCA,1,193,FALSE,1,FALSE,maximum complete profiles at fixed k; lexicographic tie-break; logFC not used
CYP3A5,0.6,12,8,BRCA;KICH;KIRC;KIRP;LUAD;LUSC;STAD;THCA,1,194,FALSE,1,FALSE,maximum complete profiles at fixed k; lexicographic tie-break; logFC not used
CYP3A5,0.6,12,8,BRCA;KICH;KIRC;LIHC;LUAD;LUSC;PRAD;STAD,1,195,FALSE,1,FALSE,maximum complete profiles at fixed k; lexicographic tie-break; logFC not used
CYP3A5,0.6,12,8,BRCA;KICH;KIRC;LIHC;LUAD;LUSC;STAD;THCA,1,196,FALSE,1,FALSE,maximum complete profiles at fixed k; lexicographic tie-break; logFC not used
CYP3A5,0.6,12,8,BRCA;KICH;KIRP;LIHC;LUAD;LUSC;PRAD;STAD,1,197,FALSE,1,FALSE,maximum complete profiles at fixed k; lexicographic tie-break; logFC not used
CYP3A5,0.6,12,8,BRCA;KICH;KIRP;LIHC;LUAD;LUSC;STAD;THCA,1,198,FALSE,1,FALSE,maximum complete profiles at fixed k; lexicographic tie-break; logFC not used
CYP3A5,0.6,12,8,BRCA;KIRC;KIRP;LIHC;LUAD;LUSC;PRAD;STAD,1,199,FALSE,1,FALSE,maximum complete profiles at fixed k; lexicographic tie-break; logFC not used
CYP3A5,0.6,12,8,BRCA;KIRC;KIRP;LIHC;LUAD;LUSC;STAD;THCA,1,200,FALSE,1,FALSE,maximum complete profiles at fixed k; lexicographic tie-break; logFC not used
CYP3A5,0.6,12,8,COAD;ESCA;KICH;KIRC;KIRP;LIHC;LUAD;STAD,1,201,FALSE,1,FALSE,maximum complete profiles at fixed k; lexicographic tie-break; logFC not used
CYP3A5,0.6,12,8,COAD;ESCA;KICH;KIRC;KIRP;LIHC;LUSC;STAD,1,202,FALSE,1,FALSE,maximum complete profiles at fixed k; lexicographic tie-break; logFC not used
CYP3A5,0.6,12,8,COAD;ESCA;KICH;KIRC;KIRP;LIHC;PRAD;STAD,1,203,FALSE,1,FALSE,maximum complete profiles at fixed k; lexicographic tie-break; logFC not used
CYP3A5,0.6,12,8,COAD;ESCA;KICH;KIRC;KIRP;LIHC;STAD;THCA,1,204,FALSE,1,FALSE,maximum complete profiles at fixed k; lexicographic tie-break; logFC not used
CYP3A5,0.6,12,8,COAD;ESCA;KICH;KIRC;KIRP;LUAD;PRAD;THCA,1,205,FALSE,1,FALSE,maximum complete profiles at fixed k; lexicographic tie-break; logFC not used
CYP3A5,0.6,12,8,COAD;ESCA;KICH;KIRC;KIRP;LUAD;STAD;THCA,1,206,FALSE,1,FALSE,maximum complete profiles at fixed k; lexicographic tie-break; logFC not used
CYP3A5,0.6,12,8,COAD;ESCA;KICH;KIRC;KIRP;LUSC;PRAD;THCA,1,207,FALSE,1,FALSE,maximum complete profiles at fixed k; lexicographic tie-break; logFC not used
CYP3A5,0.6,12,8,COAD;ESCA;KICH;KIRC;KIRP;LUSC;STAD;THCA,1,208,FALSE,1,FALSE,maximum complete profiles at fixed k; lexicographic tie-break; logFC not used
CYP3A5,0.6,12,8,COAD;ESCA;KICH;KIRC;LIHC;LUAD;LUSC;STAD,1,209,FALSE,1,FALSE,maximum complete profiles at fixed k; lexicographic tie-break; logFC not used
CYP3A5,0.6,12,8,COAD;ESCA;KICH;KIRC;LIHC;LUAD;STAD;THCA,1,210,FALSE,1,FALSE,maximum complete profiles at fixed k; lexicographic tie-break; logFC not used
CYP3A5,0.6,12,8,COAD;ESCA;KICH;KIRC;LIHC;LUSC;STAD;THCA,1,211,FALSE,1,FALSE,maximum complete profiles at fixed k; lexicographic tie-break; logFC not used
CYP3A5,0.6,12,8,COAD;ESCA;KICH;KIRC;LUAD;LUSC;PRAD;THCA,1,212,FALSE,1,FALSE,maximum complete profiles at fixed k; lexicographic tie-break; logFC not used
CYP3A5,0.6,12,8,COAD;ESCA;KICH;KIRC;LUAD;LUSC;STAD;THCA,1,213,FALSE,1,FALSE,maximum complete profiles at fixed k; lexicographic tie-break; logFC not used
CYP3A5,0.6,12,8,COAD;ESCA;KICH;KIRP;LIHC;LUAD;LUSC;STAD,1,214,FALSE,1,FALSE,maximum complete profiles at fixed k; lexicographic tie-break; logFC not used
CYP3A5,0.6,12,8,COAD;ESCA;KICH;KIRP;LIHC;LUAD;STAD;THCA,1,215,FALSE,1,FALSE,maximum complete profiles at fixed k; lexicographic tie-break; logFC not used
CYP3A5,0.6,12,8,COAD;ESCA;KICH;KIRP;LIHC;LUSC;STAD;THCA,1,216,FALSE,1,FALSE,maximum complete profiles at fixed k; lexicographic tie-break; logFC not used
CYP3A5,0.6,12,8,COAD;ESCA;KICH;KIRP;LUAD;LUSC;PRAD;THCA,1,217,FALSE,1,FALSE,maximum complete profiles at fixed k; lexicographic tie-break; logFC not used
CYP3A5,0.6,12,8,COAD;ESCA;KICH;KIRP;LUAD;LUSC;STAD;THCA,1,218,FALSE,1,FALSE,maximum complete profiles at fixed k; lexicographic tie-break; logFC not used
CYP3A5,0.6,12,8,COAD;ESCA;KICH;LIHC;LUAD;LUSC;STAD;THCA,1,219,FALSE,1,FALSE,maximum complete profiles at fixed k; lexicographic tie-break; logFC not used
CYP3A5,0.6,12,8,COAD;ESCA;KIRC;KIRP;LIHC;LUAD;LUSC;STAD,1,220,FALSE,1,FALSE,maximum complete profiles at fixed k; lexicographic tie-break; logFC not used
CYP3A5,0.6,12,8,COAD;ESCA;KIRC;KIRP;LIHC;LUAD;STAD;THCA,1,221,FALSE,1,FALSE,maximum complete profiles at fixed k; lexicographic tie-break; logFC not used
CYP3A5,0.6,12,8,COAD;ESCA;KIRC;KIRP;LIHC;LUSC;STAD;THCA,1,222,FALSE,1,FALSE,maximum complete profiles at fixed k; lexicographic tie-break; logFC not used
CYP3A5,0.6,12,8,COAD;ESCA;KIRC;KIRP;LUAD;LUSC;PRAD;THCA,1,223,FALSE,1,FALSE,maximum complete profiles at fixed k; lexicographic tie-break; logFC not used
CYP3A5,0.6,12,8,COAD;ESCA;KIRC;KIRP;LUAD;LUSC;STAD;THCA,1,224,FALSE,1,FALSE,maximum complete profiles at fixed k; lexicographic tie-break; logFC not used
CYP3A5,0.6,12,8,COAD;ESCA;KIRC;LIHC;LUAD;LUSC;STAD;THCA,1,225,FALSE,1,FALSE,maximum complete profiles at fixed k; lexicographic tie-break; logFC not used
CYP3A5,0.6,12,8,COAD;ESCA;KIRP;LIHC;LUAD;LUSC;STAD;THCA,1,226,FALSE,1,FALSE,maximum complete profiles at fixed k; lexicographic tie-break; logFC not used
CYP3A5,0.6,12,8,COAD;KICH;KIRC;KIRP;LIHC;LUAD;STAD;THCA,1,227,FALSE,1,FALSE,maximum complete profiles at fixed k; lexicographic tie-break; logFC not used
CYP3A5,0.6,12,8,COAD;KICH;KIRC;KIRP;LIHC;LUSC;STAD;THCA,1,228,FALSE,1,FALSE,maximum complete profiles at fixed k; lexicographic tie-break; logFC not used
CYP3A5,0.6,12,8,COAD;KICH;KIRC;KIRP;LUAD;LUSC;PRAD;THCA,1,229,FALSE,1,FALSE,maximum complete profiles at fixed k; lexicographic tie-break; logFC not used
CYP3A5,0.6,12,8,COAD;KICH;KIRC;KIRP;LUAD;LUSC;STAD;THCA,1,230,FALSE,1,FALSE,maximum complete profiles at fixed k; lexicographic tie-break; logFC not used
CYP3A5,0.6,12,8,COAD;KICH;KIRC;LIHC;LUAD;LUSC;STAD;THCA,1,231,FALSE,1,FALSE,maximum complete profiles at fixed k; lexicographic tie-break; logFC not used
CYP3A5,0.6,12,8,COAD;KICH;KIRP;LIHC;LUAD;LUSC;STAD;THCA,1,232,FALSE,1,FALSE,maximum complete profiles at fixed k; lexicographic tie-break; logFC not used
CYP3A5,0.6,12,8,COAD;KIRC;KIRP;LIHC;LUAD;LUSC;STAD;THCA,1,233,FALSE,1,FALSE,maximum complete profiles at fixed k; lexicographic tie-break; logFC not used
CYP3A5,0.6,12,8,ESCA;KICH;KIRC;KIRP;LIHC;LUAD;LUSC;PRAD,1,234,FALSE,1,FALSE,maximum complete profiles at fixed k; lexicographic tie-break; logFC not used
CYP3A5,0.6,12,8,ESCA;KICH;KIRC;KIRP;LIHC;LUAD;LUSC;STAD,1,235,FALSE,1,FALSE,maximum complete profiles at fixed k; lexicographic tie-break; logFC not used
CYP3A5,0.6,12,8,ESCA;KICH;KIRC;KIRP;LIHC;LUAD;STAD;THCA,1,236,FALSE,1,FALSE,maximum complete profiles at fixed k; lexicographic tie-break; logFC not used
CYP3A5,0.6,12,8,ESCA;KICH;KIRC;KIRP;LIHC;LUSC;STAD;THCA,1,237,FALSE,1,FALSE,maximum complete profiles at fixed k; lexicographic tie-break; logFC not used
CYP3A5,0.6,12,8,ESCA;KICH;KIRC;KIRP;LUAD;LUSC;PRAD;THCA,1,238,FALSE,1,FALSE,maximum complete profiles at fixed k; lexicographic tie-break; logFC not used
CYP3A5,0.6,12,8,ESCA;KICH;KIRC;KIRP;LUAD;LUSC;STAD;THCA,1,239,FALSE,1,FALSE,maximum complete profiles at fixed k; lexicographic tie-break; logFC not used
CYP3A5,0.6,12,8,ESCA;KICH;KIRC;LIHC;LUAD;LUSC;STAD;THCA,1,240,FALSE,1,FALSE,maximum complete profiles at fixed k; lexicographic tie-break; logFC not used
CYP3A5,0.6,12,8,ESCA;KICH;KIRP;LIHC;LUAD;LUSC;STAD;THCA,1,241,FALSE,1,FALSE,maximum complete profiles at fixed k; lexicographic tie-break; logFC not used
CYP3A5,0.6,12,8,ESCA;KIRC;KIRP;LIHC;LUAD;LUSC;STAD;THCA,1,242,FALSE,1,FALSE,maximum complete profiles at fixed k; lexicographic tie-break; logFC not used
CYP3A5,0.6,12,8,KICH;KIRC;KIRP;LIHC;LUAD;LUSC;PRAD;STAD,1,243,FALSE,1,FALSE,maximum complete profiles at fixed k; lexicographic tie-break; logFC not used
CYP3A5,0.6,12,8,KICH;KIRC;KIRP;LIHC;LUAD;LUSC;STAD;THCA,1,244,FALSE,1,FALSE,maximum complete profiles at fixed k; lexicographic tie-break; logFC not used
CYP3A5,0.6,12,8,BRCA;COAD;ESCA;KICH;KIRC;KIRP;LIHC;PRAD,0,245,FALSE,1,FALSE,maximum complete profiles at fixed k; lexicographic tie-break; logFC not used
CYP3A5,0.6,12,8,BRCA;COAD;ESCA;KICH;KIRC;LIHC;LUAD;PRAD,0,246,FALSE,1,FALSE,maximum complete profiles at fixed k; lexicographic tie-break; logFC not used
CYP3A5,0.6,12,8,BRCA;COAD;ESCA;KICH;KIRC;LIHC;LUSC;PRAD,0,247,FALSE,1,FALSE,maximum complete profiles at fixed k; lexicographic tie-break; logFC not used
CYP3A5,0.6,12,8,BRCA;COAD;ESCA;KICH;KIRC;LIHC;PRAD;STAD,0,248,FALSE,1,FALSE,maximum complete profiles at fixed k; lexicographic tie-break; logFC not used
CYP3A5,0.6,12,8,BRCA;COAD;ESCA;KICH;KIRC;LIHC;PRAD;THCA,0,249,FALSE,1,FALSE,maximum complete profiles at fixed k; lexicographic tie-break; logFC not used
CYP3A5,0.6,12,8,BRCA;COAD;ESCA;KICH;KIRC;PRAD;STAD;THCA,0,250,FALSE,1,FALSE,maximum complete profiles at fixed k; lexicographic tie-break; logFC not used
CYP3A5,0.6,12,8,BRCA;COAD;ESCA;KICH;KIRP;LIHC;LUAD;PRAD,0,251,FALSE,1,FALSE,maximum complete profiles at fixed k; lexicographic tie-break; logFC not used
CYP3A5,0.6,12,8,BRCA;COAD;ESCA;KICH;KIRP;LIHC;LUSC;PRAD,0,252,FALSE,1,FALSE,maximum complete profiles at fixed k; lexicographic tie-break; logFC not used
CYP3A5,0.6,12,8,BRCA;COAD;ESCA;KICH;KIRP;LIHC;PRAD;STAD,0,253,FALSE,1,FALSE,maximum complete profiles at fixed k; lexicographic tie-break; logFC not used
CYP3A5,0.6,12,8,BRCA;COAD;ESCA;KICH;KIRP;LIHC;PRAD;THCA,0,254,FALSE,1,FALSE,maximum complete profiles at fixed k; lexicographic tie-break; logFC not used
CYP3A5,0.6,12,8,BRCA;COAD;ESCA;KICH;KIRP;PRAD;STAD;THCA,0,255,FALSE,1,FALSE,maximum complete profiles at fixed k; lexicographic tie-break; logFC not used
CYP3A5,0.6,12,8,BRCA;COAD;ESCA;KICH;LIHC;LUAD;LUSC;PRAD,0,256,FALSE,1,FALSE,maximum complete profiles at fixed k; lexicographic tie-break; logFC not used
CYP3A5,0.6,12,8,BRCA;COAD;ESCA;KICH;LIHC;LUAD;PRAD;STAD,0,257,FALSE,1,FALSE,maximum complete profiles at fixed k; lexicographic tie-break; logFC not used
CYP3A5,0.6,12,8,BRCA;COAD;ESCA;KICH;LIHC;LUAD;PRAD;THCA,0,258,FALSE,1,FALSE,maximum complete profiles at fixed k; lexicographic tie-break; logFC not used
CYP3A5,0.6,12,8,BRCA;COAD;ESCA;KICH;LIHC;LUSC;PRAD;STAD,0,259,FALSE,1,FALSE,maximum complete profiles at fixed k; lexicographic tie-break; logFC not used
CYP3A5,0.6,12,8,BRCA;COAD;ESCA;KICH;LIHC;LUSC;PRAD;THCA,0,260,FALSE,1,FALSE,maximum complete profiles at fixed k; lexicographic tie-break; logFC not used
CYP3A5,0.6,12,8,BRCA;COAD;ESCA;KICH;LIHC;PRAD;STAD;THCA,0,261,FALSE,1,FALSE,maximum complete profiles at fixed k; lexicographic tie-break; logFC not used
CYP3A5,0.6,12,8,BRCA;COAD;ESCA;KICH;LUAD;PRAD;STAD;THCA,0,262,FALSE,1,FALSE,maximum complete profiles at fixed k; lexicographic tie-break; logFC not used
CYP3A5,0.6,12,8,BRCA;COAD;ESCA;KICH;LUSC;PRAD;STAD;THCA,0,263,FALSE,1,FALSE,maximum complete profiles at fixed k; lexicographic tie-break; logFC not used
CYP3A5,0.6,12,8,BRCA;COAD;ESCA;KIRC;KIRP;LIHC;LUAD;PRAD,0,264,FALSE,1,FALSE,maximum complete profiles at fixed k; lexicographic tie-break; logFC not used
CYP3A5,0.6,12,8,BRCA;COAD;ESCA;KIRC;KIRP;LIHC;LUSC;PRAD,0,265,FALSE,1,FALSE,maximum complete profiles at fixed k; lexicographic tie-break; logFC not used
CYP3A5,0.6,12,8,BRCA;COAD;ESCA;KIRC;KIRP;LIHC;PRAD;STAD,0,266,FALSE,1,FALSE,maximum complete profiles at fixed k; lexicographic tie-break; logFC not used
CYP3A5,0.6,12,8,BRCA;COAD;ESCA;KIRC;KIRP;LIHC;PRAD;THCA,0,267,FALSE,1,FALSE,maximum complete profiles at fixed k; lexicographic tie-break; logFC not used
CYP3A5,0.6,12,8,BRCA;COAD;ESCA;KIRC;KIRP;PRAD;STAD;THCA,0,268,FALSE,1,FALSE,maximum complete profiles at fixed k; lexicographic tie-break; logFC not used
CYP3A5,0.6,12,8,BRCA;COAD;ESCA;KIRC;LIHC;LUAD;LUSC;PRAD,0,269,FALSE,1,FALSE,maximum complete profiles at fixed k; lexicographic tie-break; logFC not used
CYP3A5,0.6,12,8,BRCA;COAD;ESCA;KIRC;LIHC;LUAD;PRAD;STAD,0,270,FALSE,1,FALSE,maximum complete profiles at fixed k; lexicographic tie-break; logFC not used
CYP3A5,0.6,12,8,BRCA;COAD;ESCA;KIRC;LIHC;LUAD;PRAD;THCA,0,271,FALSE,1,FALSE,maximum complete profiles at fixed k; lexicographic tie-break; logFC not used
CYP3A5,0.6,12,8,BRCA;COAD;ESCA;KIRC;LIHC;LUSC;PRAD;STAD,0,272,FALSE,1,FALSE,maximum complete profiles at fixed k; lexicographic tie-break; logFC not used
CYP3A5,0.6,12,8,BRCA;COAD;ESCA;KIRC;LIHC;LUSC;PRAD;THCA,0,273,FALSE,1,FALSE,maximum complete profiles at fixed k; lexicographic tie-break; logFC not used
CYP3A5,0.6,12,8,BRCA;COAD;ESCA;KIRC;LIHC;PRAD;STAD;THCA,0,274,FALSE,1,FALSE,maximum complete profiles at fixed k; lexicographic tie-break; logFC not used
CYP3A5,0.6,12,8,BRCA;COAD;ESCA;KIRC;LUAD;PRAD;STAD;THCA,0,275,FALSE,1,FALSE,maximum complete profiles at fixed k; lexicographic tie-break; logFC not used
CYP3A5,0.6,12,8,BRCA;COAD;ESCA;KIRC;LUSC;PRAD;STAD;THCA,0,276,FALSE,1,FALSE,maximum complete profiles at fixed k; lexicographic tie-break; logFC not used
CYP3A5,0.6,12,8,BRCA;COAD;ESCA;KIRP;LIHC;LUAD;LUSC;PRAD,0,277,FALSE,1,FALSE,maximum complete profiles at fixed k; lexicographic tie-break; logFC not used
CYP3A5,0.6,12,8,BRCA;COAD;ESCA;KIRP;LIHC;LUAD;PRAD;STAD,0,278,FALSE,1,FALSE,maximum complete profiles at fixed k; lexicographic tie-break; logFC not used
CYP3A5,0.6,12,8,BRCA;COAD;ESCA;KIRP;LIHC;LUAD;PRAD;THCA,0,279,FALSE,1,FALSE,maximum complete profiles at fixed k; lexicographic tie-break; logFC not used
CYP3A5,0.6,12,8,BRCA;COAD;ESCA;KIRP;LIHC;LUSC;PRAD;STAD,0,280,FALSE,1,FALSE,maximum complete profiles at fixed k; lexicographic tie-break; logFC not used
CYP3A5,0.6,12,8,BRCA;COAD;ESCA;KIRP;LIHC;LUSC;PRAD;THCA,0,281,FALSE,1,FALSE,maximum complete profiles at fixed k; lexicographic tie-break; logFC not used
CYP3A5,0.6,12,8,BRCA;COAD;ESCA;KIRP;LIHC;PRAD;STAD;THCA,0,282,FALSE,1,FALSE,maximum complete profiles at fixed k; lexicographic tie-break; logFC not used
CYP3A5,0.6,12,8,BRCA;COAD;ESCA;KIRP;LUAD;PRAD;STAD;THCA,0,283,FALSE,1,FALSE,maximum complete profiles at fixed k; lexicographic tie-break; logFC not used
CYP3A5,0.6,12,8,BRCA;COAD;ESCA;KIRP;LUSC;PRAD;STAD;THCA,0,284,FALSE,1,FALSE,maximum complete profiles at fixed k; lexicographic tie-break; logFC not used
CYP3A5,0.6,12,8,BRCA;COAD;ESCA;LIHC;LUAD;LUSC;PRAD;STAD,0,285,FALSE,1,FALSE,maximum complete profiles at fixed k; lexicographic tie-break; logFC not used
CYP3A5,0.6,12,8,BRCA;COAD;ESCA;LIHC;LUAD;LUSC;PRAD;THCA,0,286,FALSE,1,FALSE,maximum complete profiles at fixed k; lexicographic tie-break; logFC not used
CYP3A5,0.6,12,8,BRCA;COAD;ESCA;LIHC;LUAD;PRAD;STAD;THCA,0,287,FALSE,1,FALSE,maximum complete profiles at fixed k; lexicographic tie-break; logFC not used
CYP3A5,0.6,12,8,BRCA;COAD;ESCA;LIHC;LUSC;PRAD;STAD;THCA,0,288,FALSE,1,FALSE,maximum complete profiles at fixed k; lexicographic tie-break; logFC not used
CYP3A5,0.6,12,8,BRCA;COAD;ESCA;LUAD;LUSC;PRAD;STAD;THCA,0,289,FALSE,1,FALSE,maximum complete profiles at fixed k; lexicographic tie-break; logFC not used
CYP3A5,0.6,12,8,BRCA;COAD;KICH;KIRC;KIRP;LIHC;LUAD;PRAD,0,290,FALSE,1,FALSE,maximum complete profiles at fixed k; lexicographic tie-break; logFC not used
CYP3A5,0.6,12,8,BRCA;COAD;KICH;KIRC;KIRP;LIHC;LUSC;PRAD,0,291,FALSE,1,FALSE,maximum complete profiles at fixed k; lexicographic tie-break; logFC not used
CYP3A5,0.6,12,8,BRCA;COAD;KICH;KIRC;KIRP;LIHC;PRAD;STAD,0,292,FALSE,1,FALSE,maximum complete profiles at fixed k; lexicographic tie-break; logFC not used
CYP3A5,0.6,12,8,BRCA;COAD;KICH;KIRC;KIRP;LIHC;PRAD;THCA,0,293,FALSE,1,FALSE,maximum complete profiles at fixed k; lexicographic tie-break; logFC not used
CYP3A5,0.6,12,8,BRCA;COAD;KICH;KIRC;LIHC;LUAD;LUSC;PRAD,0,294,FALSE,1,FALSE,maximum complete profiles at fixed k; lexicographic tie-break; logFC not used
CYP3A5,0.6,12,8,BRCA;COAD;KICH;KIRC;LIHC;LUAD;PRAD;STAD,0,295,FALSE,1,FALSE,maximum complete profiles at fixed k; lexicographic tie-break; logFC not used
CYP3A5,0.6,12,8,BRCA;COAD;KICH;KIRC;LIHC;LUAD;PRAD;THCA,0,296,FALSE,1,FALSE,maximum complete profiles at fixed k; lexicographic tie-break; logFC not used
CYP3A5,0.6,12,8,BRCA;COAD;KICH;KIRC;LIHC;LUSC;PRAD;STAD,0,297,FALSE,1,FALSE,maximum complete profiles at fixed k; lexicographic tie-break; logFC not used
CYP3A5,0.6,12,8,BRCA;COAD;KICH;KIRC;LIHC;LUSC;PRAD;THCA,0,298,FALSE,1,FALSE,maximum complete profiles at fixed k; lexicographic tie-break; logFC not used
CYP3A5,0.6,12,8,BRCA;COAD;KICH;KIRC;LIHC;PRAD;STAD;THCA,0,299,FALSE,1,FALSE,maximum complete profiles at fixed k; lexicographic tie-break; logFC not used
CYP3A5,0.6,12,8,BRCA;COAD;KICH;KIRC;LUAD;PRAD;STAD;THCA,0,300,FALSE,1,FALSE,maximum complete profiles at fixed k; lexicographic tie-break; logFC not used
CYP3A5,0.6,12,8,BRCA;COAD;KICH;KIRC;LUSC;PRAD;STAD;THCA,0,301,FALSE,1,FALSE,maximum complete profiles at fixed k; lexicographic tie-break; logFC not used
CYP3A5,0.6,12,8,BRCA;COAD;KICH;KIRP;LIHC;LUAD;LUSC;PRAD,0,302,FALSE,1,FALSE,maximum complete profiles at fixed k; lexicographic tie-break; logFC not used
CYP3A5,0.6,12,8,BRCA;COAD;KICH;KIRP;LIHC;LUAD;PRAD;STAD,0,303,FALSE,1,FALSE,maximum complete profiles at fixed k; lexicographic tie-break; logFC not used
CYP3A5,0.6,12,8,BRCA;COAD;KICH;KIRP;LIHC;LUAD;PRAD;THCA,0,304,FALSE,1,FALSE,maximum complete profiles at fixed k; lexicographic tie-break; logFC not used
CYP3A5,0.6,12,8,BRCA;COAD;KICH;KIRP;LIHC;LUSC;PRAD;STAD,0,305,FALSE,1,FALSE,maximum complete profiles at fixed k; lexicographic tie-break; logFC not used
CYP3A5,0.6,12,8,BRCA;COAD;KICH;KIRP;LIHC;LUSC;PRAD;THCA,0,306,FALSE,1,FALSE,maximum complete profiles at fixed k; lexicographic tie-break; logFC not used
CYP3A5,0.6,12,8,BRCA;COAD;KICH;KIRP;LIHC;PRAD;STAD;THCA,0,307,FALSE,1,FALSE,maximum complete profiles at fixed k; lexicographic tie-break; logFC not used
CYP3A5,0.6,12,8,BRCA;COAD;KICH;KIRP;LUAD;PRAD;STAD;THCA,0,308,FALSE,1,FALSE,maximum complete profiles at fixed k; lexicographic tie-break; logFC not used
CYP3A5,0.6,12,8,BRCA;COAD;KICH;KIRP;LUSC;PRAD;STAD;THCA,0,309,FALSE,1,FALSE,maximum complete profiles at fixed k; lexicographic tie-break; logFC not used
CYP3A5,0.6,12,8,BRCA;COAD;KICH;LIHC;LUAD;LUSC;PRAD;STAD,0,310,FALSE,1,FALSE,maximum complete profiles at fixed k; lexicographic tie-break; logFC not used
CYP3A5,0.6,12,8,BRCA;COAD;KICH;LIHC;LUAD;LUSC;PRAD;THCA,0,311,FALSE,1,FALSE,maximum complete profiles at fixed k; lexicographic tie-break; logFC not used
CYP3A5,0.6,12,8,BRCA;COAD;KICH;LIHC;LUAD;PRAD;STAD;THCA,0,312,FALSE,1,FALSE,maximum complete profiles at fixed k; lexicographic tie-break; logFC not used
CYP3A5,0.6,12,8,BRCA;COAD;KICH;LIHC;LUSC;PRAD;STAD;THCA,0,313,FALSE,1,FALSE,maximum complete profiles at fixed k; lexicographic tie-break; logFC not used
CYP3A5,0.6,12,8,BRCA;COAD;KICH;LUAD;LUSC;PRAD;STAD;THCA,0,314,FALSE,1,FALSE,maximum complete profiles at fixed k; lexicographic tie-break; logFC not used
CYP3A5,0.6,12,8,BRCA;COAD;KIRC;KIRP;LIHC;LUAD;LUSC;PRAD,0,315,FALSE,1,FALSE,maximum complete profiles at fixed k; lexicographic tie-break; logFC not used
CYP3A5,0.6,12,8,BRCA;COAD;KIRC;KIRP;LIHC;LUAD;PRAD;STAD,0,316,FALSE,1,FALSE,maximum complete profiles at fixed k; lexicographic tie-break; logFC not used
CYP3A5,0.6,12,8,BRCA;COAD;KIRC;KIRP;LIHC;LUAD;PRAD;THCA,0,317,FALSE,1,FALSE,maximum complete profiles at fixed k; lexicographic tie-break; logFC not used
CYP3A5,0.6,12,8,BRCA;COAD;KIRC;KIRP;LIHC;LUSC;PRAD;STAD,0,318,FALSE,1,FALSE,maximum complete profiles at fixed k; lexicographic tie-break; logFC not used
CYP3A5,0.6,12,8,BRCA;COAD;KIRC;KIRP;LIHC;LUSC;PRAD;THCA,0,319,FALSE,1,FALSE,maximum complete profiles at fixed k; lexicographic tie-break; logFC not used
CYP3A5,0.6,12,8,BRCA;COAD;KIRC;KIRP;LIHC;PRAD;STAD;THCA,0,320,FALSE,1,FALSE,maximum complete profiles at fixed k; lexicographic tie-break; logFC not used
CYP3A5,0.6,12,8,BRCA;COAD;KIRC;KIRP;LUAD;PRAD;STAD;THCA,0,321,FALSE,1,FALSE,maximum complete profiles at fixed k; lexicographic tie-break; logFC not used
CYP3A5,0.6,12,8,BRCA;COAD;KIRC;KIRP;LUSC;PRAD;STAD;THCA,0,322,FALSE,1,FALSE,maximum complete profiles at fixed k; lexicographic tie-break; logFC not used
CYP3A5,0.6,12,8,BRCA;COAD;KIRC;LIHC;LUAD;LUSC;PRAD;STAD,0,323,FALSE,1,FALSE,maximum complete profiles at fixed k; lexicographic tie-break; logFC not used
CYP3A5,0.6,12,8,BRCA;COAD;KIRC;LIHC;LUAD;LUSC;PRAD;THCA,0,324,FALSE,1,FALSE,maximum complete profiles at fixed k; lexicographic tie-break; logFC not used
CYP3A5,0.6,12,8,BRCA;COAD;KIRC;LIHC;LUAD;PRAD;STAD;THCA,0,325,FALSE,1,FALSE,maximum complete profiles at fixed k; lexicographic tie-break; logFC not used
CYP3A5,0.6,12,8,BRCA;COAD;KIRC;LIHC;LUSC;PRAD;STAD;THCA,0,326,FALSE,1,FALSE,maximum complete profiles at fixed k; lexicographic tie-break; logFC not used
CYP3A5,0.6,12,8,BRCA;COAD;KIRC;LUAD;LUSC;PRAD;STAD;THCA,0,327,FALSE,1,FALSE,maximum complete profiles at fixed k; lexicographic tie-break; logFC not used
CYP3A5,0.6,12,8,BRCA;COAD;KIRP;LIHC;LUAD;LUSC;PRAD;STAD,0,328,FALSE,1,FALSE,maximum complete profiles at fixed k; lexicographic tie-break; logFC not used
CYP3A5,0.6,12,8,BRCA;COAD;KIRP;LIHC;LUAD;LUSC;PRAD;THCA,0,329,FALSE,1,FALSE,maximum complete profiles at fixed k; lexicographic tie-break; logFC not used
CYP3A5,0.6,12,8,BRCA;COAD;KIRP;LIHC;LUAD;PRAD;STAD;THCA,0,330,FALSE,1,FALSE,maximum complete profiles at fixed k; lexicographic tie-break; logFC not used
CYP3A5,0.6,12,8,BRCA;COAD;KIRP;LIHC;LUSC;PRAD;STAD;THCA,0,331,FALSE,1,FALSE,maximum complete profiles at fixed k; lexicographic tie-break; logFC not used
CYP3A5,0.6,12,8,BRCA;COAD;KIRP;LUAD;LUSC;PRAD;STAD;THCA,0,332,FALSE,1,FALSE,maximum complete profiles at fixed k; lexicographic tie-break; logFC not used
CYP3A5,0.6,12,8,BRCA;COAD;LIHC;LUAD;LUSC;PRAD;STAD;THCA,0,333,FALSE,1,FALSE,maximum complete profiles at fixed k; lexicographic tie-break; logFC not used
CYP3A5,0.6,12,8,BRCA;ESCA;KICH;KIRC;KIRP;LIHC;PRAD;STAD,0,334,FALSE,1,FALSE,maximum complete profiles at fixed k; lexicographic tie-break; logFC not used
CYP3A5,0.6,12,8,BRCA;ESCA;KICH;KIRC;KIRP;LIHC;PRAD;THCA,0,335,FALSE,1,FALSE,maximum complete profiles at fixed k; lexicographic tie-break; logFC not used
CYP3A5,0.6,12,8,BRCA;ESCA;KICH;KIRC;KIRP;PRAD;STAD;THCA,0,336,FALSE,1,FALSE,maximum complete profiles at fixed k; lexicographic tie-break; logFC not used
CYP3A5,0.6,12,8,BRCA;ESCA;KICH;KIRC;LIHC;LUAD;PRAD;STAD,0,337,FALSE,1,FALSE,maximum complete profiles at fixed k; lexicographic tie-break; logFC not used
CYP3A5,0.6,12,8,BRCA;ESCA;KICH;KIRC;LIHC;LUAD;PRAD;THCA,0,338,FALSE,1,FALSE,maximum complete profiles at fixed k; lexicographic tie-break; logFC not used
CYP3A5,0.6,12,8,BRCA;ESCA;KICH;KIRC;LIHC;LUSC;PRAD;STAD,0,339,FALSE,1,FALSE,maximum complete profiles at fixed k; lexicographic tie-break; logFC not used
CYP3A5,0.6,12,8,BRCA;ESCA;KICH;KIRC;LIHC;LUSC;PRAD;THCA,0,340,FALSE,1,FALSE,maximum complete profiles at fixed k; lexicographic tie-break; logFC not used
CYP3A5,0.6,12,8,BRCA;ESCA;KICH;KIRC;LIHC;PRAD;STAD;THCA,0,341,FALSE,1,FALSE,maximum complete profiles at fixed k; lexicographic tie-break; logFC not used
CYP3A5,0.6,12,8,BRCA;ESCA;KICH;KIRC;LUAD;PRAD;STAD;THCA,0,342,FALSE,1,FALSE,maximum complete profiles at fixed k; lexicographic tie-break; logFC not used
CYP3A5,0.6,12,8,BRCA;ESCA;KICH;KIRC;LUSC;PRAD;STAD;THCA,0,343,FALSE,1,FALSE,maximum complete profiles at fixed k; lexicographic tie-break; logFC not used
CYP3A5,0.6,12,8,BRCA;ESCA;KICH;KIRP;LIHC;LUAD;PRAD;STAD,0,344,FALSE,1,FALSE,maximum complete profiles at fixed k; lexicographic tie-break; logFC not used
CYP3A5,0.6,12,8,BRCA;ESCA;KICH;KIRP;LIHC;LUAD;PRAD;THCA,0,345,FALSE,1,FALSE,maximum complete profiles at fixed k; lexicographic tie-break; logFC not used
CYP3A5,0.6,12,8,BRCA;ESCA;KICH;KIRP;LIHC;LUSC;PRAD;STAD,0,346,FALSE,1,FALSE,maximum complete profiles at fixed k; lexicographic tie-break; logFC not used
CYP3A5,0.6,12,8,BRCA;ESCA;KICH;KIRP;LIHC;LUSC;PRAD;THCA,0,347,FALSE,1,FALSE,maximum complete profiles at fixed k; lexicographic tie-break; logFC not used
CYP3A5,0.6,12,8,BRCA;ESCA;KICH;KIRP;LIHC;PRAD;STAD;THCA,0,348,FALSE,1,FALSE,maximum complete profiles at fixed k; lexicographic tie-break; logFC not used
CYP3A5,0.6,12,8,BRCA;ESCA;KICH;KIRP;LUAD;PRAD;STAD;THCA,0,349,FALSE,1,FALSE,maximum complete profiles at fixed k; lexicographic tie-break; logFC not used
CYP3A5,0.6,12,8,BRCA;ESCA;KICH;KIRP;LUSC;PRAD;STAD;THCA,0,350,FALSE,1,FALSE,maximum complete profiles at fixed k; lexicographic tie-break; logFC not used
CYP3A5,0.6,12,8,BRCA;ESCA;KICH;LIHC;LUAD;LUSC;PRAD;STAD,0,351,FALSE,1,FALSE,maximum complete profiles at fixed k; lexicographic tie-break; logFC not used
CYP3A5,0.6,12,8,BRCA;ESCA;KICH;LIHC;LUAD;LUSC;PRAD;THCA,0,352,FALSE,1,FALSE,maximum complete profiles at fixed k; lexicographic tie-break; logFC not used
CYP3A5,0.6,12,8,BRCA;ESCA;KICH;LIHC;LUAD;PRAD;STAD;THCA,0,353,FALSE,1,FALSE,maximum complete profiles at fixed k; lexicographic tie-break; logFC not used
CYP3A5,0.6,12,8,BRCA;ESCA;KICH;LIHC;LUSC;PRAD;STAD;THCA,0,354,FALSE,1,FALSE,maximum complete profiles at fixed k; lexicographic tie-break; logFC not used
CYP3A5,0.6,12,8,BRCA;ESCA;KICH;LUAD;LUSC;PRAD;STAD;THCA,0,355,FALSE,1,FALSE,maximum complete profiles at fixed k; lexicographic tie-break; logFC not used
CYP3A5,0.6,12,8,BRCA;ESCA;KIRC;KIRP;LIHC;LUAD;PRAD;STAD,0,356,FALSE,1,FALSE,maximum complete profiles at fixed k; lexicographic tie-break; logFC not used
CYP3A5,0.6,12,8,BRCA;ESCA;KIRC;KIRP;LIHC;LUAD;PRAD;THCA,0,357,FALSE,1,FALSE,maximum complete profiles at fixed k; lexicographic tie-break; logFC not used
CYP3A5,0.6,12,8,BRCA;ESCA;KIRC;KIRP;LIHC;LUSC;PRAD;STAD,0,358,FALSE,1,FALSE,maximum complete profiles at fixed k; lexicographic tie-break; logFC not used
CYP3A5,0.6,12,8,BRCA;ESCA;KIRC;KIRP;LIHC;LUSC;PRAD;THCA,0,359,FALSE,1,FALSE,maximum complete profiles at fixed k; lexicographic tie-break; logFC not used
CYP3A5,0.6,12,8,BRCA;ESCA;KIRC;KIRP;LIHC;PRAD;STAD;THCA,0,360,FALSE,1,FALSE,maximum complete profiles at fixed k; lexicographic tie-break; logFC not used
CYP3A5,0.6,12,8,BRCA;ESCA;KIRC;KIRP;LUAD;PRAD;STAD;THCA,0,361,FALSE,1,FALSE,maximum complete profiles at fixed k; lexicographic tie-break; logFC not used
CYP3A5,0.6,12,8,BRCA;ESCA;KIRC;KIRP;LUSC;PRAD;STAD;THCA,0,362,FALSE,1,FALSE,maximum complete profiles at fixed k; lexicographic tie-break; logFC not used
CYP3A5,0.6,12,8,BRCA;ESCA;KIRC;LIHC;LUAD;LUSC;PRAD;STAD,0,363,FALSE,1,FALSE,maximum complete profiles at fixed k; lexicographic tie-break; logFC not used
CYP3A5,0.6,12,8,BRCA;ESCA;KIRC;LIHC;LUAD;LUSC;PRAD;THCA,0,364,FALSE,1,FALSE,maximum complete profiles at fixed k; lexicographic tie-break; logFC not used
CYP3A5,0.6,12,8,BRCA;ESCA;KIRC;LIHC;LUAD;PRAD;STAD;THCA,0,365,FALSE,1,FALSE,maximum complete profiles at fixed k; lexicographic tie-break; logFC not used
CYP3A5,0.6,12,8,BRCA;ESCA;KIRC;LIHC;LUSC;PRAD;STAD;THCA,0,366,FALSE,1,FALSE,maximum complete profiles at fixed k; lexicographic tie-break; logFC not used
CYP3A5,0.6,12,8,BRCA;ESCA;KIRC;LUAD;LUSC;PRAD;STAD;THCA,0,367,FALSE,1,FALSE,maximum complete profiles at fixed k; lexicographic tie-break; logFC not used
CYP3A5,0.6,12,8,BRCA;ESCA;KIRP;LIHC;LUAD;LUSC;PRAD;STAD,0,368,FALSE,1,FALSE,maximum complete profiles at fixed k; lexicographic tie-break; logFC not used
CYP3A5,0.6,12,8,BRCA;ESCA;KIRP;LIHC;LUAD;LUSC;PRAD;THCA,0,369,FALSE,1,FALSE,maximum complete profiles at fixed k; lexicographic tie-break; logFC not used
CYP3A5,0.6,12,8,BRCA;ESCA;KIRP;LIHC;LUAD;PRAD;STAD;THCA,0,370,FALSE,1,FALSE,maximum complete profiles at fixed k; lexicographic tie-break; logFC not used
CYP3A5,0.6,12,8,BRCA;ESCA;KIRP;LIHC;LUSC;PRAD;STAD;THCA,0,371,FALSE,1,FALSE,maximum complete profiles at fixed k; lexicographic tie-break; logFC not used
CYP3A5,0.6,12,8,BRCA;ESCA;KIRP;LUAD;LUSC;PRAD;STAD;THCA,0,372,FALSE,1,FALSE,maximum complete profiles at fixed k; lexicographic tie-break; logFC not used
CYP3A5,0.6,12,8,BRCA;ESCA;LIHC;LUAD;LUSC;PRAD;STAD;THCA,0,373,FALSE,1,FALSE,maximum complete profiles at fixed k; lexicographic tie-break; logFC not used
CYP3A5,0.6,12,8,BRCA;KICH;KIRC;KIRP;LIHC;LUAD;PRAD;THCA,0,374,FALSE,1,FALSE,maximum complete profiles at fixed k; lexicographic tie-break; logFC not used
CYP3A5,0.6,12,8,BRCA;KICH;KIRC;KIRP;LIHC;LUSC;PRAD;THCA,0,375,FALSE,1,FALSE,maximum complete profiles at fixed k; lexicographic tie-break; logFC not used
CYP3A5,0.6,12,8,BRCA;KICH;KIRC;KIRP;LIHC;PRAD;STAD;THCA,0,376,FALSE,1,FALSE,maximum complete profiles at fixed k; lexicographic tie-break; logFC not used
CYP3A5,0.6,12,8,BRCA;KICH;KIRC;KIRP;LUAD;PRAD;STAD;THCA,0,377,FALSE,1,FALSE,maximum complete profiles at fixed k; lexicographic tie-break; logFC not used
CYP3A5,0.6,12,8,BRCA;KICH;KIRC;KIRP;LUSC;PRAD;STAD;THCA,0,378,FALSE,1,FALSE,maximum complete profiles at fixed k; lexicographic tie-break; logFC not used
CYP3A5,0.6,12,8,BRCA;KICH;KIRC;LIHC;LUAD;LUSC;PRAD;THCA,0,379,FALSE,1,FALSE,maximum complete profiles at fixed k; lexicographic tie-break; logFC not used
CYP3A5,0.6,12,8,BRCA;KICH;KIRC;LIHC;LUAD;PRAD;STAD;THCA,0,380,FALSE,1,FALSE,maximum complete profiles at fixed k; lexicographic tie-break; logFC not used
CYP3A5,0.6,12,8,BRCA;KICH;KIRC;LIHC;LUSC;PRAD;STAD;THCA,0,381,FALSE,1,FALSE,maximum complete profiles at fixed k; lexicographic tie-break; logFC not used
CYP3A5,0.6,12,8,BRCA;KICH;KIRC;LUAD;LUSC;PRAD;STAD;THCA,0,382,FALSE,1,FALSE,maximum complete profiles at fixed k; lexicographic tie-break; logFC not used
CYP3A5,0.6,12,8,BRCA;KICH;KIRP;LIHC;LUAD;LUSC;PRAD;THCA,0,383,FALSE,1,FALSE,maximum complete profiles at fixed k; lexicographic tie-break; logFC not used
CYP3A5,0.6,12,8,BRCA;KICH;KIRP;LIHC;LUAD;PRAD;STAD;THCA,0,384,FALSE,1,FALSE,maximum complete profiles at fixed k; lexicographic tie-break; logFC not used
CYP3A5,0.6,12,8,BRCA;KICH;KIRP;LIHC;LUSC;PRAD;STAD;THCA,0,385,FALSE,1,FALSE,maximum complete profiles at fixed k; lexicographic tie-break; logFC not used
CYP3A5,0.6,12,8,BRCA;KICH;KIRP;LUAD;LUSC;PRAD;STAD;THCA,0,386,FALSE,1,FALSE,maximum complete profiles at fixed k; lexicographic tie-break; logFC not used
CYP3A5,0.6,12,8,BRCA;KICH;LIHC;LUAD;LUSC;PRAD;STAD;THCA,0,387,FALSE,1,FALSE,maximum complete profiles at fixed k; lexicographic tie-break; logFC not used
CYP3A5,0.6,12,8,BRCA;KIRC;KIRP;LIHC;LUAD;LUSC;PRAD;THCA,0,388,FALSE,1,FALSE,maximum complete profiles at fixed k; lexicographic tie-break; logFC not used
CYP3A5,0.6,12,8,BRCA;KIRC;KIRP;LIHC;LUAD;PRAD;STAD;THCA,0,389,FALSE,1,FALSE,maximum complete profiles at fixed k; lexicographic tie-break; logFC not used
CYP3A5,0.6,12,8,BRCA;KIRC;KIRP;LIHC;LUSC;PRAD;STAD;THCA,0,390,FALSE,1,FALSE,maximum complete profiles at fixed k; lexicographic tie-break; logFC not used
CYP3A5,0.6,12,8,BRCA;KIRC;KIRP;LUAD;LUSC;PRAD;STAD;THCA,0,391,FALSE,1,FALSE,maximum complete profiles at fixed k; lexicographic tie-break; logFC not used
CYP3A5,0.6,12,8,BRCA;KIRC;LIHC;LUAD;LUSC;PRAD;STAD;THCA,0,392,FALSE,1,FALSE,maximum complete profiles at fixed k; lexicographic tie-break; logFC not used
CYP3A5,0.6,12,8,BRCA;KIRP;LIHC;LUAD;LUSC;PRAD;STAD;THCA,0,393,FALSE,1,FALSE,maximum complete profiles at fixed k; lexicographic tie-break; logFC not used
CYP3A5,0.6,12,8,COAD;ESCA;KICH;KIRC;KIRP;LIHC;LUAD;PRAD,0,394,FALSE,1,FALSE,maximum complete profiles at fixed k; lexicographic tie-break; logFC not used
CYP3A5,0.6,12,8,COAD;ESCA;KICH;KIRC;KIRP;LIHC;LUSC;PRAD,0,395,FALSE,1,FALSE,maximum complete profiles at fixed k; lexicographic tie-break; logFC not used
CYP3A5,0.6,12,8,COAD;ESCA;KICH;KIRC;KIRP;LIHC;PRAD;THCA,0,396,FALSE,1,FALSE,maximum complete profiles at fixed k; lexicographic tie-break; logFC not used
CYP3A5,0.6,12,8,COAD;ESCA;KICH;KIRC;KIRP;PRAD;STAD;THCA,0,397,FALSE,1,FALSE,maximum complete profiles at fixed k; lexicographic tie-break; logFC not used
CYP3A5,0.6,12,8,COAD;ESCA;KICH;KIRC;LIHC;LUAD;LUSC;PRAD,0,398,FALSE,1,FALSE,maximum complete profiles at fixed k; lexicographic tie-break; logFC not used
CYP3A5,0.6,12,8,COAD;ESCA;KICH;KIRC;LIHC;LUAD;PRAD;STAD,0,399,FALSE,1,FALSE,maximum complete profiles at fixed k; lexicographic tie-break; logFC not used
CYP3A5,0.6,12,8,COAD;ESCA;KICH;KIRC;LIHC;LUAD;PRAD;THCA,0,400,FALSE,1,FALSE,maximum complete profiles at fixed k; lexicographic tie-break; logFC not used
CYP3A5,0.6,12,8,COAD;ESCA;KICH;KIRC;LIHC;LUSC;PRAD;STAD,0,401,FALSE,1,FALSE,maximum complete profiles at fixed k; lexicographic tie-break; logFC not used
CYP3A5,0.6,12,8,COAD;ESCA;KICH;KIRC;LIHC;LUSC;PRAD;THCA,0,402,FALSE,1,FALSE,maximum complete profiles at fixed k; lexicographic tie-break; logFC not used
CYP3A5,0.6,12,8,COAD;ESCA;KICH;KIRC;LIHC;PRAD;STAD;THCA,0,403,FALSE,1,FALSE,maximum complete profiles at fixed k; lexicographic tie-break; logFC not used
CYP3A5,0.6,12,8,COAD;ESCA;KICH;KIRC;LUAD;PRAD;STAD;THCA,0,404,FALSE,1,FALSE,maximum complete profiles at fixed k; lexicographic tie-break; logFC not used
CYP3A5,0.6,12,8,COAD;ESCA;KICH;KIRC;LUSC;PRAD;STAD;THCA,0,405,FALSE,1,FALSE,maximum complete profiles at fixed k; lexicographic tie-break; logFC not used
CYP3A5,0.6,12,8,COAD;ESCA;KICH;KIRP;LIHC;LUAD;LUSC;PRAD,0,406,FALSE,1,FALSE,maximum complete profiles at fixed k; lexicographic tie-break; logFC not used
CYP3A5,0.6,12,8,COAD;ESCA;KICH;KIRP;LIHC;LUAD;PRAD;STAD,0,407,FALSE,1,FALSE,maximum complete profiles at fixed k; lexicographic tie-break; logFC not used
CYP3A5,0.6,12,8,COAD;ESCA;KICH;KIRP;LIHC;LUAD;PRAD;THCA,0,408,FALSE,1,FALSE,maximum complete profiles at fixed k; lexicographic tie-break; logFC not used
CYP3A5,0.6,12,8,COAD;ESCA;KICH;KIRP;LIHC;LUSC;PRAD;STAD,0,409,FALSE,1,FALSE,maximum complete profiles at fixed k; lexicographic tie-break; logFC not used
CYP3A5,0.6,12,8,COAD;ESCA;KICH;KIRP;LIHC;LUSC;PRAD;THCA,0,410,FALSE,1,FALSE,maximum complete profiles at fixed k; lexicographic tie-break; logFC not used
CYP3A5,0.6,12,8,COAD;ESCA;KICH;KIRP;LIHC;PRAD;STAD;THCA,0,411,FALSE,1,FALSE,maximum complete profiles at fixed k; lexicographic tie-break; logFC not used
CYP3A5,0.6,12,8,COAD;ESCA;KICH;KIRP;LUAD;PRAD;STAD;THCA,0,412,FALSE,1,FALSE,maximum complete profiles at fixed k; lexicographic tie-break; logFC not used
CYP3A5,0.6,12,8,COAD;ESCA;KICH;KIRP;LUSC;PRAD;STAD;THCA,0,413,FALSE,1,FALSE,maximum complete profiles at fixed k; lexicographic tie-break; logFC not used
CYP3A5,0.6,12,8,COAD;ESCA;KICH;LIHC;LUAD;LUSC;PRAD;STAD,0,414,FALSE,1,FALSE,maximum complete profiles at fixed k; lexicographic tie-break; logFC not used
CYP3A5,0.6,12,8,COAD;ESCA;KICH;LIHC;LUAD;LUSC;PRAD;THCA,0,415,FALSE,1,FALSE,maximum complete profiles at fixed k; lexicographic tie-break; logFC not used
CYP3A5,0.6,12,8,COAD;ESCA;KICH;LIHC;LUAD;PRAD;STAD;THCA,0,416,FALSE,1,FALSE,maximum complete profiles at fixed k; lexicographic tie-break; logFC not used
CYP3A5,0.6,12,8,COAD;ESCA;KICH;LIHC;LUSC;PRAD;STAD;THCA,0,417,FALSE,1,FALSE,maximum complete profiles at fixed k; lexicographic tie-break; logFC not used
CYP3A5,0.6,12,8,COAD;ESCA;KICH;LUAD;LUSC;PRAD;STAD;THCA,0,418,FALSE,1,FALSE,maximum complete profiles at fixed k; lexicographic tie-break; logFC not used
CYP3A5,0.6,12,8,COAD;ESCA;KIRC;KIRP;LIHC;LUAD;LUSC;PRAD,0,419,FALSE,1,FALSE,maximum complete profiles at fixed k; lexicographic tie-break; logFC not used
CYP3A5,0.6,12,8,COAD;ESCA;KIRC;KIRP;LIHC;LUAD;PRAD;STAD,0,420,FALSE,1,FALSE,maximum complete profiles at fixed k; lexicographic tie-break; logFC not used
CYP3A5,0.6,12,8,COAD;ESCA;KIRC;KIRP;LIHC;LUAD;PRAD;THCA,0,421,FALSE,1,FALSE,maximum complete profiles at fixed k; lexicographic tie-break; logFC not used
CYP3A5,0.6,12,8,COAD;ESCA;KIRC;KIRP;LIHC;LUSC;PRAD;STAD,0,422,FALSE,1,FALSE,maximum complete profiles at fixed k; lexicographic tie-break; logFC not used
CYP3A5,0.6,12,8,COAD;ESCA;KIRC;KIRP;LIHC;LUSC;PRAD;THCA,0,423,FALSE,1,FALSE,maximum complete profiles at fixed k; lexicographic tie-break; logFC not used
CYP3A5,0.6,12,8,COAD;ESCA;KIRC;KIRP;LIHC;PRAD;STAD;THCA,0,424,FALSE,1,FALSE,maximum complete profiles at fixed k; lexicographic tie-break; logFC not used
CYP3A5,0.6,12,8,COAD;ESCA;KIRC;KIRP;LUAD;PRAD;STAD;THCA,0,425,FALSE,1,FALSE,maximum complete profiles at fixed k; lexicographic tie-break; logFC not used
CYP3A5,0.6,12,8,COAD;ESCA;KIRC;KIRP;LUSC;PRAD;STAD;THCA,0,426,FALSE,1,FALSE,maximum complete profiles at fixed k; lexicographic tie-break; logFC not used
CYP3A5,0.6,12,8,COAD;ESCA;KIRC;LIHC;LUAD;LUSC;PRAD;STAD,0,427,FALSE,1,FALSE,maximum complete profiles at fixed k; lexicographic tie-break; logFC not used
CYP3A5,0.6,12,8,COAD;ESCA;KIRC;LIHC;LUAD;LUSC;PRAD;THCA,0,428,FALSE,1,FALSE,maximum complete profiles at fixed k; lexicographic tie-break; logFC not used
CYP3A5,0.6,12,8,COAD;ESCA;KIRC;LIHC;LUAD;PRAD;STAD;THCA,0,429,FALSE,1,FALSE,maximum complete profiles at fixed k; lexicographic tie-break; logFC not used
CYP3A5,0.6,12,8,COAD;ESCA;KIRC;LIHC;LUSC;PRAD;STAD;THCA,0,430,FALSE,1,FALSE,maximum complete profiles at fixed k; lexicographic tie-break; logFC not used
CYP3A5,0.6,12,8,COAD;ESCA;KIRC;LUAD;LUSC;PRAD;STAD;THCA,0,431,FALSE,1,FALSE,maximum complete profiles at fixed k; lexicographic tie-break; logFC not used
CYP3A5,0.6,12,8,COAD;ESCA;KIRP;LIHC;LUAD;LUSC;PRAD;STAD,0,432,FALSE,1,FALSE,maximum complete profiles at fixed k; lexicographic tie-break; logFC not used
CYP3A5,0.6,12,8,COAD;ESCA;KIRP;LIHC;LUAD;LUSC;PRAD;THCA,0,433,FALSE,1,FALSE,maximum complete profiles at fixed k; lexicographic tie-break; logFC not used
CYP3A5,0.6,12,8,COAD;ESCA;KIRP;LIHC;LUAD;PRAD;STAD;THCA,0,434,FALSE,1,FALSE,maximum complete profiles at fixed k; lexicographic tie-break; logFC not used
CYP3A5,0.6,12,8,COAD;ESCA;KIRP;LIHC;LUSC;PRAD;STAD;THCA,0,435,FALSE,1,FALSE,maximum complete profiles at fixed k; lexicographic tie-break; logFC not used
CYP3A5,0.6,12,8,COAD;ESCA;KIRP;LUAD;LUSC;PRAD;STAD;THCA,0,436,FALSE,1,FALSE,maximum complete profiles at fixed k; lexicographic tie-break; logFC not used
CYP3A5,0.6,12,8,COAD;ESCA;LIHC;LUAD;LUSC;PRAD;STAD;THCA,0,437,FALSE,1,FALSE,maximum complete profiles at fixed k; lexicographic tie-break; logFC not used
CYP3A5,0.6,12,8,COAD;KICH;KIRC;KIRP;LIHC;LUAD;LUSC;PRAD,0,438,FALSE,1,FALSE,maximum complete profiles at fixed k; lexicographic tie-break; logFC not used
CYP3A5,0.6,12,8,COAD;KICH;KIRC;KIRP;LIHC;LUAD;PRAD;STAD,0,439,FALSE,1,FALSE,maximum complete profiles at fixed k; lexicographic tie-break; logFC not used
CYP3A5,0.6,12,8,COAD;KICH;KIRC;KIRP;LIHC;LUAD;PRAD;THCA,0,440,FALSE,1,FALSE,maximum complete profiles at fixed k; lexicographic tie-break; logFC not used
CYP3A5,0.6,12,8,COAD;KICH;KIRC;KIRP;LIHC;LUSC;PRAD;STAD,0,441,FALSE,1,FALSE,maximum complete profiles at fixed k; lexicographic tie-break; logFC not used
CYP3A5,0.6,12,8,COAD;KICH;KIRC;KIRP;LIHC;LUSC;PRAD;THCA,0,442,FALSE,1,FALSE,maximum complete profiles at fixed k; lexicographic tie-break; logFC not used
CYP3A5,0.6,12,8,COAD;KICH;KIRC;KIRP;LIHC;PRAD;STAD;THCA,0,443,FALSE,1,FALSE,maximum complete profiles at fixed k; lexicographic tie-break; logFC not used
CYP3A5,0.6,12,8,COAD;KICH;KIRC;KIRP;LUAD;PRAD;STAD;THCA,0,444,FALSE,1,FALSE,maximum complete profiles at fixed k; lexicographic tie-break; logFC not used
CYP3A5,0.6,12,8,COAD;KICH;KIRC;KIRP;LUSC;PRAD;STAD;THCA,0,445,FALSE,1,FALSE,maximum complete profiles at fixed k; lexicographic tie-break; logFC not used
CYP3A5,0.6,12,8,COAD;KICH;KIRC;LIHC;LUAD;LUSC;PRAD;STAD,0,446,FALSE,1,FALSE,maximum complete profiles at fixed k; lexicographic tie-break; logFC not used
CYP3A5,0.6,12,8,COAD;KICH;KIRC;LIHC;LUAD;LUSC;PRAD;THCA,0,447,FALSE,1,FALSE,maximum complete profiles at fixed k; lexicographic tie-break; logFC not used
CYP3A5,0.6,12,8,COAD;KICH;KIRC;LIHC;LUAD;PRAD;STAD;THCA,0,448,FALSE,1,FALSE,maximum complete profiles at fixed k; lexicographic tie-break; logFC not used
CYP3A5,0.6,12,8,COAD;KICH;KIRC;LIHC;LUSC;PRAD;STAD;THCA,0,449,FALSE,1,FALSE,maximum complete profiles at fixed k; lexicographic tie-break; logFC not used
CYP3A5,0.6,12,8,COAD;KICH;KIRC;LUAD;LUSC;PRAD;STAD;THCA,0,450,FALSE,1,FALSE,maximum complete profiles at fixed k; lexicographic tie-break; logFC not used
CYP3A5,0.6,12,8,COAD;KICH;KIRP;LIHC;LUAD;LUSC;PRAD;STAD,0,451,FALSE,1,FALSE,maximum complete profiles at fixed k; lexicographic tie-break; logFC not used
CYP3A5,0.6,12,8,COAD;KICH;KIRP;LIHC;LUAD;LUSC;PRAD;THCA,0,452,FALSE,1,FALSE,maximum complete profiles at fixed k; lexicographic tie-break; logFC not used
CYP3A5,0.6,12,8,COAD;KICH;KIRP;LIHC;LUAD;PRAD;STAD;THCA,0,453,FALSE,1,FALSE,maximum complete profiles at fixed k; lexicographic tie-break; logFC not used
CYP3A5,0.6,12,8,COAD;KICH;KIRP;LIHC;LUSC;PRAD;STAD;THCA,0,454,FALSE,1,FALSE,maximum complete profiles at fixed k; lexicographic tie-break; logFC not used
CYP3A5,0.6,12,8,COAD;KICH;KIRP;LUAD;LUSC;PRAD;STAD;THCA,0,455,FALSE,1,FALSE,maximum complete profiles at fixed k; lexicographic tie-break; logFC not used
CYP3A5,0.6,12,8,COAD;KICH;LIHC;LUAD;LUSC;PRAD;STAD;THCA,0,456,FALSE,1,FALSE,maximum complete profiles at fixed k; lexicographic tie-break; logFC not used
CYP3A5,0.6,12,8,COAD;KIRC;KIRP;LIHC;LUAD;LUSC;PRAD;STAD,0,457,FALSE,1,FALSE,maximum complete profiles at fixed k; lexicographic tie-break; logFC not used
CYP3A5,0.6,12,8,COAD;KIRC;KIRP;LIHC;LUAD;LUSC;PRAD;THCA,0,458,FALSE,1,FALSE,maximum complete profiles at fixed k; lexicographic tie-break; logFC not used
CYP3A5,0.6,12,8,COAD;KIRC;KIRP;LIHC;LUAD;PRAD;STAD;THCA,0,459,FALSE,1,FALSE,maximum complete profiles at fixed k; lexicographic tie-break; logFC not used
CYP3A5,0.6,12,8,COAD;KIRC;KIRP;LIHC;LUSC;PRAD;STAD;THCA,0,460,FALSE,1,FALSE,maximum complete profiles at fixed k; lexicographic tie-break; logFC not used
CYP3A5,0.6,12,8,COAD;KIRC;KIRP;LUAD;LUSC;PRAD;STAD;THCA,0,461,FALSE,1,FALSE,maximum complete profiles at fixed k; lexicographic tie-break; logFC not used
CYP3A5,0.6,12,8,COAD;KIRC;LIHC;LUAD;LUSC;PRAD;STAD;THCA,0,462,FALSE,1,FALSE,maximum complete profiles at fixed k; lexicographic tie-break; logFC not used
CYP3A5,0.6,12,8,COAD;KIRP;LIHC;LUAD;LUSC;PRAD;STAD;THCA,0,463,FALSE,1,FALSE,maximum complete profiles at fixed k; lexicographic tie-break; logFC not used
CYP3A5,0.6,12,8,ESCA;KICH;KIRC;KIRP;LIHC;LUAD;PRAD;STAD,0,464,FALSE,1,FALSE,maximum complete profiles at fixed k; lexicographic tie-break; logFC not used
CYP3A5,0.6,12,8,ESCA;KICH;KIRC;KIRP;LIHC;LUAD;PRAD;THCA,0,465,FALSE,1,FALSE,maximum complete profiles at fixed k; lexicographic tie-break; logFC not used
CYP3A5,0.6,12,8,ESCA;KICH;KIRC;KIRP;LIHC;LUSC;PRAD;STAD,0,466,FALSE,1,FALSE,maximum complete profiles at fixed k; lexicographic tie-break; logFC not used
CYP3A5,0.6,12,8,ESCA;KICH;KIRC;KIRP;LIHC;LUSC;PRAD;THCA,0,467,FALSE,1,FALSE,maximum complete profiles at fixed k; lexicographic tie-break; logFC not used
CYP3A5,0.6,12,8,ESCA;KICH;KIRC;KIRP;LIHC;PRAD;STAD;THCA,0,468,FALSE,1,FALSE,maximum complete profiles at fixed k; lexicographic tie-break; logFC not used
CYP3A5,0.6,12,8,ESCA;KICH;KIRC;KIRP;LUAD;PRAD;STAD;THCA,0,469,FALSE,1,FALSE,maximum complete profiles at fixed k; lexicographic tie-break; logFC not used
CYP3A5,0.6,12,8,ESCA;KICH;KIRC;KIRP;LUSC;PRAD;STAD;THCA,0,470,FALSE,1,FALSE,maximum complete profiles at fixed k; lexicographic tie-break; logFC not used
CYP3A5,0.6,12,8,ESCA;KICH;KIRC;LIHC;LUAD;LUSC;PRAD;STAD,0,471,FALSE,1,FALSE,maximum complete profiles at fixed k; lexicographic tie-break; logFC not used
CYP3A5,0.6,12,8,ESCA;KICH;KIRC;LIHC;LUAD;LUSC;PRAD;THCA,0,472,FALSE,1,FALSE,maximum complete profiles at fixed k; lexicographic tie-break; logFC not used
CYP3A5,0.6,12,8,ESCA;KICH;KIRC;LIHC;LUAD;PRAD;STAD;THCA,0,473,FALSE,1,FALSE,maximum complete profiles at fixed k; lexicographic tie-break; logFC not used
CYP3A5,0.6,12,8,ESCA;KICH;KIRC;LIHC;LUSC;PRAD;STAD;THCA,0,474,FALSE,1,FALSE,maximum complete profiles at fixed k; lexicographic tie-break; logFC not used
CYP3A5,0.6,12,8,ESCA;KICH;KIRC;LUAD;LUSC;PRAD;STAD;THCA,0,475,FALSE,1,FALSE,maximum complete profiles at fixed k; lexicographic tie-break; logFC not used
CYP3A5,0.6,12,8,ESCA;KICH;KIRP;LIHC;LUAD;LUSC;PRAD;STAD,0,476,FALSE,1,FALSE,maximum complete profiles at fixed k; lexicographic tie-break; logFC not used
CYP3A5,0.6,12,8,ESCA;KICH;KIRP;LIHC;LUAD;LUSC;PRAD;THCA,0,477,FALSE,1,FALSE,maximum complete profiles at fixed k; lexicographic tie-break; logFC not used
CYP3A5,0.6,12,8,ESCA;KICH;KIRP;LIHC;LUAD;PRAD;STAD;THCA,0,478,FALSE,1,FALSE,maximum complete profiles at fixed k; lexicographic tie-break; logFC not used
CYP3A5,0.6,12,8,ESCA;KICH;KIRP;LIHC;LUSC;PRAD;STAD;THCA,0,479,FALSE,1,FALSE,maximum complete profiles at fixed k; lexicographic tie-break; logFC not used
CYP3A5,0.6,12,8,ESCA;KICH;KIRP;LUAD;LUSC;PRAD;STAD;THCA,0,480,FALSE,1,FALSE,maximum complete profiles at fixed k; lexicographic tie-break; logFC not used
CYP3A5,0.6,12,8,ESCA;KICH;LIHC;LUAD;LUSC;PRAD;STAD;THCA,0,481,FALSE,1,FALSE,maximum complete profiles at fixed k; lexicographic tie-break; logFC not used
CYP3A5,0.6,12,8,ESCA;KIRC;KIRP;LIHC;LUAD;LUSC;PRAD;STAD,0,482,FALSE,1,FALSE,maximum complete profiles at fixed k; lexicographic tie-break; logFC not used
CYP3A5,0.6,12,8,ESCA;KIRC;KIRP;LIHC;LUAD;LUSC;PRAD;THCA,0,483,FALSE,1,FALSE,maximum complete profiles at fixed k; lexicographic tie-break; logFC not used
CYP3A5,0.6,12,8,ESCA;KIRC;KIRP;LIHC;LUAD;PRAD;STAD;THCA,0,484,FALSE,1,FALSE,maximum complete profiles at fixed k; lexicographic tie-break; logFC not used
CYP3A5,0.6,12,8,ESCA;KIRC;KIRP;LIHC;LUSC;PRAD;STAD;THCA,0,485,FALSE,1,FALSE,maximum complete profiles at fixed k; lexicographic tie-break; logFC not used
CYP3A5,0.6,12,8,ESCA;KIRC;KIRP;LUAD;LUSC;PRAD;STAD;THCA,0,486,FALSE,1,FALSE,maximum complete profiles at fixed k; lexicographic tie-break; logFC not used
CYP3A5,0.6,12,8,ESCA;KIRC;LIHC;LUAD;LUSC;PRAD;STAD;THCA,0,487,FALSE,1,FALSE,maximum complete profiles at fixed k; lexicographic tie-break; logFC not used
CYP3A5,0.6,12,8,ESCA;KIRP;LIHC;LUAD;LUSC;PRAD;STAD;THCA,0,488,FALSE,1,FALSE,maximum complete profiles at fixed k; lexicographic tie-break; logFC not used
CYP3A5,0.6,12,8,KICH;KIRC;KIRP;LIHC;LUAD;LUSC;PRAD;THCA,0,489,FALSE,1,FALSE,maximum complete profiles at fixed k; lexicographic tie-break; logFC not used
CYP3A5,0.6,12,8,KICH;KIRC;KIRP;LIHC;LUAD;PRAD;STAD;THCA,0,490,FALSE,1,FALSE,maximum complete profiles at fixed k; lexicographic tie-break; logFC not used
CYP3A5,0.6,12,8,KICH;KIRC;KIRP;LIHC;LUSC;PRAD;STAD;THCA,0,491,FALSE,1,FALSE,maximum complete profiles at fixed k; lexicographic tie-break; logFC not used
CYP3A5,0.6,12,8,KICH;KIRC;KIRP;LUAD;LUSC;PRAD;STAD;THCA,0,492,FALSE,1,FALSE,maximum complete profiles at fixed k; lexicographic tie-break; logFC not used
CYP3A5,0.6,12,8,KICH;KIRC;LIHC;LUAD;LUSC;PRAD;STAD;THCA,0,493,FALSE,1,FALSE,maximum complete profiles at fixed k; lexicographic tie-break; logFC not used
CYP3A5,0.6,12,8,KICH;KIRP;LIHC;LUAD;LUSC;PRAD;STAD;THCA,0,494,FALSE,1,FALSE,maximum complete profiles at fixed k; lexicographic tie-break; logFC not used
CYP3A5,0.6,12,8,KIRC;KIRP;LIHC;LUAD;LUSC;PRAD;STAD;THCA,0,495,FALSE,1,FALSE,maximum complete profiles at fixed k; lexicographic tie-break; logFC not used
CYP3A5,0.7,12,9,BRCA;COAD;ESCA;KICH;KIRC;KIRP;LUAD;LUSC;STAD,12,1,TRUE,1,FALSE,maximum complete profiles at fixed k; lexicographic tie-break; logFC not used
CYP3A5,0.7,12,9,BRCA;COAD;ESCA;KICH;KIRC;KIRP;LUAD;LUSC;PRAD,10,2,FALSE,1,FALSE,maximum complete profiles at fixed k; lexicographic tie-break; logFC not used
CYP3A5,0.7,12,9,BRCA;ESCA;KICH;KIRC;KIRP;LUAD;LUSC;PRAD;STAD,8,3,FALSE,1,FALSE,maximum complete profiles at fixed k; lexicographic tie-break; logFC not used
CYP3A5,0.7,12,9,COAD;ESCA;KICH;KIRC;KIRP;LUAD;LUSC;PRAD;STAD,8,4,FALSE,1,FALSE,maximum complete profiles at fixed k; lexicographic tie-break; logFC not used
CYP3A5,0.7,12,9,BRCA;COAD;KICH;KIRC;KIRP;LUAD;LUSC;PRAD;STAD,7,5,FALSE,1,FALSE,maximum complete profiles at fixed k; lexicographic tie-break; logFC not used
CYP3A5,0.7,12,9,BRCA;COAD;ESCA;KICH;KIRC;KIRP;LUAD;PRAD;STAD,5,6,FALSE,1,FALSE,maximum complete profiles at fixed k; lexicographic tie-break; logFC not used
CYP3A5,0.7,12,9,BRCA;COAD;ESCA;KICH;KIRC;KIRP;LUSC;PRAD;STAD,5,7,FALSE,1,FALSE,maximum complete profiles at fixed k; lexicographic tie-break; logFC not used
CYP3A5,0.7,12,9,BRCA;COAD;ESCA;KICH;KIRC;LUAD;LUSC;PRAD;STAD,5,8,FALSE,1,FALSE,maximum complete profiles at fixed k; lexicographic tie-break; logFC not used
CYP3A5,0.7,12,9,BRCA;COAD;ESCA;KICH;KIRP;LUAD;LUSC;PRAD;STAD,5,9,FALSE,1,FALSE,maximum complete profiles at fixed k; lexicographic tie-break; logFC not used
CYP3A5,0.7,12,9,BRCA;COAD;ESCA;KIRC;KIRP;LUAD;LUSC;PRAD;STAD,5,10,FALSE,1,FALSE,maximum complete profiles at fixed k; lexicographic tie-break; logFC not used
CYP3A5,0.7,12,9,BRCA;COAD;ESCA;KICH;KIRC;KIRP;LUAD;LUSC;THCA,3,11,FALSE,1,FALSE,maximum complete profiles at fixed k; lexicographic tie-break; logFC not used
CYP3A5,0.7,12,9,BRCA;COAD;KICH;KIRC;KIRP;LIHC;LUAD;LUSC;STAD,2,12,FALSE,1,FALSE,maximum complete profiles at fixed k; lexicographic tie-break; logFC not used
CYP3A5,0.7,12,9,COAD;ESCA;KICH;KIRC;KIRP;LIHC;LUAD;LUSC;THCA,2,13,FALSE,1,FALSE,maximum complete profiles at fixed k; lexicographic tie-break; logFC not used
CYP3A5,0.7,12,9,BRCA;COAD;ESCA;KICH;KIRC;KIRP;LIHC;LUAD;LUSC,1,14,FALSE,1,FALSE,maximum complete profiles at fixed k; lexicographic tie-break; logFC not used
CYP3A5,0.7,12,9,BRCA;COAD;ESCA;KICH;KIRC;KIRP;LIHC;LUAD;STAD,1,15,FALSE,1,FALSE,maximum complete profiles at fixed k; lexicographic tie-break; logFC not used
CYP3A5,0.7,12,9,BRCA;COAD;ESCA;KICH;KIRC;KIRP;LIHC;LUAD;THCA,1,16,FALSE,1,FALSE,maximum complete profiles at fixed k; lexicographic tie-break; logFC not used
CYP3A5,0.7,12,9,BRCA;COAD;ESCA;KICH;KIRC;KIRP;LIHC;LUSC;STAD,1,17,FALSE,1,FALSE,maximum complete profiles at fixed k; lexicographic tie-break; logFC not used
CYP3A5,0.7,12,9,BRCA;COAD;ESCA;KICH;KIRC;KIRP;LIHC;LUSC;THCA,1,18,FALSE,1,FALSE,maximum complete profiles at fixed k; lexicographic tie-break; logFC not used
CYP3A5,0.7,12,9,BRCA;COAD;ESCA;KICH;KIRC;KIRP;LIHC;STAD;THCA,1,19,FALSE,1,FALSE,maximum complete profiles at fixed k; lexicographic tie-break; logFC not used
CYP3A5,0.7,12,9,BRCA;COAD;ESCA;KICH;KIRC;KIRP;LUAD;PRAD;THCA,1,20,FALSE,1,FALSE,maximum complete profiles at fixed k; lexicographic tie-break; logFC not used
CYP3A5,0.7,12,9,BRCA;COAD;ESCA;KICH;KIRC;KIRP;LUAD;STAD;THCA,1,21,FALSE,1,FALSE,maximum complete profiles at fixed k; lexicographic tie-break; logFC not used
CYP3A5,0.7,12,9,BRCA;COAD;ESCA;KICH;KIRC;KIRP;LUSC;PRAD;THCA,1,22,FALSE,1,FALSE,maximum complete profiles at fixed k; lexicographic tie-break; logFC not used
CYP3A5,0.7,12,9,BRCA;COAD;ESCA;KICH;KIRC;KIRP;LUSC;STAD;THCA,1,23,FALSE,1,FALSE,maximum complete profiles at fixed k; lexicographic tie-break; logFC not used
CYP3A5,0.7,12,9,BRCA;COAD;ESCA;KICH;KIRC;LIHC;LUAD;LUSC;STAD,1,24,FALSE,1,FALSE,maximum complete profiles at fixed k; lexicographic tie-break; logFC not used
CYP3A5,0.7,12,9,BRCA;COAD;ESCA;KICH;KIRC;LIHC;LUAD;LUSC;THCA,1,25,FALSE,1,FALSE,maximum complete profiles at fixed k; lexicographic tie-break; logFC not used
CYP3A5,0.7,12,9,BRCA;COAD;ESCA;KICH;KIRC;LIHC;LUAD;STAD;THCA,1,26,FALSE,1,FALSE,maximum complete profiles at fixed k; lexicographic tie-break; logFC not used
CYP3A5,0.7,12,9,BRCA;COAD;ESCA;KICH;KIRC;LIHC;LUSC;STAD;THCA,1,27,FALSE,1,FALSE,maximum complete profiles at fixed k; lexicographic tie-break; logFC not used
CYP3A5,0.7,12,9,BRCA;COAD;ESCA;KICH;KIRC;LUAD;LUSC;PRAD;THCA,1,28,FALSE,1,FALSE,maximum complete profiles at fixed k; lexicographic tie-break; logFC not used
CYP3A5,0.7,12,9,BRCA;COAD;ESCA;KICH;KIRC;LUAD;LUSC;STAD;THCA,1,29,FALSE,1,FALSE,maximum complete profiles at fixed k; lexicographic tie-break; logFC not used
CYP3A5,0.7,12,9,BRCA;COAD;ESCA;KICH;KIRP;LIHC;LUAD;LUSC;STAD,1,30,FALSE,1,FALSE,maximum complete profiles at fixed k; lexicographic tie-break; logFC not used
CYP3A5,0.7,12,9,BRCA;COAD;ESCA;KICH;KIRP;LIHC;LUAD;LUSC;THCA,1,31,FALSE,1,FALSE,maximum complete profiles at fixed k; lexicographic tie-break; logFC not used
CYP3A5,0.7,12,9,BRCA;COAD;ESCA;KICH;KIRP;LIHC;LUAD;STAD;THCA,1,32,FALSE,1,FALSE,maximum complete profiles at fixed k; lexicographic tie-break; logFC not used
CYP3A5,0.7,12,9,BRCA;COAD;ESCA;KICH;KIRP;LIHC;LUSC;STAD;THCA,1,33,FALSE,1,FALSE,maximum complete profiles at fixed k; lexicographic tie-break; logFC not used
CYP3A5,0.7,12,9,BRCA;COAD;ESCA;KICH;KIRP;LUAD;LUSC;PRAD;THCA,1,34,FALSE,1,FALSE,maximum complete profiles at fixed k; lexicographic tie-break; logFC not used
CYP3A5,0.7,12,9,BRCA;COAD;ESCA;KICH;KIRP;LUAD;LUSC;STAD;THCA,1,35,FALSE,1,FALSE,maximum complete profiles at fixed k; lexicographic tie-break; logFC not used
CYP3A5,0.7,12,9,BRCA;COAD;ESCA;KICH;LIHC;LUAD;LUSC;STAD;THCA,1,36,FALSE,1,FALSE,maximum complete profiles at fixed k; lexicographic tie-break; logFC not used
CYP3A5,0.7,12,9,BRCA;COAD;ESCA;KIRC;KIRP;LIHC;LUAD;LUSC;STAD,1,37,FALSE,1,FALSE,maximum complete profiles at fixed k; lexicographic tie-break; logFC not used
CYP3A5,0.7,12,9,BRCA;COAD;ESCA;KIRC;KIRP;LIHC;LUAD;LUSC;THCA,1,38,FALSE,1,FALSE,maximum complete profiles at fixed k; lexicographic tie-break; logFC not used
CYP3A5,0.7,12,9,BRCA;COAD;ESCA;KIRC;KIRP;LIHC;LUAD;STAD;THCA,1,39,FALSE,1,FALSE,maximum complete profiles at fixed k; lexicographic tie-break; logFC not used
CYP3A5,0.7,12,9,BRCA;COAD;ESCA;KIRC;KIRP;LIHC;LUSC;STAD;THCA,1,40,FALSE,1,FALSE,maximum complete profiles at fixed k; lexicographic tie-break; logFC not used
CYP3A5,0.7,12,9,BRCA;COAD;ESCA;KIRC;KIRP;LUAD;LUSC;PRAD;THCA,1,41,FALSE,1,FALSE,maximum complete profiles at fixed k; lexicographic tie-break; logFC not used
CYP3A5,0.7,12,9,BRCA;COAD;ESCA;KIRC;KIRP;LUAD;LUSC;STAD;THCA,1,42,FALSE,1,FALSE,maximum complete profiles at fixed k; lexicographic tie-break; logFC not used
CYP3A5,0.7,12,9,BRCA;COAD;ESCA;KIRC;LIHC;LUAD;LUSC;STAD;THCA,1,43,FALSE,1,FALSE,maximum complete profiles at fixed k; lexicographic tie-break; logFC not used
CYP3A5,0.7,12,9,BRCA;COAD;ESCA;KIRP;LIHC;LUAD;LUSC;STAD;THCA,1,44,FALSE,1,FALSE,maximum complete profiles at fixed k; lexicographic tie-break; logFC not used
CYP3A5,0.7,12,9,BRCA;COAD;KICH;KIRC;KIRP;LIHC;LUAD;LUSC;THCA,1,45,FALSE,1,FALSE,maximum complete profiles at fixed k; lexicographic tie-break; logFC not used
CYP3A5,0.7,12,9,BRCA;COAD;KICH;KIRC;KIRP;LIHC;LUAD;STAD;THCA,1,46,FALSE,1,FALSE,maximum complete profiles at fixed k; lexicographic tie-break; logFC not used
CYP3A5,0.7,12,9,BRCA;COAD;KICH;KIRC;KIRP;LIHC;LUSC;STAD;THCA,1,47,FALSE,1,FALSE,maximum complete profiles at fixed k; lexicographic tie-break; logFC not used
CYP3A5,0.7,12,9,BRCA;COAD;KICH;KIRC;KIRP;LUAD;LUSC;PRAD;THCA,1,48,FALSE,1,FALSE,maximum complete profiles at fixed k; lexicographic tie-break; logFC not used
CYP3A5,0.7,12,9,BRCA;COAD;KICH;KIRC;KIRP;LUAD;LUSC;STAD;THCA,1,49,FALSE,1,FALSE,maximum complete profiles at fixed k; lexicographic tie-break; logFC not used
CYP3A5,0.7,12,9,BRCA;COAD;KICH;KIRC;LIHC;LUAD;LUSC;STAD;THCA,1,50,FALSE,1,FALSE,maximum complete profiles at fixed k; lexicographic tie-break; logFC not used
CYP3A5,0.7,12,9,BRCA;COAD;KICH;KIRP;LIHC;LUAD;LUSC;STAD;THCA,1,51,FALSE,1,FALSE,maximum complete profiles at fixed k; lexicographic tie-break; logFC not used
CYP3A5,0.7,12,9,BRCA;COAD;KIRC;KIRP;LIHC;LUAD;LUSC;STAD;THCA,1,52,FALSE,1,FALSE,maximum complete profiles at fixed k; lexicographic tie-break; logFC not used
CYP3A5,0.7,12,9,BRCA;ESCA;KICH;KIRC;KIRP;LIHC;LUAD;LUSC;PRAD,1,53,FALSE,1,FALSE,maximum complete profiles at fixed k; lexicographic tie-break; logFC not used
CYP3A5,0.7,12,9,BRCA;ESCA;KICH;KIRC;KIRP;LIHC;LUAD;LUSC;STAD,1,54,FALSE,1,FALSE,maximum complete profiles at fixed k; lexicographic tie-break; logFC not used
CYP3A5,0.7,12,9,BRCA;ESCA;KICH;KIRC;KIRP;LIHC;LUAD;LUSC;THCA,1,55,FALSE,1,FALSE,maximum complete profiles at fixed k; lexicographic tie-break; logFC not used
CYP3A5,0.7,12,9,BRCA;ESCA;KICH;KIRC;KIRP;LIHC;LUAD;STAD;THCA,1,56,FALSE,1,FALSE,maximum complete profiles at fixed k; lexicographic tie-break; logFC not used
CYP3A5,0.7,12,9,BRCA;ESCA;KICH;KIRC;KIRP;LIHC;LUSC;STAD;THCA,1,57,FALSE,1,FALSE,maximum complete profiles at fixed k; lexicographic tie-break; logFC not used
CYP3A5,0.7,12,9,BRCA;ESCA;KICH;KIRC;KIRP;LUAD;LUSC;PRAD;THCA,1,58,FALSE,1,FALSE,maximum complete profiles at fixed k; lexicographic tie-break; logFC not used
CYP3A5,0.7,12,9,BRCA;ESCA;KICH;KIRC;KIRP;LUAD;LUSC;STAD;THCA,1,59,FALSE,1,FALSE,maximum complete profiles at fixed k; lexicographic tie-break; logFC not used
CYP3A5,0.7,12,9,BRCA;ESCA;KICH;KIRC;LIHC;LUAD;LUSC;STAD;THCA,1,60,FALSE,1,FALSE,maximum complete profiles at fixed k; lexicographic tie-break; logFC not used
CYP3A5,0.7,12,9,BRCA;ESCA;KICH;KIRP;LIHC;LUAD;LUSC;STAD;THCA,1,61,FALSE,1,FALSE,maximum complete profiles at fixed k; lexicographic tie-break; logFC not used
CYP3A5,0.7,12,9,BRCA;ESCA;KIRC;KIRP;LIHC;LUAD;LUSC;STAD;THCA,1,62,FALSE,1,FALSE,maximum complete profiles at fixed k; lexicographic tie-break; logFC not used
CYP3A5,0.7,12,9,BRCA;KICH;KIRC;KIRP;LIHC;LUAD;LUSC;PRAD;STAD,1,63,FALSE,1,FALSE,maximum complete profiles at fixed k; lexicographic tie-break; logFC not used
CYP3A5,0.7,12,9,BRCA;KICH;KIRC;KIRP;LIHC;LUAD;LUSC;STAD;THCA,1,64,FALSE,1,FALSE,maximum complete profiles at fixed k; lexicographic tie-break; logFC not used
CYP3A5,0.7,12,9,COAD;ESCA;KICH;KIRC;KIRP;LIHC;LUAD;LUSC;STAD,1,65,FALSE,1,FALSE,maximum complete profiles at fixed k; lexicographic tie-break; logFC not used
CYP3A5,0.7,12,9,COAD;ESCA;KICH;KIRC;KIRP;LIHC;LUAD;STAD;THCA,1,66,FALSE,1,FALSE,maximum complete profiles at fixed k; lexicographic tie-break; logFC not used
CYP3A5,0.7,12,9,COAD;ESCA;KICH;KIRC;KIRP;LIHC;LUSC;STAD;THCA,1,67,FALSE,1,FALSE,maximum complete profiles at fixed k; lexicographic tie-break; logFC not used
CYP3A5,0.7,12,9,COAD;ESCA;KICH;KIRC;KIRP;LUAD;LUSC;PRAD;THCA,1,68,FALSE,1,FALSE,maximum complete profiles at fixed k; lexicographic tie-break; logFC not used
CYP3A5,0.7,12,9,COAD;ESCA;KICH;KIRC;KIRP;LUAD;LUSC;STAD;THCA,1,69,FALSE,1,FALSE,maximum complete profiles at fixed k; lexicographic tie-break; logFC not used
CYP3A5,0.7,12,9,COAD;ESCA;KICH;KIRC;LIHC;LUAD;LUSC;STAD;THCA,1,70,FALSE,1,FALSE,maximum complete profiles at fixed k; lexicographic tie-break; logFC not used
CYP3A5,0.7,12,9,COAD;ESCA;KICH;KIRP;LIHC;LUAD;LUSC;STAD;THCA,1,71,FALSE,1,FALSE,maximum complete profiles at fixed k; lexicographic tie-break; logFC not used
CYP3A5,0.7,12,9,COAD;ESCA;KIRC;KIRP;LIHC;LUAD;LUSC;STAD;THCA,1,72,FALSE,1,FALSE,maximum complete profiles at fixed k; lexicographic tie-break; logFC not used
CYP3A5,0.7,12,9,COAD;KICH;KIRC;KIRP;LIHC;LUAD;LUSC;STAD;THCA,1,73,FALSE,1,FALSE,maximum complete profiles at fixed k; lexicographic tie-break; logFC not used
CYP3A5,0.7,12,9,ESCA;KICH;KIRC;KIRP;LIHC;LUAD;LUSC;STAD;THCA,1,74,FALSE,1,FALSE,maximum complete profiles at fixed k; lexicographic tie-break; logFC not used
CYP3A5,0.7,12,9,BRCA;COAD;ESCA;KICH;KIRC;KIRP;LIHC;LUAD;PRAD,0,75,FALSE,1,FALSE,maximum complete profiles at fixed k; lexicographic tie-break; logFC not used
CYP3A5,0.7,12,9,BRCA;COAD;ESCA;KICH;KIRC;KIRP;LIHC;LUSC;PRAD,0,76,FALSE,1,FALSE,maximum complete profiles at fixed k; lexicographic tie-break; logFC not used
CYP3A5,0.7,12,9,BRCA;COAD;ESCA;KICH;KIRC;KIRP;LIHC;PRAD;STAD,0,77,FALSE,1,FALSE,maximum complete profiles at fixed k; lexicographic tie-break; logFC not used
CYP3A5,0.7,12,9,BRCA;COAD;ESCA;KICH;KIRC;KIRP;LIHC;PRAD;THCA,0,78,FALSE,1,FALSE,maximum complete profiles at fixed k; lexicographic tie-break; logFC not used
CYP3A5,0.7,12,9,BRCA;COAD;ESCA;KICH;KIRC;KIRP;PRAD;STAD;THCA,0,79,FALSE,1,FALSE,maximum complete profiles at fixed k; lexicographic tie-break; logFC not used
CYP3A5,0.7,12,9,BRCA;COAD;ESCA;KICH;KIRC;LIHC;LUAD;LUSC;PRAD,0,80,FALSE,1,FALSE,maximum complete profiles at fixed k; lexicographic tie-break; logFC not used
CYP3A5,0.7,12,9,BRCA;COAD;ESCA;KICH;KIRC;LIHC;LUAD;PRAD;STAD,0,81,FALSE,1,FALSE,maximum complete profiles at fixed k; lexicographic tie-break; logFC not used
CYP3A5,0.7,12,9,BRCA;COAD;ESCA;KICH;KIRC;LIHC;LUAD;PRAD;THCA,0,82,FALSE,1,FALSE,maximum complete profiles at fixed k; lexicographic tie-break; logFC not used
CYP3A5,0.7,12,9,BRCA;COAD;ESCA;KICH;KIRC;LIHC;LUSC;PRAD;STAD,0,83,FALSE,1,FALSE,maximum complete profiles at fixed k; lexicographic tie-break; logFC not used
CYP3A5,0.7,12,9,BRCA;COAD;ESCA;KICH;KIRC;LIHC;LUSC;PRAD;THCA,0,84,FALSE,1,FALSE,maximum complete profiles at fixed k; lexicographic tie-break; logFC not used
CYP3A5,0.7,12,9,BRCA;COAD;ESCA;KICH;KIRC;LIHC;PRAD;STAD;THCA,0,85,FALSE,1,FALSE,maximum complete profiles at fixed k; lexicographic tie-break; logFC not used
CYP3A5,0.7,12,9,BRCA;COAD;ESCA;KICH;KIRC;LUAD;PRAD;STAD;THCA,0,86,FALSE,1,FALSE,maximum complete profiles at fixed k; lexicographic tie-break; logFC not used
CYP3A5,0.7,12,9,BRCA;COAD;ESCA;KICH;KIRC;LUSC;PRAD;STAD;THCA,0,87,FALSE,1,FALSE,maximum complete profiles at fixed k; lexicographic tie-break; logFC not used
CYP3A5,0.7,12,9,BRCA;COAD;ESCA;KICH;KIRP;LIHC;LUAD;LUSC;PRAD,0,88,FALSE,1,FALSE,maximum complete profiles at fixed k; lexicographic tie-break; logFC not used
CYP3A5,0.7,12,9,BRCA;COAD;ESCA;KICH;KIRP;LIHC;LUAD;PRAD;STAD,0,89,FALSE,1,FALSE,maximum complete profiles at fixed k; lexicographic tie-break; logFC not used
CYP3A5,0.7,12,9,BRCA;COAD;ESCA;KICH;KIRP;LIHC;LUAD;PRAD;THCA,0,90,FALSE,1,FALSE,maximum complete profiles at fixed k; lexicographic tie-break; logFC not used
CYP3A5,0.7,12,9,BRCA;COAD;ESCA;KICH;KIRP;LIHC;LUSC;PRAD;STAD,0,91,FALSE,1,FALSE,maximum complete profiles at fixed k; lexicographic tie-break; logFC not used
CYP3A5,0.7,12,9,BRCA;COAD;ESCA;KICH;KIRP;LIHC;LUSC;PRAD;THCA,0,92,FALSE,1,FALSE,maximum complete profiles at fixed k; lexicographic tie-break; logFC not used
CYP3A5,0.7,12,9,BRCA;COAD;ESCA;KICH;KIRP;LIHC;PRAD;STAD;THCA,0,93,FALSE,1,FALSE,maximum complete profiles at fixed k; lexicographic tie-break; logFC not used
CYP3A5,0.7,12,9,BRCA;COAD;ESCA;KICH;KIRP;LUAD;PRAD;STAD;THCA,0,94,FALSE,1,FALSE,maximum complete profiles at fixed k; lexicographic tie-break; logFC not used
CYP3A5,0.7,12,9,BRCA;COAD;ESCA;KICH;KIRP;LUSC;PRAD;STAD;THCA,0,95,FALSE,1,FALSE,maximum complete profiles at fixed k; lexicographic tie-break; logFC not used
CYP3A5,0.7,12,9,BRCA;COAD;ESCA;KICH;LIHC;LUAD;LUSC;PRAD;STAD,0,96,FALSE,1,FALSE,maximum complete profiles at fixed k; lexicographic tie-break; logFC not used
CYP3A5,0.7,12,9,BRCA;COAD;ESCA;KICH;LIHC;LUAD;LUSC;PRAD;THCA,0,97,FALSE,1,FALSE,maximum complete profiles at fixed k; lexicographic tie-break; logFC not used
CYP3A5,0.7,12,9,BRCA;COAD;ESCA;KICH;LIHC;LUAD;PRAD;STAD;THCA,0,98,FALSE,1,FALSE,maximum complete profiles at fixed k; lexicographic tie-break; logFC not used
CYP3A5,0.7,12,9,BRCA;COAD;ESCA;KICH;LIHC;LUSC;PRAD;STAD;THCA,0,99,FALSE,1,FALSE,maximum complete profiles at fixed k; lexicographic tie-break; logFC not used
CYP3A5,0.7,12,9,BRCA;COAD;ESCA;KICH;LUAD;LUSC;PRAD;STAD;THCA,0,100,FALSE,1,FALSE,maximum complete profiles at fixed k; lexicographic tie-break; logFC not used
CYP3A5,0.7,12,9,BRCA;COAD;ESCA;KIRC;KIRP;LIHC;LUAD;LUSC;PRAD,0,101,FALSE,1,FALSE,maximum complete profiles at fixed k; lexicographic tie-break; logFC not used
CYP3A5,0.7,12,9,BRCA;COAD;ESCA;KIRC;KIRP;LIHC;LUAD;PRAD;STAD,0,102,FALSE,1,FALSE,maximum complete profiles at fixed k; lexicographic tie-break; logFC not used
CYP3A5,0.7,12,9,BRCA;COAD;ESCA;KIRC;KIRP;LIHC;LUAD;PRAD;THCA,0,103,FALSE,1,FALSE,maximum complete profiles at fixed k; lexicographic tie-break; logFC not used
CYP3A5,0.7,12,9,BRCA;COAD;ESCA;KIRC;KIRP;LIHC;LUSC;PRAD;STAD,0,104,FALSE,1,FALSE,maximum complete profiles at fixed k; lexicographic tie-break; logFC not used
CYP3A5,0.7,12,9,BRCA;COAD;ESCA;KIRC;KIRP;LIHC;LUSC;PRAD;THCA,0,105,FALSE,1,FALSE,maximum complete profiles at fixed k; lexicographic tie-break; logFC not used
CYP3A5,0.7,12,9,BRCA;COAD;ESCA;KIRC;KIRP;LIHC;PRAD;STAD;THCA,0,106,FALSE,1,FALSE,maximum complete profiles at fixed k; lexicographic tie-break; logFC not used
CYP3A5,0.7,12,9,BRCA;COAD;ESCA;KIRC;KIRP;LUAD;PRAD;STAD;THCA,0,107,FALSE,1,FALSE,maximum complete profiles at fixed k; lexicographic tie-break; logFC not used
CYP3A5,0.7,12,9,BRCA;COAD;ESCA;KIRC;KIRP;LUSC;PRAD;STAD;THCA,0,108,FALSE,1,FALSE,maximum complete profiles at fixed k; lexicographic tie-break; logFC not used
CYP3A5,0.7,12,9,BRCA;COAD;ESCA;KIRC;LIHC;LUAD;LUSC;PRAD;STAD,0,109,FALSE,1,FALSE,maximum complete profiles at fixed k; lexicographic tie-break; logFC not used
CYP3A5,0.7,12,9,BRCA;COAD;ESCA;KIRC;LIHC;LUAD;LUSC;PRAD;THCA,0,110,FALSE,1,FALSE,maximum complete profiles at fixed k; lexicographic tie-break; logFC not used
CYP3A5,0.7,12,9,BRCA;COAD;ESCA;KIRC;LIHC;LUAD;PRAD;STAD;THCA,0,111,FALSE,1,FALSE,maximum complete profiles at fixed k; lexicographic tie-break; logFC not used
CYP3A5,0.7,12,9,BRCA;COAD;ESCA;KIRC;LIHC;LUSC;PRAD;STAD;THCA,0,112,FALSE,1,FALSE,maximum complete profiles at fixed k; lexicographic tie-break; logFC not used
CYP3A5,0.7,12,9,BRCA;COAD;ESCA;KIRC;LUAD;LUSC;PRAD;STAD;THCA,0,113,FALSE,1,FALSE,maximum complete profiles at fixed k; lexicographic tie-break; logFC not used
CYP3A5,0.7,12,9,BRCA;COAD;ESCA;KIRP;LIHC;LUAD;LUSC;PRAD;STAD,0,114,FALSE,1,FALSE,maximum complete profiles at fixed k; lexicographic tie-break; logFC not used
CYP3A5,0.7,12,9,BRCA;COAD;ESCA;KIRP;LIHC;LUAD;LUSC;PRAD;THCA,0,115,FALSE,1,FALSE,maximum complete profiles at fixed k; lexicographic tie-break; logFC not used
CYP3A5,0.7,12,9,BRCA;COAD;ESCA;KIRP;LIHC;LUAD;PRAD;STAD;THCA,0,116,FALSE,1,FALSE,maximum complete profiles at fixed k; lexicographic tie-break; logFC not used
CYP3A5,0.7,12,9,BRCA;COAD;ESCA;KIRP;LIHC;LUSC;PRAD;STAD;THCA,0,117,FALSE,1,FALSE,maximum complete profiles at fixed k; lexicographic tie-break; logFC not used
CYP3A5,0.7,12,9,BRCA;COAD;ESCA;KIRP;LUAD;LUSC;PRAD;STAD;THCA,0,118,FALSE,1,FALSE,maximum complete profiles at fixed k; lexicographic tie-break; logFC not used
CYP3A5,0.7,12,9,BRCA;COAD;ESCA;LIHC;LUAD;LUSC;PRAD;STAD;THCA,0,119,FALSE,1,FALSE,maximum complete profiles at fixed k; lexicographic tie-break; logFC not used
CYP3A5,0.7,12,9,BRCA;COAD;KICH;KIRC;KIRP;LIHC;LUAD;LUSC;PRAD,0,120,FALSE,1,FALSE,maximum complete profiles at fixed k; lexicographic tie-break; logFC not used
CYP3A5,0.7,12,9,BRCA;COAD;KICH;KIRC;KIRP;LIHC;LUAD;PRAD;STAD,0,121,FALSE,1,FALSE,maximum complete profiles at fixed k; lexicographic tie-break; logFC not used
CYP3A5,0.7,12,9,BRCA;COAD;KICH;KIRC;KIRP;LIHC;LUAD;PRAD;THCA,0,122,FALSE,1,FALSE,maximum complete profiles at fixed k; lexicographic tie-break; logFC not used
CYP3A5,0.7,12,9,BRCA;COAD;KICH;KIRC;KIRP;LIHC;LUSC;PRAD;STAD,0,123,FALSE,1,FALSE,maximum complete profiles at fixed k; lexicographic tie-break; logFC not used
CYP3A5,0.7,12,9,BRCA;COAD;KICH;KIRC;KIRP;LIHC;LUSC;PRAD;THCA,0,124,FALSE,1,FALSE,maximum complete profiles at fixed k; lexicographic tie-break; logFC not used
CYP3A5,0.7,12,9,BRCA;COAD;KICH;KIRC;KIRP;LIHC;PRAD;STAD;THCA,0,125,FALSE,1,FALSE,maximum complete profiles at fixed k; lexicographic tie-break; logFC not used
CYP3A5,0.7,12,9,BRCA;COAD;KICH;KIRC;KIRP;LUAD;PRAD;STAD;THCA,0,126,FALSE,1,FALSE,maximum complete profiles at fixed k; lexicographic tie-break; logFC not used
CYP3A5,0.7,12,9,BRCA;COAD;KICH;KIRC;KIRP;LUSC;PRAD;STAD;THCA,0,127,FALSE,1,FALSE,maximum complete profiles at fixed k; lexicographic tie-break; logFC not used
CYP3A5,0.7,12,9,BRCA;COAD;KICH;KIRC;LIHC;LUAD;LUSC;PRAD;STAD,0,128,FALSE,1,FALSE,maximum complete profiles at fixed k; lexicographic tie-break; logFC not used
CYP3A5,0.7,12,9,BRCA;COAD;KICH;KIRC;LIHC;LUAD;LUSC;PRAD;THCA,0,129,FALSE,1,FALSE,maximum complete profiles at fixed k; lexicographic tie-break; logFC not used
CYP3A5,0.7,12,9,BRCA;COAD;KICH;KIRC;LIHC;LUAD;PRAD;STAD;THCA,0,130,FALSE,1,FALSE,maximum complete profiles at fixed k; lexicographic tie-break; logFC not used
CYP3A5,0.7,12,9,BRCA;COAD;KICH;KIRC;LIHC;LUSC;PRAD;STAD;THCA,0,131,FALSE,1,FALSE,maximum complete profiles at fixed k; lexicographic tie-break; logFC not used
CYP3A5,0.7,12,9,BRCA;COAD;KICH;KIRC;LUAD;LUSC;PRAD;STAD;THCA,0,132,FALSE,1,FALSE,maximum complete profiles at fixed k; lexicographic tie-break; logFC not used
CYP3A5,0.7,12,9,BRCA;COAD;KICH;KIRP;LIHC;LUAD;LUSC;PRAD;STAD,0,133,FALSE,1,FALSE,maximum complete profiles at fixed k; lexicographic tie-break; logFC not used
CYP3A5,0.7,12,9,BRCA;COAD;KICH;KIRP;LIHC;LUAD;LUSC;PRAD;THCA,0,134,FALSE,1,FALSE,maximum complete profiles at fixed k; lexicographic tie-break; logFC not used
CYP3A5,0.7,12,9,BRCA;COAD;KICH;KIRP;LIHC;LUAD;PRAD;STAD;THCA,0,135,FALSE,1,FALSE,maximum complete profiles at fixed k; lexicographic tie-break; logFC not used
CYP3A5,0.7,12,9,BRCA;COAD;KICH;KIRP;LIHC;LUSC;PRAD;STAD;THCA,0,136,FALSE,1,FALSE,maximum complete profiles at fixed k; lexicographic tie-break; logFC not used
CYP3A5,0.7,12,9,BRCA;COAD;KICH;KIRP;LUAD;LUSC;PRAD;STAD;THCA,0,137,FALSE,1,FALSE,maximum complete profiles at fixed k; lexicographic tie-break; logFC not used
CYP3A5,0.7,12,9,BRCA;COAD;KICH;LIHC;LUAD;LUSC;PRAD;STAD;THCA,0,138,FALSE,1,FALSE,maximum complete profiles at fixed k; lexicographic tie-break; logFC not used
CYP3A5,0.7,12,9,BRCA;COAD;KIRC;KIRP;LIHC;LUAD;LUSC;PRAD;STAD,0,139,FALSE,1,FALSE,maximum complete profiles at fixed k; lexicographic tie-break; logFC not used
CYP3A5,0.7,12,9,BRCA;COAD;KIRC;KIRP;LIHC;LUAD;LUSC;PRAD;THCA,0,140,FALSE,1,FALSE,maximum complete profiles at fixed k; lexicographic tie-break; logFC not used
CYP3A5,0.7,12,9,BRCA;COAD;KIRC;KIRP;LIHC;LUAD;PRAD;STAD;THCA,0,141,FALSE,1,FALSE,maximum complete profiles at fixed k; lexicographic tie-break; logFC not used
CYP3A5,0.7,12,9,BRCA;COAD;KIRC;KIRP;LIHC;LUSC;PRAD;STAD;THCA,0,142,FALSE,1,FALSE,maximum complete profiles at fixed k; lexicographic tie-break; logFC not used
CYP3A5,0.7,12,9,BRCA;COAD;KIRC;KIRP;LUAD;LUSC;PRAD;STAD;THCA,0,143,FALSE,1,FALSE,maximum complete profiles at fixed k; lexicographic tie-break; logFC not used
CYP3A5,0.7,12,9,BRCA;COAD;KIRC;LIHC;LUAD;LUSC;PRAD;STAD;THCA,0,144,FALSE,1,FALSE,maximum complete profiles at fixed k; lexicographic tie-break; logFC not used
CYP3A5,0.7,12,9,BRCA;COAD;KIRP;LIHC;LUAD;LUSC;PRAD;STAD;THCA,0,145,FALSE,1,FALSE,maximum complete profiles at fixed k; lexicographic tie-break; logFC not used
CYP3A5,0.7,12,9,BRCA;ESCA;KICH;KIRC;KIRP;LIHC;LUAD;PRAD;STAD,0,146,FALSE,1,FALSE,maximum complete profiles at fixed k; lexicographic tie-break; logFC not used
CYP3A5,0.7,12,9,BRCA;ESCA;KICH;KIRC;KIRP;LIHC;LUAD;PRAD;THCA,0,147,FALSE,1,FALSE,maximum complete profiles at fixed k; lexicographic tie-break; logFC not used
CYP3A5,0.7,12,9,BRCA;ESCA;KICH;KIRC;KIRP;LIHC;LUSC;PRAD;STAD,0,148,FALSE,1,FALSE,maximum complete profiles at fixed k; lexicographic tie-break; logFC not used
CYP3A5,0.7,12,9,BRCA;ESCA;KICH;KIRC;KIRP;LIHC;LUSC;PRAD;THCA,0,149,FALSE,1,FALSE,maximum complete profiles at fixed k; lexicographic tie-break; logFC not used
CYP3A5,0.7,12,9,BRCA;ESCA;KICH;KIRC;KIRP;LIHC;PRAD;STAD;THCA,0,150,FALSE,1,FALSE,maximum complete profiles at fixed k; lexicographic tie-break; logFC not used
CYP3A5,0.7,12,9,BRCA;ESCA;KICH;KIRC;KIRP;LUAD;PRAD;STAD;THCA,0,151,FALSE,1,FALSE,maximum complete profiles at fixed k; lexicographic tie-break; logFC not used
CYP3A5,0.7,12,9,BRCA;ESCA;KICH;KIRC;KIRP;LUSC;PRAD;STAD;THCA,0,152,FALSE,1,FALSE,maximum complete profiles at fixed k; lexicographic tie-break; logFC not used
CYP3A5,0.7,12,9,BRCA;ESCA;KICH;KIRC;LIHC;LUAD;LUSC;PRAD;STAD,0,153,FALSE,1,FALSE,maximum complete profiles at fixed k; lexicographic tie-break; logFC not used
CYP3A5,0.7,12,9,BRCA;ESCA;KICH;KIRC;LIHC;LUAD;LUSC;PRAD;THCA,0,154,FALSE,1,FALSE,maximum complete profiles at fixed k; lexicographic tie-break; logFC not used
CYP3A5,0.7,12,9,BRCA;ESCA;KICH;KIRC;LIHC;LUAD;PRAD;STAD;THCA,0,155,FALSE,1,FALSE,maximum complete profiles at fixed k; lexicographic tie-break; logFC not used
CYP3A5,0.7,12,9,BRCA;ESCA;KICH;KIRC;LIHC;LUSC;PRAD;STAD;THCA,0,156,FALSE,1,FALSE,maximum complete profiles at fixed k; lexicographic tie-break; logFC not used
CYP3A5,0.7,12,9,BRCA;ESCA;KICH;KIRC;LUAD;LUSC;PRAD;STAD;THCA,0,157,FALSE,1,FALSE,maximum complete profiles at fixed k; lexicographic tie-break; logFC not used
CYP3A5,0.7,12,9,BRCA;ESCA;KICH;KIRP;LIHC;LUAD;LUSC;PRAD;STAD,0,158,FALSE,1,FALSE,maximum complete profiles at fixed k; lexicographic tie-break; logFC not used
CYP3A5,0.7,12,9,BRCA;ESCA;KICH;KIRP;LIHC;LUAD;LUSC;PRAD;THCA,0,159,FALSE,1,FALSE,maximum complete profiles at fixed k; lexicographic tie-break; logFC not used
CYP3A5,0.7,12,9,BRCA;ESCA;KICH;KIRP;LIHC;LUAD;PRAD;STAD;THCA,0,160,FALSE,1,FALSE,maximum complete profiles at fixed k; lexicographic tie-break; logFC not used
CYP3A5,0.7,12,9,BRCA;ESCA;KICH;KIRP;LIHC;LUSC;PRAD;STAD;THCA,0,161,FALSE,1,FALSE,maximum complete profiles at fixed k; lexicographic tie-break; logFC not used
CYP3A5,0.7,12,9,BRCA;ESCA;KICH;KIRP;LUAD;LUSC;PRAD;STAD;THCA,0,162,FALSE,1,FALSE,maximum complete profiles at fixed k; lexicographic tie-break; logFC not used
CYP3A5,0.7,12,9,BRCA;ESCA;KICH;LIHC;LUAD;LUSC;PRAD;STAD;THCA,0,163,FALSE,1,FALSE,maximum complete profiles at fixed k; lexicographic tie-break; logFC not used
CYP3A5,0.7,12,9,BRCA;ESCA;KIRC;KIRP;LIHC;LUAD;LUSC;PRAD;STAD,0,164,FALSE,1,FALSE,maximum complete profiles at fixed k; lexicographic tie-break; logFC not used
CYP3A5,0.7,12,9,BRCA;ESCA;KIRC;KIRP;LIHC;LUAD;LUSC;PRAD;THCA,0,165,FALSE,1,FALSE,maximum complete profiles at fixed k; lexicographic tie-break; logFC not used
CYP3A5,0.7,12,9,BRCA;ESCA;KIRC;KIRP;LIHC;LUAD;PRAD;STAD;THCA,0,166,FALSE,1,FALSE,maximum complete profiles at fixed k; lexicographic tie-break; logFC not used
CYP3A5,0.7,12,9,BRCA;ESCA;KIRC;KIRP;LIHC;LUSC;PRAD;STAD;THCA,0,167,FALSE,1,FALSE,maximum complete profiles at fixed k; lexicographic tie-break; logFC not used
CYP3A5,0.7,12,9,BRCA;ESCA;KIRC;KIRP;LUAD;LUSC;PRAD;STAD;THCA,0,168,FALSE,1,FALSE,maximum complete profiles at fixed k; lexicographic tie-break; logFC not used
CYP3A5,0.7,12,9,BRCA;ESCA;KIRC;LIHC;LUAD;LUSC;PRAD;STAD;THCA,0,169,FALSE,1,FALSE,maximum complete profiles at fixed k; lexicographic tie-break; logFC not used
CYP3A5,0.7,12,9,BRCA;ESCA;KIRP;LIHC;LUAD;LUSC;PRAD;STAD;THCA,0,170,FALSE,1,FALSE,maximum complete profiles at fixed k; lexicographic tie-break; logFC not used
CYP3A5,0.7,12,9,BRCA;KICH;KIRC;KIRP;LIHC;LUAD;LUSC;PRAD;THCA,0,171,FALSE,1,FALSE,maximum complete profiles at fixed k; lexicographic tie-break; logFC not used
CYP3A5,0.7,12,9,BRCA;KICH;KIRC;KIRP;LIHC;LUAD;PRAD;STAD;THCA,0,172,FALSE,1,FALSE,maximum complete profiles at fixed k; lexicographic tie-break; logFC not used
CYP3A5,0.7,12,9,BRCA;KICH;KIRC;KIRP;LIHC;LUSC;PRAD;STAD;THCA,0,173,FALSE,1,FALSE,maximum complete profiles at fixed k; lexicographic tie-break; logFC not used
CYP3A5,0.7,12,9,BRCA;KICH;KIRC;KIRP;LUAD;LUSC;PRAD;STAD;THCA,0,174,FALSE,1,FALSE,maximum complete profiles at fixed k; lexicographic tie-break; logFC not used
CYP3A5,0.7,12,9,BRCA;KICH;KIRC;LIHC;LUAD;LUSC;PRAD;STAD;THCA,0,175,FALSE,1,FALSE,maximum complete profiles at fixed k; lexicographic tie-break; logFC not used
CYP3A5,0.7,12,9,BRCA;KICH;KIRP;LIHC;LUAD;LUSC;PRAD;STAD;THCA,0,176,FALSE,1,FALSE,maximum complete profiles at fixed k; lexicographic tie-break; logFC not used
CYP3A5,0.7,12,9,BRCA;KIRC;KIRP;LIHC;LUAD;LUSC;PRAD;STAD;THCA,0,177,FALSE,1,FALSE,maximum complete profiles at fixed k; lexicographic tie-break; logFC not used
CYP3A5,0.7,12,9,COAD;ESCA;KICH;KIRC;KIRP;LIHC;LUAD;LUSC;PRAD,0,178,FALSE,1,FALSE,maximum complete profiles at fixed k; lexicographic tie-break; logFC not used
CYP3A5,0.7,12,9,COAD;ESCA;KICH;KIRC;KIRP;LIHC;LUAD;PRAD;STAD,0,179,FALSE,1,FALSE,maximum complete profiles at fixed k; lexicographic tie-break; logFC not used
CYP3A5,0.7,12,9,COAD;ESCA;KICH;KIRC;KIRP;LIHC;LUAD;PRAD;THCA,0,180,FALSE,1,FALSE,maximum complete profiles at fixed k; lexicographic tie-break; logFC not used
CYP3A5,0.7,12,9,COAD;ESCA;KICH;KIRC;KIRP;LIHC;LUSC;PRAD;STAD,0,181,FALSE,1,FALSE,maximum complete profiles at fixed k; lexicographic tie-break; logFC not used
CYP3A5,0.7,12,9,COAD;ESCA;KICH;KIRC;KIRP;LIHC;LUSC;PRAD;THCA,0,182,FALSE,1,FALSE,maximum complete profiles at fixed k; lexicographic tie-break; logFC not used
CYP3A5,0.7,12,9,COAD;ESCA;KICH;KIRC;KIRP;LIHC;PRAD;STAD;THCA,0,183,FALSE,1,FALSE,maximum complete profiles at fixed k; lexicographic tie-break; logFC not used
CYP3A5,0.7,12,9,COAD;ESCA;KICH;KIRC;KIRP;LUAD;PRAD;STAD;THCA,0,184,FALSE,1,FALSE,maximum complete profiles at fixed k; lexicographic tie-break; logFC not used
CYP3A5,0.7,12,9,COAD;ESCA;KICH;KIRC;KIRP;LUSC;PRAD;STAD;THCA,0,185,FALSE,1,FALSE,maximum complete profiles at fixed k; lexicographic tie-break; logFC not used
CYP3A5,0.7,12,9,COAD;ESCA;KICH;KIRC;LIHC;LUAD;LUSC;PRAD;STAD,0,186,FALSE,1,FALSE,maximum complete profiles at fixed k; lexicographic tie-break; logFC not used
CYP3A5,0.7,12,9,COAD;ESCA;KICH;KIRC;LIHC;LUAD;LUSC;PRAD;THCA,0,187,FALSE,1,FALSE,maximum complete profiles at fixed k; lexicographic tie-break; logFC not used
CYP3A5,0.7,12,9,COAD;ESCA;KICH;KIRC;LIHC;LUAD;PRAD;STAD;THCA,0,188,FALSE,1,FALSE,maximum complete profiles at fixed k; lexicographic tie-break; logFC not used
CYP3A5,0.7,12,9,COAD;ESCA;KICH;KIRC;LIHC;LUSC;PRAD;STAD;THCA,0,189,FALSE,1,FALSE,maximum complete profiles at fixed k; lexicographic tie-break; logFC not used
CYP3A5,0.7,12,9,COAD;ESCA;KICH;KIRC;LUAD;LUSC;PRAD;STAD;THCA,0,190,FALSE,1,FALSE,maximum complete profiles at fixed k; lexicographic tie-break; logFC not used
CYP3A5,0.7,12,9,COAD;ESCA;KICH;KIRP;LIHC;LUAD;LUSC;PRAD;STAD,0,191,FALSE,1,FALSE,maximum complete profiles at fixed k; lexicographic tie-break; logFC not used
CYP3A5,0.7,12,9,COAD;ESCA;KICH;KIRP;LIHC;LUAD;LUSC;PRAD;THCA,0,192,FALSE,1,FALSE,maximum complete profiles at fixed k; lexicographic tie-break; logFC not used
CYP3A5,0.7,12,9,COAD;ESCA;KICH;KIRP;LIHC;LUAD;PRAD;STAD;THCA,0,193,FALSE,1,FALSE,maximum complete profiles at fixed k; lexicographic tie-break; logFC not used
CYP3A5,0.7,12,9,COAD;ESCA;KICH;KIRP;LIHC;LUSC;PRAD;STAD;THCA,0,194,FALSE,1,FALSE,maximum complete profiles at fixed k; lexicographic tie-break; logFC not used
CYP3A5,0.7,12,9,COAD;ESCA;KICH;KIRP;LUAD;LUSC;PRAD;STAD;THCA,0,195,FALSE,1,FALSE,maximum complete profiles at fixed k; lexicographic tie-break; logFC not used
CYP3A5,0.7,12,9,COAD;ESCA;KICH;LIHC;LUAD;LUSC;PRAD;STAD;THCA,0,196,FALSE,1,FALSE,maximum complete profiles at fixed k; lexicographic tie-break; logFC not used
CYP3A5,0.7,12,9,COAD;ESCA;KIRC;KIRP;LIHC;LUAD;LUSC;PRAD;STAD,0,197,FALSE,1,FALSE,maximum complete profiles at fixed k; lexicographic tie-break; logFC not used
CYP3A5,0.7,12,9,COAD;ESCA;KIRC;KIRP;LIHC;LUAD;LUSC;PRAD;THCA,0,198,FALSE,1,FALSE,maximum complete profiles at fixed k; lexicographic tie-break; logFC not used
CYP3A5,0.7,12,9,COAD;ESCA;KIRC;KIRP;LIHC;LUAD;PRAD;STAD;THCA,0,199,FALSE,1,FALSE,maximum complete profiles at fixed k; lexicographic tie-break; logFC not used
CYP3A5,0.7,12,9,COAD;ESCA;KIRC;KIRP;LIHC;LUSC;PRAD;STAD;THCA,0,200,FALSE,1,FALSE,maximum complete profiles at fixed k; lexicographic tie-break; logFC not used
CYP3A5,0.7,12,9,COAD;ESCA;KIRC;KIRP;LUAD;LUSC;PRAD;STAD;THCA,0,201,FALSE,1,FALSE,maximum complete profiles at fixed k; lexicographic tie-break; logFC not used
CYP3A5,0.7,12,9,COAD;ESCA;KIRC;LIHC;LUAD;LUSC;PRAD;STAD;THCA,0,202,FALSE,1,FALSE,maximum complete profiles at fixed k; lexicographic tie-break; logFC not used
CYP3A5,0.7,12,9,COAD;ESCA;KIRP;LIHC;LUAD;LUSC;PRAD;STAD;THCA,0,203,FALSE,1,FALSE,maximum complete profiles at fixed k; lexicographic tie-break; logFC not used
CYP3A5,0.7,12,9,COAD;KICH;KIRC;KIRP;LIHC;LUAD;LUSC;PRAD;STAD,0,204,FALSE,1,FALSE,maximum complete profiles at fixed k; lexicographic tie-break; logFC not used
CYP3A5,0.7,12,9,COAD;KICH;KIRC;KIRP;LIHC;LUAD;LUSC;PRAD;THCA,0,205,FALSE,1,FALSE,maximum complete profiles at fixed k; lexicographic tie-break; logFC not used
CYP3A5,0.7,12,9,COAD;KICH;KIRC;KIRP;LIHC;LUAD;PRAD;STAD;THCA,0,206,FALSE,1,FALSE,maximum complete profiles at fixed k; lexicographic tie-break; logFC not used
CYP3A5,0.7,12,9,COAD;KICH;KIRC;KIRP;LIHC;LUSC;PRAD;STAD;THCA,0,207,FALSE,1,FALSE,maximum complete profiles at fixed k; lexicographic tie-break; logFC not used
CYP3A5,0.7,12,9,COAD;KICH;KIRC;KIRP;LUAD;LUSC;PRAD;STAD;THCA,0,208,FALSE,1,FALSE,maximum complete profiles at fixed k; lexicographic tie-break; logFC not used
CYP3A5,0.7,12,9,COAD;KICH;KIRC;LIHC;LUAD;LUSC;PRAD;STAD;THCA,0,209,FALSE,1,FALSE,maximum complete profiles at fixed k; lexicographic tie-break; logFC not used
CYP3A5,0.7,12,9,COAD;KICH;KIRP;LIHC;LUAD;LUSC;PRAD;STAD;THCA,0,210,FALSE,1,FALSE,maximum complete profiles at fixed k; lexicographic tie-break; logFC not used
CYP3A5,0.7,12,9,COAD;KIRC;KIRP;LIHC;LUAD;LUSC;PRAD;STAD;THCA,0,211,FALSE,1,FALSE,maximum complete profiles at fixed k; lexicographic tie-break; logFC not used
CYP3A5,0.7,12,9,ESCA;KICH;KIRC;KIRP;LIHC;LUAD;LUSC;PRAD;STAD,0,212,FALSE,1,FALSE,maximum complete profiles at fixed k; lexicographic tie-break; logFC not used
CYP3A5,0.7,12,9,ESCA;KICH;KIRC;KIRP;LIHC;LUAD;LUSC;PRAD;THCA,0,213,FALSE,1,FALSE,maximum complete profiles at fixed k; lexicographic tie-break; logFC not used
CYP3A5,0.7,12,9,ESCA;KICH;KIRC;KIRP;LIHC;LUAD;PRAD;STAD;THCA,0,214,FALSE,1,FALSE,maximum complete profiles at fixed k; lexicographic tie-break; logFC not used
CYP3A5,0.7,12,9,ESCA;KICH;KIRC;KIRP;LIHC;LUSC;PRAD;STAD;THCA,0,215,FALSE,1,FALSE,maximum complete profiles at fixed k; lexicographic tie-break; logFC not used
CYP3A5,0.7,12,9,ESCA;KICH;KIRC;KIRP;LUAD;LUSC;PRAD;STAD;THCA,0,216,FALSE,1,FALSE,maximum complete profiles at fixed k; lexicographic tie-break; logFC not used
CYP3A5,0.7,12,9,ESCA;KICH;KIRC;LIHC;LUAD;LUSC;PRAD;STAD;THCA,0,217,FALSE,1,FALSE,maximum complete profiles at fixed k; lexicographic tie-break; logFC not used
CYP3A5,0.7,12,9,ESCA;KICH;KIRP;LIHC;LUAD;LUSC;PRAD;STAD;THCA,0,218,FALSE,1,FALSE,maximum complete profiles at fixed k; lexicographic tie-break; logFC not used
CYP3A5,0.7,12,9,ESCA;KIRC;KIRP;LIHC;LUAD;LUSC;PRAD;STAD;THCA,0,219,FALSE,1,FALSE,maximum complete profiles at fixed k; lexicographic tie-break; logFC not used
CYP3A5,0.7,12,9,KICH;KIRC;KIRP;LIHC;LUAD;LUSC;PRAD;STAD;THCA,0,220,FALSE,1,FALSE,maximum complete profiles at fixed k; lexicographic tie-break; logFC not used
CYP3A5,0.8,12,10,BRCA;COAD;ESCA;KICH;KIRC;KIRP;LUAD;LUSC;PRAD;STAD,5,1,TRUE,1,FALSE,maximum complete profiles at fixed k; lexicographic tie-break; logFC not used
CYP3A5,0.8,12,10,BRCA;COAD;ESCA;KICH;KIRC;KIRP;LIHC;LUAD;LUSC;STAD,1,2,FALSE,1,FALSE,maximum complete profiles at fixed k; lexicographic tie-break; logFC not used
CYP3A5,0.8,12,10,BRCA;COAD;ESCA;KICH;KIRC;KIRP;LIHC;LUAD;LUSC;THCA,1,3,FALSE,1,FALSE,maximum complete profiles at fixed k; lexicographic tie-break; logFC not used
CYP3A5,0.8,12,10,BRCA;COAD;ESCA;KICH;KIRC;KIRP;LIHC;LUAD;STAD;THCA,1,4,FALSE,1,FALSE,maximum complete profiles at fixed k; lexicographic tie-break; logFC not used
CYP3A5,0.8,12,10,BRCA;COAD;ESCA;KICH;KIRC;KIRP;LIHC;LUSC;STAD;THCA,1,5,FALSE,1,FALSE,maximum complete profiles at fixed k; lexicographic tie-break; logFC not used
CYP3A5,0.8,12,10,BRCA;COAD;ESCA;KICH;KIRC;KIRP;LUAD;LUSC;PRAD;THCA,1,6,FALSE,1,FALSE,maximum complete profiles at fixed k; lexicographic tie-break; logFC not used
CYP3A5,0.8,12,10,BRCA;COAD;ESCA;KICH;KIRC;KIRP;LUAD;LUSC;STAD;THCA,1,7,FALSE,1,FALSE,maximum complete profiles at fixed k; lexicographic tie-break; logFC not used
CYP3A5,0.8,12,10,BRCA;COAD;ESCA;KICH;KIRC;LIHC;LUAD;LUSC;STAD;THCA,1,8,FALSE,1,FALSE,maximum complete profiles at fixed k; lexicographic tie-break; logFC not used
CYP3A5,0.8,12,10,BRCA;COAD;ESCA;KICH;KIRP;LIHC;LUAD;LUSC;STAD;THCA,1,9,FALSE,1,FALSE,maximum complete profiles at fixed k; lexicographic tie-break; logFC not used
CYP3A5,0.8,12,10,BRCA;COAD;ESCA;KIRC;KIRP;LIHC;LUAD;LUSC;STAD;THCA,1,10,FALSE,1,FALSE,maximum complete profiles at fixed k; lexicographic tie-break; logFC not used
CYP3A5,0.8,12,10,BRCA;COAD;KICH;KIRC;KIRP;LIHC;LUAD;LUSC;STAD;THCA,1,11,FALSE,1,FALSE,maximum complete profiles at fixed k; lexicographic tie-break; logFC not used
CYP3A5,0.8,12,10,BRCA;ESCA;KICH;KIRC;KIRP;LIHC;LUAD;LUSC;STAD;THCA,1,12,FALSE,1,FALSE,maximum complete profiles at fixed k; lexicographic tie-break; logFC not used
CYP3A5,0.8,12,10,COAD;ESCA;KICH;KIRC;KIRP;LIHC;LUAD;LUSC;STAD;THCA,1,13,FALSE,1,FALSE,maximum complete profiles at fixed k; lexicographic tie-break; logFC not used
CYP3A5,0.8,12,10,BRCA;COAD;ESCA;KICH;KIRC;KIRP;LIHC;LUAD;LUSC;PRAD,0,14,FALSE,1,FALSE,maximum complete profiles at fixed k; lexicographic tie-break; logFC not used
CYP3A5,0.8,12,10,BRCA;COAD;ESCA;KICH;KIRC;KIRP;LIHC;LUAD;PRAD;STAD,0,15,FALSE,1,FALSE,maximum complete profiles at fixed k; lexicographic tie-break; logFC not used
CYP3A5,0.8,12,10,BRCA;COAD;ESCA;KICH;KIRC;KIRP;LIHC;LUAD;PRAD;THCA,0,16,FALSE,1,FALSE,maximum complete profiles at fixed k; lexicographic tie-break; logFC not used
CYP3A5,0.8,12,10,BRCA;COAD;ESCA;KICH;KIRC;KIRP;LIHC;LUSC;PRAD;STAD,0,17,FALSE,1,FALSE,maximum complete profiles at fixed k; lexicographic tie-break; logFC not used
CYP3A5,0.8,12,10,BRCA;COAD;ESCA;KICH;KIRC;KIRP;LIHC;LUSC;PRAD;THCA,0,18,FALSE,1,FALSE,maximum complete profiles at fixed k; lexicographic tie-break; logFC not used
CYP3A5,0.8,12,10,BRCA;COAD;ESCA;KICH;KIRC;KIRP;LIHC;PRAD;STAD;THCA,0,19,FALSE,1,FALSE,maximum complete profiles at fixed k; lexicographic tie-break; logFC not used
CYP3A5,0.8,12,10,BRCA;COAD;ESCA;KICH;KIRC;KIRP;LUAD;PRAD;STAD;THCA,0,20,FALSE,1,FALSE,maximum complete profiles at fixed k; lexicographic tie-break; logFC not used
CYP3A5,0.8,12,10,BRCA;COAD;ESCA;KICH;KIRC;KIRP;LUSC;PRAD;STAD;THCA,0,21,FALSE,1,FALSE,maximum complete profiles at fixed k; lexicographic tie-break; logFC not used
CYP3A5,0.8,12,10,BRCA;COAD;ESCA;KICH;KIRC;LIHC;LUAD;LUSC;PRAD;STAD,0,22,FALSE,1,FALSE,maximum complete profiles at fixed k; lexicographic tie-break; logFC not used
CYP3A5,0.8,12,10,BRCA;COAD;ESCA;KICH;KIRC;LIHC;LUAD;LUSC;PRAD;THCA,0,23,FALSE,1,FALSE,maximum complete profiles at fixed k; lexicographic tie-break; logFC not used
CYP3A5,0.8,12,10,BRCA;COAD;ESCA;KICH;KIRC;LIHC;LUAD;PRAD;STAD;THCA,0,24,FALSE,1,FALSE,maximum complete profiles at fixed k; lexicographic tie-break; logFC not used
CYP3A5,0.8,12,10,BRCA;COAD;ESCA;KICH;KIRC;LIHC;LUSC;PRAD;STAD;THCA,0,25,FALSE,1,FALSE,maximum complete profiles at fixed k; lexicographic tie-break; logFC not used
CYP3A5,0.8,12,10,BRCA;COAD;ESCA;KICH;KIRC;LUAD;LUSC;PRAD;STAD;THCA,0,26,FALSE,1,FALSE,maximum complete profiles at fixed k; lexicographic tie-break; logFC not used
CYP3A5,0.8,12,10,BRCA;COAD;ESCA;KICH;KIRP;LIHC;LUAD;LUSC;PRAD;STAD,0,27,FALSE,1,FALSE,maximum complete profiles at fixed k; lexicographic tie-break; logFC not used
CYP3A5,0.8,12,10,BRCA;COAD;ESCA;KICH;KIRP;LIHC;LUAD;LUSC;PRAD;THCA,0,28,FALSE,1,FALSE,maximum complete profiles at fixed k; lexicographic tie-break; logFC not used
CYP3A5,0.8,12,10,BRCA;COAD;ESCA;KICH;KIRP;LIHC;LUAD;PRAD;STAD;THCA,0,29,FALSE,1,FALSE,maximum complete profiles at fixed k; lexicographic tie-break; logFC not used
CYP3A5,0.8,12,10,BRCA;COAD;ESCA;KICH;KIRP;LIHC;LUSC;PRAD;STAD;THCA,0,30,FALSE,1,FALSE,maximum complete profiles at fixed k; lexicographic tie-break; logFC not used
CYP3A5,0.8,12,10,BRCA;COAD;ESCA;KICH;KIRP;LUAD;LUSC;PRAD;STAD;THCA,0,31,FALSE,1,FALSE,maximum complete profiles at fixed k; lexicographic tie-break; logFC not used
CYP3A5,0.8,12,10,BRCA;COAD;ESCA;KICH;LIHC;LUAD;LUSC;PRAD;STAD;THCA,0,32,FALSE,1,FALSE,maximum complete profiles at fixed k; lexicographic tie-break; logFC not used
CYP3A5,0.8,12,10,BRCA;COAD;ESCA;KIRC;KIRP;LIHC;LUAD;LUSC;PRAD;STAD,0,33,FALSE,1,FALSE,maximum complete profiles at fixed k; lexicographic tie-break; logFC not used
CYP3A5,0.8,12,10,BRCA;COAD;ESCA;KIRC;KIRP;LIHC;LUAD;LUSC;PRAD;THCA,0,34,FALSE,1,FALSE,maximum complete profiles at fixed k; lexicographic tie-break; logFC not used
CYP3A5,0.8,12,10,BRCA;COAD;ESCA;KIRC;KIRP;LIHC;LUAD;PRAD;STAD;THCA,0,35,FALSE,1,FALSE,maximum complete profiles at fixed k; lexicographic tie-break; logFC not used
CYP3A5,0.8,12,10,BRCA;COAD;ESCA;KIRC;KIRP;LIHC;LUSC;PRAD;STAD;THCA,0,36,FALSE,1,FALSE,maximum complete profiles at fixed k; lexicographic tie-break; logFC not used
CYP3A5,0.8,12,10,BRCA;COAD;ESCA;KIRC;KIRP;LUAD;LUSC;PRAD;STAD;THCA,0,37,FALSE,1,FALSE,maximum complete profiles at fixed k; lexicographic tie-break; logFC not used
CYP3A5,0.8,12,10,BRCA;COAD;ESCA;KIRC;LIHC;LUAD;LUSC;PRAD;STAD;THCA,0,38,FALSE,1,FALSE,maximum complete profiles at fixed k; lexicographic tie-break; logFC not used
CYP3A5,0.8,12,10,BRCA;COAD;ESCA;KIRP;LIHC;LUAD;LUSC;PRAD;STAD;THCA,0,39,FALSE,1,FALSE,maximum complete profiles at fixed k; lexicographic tie-break; logFC not used
CYP3A5,0.8,12,10,BRCA;COAD;KICH;KIRC;KIRP;LIHC;LUAD;LUSC;PRAD;STAD,0,40,FALSE,1,FALSE,maximum complete profiles at fixed k; lexicographic tie-break; logFC not used
CYP3A5,0.8,12,10,BRCA;COAD;KICH;KIRC;KIRP;LIHC;LUAD;LUSC;PRAD;THCA,0,41,FALSE,1,FALSE,maximum complete profiles at fixed k; lexicographic tie-break; logFC not used
CYP3A5,0.8,12,10,BRCA;COAD;KICH;KIRC;KIRP;LIHC;LUAD;PRAD;STAD;THCA,0,42,FALSE,1,FALSE,maximum complete profiles at fixed k; lexicographic tie-break; logFC not used
CYP3A5,0.8,12,10,BRCA;COAD;KICH;KIRC;KIRP;LIHC;LUSC;PRAD;STAD;THCA,0,43,FALSE,1,FALSE,maximum complete profiles at fixed k; lexicographic tie-break; logFC not used
CYP3A5,0.8,12,10,BRCA;COAD;KICH;KIRC;KIRP;LUAD;LUSC;PRAD;STAD;THCA,0,44,FALSE,1,FALSE,maximum complete profiles at fixed k; lexicographic tie-break; logFC not used
CYP3A5,0.8,12,10,BRCA;COAD;KICH;KIRC;LIHC;LUAD;LUSC;PRAD;STAD;THCA,0,45,FALSE,1,FALSE,maximum complete profiles at fixed k; lexicographic tie-break; logFC not used
CYP3A5,0.8,12,10,BRCA;COAD;KICH;KIRP;LIHC;LUAD;LUSC;PRAD;STAD;THCA,0,46,FALSE,1,FALSE,maximum complete profiles at fixed k; lexicographic tie-break; logFC not used
CYP3A5,0.8,12,10,BRCA;COAD;KIRC;KIRP;LIHC;LUAD;LUSC;PRAD;STAD;THCA,0,47,FALSE,1,FALSE,maximum complete profiles at fixed k; lexicographic tie-break; logFC not used
CYP3A5,0.8,12,10,BRCA;ESCA;KICH;KIRC;KIRP;LIHC;LUAD;LUSC;PRAD;STAD,0,48,FALSE,1,FALSE,maximum complete profiles at fixed k; lexicographic tie-break; logFC not used
CYP3A5,0.8,12,10,BRCA;ESCA;KICH;KIRC;KIRP;LIHC;LUAD;LUSC;PRAD;THCA,0,49,FALSE,1,FALSE,maximum complete profiles at fixed k; lexicographic tie-break; logFC not used
CYP3A5,0.8,12,10,BRCA;ESCA;KICH;KIRC;KIRP;LIHC;LUAD;PRAD;STAD;THCA,0,50,FALSE,1,FALSE,maximum complete profiles at fixed k; lexicographic tie-break; logFC not used
CYP3A5,0.8,12,10,BRCA;ESCA;KICH;KIRC;KIRP;LIHC;LUSC;PRAD;STAD;THCA,0,51,FALSE,1,FALSE,maximum complete profiles at fixed k; lexicographic tie-break; logFC not used
CYP3A5,0.8,12,10,BRCA;ESCA;KICH;KIRC;KIRP;LUAD;LUSC;PRAD;STAD;THCA,0,52,FALSE,1,FALSE,maximum complete profiles at fixed k; lexicographic tie-break; logFC not used
CYP3A5,0.8,12,10,BRCA;ESCA;KICH;KIRC;LIHC;LUAD;LUSC;PRAD;STAD;THCA,0,53,FALSE,1,FALSE,maximum complete profiles at fixed k; lexicographic tie-break; logFC not used
CYP3A5,0.8,12,10,BRCA;ESCA;KICH;KIRP;LIHC;LUAD;LUSC;PRAD;STAD;THCA,0,54,FALSE,1,FALSE,maximum complete profiles at fixed k; lexicographic tie-break; logFC not used
CYP3A5,0.8,12,10,BRCA;ESCA;KIRC;KIRP;LIHC;LUAD;LUSC;PRAD;STAD;THCA,0,55,FALSE,1,FALSE,maximum complete profiles at fixed k; lexicographic tie-break; logFC not used
CYP3A5,0.8,12,10,BRCA;KICH;KIRC;KIRP;LIHC;LUAD;LUSC;PRAD;STAD;THCA,0,56,FALSE,1,FALSE,maximum complete profiles at fixed k; lexicographic tie-break; logFC not used
CYP3A5,0.8,12,10,COAD;ESCA;KICH;KIRC;KIRP;LIHC;LUAD;LUSC;PRAD;STAD,0,57,FALSE,1,FALSE,maximum complete profiles at fixed k; lexicographic tie-break; logFC not used
CYP3A5,0.8,12,10,COAD;ESCA;KICH;KIRC;KIRP;LIHC;LUAD;LUSC;PRAD;THCA,0,58,FALSE,1,FALSE,maximum complete profiles at fixed k; lexicographic tie-break; logFC not used
CYP3A5,0.8,12,10,COAD;ESCA;KICH;KIRC;KIRP;LIHC;LUAD;PRAD;STAD;THCA,0,59,FALSE,1,FALSE,maximum complete profiles at fixed k; lexicographic tie-break; logFC not used
CYP3A5,0.8,12,10,COAD;ESCA;KICH;KIRC;KIRP;LIHC;LUSC;PRAD;STAD;THCA,0,60,FALSE,1,FALSE,maximum complete profiles at fixed k; lexicographic tie-break; logFC not used
CYP3A5,0.8,12,10,COAD;ESCA;KICH;KIRC;KIRP;LUAD;LUSC;PRAD;STAD;THCA,0,61,FALSE,1,FALSE,maximum complete profiles at fixed k; lexicographic tie-break; logFC not used
CYP3A5,0.8,12,10,COAD;ESCA;KICH;KIRC;LIHC;LUAD;LUSC;PRAD;STAD;THCA,0,62,FALSE,1,FALSE,maximum complete profiles at fixed k; lexicographic tie-break; logFC not used
CYP3A5,0.8,12,10,COAD;ESCA;KICH;KIRP;LIHC;LUAD;LUSC;PRAD;STAD;THCA,0,63,FALSE,1,FALSE,maximum complete profiles at fixed k; lexicographic tie-break; logFC not used
CYP3A5,0.8,12,10,COAD;ESCA;KIRC;KIRP;LIHC;LUAD;LUSC;PRAD;STAD;THCA,0,64,FALSE,1,FALSE,maximum complete profiles at fixed k; lexicographic tie-break; logFC not used
CYP3A5,0.8,12,10,COAD;KICH;KIRC;KIRP;LIHC;LUAD;LUSC;PRAD;STAD;THCA,0,65,FALSE,1,FALSE,maximum complete profiles at fixed k; lexicographic tie-break; logFC not used
CYP3A5,0.8,12,10,ESCA;KICH;KIRC;KIRP;LIHC;LUAD;LUSC;PRAD;STAD;THCA,0,66,FALSE,1,FALSE,maximum complete profiles at fixed k; lexicographic tie-break; logFC not used
CYP3A5,0.9,12,11,BRCA;COAD;ESCA;KICH;KIRC;KIRP;LIHC;LUAD;LUSC;STAD;THCA,1,1,TRUE,1,FALSE,maximum complete profiles at fixed k; lexicographic tie-break; logFC not used
CYP3A5,0.9,12,11,BRCA;COAD;ESCA;KICH;KIRC;KIRP;LIHC;LUAD;LUSC;PRAD;STAD,0,2,FALSE,1,FALSE,maximum complete profiles at fixed k; lexicographic tie-break; logFC not used
CYP3A5,0.9,12,11,BRCA;COAD;ESCA;KICH;KIRC;KIRP;LIHC;LUAD;LUSC;PRAD;THCA,0,3,FALSE,1,FALSE,maximum complete profiles at fixed k; lexicographic tie-break; logFC not used
CYP3A5,0.9,12,11,BRCA;COAD;ESCA;KICH;KIRC;KIRP;LIHC;LUAD;PRAD;STAD;THCA,0,4,FALSE,1,FALSE,maximum complete profiles at fixed k; lexicographic tie-break; logFC not used
CYP3A5,0.9,12,11,BRCA;COAD;ESCA;KICH;KIRC;KIRP;LIHC;LUSC;PRAD;STAD;THCA,0,5,FALSE,1,FALSE,maximum complete profiles at fixed k; lexicographic tie-break; logFC not used
CYP3A5,0.9,12,11,BRCA;COAD;ESCA;KICH;KIRC;KIRP;LUAD;LUSC;PRAD;STAD;THCA,0,6,FALSE,1,FALSE,maximum complete profiles at fixed k; lexicographic tie-break; logFC not used
CYP3A5,0.9,12,11,BRCA;COAD;ESCA;KICH;KIRC;LIHC;LUAD;LUSC;PRAD;STAD;THCA,0,7,FALSE,1,FALSE,maximum complete profiles at fixed k; lexicographic tie-break; logFC not used
CYP3A5,0.9,12,11,BRCA;COAD;ESCA;KICH;KIRP;LIHC;LUAD;LUSC;PRAD;STAD;THCA,0,8,FALSE,1,FALSE,maximum complete profiles at fixed k; lexicographic tie-break; logFC not used
CYP3A5,0.9,12,11,BRCA;COAD;ESCA;KIRC;KIRP;LIHC;LUAD;LUSC;PRAD;STAD;THCA,0,9,FALSE,1,FALSE,maximum complete profiles at fixed k; lexicographic tie-break; logFC not used
CYP3A5,0.9,12,11,BRCA;COAD;KICH;KIRC;KIRP;LIHC;LUAD;LUSC;PRAD;STAD;THCA,0,10,FALSE,1,FALSE,maximum complete profiles at fixed k; lexicographic tie-break; logFC not used
CYP3A5,0.9,12,11,BRCA;ESCA;KICH;KIRC;KIRP;LIHC;LUAD;LUSC;PRAD;STAD;THCA,0,11,FALSE,1,FALSE,maximum complete profiles at fixed k; lexicographic tie-break; logFC not used
CYP3A5,0.9,12,11,COAD;ESCA;KICH;KIRC;KIRP;LIHC;LUAD;LUSC;PRAD;STAD;THCA,0,12,FALSE,1,FALSE,maximum complete profiles at fixed k; lexicographic tie-break; logFC not used
CYP3A7,0.5,5,3,KICH;KIRC;KIRP,759,1,TRUE,1,TRUE,maximum complete profiles at fixed k; lexicographic tie-break; logFC not used
CYP3A7,0.5,5,3,KIRC;KIRP;LUSC,317,2,FALSE,1,TRUE,maximum complete profiles at fixed k; lexicographic tie-break; logFC not used
CYP3A7,0.5,5,3,KICH;KIRC;LUSC,301,3,FALSE,1,TRUE,maximum complete profiles at fixed k; lexicographic tie-break; logFC not used
CYP3A7,0.5,5,3,KICH;KIRP;LUSC,289,4,FALSE,1,TRUE,maximum complete profiles at fixed k; lexicographic tie-break; logFC not used
CYP3A7,0.5,5,3,KIRC;KIRP;LIHC,56,5,FALSE,1,TRUE,maximum complete profiles at fixed k; lexicographic tie-break; logFC not used
CYP3A7,0.5,5,3,KICH;KIRC;LIHC,46,6,FALSE,1,TRUE,maximum complete profiles at fixed k; lexicographic tie-break; logFC not used
CYP3A7,0.5,5,3,KICH;KIRP;LIHC,45,7,FALSE,1,TRUE,maximum complete profiles at fixed k; lexicographic tie-break; logFC not used
CYP3A7,0.5,5,3,KIRC;LIHC;LUSC,19,8,FALSE,1,FALSE,maximum complete profiles at fixed k; lexicographic tie-break; logFC not used
CYP3A7,0.5,5,3,KIRP;LIHC;LUSC,18,9,FALSE,1,FALSE,maximum complete profiles at fixed k; lexicographic tie-break; logFC not used
CYP3A7,0.5,5,3,KICH;LIHC;LUSC,17,10,FALSE,1,FALSE,maximum complete profiles at fixed k; lexicographic tie-break; logFC not used
CYP3A7,0.6,5,3,KICH;KIRC;KIRP,759,1,TRUE,1,TRUE,maximum complete profiles at fixed k; lexicographic tie-break; logFC not used
CYP3A7,0.6,5,3,KIRC;KIRP;LUSC,317,2,FALSE,1,TRUE,maximum complete profiles at fixed k; lexicographic tie-break; logFC not used
CYP3A7,0.6,5,3,KICH;KIRC;LUSC,301,3,FALSE,1,TRUE,maximum complete profiles at fixed k; lexicographic tie-break; logFC not used
CYP3A7,0.6,5,3,KICH;KIRP;LUSC,289,4,FALSE,1,TRUE,maximum complete profiles at fixed k; lexicographic tie-break; logFC not used
CYP3A7,0.6,5,3,KIRC;KIRP;LIHC,56,5,FALSE,1,TRUE,maximum complete profiles at fixed k; lexicographic tie-break; logFC not used
CYP3A7,0.6,5,3,KICH;KIRC;LIHC,46,6,FALSE,1,TRUE,maximum complete profiles at fixed k; lexicographic tie-break; logFC not used
CYP3A7,0.6,5,3,KICH;KIRP;LIHC,45,7,FALSE,1,TRUE,maximum complete profiles at fixed k; lexicographic tie-break; logFC not used
CYP3A7,0.6,5,3,KIRC;LIHC;LUSC,19,8,FALSE,1,FALSE,maximum complete profiles at fixed k; lexicographic tie-break; logFC not used
CYP3A7,0.6,5,3,KIRP;LIHC;LUSC,18,9,FALSE,1,FALSE,maximum complete profiles at fixed k; lexicographic tie-break; logFC not used
CYP3A7,0.6,5,3,KICH;LIHC;LUSC,17,10,FALSE,1,FALSE,maximum complete profiles at fixed k; lexicographic tie-break; logFC not used
CYP3A7,0.7,5,4,KICH;KIRC;KIRP;LUSC,281,1,TRUE,1,TRUE,maximum complete profiles at fixed k; lexicographic tie-break; logFC not used
CYP3A7,0.7,5,4,KICH;KIRC;KIRP;LIHC,43,2,FALSE,1,TRUE,maximum complete profiles at fixed k; lexicographic tie-break; logFC not used
CYP3A7,0.7,5,4,KIRC;KIRP;LIHC;LUSC,17,3,FALSE,1,FALSE,maximum complete profiles at fixed k; lexicographic tie-break; logFC not used
CYP3A7,0.7,5,4,KICH;KIRC;LIHC;LUSC,16,4,FALSE,1,FALSE,maximum complete profiles at fixed k; lexicographic tie-break; logFC not used
CYP3A7,0.7,5,4,KICH;KIRP;LIHC;LUSC,16,5,FALSE,1,FALSE,maximum complete profiles at fixed k; lexicographic tie-break; logFC not used
CYP3A7,0.8,5,4,KICH;KIRC;KIRP;LUSC,281,1,TRUE,1,TRUE,maximum complete profiles at fixed k; lexicographic tie-break; logFC not used
CYP3A7,0.8,5,4,KICH;KIRC;KIRP;LIHC,43,2,FALSE,1,TRUE,maximum complete profiles at fixed k; lexicographic tie-break; logFC not used
CYP3A7,0.8,5,4,KIRC;KIRP;LIHC;LUSC,17,3,FALSE,1,FALSE,maximum complete profiles at fixed k; lexicographic tie-break; logFC not used
CYP3A7,0.8,5,4,KICH;KIRC;LIHC;LUSC,16,4,FALSE,1,FALSE,maximum complete profiles at fixed k; lexicographic tie-break; logFC not used
CYP3A7,0.8,5,4,KICH;KIRP;LIHC;LUSC,16,5,FALSE,1,FALSE,maximum complete profiles at fixed k; lexicographic tie-break; logFC not used
CYP3A7,0.9,5,5,KICH;KIRC;KIRP;LIHC;LUSC,15,1,TRUE,1,FALSE,maximum complete profiles at fixed k; lexicographic tie-break; logFC not used
