target_gene,context,logFC,constituent_cancers,n_constituent_cancers,record_type
MAOB,breast,-2.1583680889801524,BRCA,1,target_organ_value
MAOB,colon,-2.70789628870493,COAD,1,target_organ_value
MAOB,esophagus,-1.447021388863092,ESCA,1,target_organ_value
MAOB,kidney,-0.8481437556344779,KICH;KIRC;KIRP,3,target_organ_value
MAOB,liver,-0.914125081691664,LIHC,1,target_organ_value
MAOB,lung,-1.8714721041735616,LUAD;LUSC,2,target_organ_value
MAOB,prostate,-1.3230157448894475,PRAD,1,target_organ_value
MAOB,stomach,-1.9133117519938712,STAD,1,target_organ_value
MAOB,thyroid,-1.5046117850422522,THCA,1,target_organ_value
MAOB,liver,-0.32200486069098644,LIHC,1,background_organ_value
MAOB,colon,-1.2490954654427042,COAD,1,background_organ_value
MAOB,esophagus,-0.4188733761009034,ESCA,1,background_organ_value
MAOB,breast,0.3620425822501788,BRCA,1,background_organ_value
MAOB,colon,0.2184788276197055,COAD,1,background_organ_value
MAOB,kidney,0.20576287381281913,KICH;KIRC;KIRP,3,background_organ_value
MAOB,lung,0.18023129446128627,LUAD;LUSC,2,background_organ_value
MAOB,liver,-0.6243962272964558,LIHC,1,background_organ_value
MAOB,colon,1.1231201887874356,COAD,1,background_organ_value
MAOB,esophagus,0.3786100243725873,ESCA,1,background_organ_value
MAOB,lung,0.4801616373499872,LUAD;LUSC,2,background_organ_value
MAOB,prostate,0.12682125287406254,PRAD,1,background_organ_value
MAOB,stomach,0.3961437854575055,STAD,1,background_organ_value
MAOB,breast,0.2991800894854205,BRCA,1,background_organ_value
MAOB,colon,0.02263835320700774,COAD,1,background_organ_value
MAOB,esophagus,0.30405647723931556,ESCA,1,background_organ_value
MAOB,kidney,0.118446691107429,KICH;KIRC;KIRP,3,background_organ_value
MAOB,liver,-0.871710399267289,LIHC,1,background_organ_value
MAOB,prostate,0.12127518716754776,PRAD,1,background_organ_value
MAOB,stomach,0.4655357735443519,STAD,1,background_organ_value
MAOB,esophagus,-0.00415363388395995,ESCA,1,background_organ_value
MAOB,liver,-0.00937460681040503,LIHC,1,background_organ_value
MAOB,breast,0.49491687638689846,BRCA,1,background_organ_value
MAOB,kidney,0.3979256157072411,KICH;KIRC;KIRP,3,background_organ_value
MAOB,liver,0.3897145772237326,LIHC,1,background_organ_value
MAOB,prostate,-0.21073494614495636,PRAD,1,background_organ_value
MAOB,colon,-0.3125105612195314,COAD,1,background_organ_value
MAOB,esophagus,-0.02027767180126705,ESCA,1,background_organ_value
MAOB,lung,0.00261211057726591,LUAD,1,background_organ_value
MAOB,esophagus,1.021359033774008,ESCA,1,background_organ_value
MAOB,breast,0.29981372885220114,BRCA,1,background_organ_value
MAOB,colon,0.5076643954138629,COAD,1,background_organ_value
MAOB,esophagus,0.2282728994961813,ESCA,1,background_organ_value
MAOB,kidney,0.4326850065215511,KICH;KIRC;KIRP,3,background_organ_value
MAOB,lung,0.0111460852641201,LUAD;LUSC,2,background_organ_value
MAOB,prostate,-0.31628969574265275,PRAD,1,background_organ_value
MAOB,breast,-0.872082120200614,BRCA,1,background_organ_value
MAOB,esophagus,-0.1172125956833028,ESCA,1,background_organ_value
MAOB,prostate,-0.06174682468348928,PRAD,1,background_organ_value
MAOB,stomach,-0.08568543056098463,STAD,1,background_organ_value
MAOB,esophagus,0.3345080255609206,ESCA,1,background_organ_value
MAOB,liver,-0.8722202465404184,LIHC,1,background_organ_value
MAOB,liver,-2.539755543611368,LIHC,1,background_organ_value
MAOB,liver,-0.14163482814432957,LIHC,1,background_organ_value
MAOB,colon,0.45926661953155873,COAD,1,background_organ_value
MAOB,esophagus,0.7338933804897636,ESCA,1,background_organ_value
MAOB,kidney,0.02802097435734303,KICH;KIRC;KIRP,3,background_organ_value
MAOB,stomach,0.8855192045323426,STAD,1,background_organ_value
MAOB,breast,0.1887750568037738,BRCA,1,background_organ_value
MAOB,kidney,-0.5284649685173611,KICH;KIRC;KIRP,3,background_organ_value
MAOB,liver,-0.4415444391696075,LIHC,1,background_organ_value
MAOB,lung,0.33331890284224,LUAD;LUSC,2,background_organ_value
MAOB,prostate,0.2014545818241014,PRAD,1,background_organ_value
MAOB,breast,1.43992505504254,BRCA,1,background_organ_value
MAOB,kidney,-0.38331360772779927,KICH;KIRC;KIRP,3,background_organ_value
MAOB,lung,1.4606842008463778,LUAD;LUSC,2,background_organ_value
MAOB,prostate,0.4344115090789173,PRAD,1,background_organ_value
MAOB,breast,0.4475227242228756,BRCA,1,background_organ_value
MAOB,colon,0.8795488989525634,COAD,1,background_organ_value
MAOB,esophagus,0.5802397860220583,ESCA,1,background_organ_value
MAOB,kidney,-0.0072389997761449,KICH;KIRC;KIRP,3,background_organ_value
MAOB,lung,0.8736946746222451,LUAD;LUSC,2,background_organ_value
MAOB,prostate,0.2684028633990437,PRAD,1,background_organ_value
MAOB,stomach,0.38185436090011926,STAD,1,background_organ_value
MAOB,esophagus,0.24558557040221804,ESCA,1,background_organ_value
MAOB,esophagus,-0.10493453346630811,ESCA,1,background_organ_value
MAOB,kidney,0.11950185949056732,KICH;KIRC;KIRP,3,background_organ_value
MAOB,liver,-0.10330104909620089,LIHC,1,background_organ_value
MAOB,lung,0.5726708668955385,LUAD;LUSC,2,background_organ_value
MAOB,kidney,-2.371469772870547,KIRP,1,background_organ_value
MAOB,liver,-1.972104325447282,LIHC,1,background_organ_value
MAOB,liver,-0.7279680619957221,LIHC,1,background_organ_value
MAOB,liver,0.12707603149621277,LIHC,1,background_organ_value
MAOB,colon,0.6022851062476717,COAD,1,background_organ_value
MAOB,kidney,0.03100926654796139,KICH;KIRC;KIRP,3,background_organ_value
MAOB,lung,0.3965655544622708,LUAD;LUSC,2,background_organ_value
MAOB,prostate,0.17444342987258418,PRAD,1,background_organ_value
MAOB,colon,0.36828729690503587,COAD,1,background_organ_value
MAOB,kidney,0.5347421633200724,KICH;KIRP,2,background_organ_value
MAOB,lung,0.3281670599410088,LUAD;LUSC,2,background_organ_value
MAOB,stomach,-1.7542885941476816,STAD,1,background_organ_value
MAOB,thyroid,-0.713901612137113,THCA,1,background_organ_value
MAOB,stomach,0.2545543308418471,STAD,1,background_organ_value
MAOB,breast,0.6932775643823089,BRCA,1,background_organ_value
MAOB,colon,0.33190024811969804,COAD,1,background_organ_value
MAOB,kidney,0.14028276872197576,KICH;KIRC;KIRP,3,background_organ_value
MAOB,liver,0.05673380597820577,LIHC,1,background_organ_value
MAOB,lung,-0.411600894871733,LUSC,1,background_organ_value
MAOB,prostate,-0.24734290782313328,PRAD,1,background_organ_value
MAOB,stomach,-0.19317799919005887,STAD,1,background_organ_value
MAOB,breast,-0.3359034985728859,BRCA,1,background_organ_value
MAOB,colon,-0.5666233916174214,COAD,1,background_organ_value
MAOB,esophagus,-0.30866054208025656,ESCA,1,background_organ_value
MAOB,kidney,-0.2626933694537259,KIRC,1,background_organ_value
MAOB,lung,-0.6920310769600204,LUAD;LUSC,2,background_organ_value
MAOB,prostate,-0.1791319744003109,PRAD,1,background_organ_value
MAOB,stomach,-0.29313325640954574,STAD,1,background_organ_value
MAOB,colon,-0.7228512321104062,COAD,1,background_organ_value
MAOB,esophagus,-0.8211950487278845,ESCA,1,background_organ_value
MAOB,kidney,-0.6136906622714867,KICH;KIRC;KIRP,3,background_organ_value
MAOB,breast,-0.5595976631584931,BRCA,1,background_organ_value
MAOB,prostate,-0.8230341320780409,PRAD,1,background_organ_value
MAOB,breast,0.36524425938171967,BRCA,1,background_organ_value
MAOB,kidney,0.18398991121548833,KICH;KIRC;KIRP,3,background_organ_value
MAOB,liver,-0.00487208491560032,LIHC,1,background_organ_value
MAOB,lung,0.37393281699374775,LUSC,1,background_organ_value
MAOB,prostate,0.09977572595772262,PRAD,1,background_organ_value
MAOB,stomach,0.15351073412150876,STAD,1,background_organ_value
MAOB,esophagus,0.3817910013374731,ESCA,1,background_organ_value
MAOB,kidney,0.3173600507006356,KICH;KIRC;KIRP,3,background_organ_value
MAOB,stomach,0.2321906258589594,STAD,1,background_organ_value
MAOB,breast,0.27914101732620306,BRCA,1,background_organ_value
MAOB,colon,-0.19693492590713255,COAD,1,background_organ_value
MAOB,esophagus,-0.3169257311896112,ESCA,1,background_organ_value
MAOB,kidney,0.46746393691506105,KICH;KIRC;KIRP,3,background_organ_value
MAOB,lung,0.45449090619821875,LUAD;LUSC,2,background_organ_value
MAOB,thyroid,2.6342742036329843,THCA,1,background_organ_value
MAOB,esophagus,0.00324836279918365,ESCA,1,background_organ_value
MAOB,breast,0.1944477234432114,BRCA,1,background_organ_value
MAOB,kidney,0.1272180511561414,KICH;KIRC;KIRP,3,background_organ_value
MAOB,liver,-0.6341781755156443,LIHC,1,background_organ_value
MAOB,prostate,-0.08757595652668397,PRAD,1,background_organ_value
MAOB,stomach,0.11708440805845316,STAD,1,background_organ_value
MAOB,breast,-0.2845509376075002,BRCA,1,background_organ_value
MAOB,kidney,-0.0779629658067413,KIRC;KIRP,2,background_organ_value
MAOB,prostate,-0.25388113244120164,PRAD,1,background_organ_value
MAOB,stomach,-0.5031604702975341,STAD,1,background_organ_value
MAOB,thyroid,0.2160450084441901,THCA,1,background_organ_value
MAOB,colon,0.4302076040925315,COAD,1,background_organ_value
MAOB,colon,1.0287784531396609,COAD,1,background_organ_value
MAOB,esophagus,0.48383636819347847,ESCA,1,background_organ_value
MAOB,colon,0.8461696913365604,COAD,1,background_organ_value
MAOB,esophagus,-0.13887721797950797,ESCA,1,background_organ_value
MAOB,breast,0.05158685338831203,BRCA,1,background_organ_value
MAOB,kidney,-1.3060857551904983,KICH,1,background_organ_value
MAOB,lung,0.4841315814303945,LUAD;LUSC,2,background_organ_value
MAOB,breast,-0.3195369122614906,BRCA,1,background_organ_value
MAOB,colon,-0.07943222101576176,COAD,1,background_organ_value
MAOB,breast,-0.0505024389972487,BRCA,1,background_organ_value
MAOB,colon,-0.2343516460954953,COAD,1,background_organ_value
MAOB,esophagus,-0.23729913176140244,ESCA,1,background_organ_value
MAOB,kidney,0.05558077323389918,KICH,1,background_organ_value
MAOB,liver,-0.5638808286805537,LIHC,1,background_organ_value
MAOB,lung,0.10875489336454942,LUAD;LUSC,2,background_organ_value
MAOB,prostate,0.3245982983411154,PRAD,1,background_organ_value
MAOB,colon,-0.06608660634804733,COAD,1,background_organ_value
MAOB,esophagus,-0.06186441004392364,ESCA,1,background_organ_value
MAOB,lung,-0.3979720973707676,LUAD;LUSC,2,background_organ_value
MAOB,stomach,-0.14119410756933404,STAD,1,background_organ_value
MAOB,breast,0.08380401110662697,BRCA,1,background_organ_value
MAOB,kidney,-0.17501576688433457,KIRC;KIRP,2,background_organ_value
MAOB,breast,1.2664134178276278,BRCA,1,background_organ_value
MAOB,kidney,-0.15687634694102806,KICH;KIRC;KIRP,3,background_organ_value
MAOB,stomach,-0.0167263427176815,STAD,1,background_organ_value
MAOB,liver,-1.610183390345091,LIHC,1,background_organ_value
MAOB,liver,-1.680798690510186,LIHC,1,background_organ_value
MAOB,esophagus,-0.5482677273934705,ESCA,1,background_organ_value
MAOB,breast,-1.0947819242848944,BRCA,1,background_organ_value
MAOB,colon,0.09076690337743448,COAD,1,background_organ_value
MAOB,lung,-1.5296584669460982,LUAD;LUSC,2,background_organ_value
MAOB,prostate,0.31825269318983845,PRAD,1,background_organ_value
MAOB,stomach,-0.7287180651956889,STAD,1,background_organ_value
MAOB,kidney,-0.3558690346304717,KIRC;KIRP,2,background_organ_value
MAOB,liver,-0.5877660006525413,LIHC,1,background_organ_value
MAOB,liver,0.4962699011190134,LIHC,1,background_organ_value
MAOB,stomach,-0.5283555596605838,STAD,1,background_organ_value
MAOB,liver,0.21003212313188052,LIHC,1,background_organ_value
MAOB,liver,-0.02618557177334259,LIHC,1,background_organ_value
MAOB,breast,0.571003600480434,BRCA,1,background_organ_value
MAOB,colon,0.09291170667634407,COAD,1,background_organ_value
MAOB,esophagus,-0.4591044420785416,ESCA,1,background_organ_value
MAOB,lung,0.40736364947706427,LUAD;LUSC,2,background_organ_value
MAOB,prostate,0.14914469541415612,PRAD,1,background_organ_value
MAOB,stomach,-0.34085147852030406,STAD,1,background_organ_value
MAOB,liver,-0.10006881530296637,LIHC,1,background_organ_value
MAOB,prostate,-0.01799859357963613,PRAD,1,background_organ_value
MAOB,breast,0.9615855286758076,BRCA,1,background_organ_value
MAOB,kidney,-0.8395387933170417,KIRC;KIRP,2,background_organ_value
MAOB,stomach,-0.01475821620519036,STAD,1,background_organ_value
MAOB,breast,-0.7252116625955268,BRCA,1,background_organ_value
MAOB,colon,-0.02456867451895408,COAD,1,background_organ_value
MAOB,esophagus,-0.7727997860410957,ESCA,1,background_organ_value
MAOB,kidney,-0.6309052727198137,KICH;KIRC;KIRP,3,background_organ_value
MAOB,lung,-0.7645117244433932,LUAD;LUSC,2,background_organ_value
MAOB,stomach,-0.31028102630429516,STAD,1,background_organ_value
MAOB,esophagus,-0.2872425315061529,ESCA,1,background_organ_value
MAOB,colon,-0.38065381250955505,COAD,1,background_organ_value
MAOB,stomach,-0.5415424077561574,STAD,1,background_organ_value
MAOB,liver,-2.051177422639406,LIHC,1,background_organ_value
MAOB,stomach,-0.13792664146347844,STAD,1,background_organ_value
MAOB,breast,-0.058221437768235323,BRCA,1,background_organ_value
MAOB,esophagus,-0.1468482640497999,ESCA,1,background_organ_value
MAOB,stomach,0.03238190979734352,STAD,1,background_organ_value
MAOB,breast,0.13611289852172684,BRCA,1,background_organ_value
MAOB,kidney,-0.16028627587100366,KIRC;KIRP,2,background_organ_value
MAOB,liver,-0.8211766489262255,LIHC,1,background_organ_value
MAOB,stomach,-0.17179391128013993,STAD,1,background_organ_value
MAOB,colon,0.8148642617255585,COAD,1,background_organ_value
MAOB,colon,0.7986332947833761,COAD,1,background_organ_value
MAOB,lung,0.6158949367710006,LUAD;LUSC,2,background_organ_value
MAOB,esophagus,0.10080024523122012,ESCA,1,background_organ_value
MAOB,stomach,0.06335129033990043,STAD,1,background_organ_value
MAOB,liver,0.2532223180271195,LIHC,1,background_organ_value
MAOB,liver,-1.9592397529922787,LIHC,1,background_organ_value
MAOB,breast,-0.13027242659775798,BRCA,1,background_organ_value
MAOB,esophagus,-0.24656784370834367,ESCA,1,background_organ_value
MAOB,lung,-0.0912169349705266,LUAD;LUSC,2,background_organ_value
MAOB,prostate,-0.3094243545247499,PRAD,1,background_organ_value
MAOB,stomach,-0.3775912751171161,STAD,1,background_organ_value
MAOB,kidney,-3.953615473720695,KIRC;KIRP,2,background_organ_value
MAOB,prostate,-1.0751132106406045,PRAD,1,background_organ_value
MAOB,breast,-0.08040197958879834,BRCA,1,background_organ_value
MAOB,colon,0.14268660301614766,COAD,1,background_organ_value
MAOB,esophagus,-0.08417939070716916,ESCA,1,background_organ_value
MAOB,lung,0.8821499959648984,LUAD;LUSC,2,background_organ_value
MAOB,prostate,-0.1043292298098011,PRAD,1,background_organ_value
MAOB,stomach,-0.5598936566967346,STAD,1,background_organ_value
MAOB,esophagus,-0.8523394864312857,ESCA,1,background_organ_value
MAOB,colon,0.9514156996309856,COAD,1,background_organ_value
MAOB,esophagus,0.44260046507993583,ESCA,1,background_organ_value
MAOB,liver,0.20843417313781043,LIHC,1,background_organ_value
MAOB,stomach,-0.3792353731541587,STAD,1,background_organ_value
MAOB,colon,-0.3254488702851988,COAD,1,background_organ_value
MAOB,breast,-0.06747869241537416,BRCA,1,background_organ_value
MAOB,colon,-0.13548310565821847,COAD,1,background_organ_value
MAOB,lung,0.09962553538966423,LUAD;LUSC,2,background_organ_value
MAOB,prostate,-0.18291989758422775,PRAD,1,background_organ_value
MAOB,stomach,-0.1177241795238228,STAD,1,background_organ_value
MAOB,thyroid,-0.07350912597292805,THCA,1,background_organ_value
MAOB,breast,0.18022548468258345,BRCA,1,background_organ_value
MAOB,lung,-0.3669507415078275,LUAD;LUSC,2,background_organ_value
MAOB,prostate,0.2279054813738131,PRAD,1,background_organ_value
MAOB,thyroid,0.802319597981771,THCA,1,background_organ_value
MAOB,liver,0.7404861609699431,LIHC,1,background_organ_value
MAOB,liver,-0.9387389818227676,LIHC,1,background_organ_value
MAOB,thyroid,2.53893611312735,THCA,1,background_organ_value
MAOB,breast,0.5205661667442179,BRCA,1,background_organ_value
MAOB,kidney,0.6863353583067514,KICH;KIRC;KIRP,3,background_organ_value
MAOB,liver,0.388168878424926,LIHC,1,background_organ_value
MAOB,prostate,-0.3309970722464209,PRAD,1,background_organ_value
MAOB,breast,-0.2230054283986922,BRCA,1,background_organ_value
MAOB,esophagus,-0.612238981929176,ESCA,1,background_organ_value
MAOB,kidney,-0.2569844302819508,KICH;KIRC;KIRP,3,background_organ_value
MAOB,liver,0.12450477031101574,LIHC,1,background_organ_value
MAOB,lung,0.4997575128196511,LUAD;LUSC,2,background_organ_value
MAOB,prostate,-0.20227905553553005,PRAD,1,background_organ_value
MAOB,esophagus,1.2931443190565053,ESCA,1,background_organ_value
MAOB,thyroid,2.143317118049263,THCA,1,background_organ_value
MAOB,liver,-0.25500626375656554,LIHC,1,background_organ_value
MAOB,stomach,0.12122834996035266,STAD,1,background_organ_value
MAOB,thyroid,-3.0460074463369917,THCA,1,background_organ_value
MAOB,breast,-0.5762001518877057,BRCA,1,background_organ_value
MAOB,kidney,-0.11419617623682476,KICH;KIRC;KIRP,3,background_organ_value
MAOB,prostate,-0.6555080137169762,PRAD,1,background_organ_value
MAOB,stomach,-0.6249905082577235,STAD,1,background_organ_value
MAOB,prostate,-1.5509818642860904,PRAD,1,background_organ_value
MAOB,thyroid,-0.26454773804038556,THCA,1,background_organ_value
MAOB,breast,-1.1168210991272796,BRCA,1,background_organ_value
MAOB,colon,-0.5608405973526377,COAD,1,background_organ_value
MAOB,esophagus,-0.5486857227688378,ESCA,1,background_organ_value
MAOB,kidney,-0.3984321784517965,KICH;KIRC;KIRP,3,background_organ_value
MAOB,lung,-0.5473494698841079,LUAD;LUSC,2,background_organ_value
MAOB,prostate,-0.4954314930263601,PRAD,1,background_organ_value
MAOB,stomach,-0.08345013644423889,STAD,1,background_organ_value
MAOB,liver,-0.27989234270354496,LIHC,1,background_organ_value
MAOB,esophagus,-0.3732707614944938,ESCA,1,background_organ_value
MAOB,stomach,-0.17589441354310684,STAD,1,background_organ_value
MAOB,esophagus,-0.8671318634747339,ESCA,1,background_organ_value
MAOB,lung,-1.1649646676617185,LUAD;LUSC,2,background_organ_value
MAOB,stomach,-0.9249885143197218,STAD,1,background_organ_value
MAOB,thyroid,1.255552229839724,THCA,1,background_organ_value
MAOB,esophagus,-0.1489233731359976,ESCA,1,background_organ_value
MAOB,lung,-0.09407811840582296,LUAD,1,background_organ_value
MAOB,stomach,-0.19728982652121713,STAD,1,background_organ_value
MAOB,breast,0.24473122900685965,BRCA,1,background_organ_value
MAOB,kidney,-0.25926730739806086,KICH;KIRC;KIRP,3,background_organ_value
MAOB,liver,0.12132268531582266,LIHC,1,background_organ_value
MAOB,lung,-0.1306551027672442,LUSC,1,background_organ_value
MAOB,prostate,0.18956444268737127,PRAD,1,background_organ_value
MAOB,kidney,-0.3333581199002414,KIRP,1,background_organ_value
MAOB,liver,-1.5399167858438625,LIHC,1,background_organ_value
MAOB,lung,-0.3028443175919604,LUAD;LUSC,2,background_organ_value
MAOB,stomach,-0.8648710854303093,STAD,1,background_organ_value
MAOB,thyroid,0.23656700514387924,THCA,1,background_organ_value
MAOB,prostate,-1.04881724337105,PRAD,1,background_organ_value
MAOB,stomach,-0.41456758301705304,STAD,1,background_organ_value
MAOB,kidney,-0.3938738673028382,KIRC;KIRP,2,background_organ_value
MAOB,liver,-0.3027585988146357,LIHC,1,background_organ_value
MAOB,colon,0.4819508795009781,COAD,1,background_organ_value
MAOB,liver,0.3371391141232068,LIHC,1,background_organ_value
MAOB,stomach,1.5473890601704683,STAD,1,background_organ_value
MAOB,colon,0.5415212319760315,COAD,1,background_organ_value
MAOB,breast,0.12847833774492698,BRCA,1,background_organ_value
MAOB,esophagus,0.8021210812036282,ESCA,1,background_organ_value
MAOB,prostate,-0.2926352112510109,PRAD,1,background_organ_value
MAOB,stomach,0.03904997928965736,STAD,1,background_organ_value
MAOB,esophagus,0.7618595818261885,ESCA,1,background_organ_value
MAOB,kidney,0.24590076928709112,KICH;KIRC,2,background_organ_value
MAOB,liver,-0.42141995492987266,LIHC,1,background_organ_value
MAOB,prostate,0.01689776452935667,PRAD,1,background_organ_value
MAOB,breast,-0.5719770967164244,BRCA,1,background_organ_value
MAOB,esophagus,-0.7262965539630797,ESCA,1,background_organ_value
MAOB,kidney,-0.04394024605539486,KICH;KIRC;KIRP,3,background_organ_value
MAOB,lung,-0.7635987826735119,LUSC,1,background_organ_value
MAOB,prostate,-0.1367016424935601,PRAD,1,background_organ_value
MAOB,stomach,-0.5583310414759547,STAD,1,background_organ_value
MAOB,breast,0.6431444042961943,BRCA,1,background_organ_value
MAOB,kidney,0.5625237434642687,KICH;KIRC;KIRP,3,background_organ_value
MAOB,liver,0.5072562011002467,LIHC,1,background_organ_value
MAOB,prostate,0.02074182345290363,PRAD,1,background_organ_value
MAOB,colon,0.6677131485162189,COAD,1,background_organ_value
MAOB,colon,0.4209500364052096,COAD,1,background_organ_value
MAOB,lung,0.838385628352289,LUAD;LUSC,2,background_organ_value
MAOB,prostate,0.35771893106864683,PRAD,1,background_organ_value
MAOB,stomach,-0.09405427623244177,STAD,1,background_organ_value
MAOB,thyroid,0.8955470806686887,THCA,1,background_organ_value
MAOB,colon,-0.3001135604016989,COAD,1,background_organ_value
MAOB,kidney,0.1281721791805469,KICH;KIRC;KIRP,3,background_organ_value
MAOB,lung,-0.6012667969056013,LUAD;LUSC,2,background_organ_value
MAOB,prostate,0.08780124277909289,PRAD,1,background_organ_value
MAOB,stomach,-0.13109919461516945,STAD,1,background_organ_value
MAOB,breast,-0.28472515751244537,BRCA,1,background_organ_value
MAOB,colon,0.1377168918816409,COAD,1,background_organ_value
MAOB,kidney,-0.4752368885048982,KICH;KIRC;KIRP,3,background_organ_value
MAOB,liver,-1.0870337163081898,LIHC,1,background_organ_value
MAOB,prostate,0.21314820708865925,PRAD,1,background_organ_value
MAOB,breast,0.2429024953408992,BRCA,1,background_organ_value
MAOB,esophagus,0.38135130874402745,ESCA,1,background_organ_value
MAOB,breast,-0.5013963751082244,BRCA,1,background_organ_value
MAOB,kidney,-0.6356278927906567,KIRC;KIRP,2,background_organ_value
MAOB,prostate,-0.9157337865519066,PRAD,1,background_organ_value
MAOB,esophagus,0.1010253989419522,ESCA,1,background_organ_value
MAOB,lung,0.6531937397407146,LUAD,1,background_organ_value
MAOB,esophagus,-0.2029323253370301,ESCA,1,background_organ_value
MAOB,kidney,-0.07560028227864166,KICH;KIRC;KIRP,3,background_organ_value
MAOB,colon,0.5462434510899182,COAD,1,background_organ_value
MAOB,lung,1.1168418850045465,LUAD;LUSC,2,background_organ_value
MAOB,breast,-0.06638237551329887,BRCA,1,background_organ_value
MAOB,esophagus,0.35931088855634663,ESCA,1,background_organ_value
MAOB,lung,0.6217616296158779,LUAD;LUSC,2,background_organ_value
MAOB,stomach,0.4278798196072843,STAD,1,background_organ_value
MAOB,breast,0.6904869531902776,BRCA,1,background_organ_value
MAOB,kidney,0.27990423371044654,KICH;KIRC;KIRP,3,background_organ_value
MAOB,lung,0.5058505921899525,LUAD;LUSC,2,background_organ_value
MAOB,prostate,0.1987486241723021,PRAD,1,background_organ_value
MAOB,kidney,0.01587710645222218,KICH;KIRC;KIRP,3,background_organ_value
MAOB,liver,-0.782496112705775,LIHC,1,background_organ_value
MAOB,lung,-0.4068498398177323,LUAD;LUSC,2,background_organ_value
MAOB,prostate,-0.03735971308842301,PRAD,1,background_organ_value
MAOB,breast,0.9236450047624956,BRCA,1,background_organ_value
MAOB,prostate,-1.395739897576898,PRAD,1,background_organ_value
MAOB,breast,0.8455069862688214,BRCA,1,background_organ_value
MAOB,colon,0.398554544398772,COAD,1,background_organ_value
MAOB,kidney,0.49458952117519495,KICH;KIRC;KIRP,3,background_organ_value
MAOB,liver,-0.03702872041429263,LIHC,1,background_organ_value
MAOB,lung,0.5714800236014079,LUAD;LUSC,2,background_organ_value
MAOB,prostate,0.3398007594634174,PRAD,1,background_organ_value
MAOB,colon,0.795191524484419,COAD,1,background_organ_value
MAOB,lung,0.6304136822023152,LUAD;LUSC,2,background_organ_value
MAOB,breast,0.8191304263061072,BRCA,1,background_organ_value
MAOB,liver,0.3749181893208442,LIHC,1,background_organ_value
MAOB,colon,0.22409636810151393,COAD,1,background_organ_value
MAOB,esophagus,-0.5489768862487704,ESCA,1,background_organ_value
MAOB,kidney,-0.6365968003786668,KICH;KIRC;KIRP,3,background_organ_value
MAOB,lung,-0.06014141085477001,LUAD;LUSC,2,background_organ_value
MAOB,breast,0.36290499226190126,BRCA,1,background_organ_value
MAOB,breast,-0.2993961935508219,BRCA,1,background_organ_value
MAOB,esophagus,-0.4580981767349088,ESCA,1,background_organ_value
MAOB,kidney,0.25139297502296726,KICH;KIRC;KIRP,3,background_organ_value
MAOB,prostate,-0.26243794943944326,PRAD,1,background_organ_value
MAOB,stomach,-0.26039101818725535,STAD,1,background_organ_value
MAOB,colon,-0.26529830502537827,COAD,1,background_organ_value
MAOB,lung,0.21210765958396569,LUAD,1,background_organ_value
MAOB,stomach,0.12862135351976076,STAD,1,background_organ_value
MAOB,esophagus,-1.652106307677485,ESCA,1,background_organ_value
MAOB,stomach,-1.3259067804255456,STAD,1,background_organ_value
MAOB,breast,0.56123278791073,BRCA,1,background_organ_value
MAOB,kidney,0.1200235172911842,KIRP,1,background_organ_value
MAOB,prostate,0.26830161802917246,PRAD,1,background_organ_value
MAOB,stomach,0.496893515875543,STAD,1,background_organ_value
MAOB,breast,-0.7629578140171324,BRCA,1,background_organ_value
MAOB,liver,-0.2630028954960486,LIHC,1,background_organ_value
MAOB,lung,-0.20864046672601017,LUAD;LUSC,2,background_organ_value
MAOB,prostate,-0.09390538405024489,PRAD,1,background_organ_value
MAOB,esophagus,-1.6590074112409463,ESCA,1,background_organ_value
MAOB,thyroid,0.9493841888455048,THCA,1,background_organ_value
MAOB,colon,1.3654676350701735,COAD,1,background_organ_value
MAOB,breast,0.1867428583048491,BRCA,1,background_organ_value
MAOB,kidney,0.6338876538071756,KICH;KIRC;KIRP,3,background_organ_value
MAOB,prostate,0.24126861790785512,PRAD,1,background_organ_value
MAOB,colon,0.3308957800713489,COAD,1,background_organ_value
MAOB,prostate,-1.2570847093558846,PRAD,1,background_organ_value
MAOB,stomach,-0.41933200636963014,STAD,1,background_organ_value
MAOB,thyroid,0.13573662232728975,THCA,1,background_organ_value
MAOB,kidney,-0.18259507944053363,KICH;KIRC;KIRP,3,background_organ_value
MAOB,lung,0.2694826565997738,LUAD;LUSC,2,background_organ_value
MAOB,prostate,-0.2116373049544304,PRAD,1,background_organ_value
MAOB,stomach,0.1892639425506956,STAD,1,background_organ_value
MAOB,stomach,-0.12749373902778788,STAD,1,background_organ_value
MAOB,liver,-0.657970095123451,LIHC,1,background_organ_value
MAOB,esophagus,-0.38157550106461696,ESCA,1,background_organ_value
MAOB,kidney,-0.4503453411513985,KICH;KIRC;KIRP,3,background_organ_value
MAOB,liver,-0.8135540172679743,LIHC,1,background_organ_value
MAOB,prostate,-0.5848060581213252,PRAD,1,background_organ_value
MAOB,breast,-1.2381426222941794,BRCA,1,background_organ_value
MAOB,stomach,-0.24586529921413253,STAD,1,background_organ_value
MAOB,breast,-0.754799158931498,BRCA,1,background_organ_value
MAOB,breast,-0.2945317356489382,BRCA,1,background_organ_value
MAOB,prostate,0.03502432473990326,PRAD,1,background_organ_value
MAOB,stomach,0.14992737806965012,STAD,1,background_organ_value
MAOB,stomach,-0.04108974709155576,STAD,1,background_organ_value
MAOB,breast,0.5587017842422463,BRCA,1,background_organ_value
MAOB,colon,1.0335652675445073,COAD,1,background_organ_value
MAOB,kidney,-0.261430766919819,KICH,1,background_organ_value
MAOB,lung,0.9560221234854218,LUAD;LUSC,2,background_organ_value
MAOB,prostate,0.26657536238332186,PRAD,1,background_organ_value
MAOB,breast,0.06940392779245264,BRCA,1,background_organ_value
MAOB,colon,0.4062265209087432,COAD,1,background_organ_value
MAOB,esophagus,0.07375353148778806,ESCA,1,background_organ_value
MAOB,lung,0.24734109819681394,LUAD;LUSC,2,background_organ_value
MAOB,prostate,-0.24021248148202953,PRAD,1,background_organ_value
MAOB,stomach,-0.14590842529898226,STAD,1,background_organ_value
MAOB,stomach,0.4087785285743765,STAD,1,background_organ_value
MAOB,thyroid,-0.07079645524735496,THCA,1,background_organ_value
MAOB,liver,-0.2574373297246891,LIHC,1,background_organ_value
MAOB,colon,0.196426251831973,COAD,1,background_organ_value
MAOB,lung,0.11938399167933439,LUAD;LUSC,2,background_organ_value
MAOB,prostate,0.1063662552636004,PRAD,1,background_organ_value
MAOB,breast,0.679048879028359,BRCA,1,background_organ_value
MAOB,kidney,0.5098213364623277,KICH;KIRC;KIRP,3,background_organ_value
MAOB,liver,0.515871731558967,LIHC,1,background_organ_value
MAOB,breast,-0.2594346273194643,BRCA,1,background_organ_value
MAOB,lung,-0.029900285498177318,LUAD;LUSC,2,background_organ_value
MAOB,prostate,-0.6249565688281203,PRAD,1,background_organ_value
MAOB,stomach,-0.6877493874459518,STAD,1,background_organ_value
MAOB,breast,-0.715913081664772,BRCA,1,background_organ_value
MAOB,prostate,-1.1045874905916429,PRAD,1,background_organ_value
MAOB,stomach,-0.9281710920478776,STAD,1,background_organ_value
MAOB,kidney,0.4025237036057068,KICH;KIRC;KIRP,3,background_organ_value
MAOB,lung,1.5372614653622874,LUAD;LUSC,2,background_organ_value
MAOB,prostate,0.434687478977236,PRAD,1,background_organ_value
MAOB,breast,0.30839037963207594,BRCA,1,background_organ_value
MAOB,kidney,-1.246846001387057,KICH;KIRC;KIRP,3,background_organ_value
MAOB,prostate,0.11202293104948934,PRAD,1,background_organ_value
MAOB,stomach,-0.28571017937293824,STAD,1,background_organ_value
MAOB,liver,-1.8140906469098204,LIHC,1,background_organ_value
MAOB,breast,-0.08910812998177209,BRCA,1,background_organ_value
MAOB,colon,-0.8217359145743168,COAD,1,background_organ_value
MAOB,kidney,-1.2340248782269487,KIRP,1,background_organ_value
MAOB,liver,-1.7195133972407093,LIHC,1,background_organ_value
MAOB,lung,-0.6966668485297836,LUAD;LUSC,2,background_organ_value
MAOB,prostate,0.08550708619570609,PRAD,1,background_organ_value
MAOB,thyroid,1.4117594907586055,THCA,1,background_organ_value
MAOB,stomach,-0.677743648902857,STAD,1,background_organ_value
MAOB,colon,0.6014831501643594,COAD,1,background_organ_value
MAOB,lung,0.4500269208183747,LUAD;LUSC,2,background_organ_value
MAOB,prostate,0.6222182340586578,PRAD,1,background_organ_value
MAOB,stomach,0.44567356819405735,STAD,1,background_organ_value
MAOB,breast,-0.11211135193113764,BRCA,1,background_organ_value
MAOB,kidney,0.01622863152991952,KIRC;KIRP,2,background_organ_value
MAOB,colon,0.4243322425582313,COAD,1,background_organ_value
MAOB,lung,-0.030074230931904842,LUAD;LUSC,2,background_organ_value
MAOB,prostate,0.3060695027719067,PRAD,1,background_organ_value
MAOB,stomach,0.09439979750236688,STAD,1,background_organ_value
MAOB,breast,0.6897039570530562,BRCA,1,background_organ_value
MAOB,kidney,0.5490413667938436,KICH;KIRC;KIRP,3,background_organ_value
MAOB,liver,0.14900137636682712,LIHC,1,background_organ_value
MAOB,kidney,0.22831411719375314,KIRC;KIRP,2,background_organ_value
MAOB,liver,-0.27035710904716653,LIHC,1,background_organ_value
MAOB,liver,0.1120096186114754,LIHC,1,background_organ_value
MAOB,esophagus,0.27560939588645356,ESCA,1,background_organ_value
MAOB,liver,-0.3248185080676109,LIHC,1,background_organ_value
MAOB,colon,0.8129368980426007,COAD,1,background_organ_value
MAOB,kidney,0.5750101236860943,KICH;KIRC;KIRP,3,background_organ_value
MAOB,lung,1.4171704278652042,LUAD;LUSC,2,background_organ_value
MAOB,stomach,0.238222097147562,STAD,1,background_organ_value
MAOB,thyroid,0.38956119332995665,THCA,1,background_organ_value
MAOB,liver,-0.8930041809839842,LIHC,1,background_organ_value
MAOB,prostate,-0.1715874728420826,PRAD,1,background_organ_value
MAOB,kidney,-0.5599237903161004,KIRP,1,background_organ_value
MAOB,colon,0.356925746248294,COAD,1,background_organ_value
MAOB,esophagus,-0.05261390267432375,ESCA,1,background_organ_value
MAOB,lung,0.42109513816672434,LUAD;LUSC,2,background_organ_value
MAOB,prostate,-0.01836355515107464,PRAD,1,background_organ_value
MAOB,breast,0.506381814124652,BRCA,1,background_organ_value
MAOB,esophagus,0.6788053638601022,ESCA,1,background_organ_value
MAOB,liver,0.897882033544056,LIHC,1,background_organ_value
MAOB,prostate,0.14480821344200076,PRAD,1,background_organ_value
MAOB,breast,0.3011143862708683,BRCA,1,background_organ_value
MAOB,colon,0.7222807945342187,COAD,1,background_organ_value
MAOB,esophagus,0.2560124766107159,ESCA,1,background_organ_value
MAOB,kidney,0.00609217548347763,KICH;KIRC;KIRP,3,background_organ_value
MAOB,lung,0.27996729620532795,LUAD;LUSC,2,background_organ_value
MAOB,stomach,0.3903010523643955,STAD,1,background_organ_value
MAOB,breast,-0.19043564460609055,BRCA,1,background_organ_value
MAOB,colon,1.3245223427567057,COAD,1,background_organ_value
MAOB,esophagus,0.2944547206649484,ESCA,1,background_organ_value
MAOB,kidney,-0.621510075149648,KICH;KIRC;KIRP,3,background_organ_value
MAOB,prostate,-0.8117601992767928,PRAD,1,background_organ_value
MAOB,breast,0.16133397138768635,BRCA,1,background_organ_value
MAOB,colon,-0.11484616272602408,COAD,1,background_organ_value
MAOB,kidney,0.24211891871690389,KICH;KIRC;KIRP,3,background_organ_value
MAOB,lung,0.08526735740026535,LUAD;LUSC,2,background_organ_value
MAOB,prostate,-0.04744376569016962,PRAD,1,background_organ_value
MAOB,stomach,0.2661017177090072,STAD,1,background_organ_value
MAOB,breast,0.551965080814993,BRCA,1,background_organ_value
MAOB,colon,0.8830289125497791,COAD,1,background_organ_value
MAOB,kidney,0.9428395158657584,KICH;KIRC;KIRP,3,background_organ_value
MAOB,prostate,0.4139009291467887,PRAD,1,background_organ_value
MAOB,stomach,0.926974048839225,STAD,1,background_organ_value
MAOB,breast,-0.32042510118110157,BRCA,1,background_organ_value
MAOB,lung,-0.99521682176126125,LUAD;LUSC,2,background_organ_value
MAOB,prostate,-0.285944949872435,PRAD,1,background_organ_value
MAOB,stomach,-0.3295909068669819,STAD,1,background_organ_value
MAOB,breast,0.10524626961537024,BRCA,1,background_organ_value
MAOB,colon,0.2502487092322597,COAD,1,background_organ_value
MAOB,esophagus,-0.6834985822764752,ESCA,1,background_organ_value
MAOB,kidney,-1.666483563218359,KICH;KIRC;KIRP,3,background_organ_value
MAOB,liver,-0.8459231735390593,LIHC,1,background_organ_value
MAOB,prostate,0.612077929446259,PRAD,1,background_organ_value
MAOB,breast,-0.25631265388867963,BRCA,1,background_organ_value
MAOB,colon,1.122361774612521,COAD,1,background_organ_value
MAOB,esophagus,-0.00792937934125825,ESCA,1,background_organ_value
MAOB,kidney,-0.21203809746159055,KICH;KIRC;KIRP,3,background_organ_value
MAOB,lung,0.32342876709016416,LUAD;LUSC,2,background_organ_value
MAOB,prostate,-0.09499169896646932,PRAD,1,background_organ_value
MAOB,breast,-0.01556493157359981,BRCA,1,background_organ_value
MAOB,colon,-1.051052541926118,COAD,1,background_organ_value
MAOB,stomach,-0.35642586970270645,STAD,1,background_organ_value
MAOB,liver,0.6186896125211854,LIHC,1,background_organ_value
MAOB,breast,-0.07220266563373282,BRCA,1,background_organ_value
MAOB,kidney,0.364848917797179,KICH;KIRC;KIRP,3,background_organ_value
MAOB,lung,0.5618210794236462,LUAD;LUSC,2,background_organ_value
MAOB,prostate,0.10342045552313868,PRAD,1,background_organ_value
MAOB,liver,-1.0354166457811924,LIHC,1,background_organ_value
MAOB,stomach,-0.524162005244177,STAD,1,background_organ_value
MAOB,breast,-0.1961949818337068,BRCA,1,background_organ_value
MAOB,breast,-1.1213870490294089,BRCA,1,background_organ_value
MAOB,esophagus,-1.1498352029515613,ESCA,1,background_organ_value
MAOB,stomach,-0.9959494862312694,STAD,1,background_organ_value
MAOB,kidney,-0.7548390273852418,KIRC;KIRP,2,background_organ_value
MAOB,liver,-0.5957577124516701,LIHC,1,background_organ_value
MAOB,prostate,-0.23703074976374375,PRAD,1,background_organ_value
MAOB,thyroid,-0.6399767499118831,THCA,1,background_organ_value
MAOB,stomach,-1.3783113388999384,STAD,1,background_organ_value
MAOB,thyroid,-0.8655886892412609,THCA,1,background_organ_value
MAOB,lung,-0.4745739371654223,LUAD;LUSC,2,background_organ_value
MAOB,prostate,-0.8657439216862465,PRAD,1,background_organ_value
MAOB,stomach,-0.29138668567639925,STAD,1,background_organ_value
MAOB,liver,0.04225168938642455,LIHC,1,background_organ_value
MAOB,stomach,0.41792711568982166,STAD,1,background_organ_value
MAOB,breast,0.3907085403669453,BRCA,1,background_organ_value
MAOB,colon,-0.16964703603538797,COAD,1,background_organ_value
MAOB,esophagus,0.14351006676956798,ESCA,1,background_organ_value
MAOB,kidney,0.1668939564079759,KICH;KIRC;KIRP,3,background_organ_value
MAOB,lung,0.0022877998827778925,LUAD;LUSC,2,background_organ_value
MAOB,prostate,-0.10967543844687178,PRAD,1,background_organ_value
MAOB,colon,1.096313320780928,COAD,1,background_organ_value
MAOB,breast,0.525456126563867,BRCA,1,background_organ_value
MAOB,lung,0.48582857265844026,LUAD;LUSC,2,background_organ_value
MAOB,prostate,0.3424130004946553,PRAD,1,background_organ_value
MAOB,colon,-0.07952339293660778,COAD,1,background_organ_value
MAOB,esophagus,-0.572170308523102,ESCA,1,background_organ_value
MAOB,kidney,-0.31204347805710597,KICH;KIRC,2,background_organ_value
MAOB,liver,-0.9545461944076814,LIHC,1,background_organ_value
MAOB,lung,-0.10684654144680228,LUAD,1,background_organ_value
MAOB,stomach,-0.2796498463835827,STAD,1,background_organ_value
MAOB,esophagus,0.5395351228566022,ESCA,1,background_organ_value
MAOB,kidney,0.916569893290378,KICH;KIRC;KIRP,3,background_organ_value
MAOB,prostate,-0.4754283476961717,PRAD,1,background_organ_value
MAOB,stomach,0.36587381976817696,STAD,1,background_organ_value
MAOB,kidney,-0.958237300093284,KICH;KIRC;KIRP,3,background_organ_value
MAOB,liver,0.3686595535357616,LIHC,1,background_organ_value
MAOB,prostate,-0.3188782257122549,PRAD,1,background_organ_value
MAOB,breast,-0.01760465198766198,BRCA,1,background_organ_value
MAOB,colon,-0.39356623216548375,COAD,1,background_organ_value
MAOB,kidney,0.1514548961150798,KICH;KIRC,2,background_organ_value
MAOB,prostate,-0.3614480871729982,PRAD,1,background_organ_value
MAOB,stomach,0.264311146081296,STAD,1,background_organ_value
MAOB,esophagus,-0.382894282136217,ESCA,1,background_organ_value
MAOB,kidney,0.354965484646571,KICH;KIRC;KIRP,3,background_organ_value
MAOB,liver,-1.3632618644971943,LIHC,1,background_organ_value
MAOB,prostate,-0.2277459293920319,PRAD,1,background_organ_value
MAOB,esophagus,-0.8832175062754855,ESCA,1,background_organ_value
MAOB,breast,0.3856692028655238,BRCA,1,background_organ_value
MAOB,kidney,0.3080123302426393,KICH;KIRC;KIRP,3,background_organ_value
MAOB,liver,0.1885804002332216,LIHC,1,background_organ_value
MAOB,prostate,0.01528384900155654,PRAD,1,background_organ_value
MAOB,stomach,0.16173422156551914,STAD,1,background_organ_value
MAOB,breast,0.6579414214417996,BRCA,1,background_organ_value
MAOB,colon,-0.35192780694095915,COAD,1,background_organ_value
MAOB,esophagus,-0.8639637856776805,ESCA,1,background_organ_value
MAOB,thyroid,0.3811612938484852,THCA,1,background_organ_value
MAOB,thyroid,-0.7201095244114772,THCA,1,background_organ_value
MAOB,breast,-0.09143574878229434,BRCA,1,background_organ_value
MAOB,stomach,0.909937225239546,STAD,1,background_organ_value
MAOB,thyroid,1.4259456726583353,THCA,1,background_organ_value
MAOB,colon,-0.2081520491293094,COAD,1,background_organ_value
MAOB,esophagus,1.1444241308450396,ESCA,1,background_organ_value
MAOB,kidney,-0.8768537379975746,KICH,1,background_organ_value
MAOB,lung,-0.28265663496868654,LUAD;LUSC,2,background_organ_value
MAOB,breast,-0.31005398769532133,BRCA,1,background_organ_value
MAOB,colon,-0.5682619396359725,COAD,1,background_organ_value
MAOB,esophagus,-0.34931106577948906,ESCA,1,background_organ_value
MAOB,stomach,-0.5562783568301033,STAD,1,background_organ_value
MAOB,kidney,-0.7211119804147006,KIRP,1,background_organ_value
MAOB,lung,-0.7443834271296945,LUAD;LUSC,2,background_organ_value
MAOB,prostate,-0.15411292585134242,PRAD,1,background_organ_value
MAOB,stomach,-0.9465929743865866,STAD,1,background_organ_value
MAOB,colon,0.27430649610012875,COAD,1,background_organ_value
MAOB,esophagus,0.222085861005565,ESCA,1,background_organ_value
MAOB,kidney,0.25463452619124577,KICH;KIRC;KIRP,3,background_organ_value
MAOB,lung,0.00949039112670625,LUAD;LUSC,2,background_organ_value
MAOB,prostate,0.11080091976080995,PRAD,1,background_organ_value
MAOB,stomach,0.2651799268705884,STAD,1,background_organ_value
MAOB,thyroid,-1.0703541019285558,THCA,1,background_organ_value
MAOB,stomach,1.497204764213624,STAD,1,background_organ_value
MAOB,liver,-0.2437599610625887,LIHC,1,background_organ_value
MAOB,stomach,0.02901899441432824,STAD,1,background_organ_value
MAOB,thyroid,-0.6491144284921962,THCA,1,background_organ_value
MAOB,breast,0.5865947307293524,BRCA,1,background_organ_value
MAOB,colon,0.4605655789455577,COAD,1,background_organ_value
MAOB,lung,0.8595705553268689,LUAD;LUSC,2,background_organ_value
MAOB,prostate,0.4325934104150596,PRAD,1,background_organ_value
MAOB,breast,-0.37677896178519016,BRCA,1,background_organ_value
MAOB,colon,-0.0357686183243606,COAD,1,background_organ_value
MAOB,kidney,0.5029671775093982,KICH;KIRP,2,background_organ_value
MAOB,lung,-0.18238647616847065,LUAD;LUSC,2,background_organ_value
MAOB,prostate,-0.06713276644318195,PRAD,1,background_organ_value
MAOB,stomach,-0.437464788654083,STAD,1,background_organ_value
MAOB,colon,-0.40560599132955216,COAD,1,background_organ_value
MAOB,esophagus,-0.14147441947959588,ESCA,1,background_organ_value
MAOB,lung,-0.4996177253973154,LUAD;LUSC,2,background_organ_value
MAOB,stomach,-0.07530666554215339,STAD,1,background_organ_value
MAOB,colon,-0.00490995820685668,COAD,1,background_organ_value
MAOB,kidney,-0.9455914042204902,KICH,1,background_organ_value
MAOB,liver,-0.6155476620047488,LIHC,1,background_organ_value
MAOB,colon,-1.0205965752760122,COAD,1,background_organ_value
MAOB,kidney,-1.997492136266309,KICH;KIRC;KIRP,3,background_organ_value
MAOB,prostate,-1.218797740037015,PRAD,1,background_organ_value
MAOB,stomach,-1.5931608750413535,STAD,1,background_organ_value
MAOB,kidney,-0.7305111331305746,KICH;KIRC;KIRP,3,background_organ_value
MAOB,stomach,0.37676413665267394,STAD,1,background_organ_value
MAOB,stomach,0.11327335178781588,STAD,1,background_organ_value
MAOB,esophagus,-1.2946931245716324,ESCA,1,background_organ_value
MAOB,colon,0.5666686794325416,COAD,1,background_organ_value
MAOB,lung,0.3026646155099892,LUAD;LUSC,2,background_organ_value
MAOB,colon,-0.08913144518938325,COAD,1,background_organ_value
MAOB,kidney,-0.5791008245142036,KICH;KIRC;KIRP,3,background_organ_value
MAOB,prostate,-0.02563654328906577,PRAD,1,background_organ_value
MAOB,stomach,-0.5222591612199282,STAD,1,background_organ_value
MAOB,breast,0.5387497967530289,BRCA,1,background_organ_value
MAOB,stomach,0.4096302355466238,STAD,1,background_organ_value
MAOB,kidney,0.7147043887762577,KICH;KIRC;KIRP,3,background_organ_value
MAOB,colon,0.7070034762191305,COAD,1,background_organ_value
MAOB,lung,0.4941545379640624,LUAD;LUSC,2,background_organ_value
MAOB,colon,-0.3645743638668856,COAD,1,background_organ_value
MAOB,esophagus,-0.2924701906203931,ESCA,1,background_organ_value
MAOB,breast,-0.5494067310473802,BRCA,1,background_organ_value
MAOB,liver,0.819261304775011,LIHC,1,background_organ_value
MAOB,prostate,0.355786206382156,PRAD,1,background_organ_value
MAOB,stomach,-0.27386427921637435,STAD,1,background_organ_value
MAOB,liver,0.5979510523028803,LIHC,1,background_organ_value
MAOB,colon,0.903889274085084,COAD,1,background_organ_value
MAOB,esophagus,-0.20353766895927752,ESCA,1,background_organ_value
MAOB,lung,0.26590842627480427,LUAD;LUSC,2,background_organ_value
MAOB,lung,0.07648070298193121,LUAD;LUSC,2,background_organ_value
MAOB,stomach,0.30301222053968757,STAD,1,background_organ_value
MAOB,breast,-0.02344208986617619,BRCA,1,background_organ_value
MAOB,lung,0.4902185557268484,LUAD;LUSC,2,background_organ_value
MAOB,stomach,0.7474773369683632,STAD,1,background_organ_value
MAOB,liver,-0.03314893691443402,LIHC,1,background_organ_value
MAOB,breast,0.3959136258370354,BRCA,1,background_organ_value
MAOB,kidney,-0.14267039662483258,KICH;KIRC;KIRP,3,background_organ_value
MAOB,prostate,-0.5007774196264432,PRAD,1,background_organ_value
MAOB,lung,-0.24575736471078546,LUAD;LUSC,2,background_organ_value
MAOB,prostate,-0.82243994116697,PRAD,1,background_organ_value
MAOB,stomach,-1.6153979443000948,STAD,1,background_organ_value
MAOB,breast,-0.9111552319660444,BRCA,1,background_organ_value
MAOB,colon,-0.3362410777442559,COAD,1,background_organ_value
MAOB,prostate,0.24709121137177337,PRAD,1,background_organ_value
MAOB,stomach,-0.5198735386173227,STAD,1,background_organ_value
MAOB,breast,0.7019535035940474,BRCA,1,background_organ_value
MAOB,colon,0.9267661015328076,COAD,1,background_organ_value
MAOB,kidney,0.3936680275435476,KICH;KIRC;KIRP,3,background_organ_value
MAOB,lung,0.7328558830540963,LUAD;LUSC,2,background_organ_value
MAOB,prostate,0.03524955440666219,PRAD,1,background_organ_value
MAOB,stomach,0.7793731319133059,STAD,1,background_organ_value
MAOB,breast,0.26586530160863603,BRCA,1,background_organ_value
MAOB,kidney,-0.03508339967195494,KIRP,1,background_organ_value
MAOB,liver,-0.2758801400514979,LIHC,1,background_organ_value
MAOB,lung,0.0032155578723062628,LUAD;LUSC,2,background_organ_value
MAOB,prostate,0.8692390953275676,PRAD,1,background_organ_value
MAOB,kidney,-0.14031629895929293,KIRC;KIRP,2,background_organ_value
MAOB,colon,1.0738898667764625,COAD,1,background_organ_value
MAOB,lung,1.1736864929172084,LUAD;LUSC,2,background_organ_value
MAOB,stomach,0.9816379680684952,STAD,1,background_organ_value
MAOB,breast,-0.09598432166149232,BRCA,1,background_organ_value
MAOB,colon,0.3486692442859008,COAD,1,background_organ_value
MAOB,kidney,-1.2991664431244518,KICH;KIRC;KIRP,3,background_organ_value
MAOB,breast,0.3688637173970017,BRCA,1,background_organ_value
MAOB,kidney,0.4883453174141826,KICH;KIRC;KIRP,3,background_organ_value
MAOB,prostate,0.21030518932169157,PRAD,1,background_organ_value
MAOB,breast,0.4624278912327641,BRCA,1,background_organ_value
MAOB,colon,0.9847325971004764,COAD,1,background_organ_value
MAOB,kidney,0.5314716327636816,KICH;KIRC;KIRP,3,background_organ_value
MAOB,lung,0.6684205218787369,LUAD;LUSC,2,background_organ_value
MAOB,prostate,0.22672633717536791,PRAD,1,background_organ_value
MAOB,esophagus,-1.8592724161761496,ESCA,1,background_organ_value
MAOB,prostate,-0.6758825612367035,PRAD,1,background_organ_value
MAOB,colon,0.5678793192533567,COAD,1,background_organ_value
MAOB,kidney,-0.3897246258303493,KICH;KIRC;KIRP,3,background_organ_value
MAOB,liver,-0.24873576841461603,LIHC,1,background_organ_value
MAOB,lung,-0.07157203089872342,LUAD;LUSC,2,background_organ_value
MAOB,stomach,0.07636395122366274,STAD,1,background_organ_value
MAOB,esophagus,-0.5436466462987096,ESCA,1,background_organ_value
MAOB,liver,-0.2082075223955279,LIHC,1,background_organ_value
MAOB,breast,0.08906021307201124,BRCA,1,background_organ_value
MAOB,esophagus,0.20466816786897557,ESCA,1,background_organ_value
MAOB,kidney,0.38664454727672665,KICH;KIRC;KIRP,3,background_organ_value
MAOB,lung,-0.3398056814276604,LUAD;LUSC,2,background_organ_value
MAOB,kidney,-1.7478196847819372,KICH,1,background_organ_value
MAOB,thyroid,0.39567732350256546,THCA,1,background_organ_value
MAOB,breast,-0.629804122591378,BRCA,1,background_organ_value
MAOB,colon,-0.725411908730653,COAD,1,background_organ_value
MAOB,esophagus,-0.6692053924717107,ESCA,1,background_organ_value
MAOB,kidney,-0.6719986823534382,KICH;KIRC;KIRP,3,background_organ_value
MAOB,liver,-0.5400936054969542,LIHC,1,background_organ_value
MAOB,lung,-0.6318859161090954,LUSC,1,background_organ_value
MAOB,breast,0.8535258191220237,BRCA,1,background_organ_value
MAOB,esophagus,0.7518286007302616,ESCA,1,background_organ_value
MAOB,kidney,0.711180904868274,KICH;KIRC;KIRP,3,background_organ_value
MAOB,liver,-0.6401733210105892,LIHC,1,background_organ_value
MAOB,lung,0.24844600643849762,LUAD;LUSC,2,background_organ_value
MAOB,prostate,0.6491727088863526,PRAD,1,background_organ_value
MAOB,stomach,0.5899777718517533,STAD,1,background_organ_value
MAOB,colon,0.03838205439297269,COAD,1,background_organ_value
MAOB,stomach,0.4118770375295843,STAD,1,background_organ_value
MAOB,liver,-0.8098060246014552,LIHC,1,background_organ_value
MAOB,liver,0.06594415996823184,LIHC,1,background_organ_value
MAOB,liver,-0.1893185773294146,LIHC,1,background_organ_value
MAOB,colon,0.563628725900253,COAD,1,background_organ_value
MAOB,esophagus,-0.10722992718947671,ESCA,1,background_organ_value
MAOB,kidney,-0.17118519490932868,KICH;KIRP,2,background_organ_value
MAOB,liver,-0.5900150017531759,LIHC,1,background_organ_value
MAOB,lung,0.21375153983694067,LUAD;LUSC,2,background_organ_value
MAOB,liver,0.3774646471764993,LIHC,1,background_organ_value
MAOB,esophagus,-0.3517931505550052,ESCA,1,background_organ_value
MAOB,thyroid,0.10441961075443736,THCA,1,background_organ_value
MAOB,kidney,-0.8468091796155875,KICH;KIRC;KIRP,3,background_organ_value
MAOB,liver,-1.2049265041047743,LIHC,1,background_organ_value
MAOB,prostate,-1.1245246701284917,PRAD,1,background_organ_value
MAOB,stomach,-1.4836095680501178,STAD,1,background_organ_value
MAOB,kidney,0.01419769859456051,KIRP,1,background_organ_value
MAOB,liver,-0.3757417276593679,LIHC,1,background_organ_value
MAOB,prostate,0.29960096754159066,PRAD,1,background_organ_value
MAOB,stomach,0.20899031624785833,STAD,1,background_organ_value
MAOB,stomach,-0.07691259622213008,STAD,1,background_organ_value
MAOB,esophagus,1.1646928310449094,ESCA,1,background_organ_value
MAOB,stomach,1.2442742307283765,STAD,1,background_organ_value
MAOB,thyroid,1.9382816742809168,THCA,1,background_organ_value
MAOB,breast,-2.0605099726137706,BRCA,1,background_organ_value
MAOB,esophagus,-0.19653806082959407,ESCA,1,background_organ_value
MAOB,kidney,0.15445345765286914,KICH;KIRC;KIRP,3,background_organ_value
MAOB,liver,-1.0623990109229864,LIHC,1,background_organ_value
MAOB,stomach,-0.6510557932862145,STAD,1,background_organ_value
MAOB,thyroid,0.3524587477109038,THCA,1,background_organ_value
MAOB,esophagus,-1.534524421894294,ESCA,1,background_organ_value
MAOB,kidney,-1.898584432371658,KIRP,1,background_organ_value
MAOB,breast,-0.22609784833542537,BRCA,1,background_organ_value
MAOB,colon,-0.10361508413394306,COAD,1,background_organ_value
MAOB,esophagus,0.29775262753089854,ESCA,1,background_organ_value
MAOB,lung,0.7625742593396505,LUAD;LUSC,2,background_organ_value
MAOB,stomach,-0.07943664771095085,STAD,1,background_organ_value
MAOB,breast,0.5391485213341912,BRCA,1,background_organ_value
MAOB,colon,-0.02443099603761001,COAD,1,background_organ_value
MAOB,kidney,0.3574547946953303,KICH;KIRC;KIRP,3,background_organ_value
MAOB,liver,-0.8891317330917895,LIHC,1,background_organ_value
MAOB,lung,0.6470919946397019,LUAD;LUSC,2,background_organ_value
MAOB,prostate,0.2645266181486659,PRAD,1,background_organ_value
MAOB,liver,0.30608576472670695,LIHC,1,background_organ_value
MAOB,breast,0.8806352445719268,BRCA,1,background_organ_value
MAOB,colon,0.7840495846463426,COAD,1,background_organ_value
MAOB,kidney,0.7886247073317819,KICH;KIRC;KIRP,3,background_organ_value
MAOB,liver,0.3270816504066127,LIHC,1,background_organ_value
MAOB,lung,0.352677476907876,LUAD;LUSC,2,background_organ_value
MAOB,prostate,0.41983906217065337,PRAD,1,background_organ_value
MAOB,esophagus,-0.32670907832581303,ESCA,1,background_organ_value
MAOB,kidney,-0.5181241169217577,KICH;KIRC;KIRP,3,background_organ_value
MAOB,liver,-0.4084863253728048,LIHC,1,background_organ_value
MAOB,lung,-0.21503805731674255,LUAD;LUSC,2,background_organ_value
MAOB,prostate,-0.4968019860940533,PRAD,1,background_organ_value
MAOB,stomach,0.07480739530674105,STAD,1,background_organ_value
MAOB,breast,0.29893206925559673,BRCA,1,background_organ_value
MAOB,colon,-0.6383757366256866,COAD,1,background_organ_value
MAOB,lung,0.5667046744873034,LUAD;LUSC,2,background_organ_value
MAOB,prostate,0.1559367312596282,PRAD,1,background_organ_value
MAOB,stomach,0.01913359305538207,STAD,1,background_organ_value
MAOB,thyroid,-0.24053979667226413,THCA,1,background_organ_value
MAOB,liver,-0.9470395242505336,LIHC,1,background_organ_value
MAOB,lung,-0.22788909209900066,LUAD;LUSC,2,background_organ_value
MAOB,breast,-0.581986895508315,BRCA,1,background_organ_value
MAOB,colon,-1.2307846896281394,COAD,1,background_organ_value
MAOB,esophagus,-1.3753138851186626,ESCA,1,background_organ_value
MAOB,liver,-1.3873753089748226,LIHC,1,background_organ_value
MAOB,lung,-0.8077463538325771,LUAD;LUSC,2,background_organ_value
MAOB,breast,-0.05971828258159835,BRCA,1,background_organ_value
MAOB,kidney,-0.3516417460335473,KICH;KIRC;KIRP,3,background_organ_value
MAOB,prostate,-0.4284784847402656,PRAD,1,background_organ_value
MAOB,breast,0.17601955644769027,BRCA,1,background_organ_value
MAOB,lung,1.8428890190404057,LUAD;LUSC,2,background_organ_value
MAOB,stomach,1.3747170582656345,STAD,1,background_organ_value
MAOB,colon,0.3252532021386637,COAD,1,background_organ_value
MAOB,esophagus,-0.28828344786496946,ESCA,1,background_organ_value
MAOB,lung,-0.21543718142810617,LUAD;LUSC,2,background_organ_value
MAOB,stomach,-0.2121194023039672,STAD,1,background_organ_value
MAOB,colon,0.9122220244651148,COAD,1,background_organ_value
MAOB,esophagus,-0.4088909679427189,ESCA,1,background_organ_value
MAOB,kidney,-0.01200105313502534,KICH;KIRC;KIRP,3,background_organ_value
MAOB,lung,0.21838986728138227,LUAD;LUSC,2,background_organ_value
MAOB,prostate,0.6970842193112732,PRAD,1,background_organ_value
MAOB,esophagus,-0.04406169055205665,ESCA,1,background_organ_value
MAOB,kidney,0.3383576594832801,KIRC,1,background_organ_value
MAOB,stomach,0.3660799931595949,STAD,1,background_organ_value
MAOB,colon,0.33480911939299,COAD,1,background_organ_value
MAOB,kidney,-0.10557223611537683,KICH;KIRC,2,background_organ_value
MAOB,liver,-1.408157816777281,LIHC,1,background_organ_value
MAOB,liver,-0.22952169124200483,LIHC,1,background_organ_value
MAOB,breast,0.13004906537583832,BRCA,1,background_organ_value
MAOB,colon,0.6776184490949314,COAD,1,background_organ_value
MAOB,esophagus,0.767412422938386,ESCA,1,background_organ_value
MAOB,kidney,0.3491669281508385,KICH;KIRC;KIRP,3,background_organ_value
MAOB,prostate,0.04793477309463521,PRAD,1,background_organ_value
MAOB,esophagus,1.0486557963754164,ESCA,1,background_organ_value
MAOB,kidney,-0.050182132423483516,KICH;KIRP,2,background_organ_value
MAOB,breast,-1.997840753342211,BRCA,1,background_organ_value
MAOB,lung,-1.2899282487466388,LUAD;LUSC,2,background_organ_value
MAOB,breast,-0.475495646073907,BRCA,1,background_organ_value
MAOB,kidney,0.24767941702525909,KICH;KIRC,2,background_organ_value
MAOB,liver,-0.9240933930298209,LIHC,1,background_organ_value
MAOB,breast,-0.22123590979736485,BRCA,1,background_organ_value
MAOB,lung,-0.1938856345463899,LUAD;LUSC,2,background_organ_value
MAOB,prostate,0.26857534620784806,PRAD,1,background_organ_value
MAOB,stomach,-0.08490422051405029,STAD,1,background_organ_value
MAOB,colon,0.6992807823121912,COAD,1,background_organ_value
MAOB,colon,1.5742121005764635,COAD,1,background_organ_value
MAOB,colon,0.21411060448016325,COAD,1,background_organ_value
MAOB,kidney,0.31930377459289416,KIRC,1,background_organ_value
MAOB,lung,0.08834553894938885,LUAD;LUSC,2,background_organ_value
MAOB,stomach,0.42185633927128696,STAD,1,background_organ_value
MAOB,stomach,-0.8276859638828612,STAD,1,background_organ_value
MAOB,colon,0.8716357709273291,COAD,1,background_organ_value
MAOB,esophagus,0.08699493584557572,ESCA,1,background_organ_value
MAOB,lung,0.45654619970616794,LUAD;LUSC,2,background_organ_value
MAOB,stomach,-0.18877138583741168,STAD,1,background_organ_value
MAOB,thyroid,0.3669774306293705,THCA,1,background_organ_value
MAOB,colon,0.3279595827162451,COAD,1,background_organ_value
MAOB,esophagus,0.07641544101001355,ESCA,1,background_organ_value
MAOB,stomach,-0.16088979151447555,STAD,1,background_organ_value
MAOB,esophagus,-1.314752465998115,ESCA,1,background_organ_value
MAOB,lung,-2.290037989209572,LUAD;LUSC,2,background_organ_value
MAOB,stomach,-1.19847422525175,STAD,1,background_organ_value
MAOB,breast,0.32378525313841267,BRCA,1,background_organ_value
MAOB,kidney,0.35276264597617135,KICH;KIRC;KIRP,3,background_organ_value
MAOB,liver,0.32058968588117776,LIHC,1,background_organ_value
MAOB,lung,0.517470465141326,LUAD;LUSC,2,background_organ_value
MAOB,prostate,0.36407518121979465,PRAD,1,background_organ_value
MAOB,esophagus,0.08491914457125864,ESCA,1,background_organ_value
MAOB,breast,-0.11760650043088318,BRCA,1,background_organ_value
MAOB,colon,-0.25613368879233067,COAD,1,background_organ_value
MAOB,esophagus,-0.4497335578842264,ESCA,1,background_organ_value
MAOB,lung,-0.335139933938363,LUAD;LUSC,2,background_organ_value
MAOB,prostate,-0.2252491841918232,PRAD,1,background_organ_value
MAOB,stomach,0.0400849331298151,STAD,1,background_organ_value
MAOB,liver,-0.2687499787758411,LIHC,1,background_organ_value
MAOB,kidney,-0.2023075919307,KICH;KIRC;KIRP,3,background_organ_value
MAOB,liver,-0.28847278117584596,LIHC,1,background_organ_value
MAOB,lung,-0.2642709814312527,LUAD;LUSC,2,background_organ_value
MAOB,prostate,0.10551175434951264,PRAD,1,background_organ_value
MAOB,stomach,-0.2305205961093389,STAD,1,background_organ_value
MAOB,thyroid,0.4876647602249776,THCA,1,background_organ_value
MAOB,breast,0.4495150513495756,BRCA,1,background_organ_value
MAOB,kidney,0.07235354221378128,KIRC;KIRP,2,background_organ_value
MAOB,liver,-0.0267129850509246,LIHC,1,background_organ_value
MAOB,colon,-0.2977210669595597,COAD,1,background_organ_value
MAOB,lung,-0.3221578575583339,LUAD;LUSC,2,background_organ_value
MAOB,stomach,-0.00397695630889858,STAD,1,background_organ_value
MAOB,kidney,-0.5567082951328868,KIRC;KIRP,2,background_organ_value
MAOB,colon,0.34543179887898945,COAD,1,background_organ_value
MAOB,lung,0.13066846680373456,LUAD;LUSC,2,background_organ_value
MAOB,stomach,0.3703890030217533,STAD,1,background_organ_value
MAOB,breast,-0.00964687427003088,BRCA,1,background_organ_value
MAOB,breast,-0.05792743208220889,BRCA,1,background_organ_value
MAOB,colon,-0.03632025984740188,COAD,1,background_organ_value
MAOB,kidney,0.31095249602895847,KICH;KIRC;KIRP,3,background_organ_value
MAOB,lung,0.1394079151760328,LUAD;LUSC,2,background_organ_value
MAOB,prostate,-0.09580447586788587,PRAD,1,background_organ_value
MAOB,stomach,0.0859111778636555,STAD,1,background_organ_value
MAOB,breast,-0.1953801433475566,BRCA,1,background_organ_value
MAOB,kidney,-0.3725563495215739,KICH;KIRC;KIRP,3,background_organ_value
MAOB,liver,0.05609924901180741,LIHC,1,background_organ_value
MAOB,lung,-0.04473086020770437,LUSC,1,background_organ_value
MAOB,prostate,-0.3058865357010373,PRAD,1,background_organ_value
MAOB,liver,-1.231595190167762,LIHC,1,background_organ_value
MAOB,breast,-1.4808174842932638,BRCA,1,background_organ_value
MAOB,esophagus,0.16121102419963532,ESCA,1,background_organ_value
MAOB,stomach,-0.0898236745265441,STAD,1,background_organ_value
MAOB,thyroid,-0.3670365000671806,THCA,1,background_organ_value
MAOB,colon,1.1667644133934971,COAD,1,background_organ_value
MAOB,esophagus,0.9021451102797694,ESCA,1,background_organ_value
MAOB,lung,1.187219282711243,LUSC,1,background_organ_value
MAOB,stomach,0.9798338590445131,STAD,1,background_organ_value
MAOB,colon,1.1031654302515863,COAD,1,background_organ_value
MAOB,stomach,-0.4816663068307318,STAD,1,background_organ_value
MAOB,esophagus,0.43926822594612985,ESCA,1,background_organ_value
MAOB,stomach,0.4215414714027658,STAD,1,background_organ_value
MAOB,esophagus,-0.03178398464878887,ESCA,1,background_organ_value
MAOB,colon,-0.948988626076503,COAD,1,background_organ_value
MAOB,liver,-0.7264855713680157,LIHC,1,background_organ_value
MAOB,stomach,-0.5833582408573773,STAD,1,background_organ_value
MAOB,breast,0.6084264758330824,BRCA,1,background_organ_value
MAOB,esophagus,0.35523781172218794,ESCA,1,background_organ_value
MAOB,kidney,-0.4012490653008869,KICH;KIRC,2,background_organ_value
MAOB,liver,-0.5654579622470294,LIHC,1,background_organ_value
MAOB,lung,0.6474326287272315,LUAD;LUSC,2,background_organ_value
MAOB,prostate,0.00994013140213846,PRAD,1,background_organ_value
MAOB,stomach,0.16025101892187996,STAD,1,background_organ_value
MAOB,thyroid,-0.7577843695489146,THCA,1,background_organ_value
MAOB,liver,-1.221879080120602,LIHC,1,background_organ_value
MAOB,thyroid,0.01597529942140968,THCA,1,background_organ_value
MAOB,breast,-0.21642269554488047,BRCA,1,background_organ_value
MAOB,esophagus,0.00727489539621148,ESCA,1,background_organ_value
MAOB,kidney,-0.08855550267365425,KIRC;KIRP,2,background_organ_value
MAOB,liver,0.1209409568724372,LIHC,1,background_organ_value
MAOB,prostate,-0.22651182562306243,PRAD,1,background_organ_value
MAOB,esophagus,0.296063390942097,ESCA,1,background_organ_value
MAOB,kidney,-0.5589681490732478,KICH;KIRC;KIRP,3,background_organ_value
MAOB,liver,0.34644779135071685,LIHC,1,background_organ_value
MAOB,prostate,0.07840276745786863,PRAD,1,background_organ_value
MAOB,stomach,0.132367345209657,STAD,1,background_organ_value
MAOB,stomach,-0.370416686525935,STAD,1,background_organ_value
MAOB,breast,0.4640166115964032,BRCA,1,background_organ_value
MAOB,lung,0.9297032064652669,LUAD;LUSC,2,background_organ_value
MAOB,prostate,-0.01110425108095585,PRAD,1,background_organ_value
MAOB,stomach,0.5740590829563914,STAD,1,background_organ_value
MAOB,breast,-0.08157466111169703,BRCA,1,background_organ_value
MAOB,colon,-0.10631038644208524,COAD,1,background_organ_value
MAOB,esophagus,-0.03158112194170737,ESCA,1,background_organ_value
MAOB,kidney,0.18529362586797576,KICH;KIRC;KIRP,3,background_organ_value
MAOB,lung,-0.5352273657287414,LUAD;LUSC,2,background_organ_value
MAOB,prostate,-0.06256495275414045,PRAD,1,background_organ_value
MAOB,stomach,-0.10879623246108344,STAD,1,background_organ_value
MAOB,stomach,-0.8955551259682502,STAD,1,background_organ_value
MAOB,breast,0.23745052158964708,BRCA,1,background_organ_value
MAOB,lung,0.41285753514924095,LUAD;LUSC,2,background_organ_value
MAOB,prostate,0.0933123013434892,PRAD,1,background_organ_value
MAOB,stomach,-0.08043106935675119,STAD,1,background_organ_value
MAOB,breast,0.4479687594296539,BRCA,1,background_organ_value
MAOB,colon,0.8049457300997229,COAD,1,background_organ_value
MAOB,esophagus,0.6846981307607954,ESCA,1,background_organ_value
MAOB,kidney,0.40564254115725135,KICH;KIRC;KIRP,3,background_organ_value
MAOB,liver,0.20130972909262357,LIHC,1,background_organ_value
MAOB,prostate,0.2655556861431733,PRAD,1,background_organ_value
MAOB,colon,-0.2691270040857565,COAD,1,background_organ_value
MAOB,esophagus,-1.6338287022379698,ESCA,1,background_organ_value
MAOB,stomach,-0.3899985089059831,STAD,1,background_organ_value
MAOB,liver,0.5209895081164656,LIHC,1,background_organ_value
MAOB,liver,-0.15992365655841628,LIHC,1,background_organ_value
MAOB,esophagus,0.09684610658382778,ESCA,1,background_organ_value
MAOB,kidney,-0.3738634079247879,KICH;KIRC;KIRP,3,background_organ_value
MAOB,liver,-0.16663338135148772,LIHC,1,background_organ_value
MAOB,liver,-0.04080221644980661,LIHC,1,background_organ_value
MAOB,breast,-0.21255234954805063,BRCA,1,background_organ_value
MAOB,esophagus,0.44749278242493534,ESCA,1,background_organ_value
MAOB,lung,0.769939061035416,LUAD;LUSC,2,background_organ_value
MAOB,breast,0.5938039085543475,BRCA,1,background_organ_value
MAOB,esophagus,-0.0077164242026216,ESCA,1,background_organ_value
MAOB,kidney,0.19081709316766848,KICH;KIRC;KIRP,3,background_organ_value
MAOB,lung,0.7203203478825931,LUAD;LUSC,2,background_organ_value
MAOB,prostate,0.08643707599148284,PRAD,1,background_organ_value
MAOB,breast,-0.3747326340546604,BRCA,1,background_organ_value
MAOB,liver,-0.2854226028297805,LIHC,1,background_organ_value
MAOB,colon,-0.8501701230293779,COAD,1,background_organ_value
MAOB,kidney,1.1241191770560397,KICH,1,background_organ_value
MAOB,lung,-0.30324807107267926,LUAD;LUSC,2,background_organ_value
MAOB,prostate,-0.14322049738758305,PRAD,1,background_organ_value
MAOB,stomach,-0.43273105815171253,STAD,1,background_organ_value
MAOB,liver,0.20364479430296456,LIHC,1,background_organ_value
MAOB,thyroid,-0.46473186565582825,THCA,1,background_organ_value
MAOB,breast,0.3420359440501843,BRCA,1,background_organ_value
MAOB,colon,-0.07855729152274653,COAD,1,background_organ_value
MAOB,lung,0.0864370612184431,LUAD;LUSC,2,background_organ_value
MAOB,stomach,0.586863528200576,STAD,1,background_organ_value
MAOB,colon,-0.38370191765377704,COAD,1,background_organ_value
MAOB,kidney,1.071092432757997,KICH,1,background_organ_value
MAOB,liver,-0.6090966833548296,LIHC,1,background_organ_value
MAOB,lung,-0.05615762669611331,LUAD;LUSC,2,background_organ_value
MAOB,prostate,0.3502065692977309,PRAD,1,background_organ_value
MAOB,breast,0.5422357103789069,BRCA,1,background_organ_value
MAOB,esophagus,0.4625123383503798,ESCA,1,background_organ_value
MAOB,lung,0.8194833599509583,LUAD;LUSC,2,background_organ_value
MAOB,stomach,0.5128610758631047,STAD,1,background_organ_value
MAOB,liver,-0.4725881933086767,LIHC,1,background_organ_value
MAOB,breast,0.7203025983212071,BRCA,1,background_organ_value
MAOB,kidney,-0.339314543960567,KICH;KIRC;KIRP,3,background_organ_value
MAOB,liver,-0.7724194986630191,LIHC,1,background_organ_value
MAOB,prostate,-0.06233281297424185,PRAD,1,background_organ_value
MAOB,lung,-1.1148444305432295,LUAD;LUSC,2,background_organ_value
MAOB,prostate,-0.2094784222685508,PRAD,1,background_organ_value
MAOB,thyroid,0.5902806890720944,THCA,1,background_organ_value
MAOB,colon,0.10452575009472606,COAD,1,background_organ_value
MAOB,esophagus,0.32724230424631406,ESCA,1,background_organ_value
MAOB,kidney,0.07897735699528775,KICH,1,background_organ_value
MAOB,prostate,-0.23957926492884377,PRAD,1,background_organ_value
MAOB,breast,0.8061378451879854,BRCA,1,background_organ_value
MAOB,kidney,0.45204513491438686,KICH;KIRC;KIRP,3,background_organ_value
MAOB,liver,-0.10583366805158512,LIHC,1,background_organ_value
MAOB,prostate,0.3373842001226916,PRAD,1,background_organ_value
MAOB,breast,0.24442808422957865,BRCA,1,background_organ_value
MAOB,colon,-0.4248857046019913,COAD,1,background_organ_value
MAOB,kidney,-0.03954360591137874,KICH;KIRC;KIRP,3,background_organ_value
MAOB,liver,-0.28128173491961866,LIHC,1,background_organ_value
MAOB,lung,-0.10096531937805632,LUAD;LUSC,2,background_organ_value
MAOB,prostate,-0.10582530553983402,PRAD,1,background_organ_value
MAOB,prostate,0.1805700981466878,PRAD,1,background_organ_value
MAOB,esophagus,-0.970882296657439,ESCA,1,background_organ_value
MAOB,breast,-1.3367123851060938,BRCA,1,background_organ_value
MAOB,colon,0.13787539977523192,COAD,1,background_organ_value
MAOB,esophagus,0.20032763331587983,ESCA,1,background_organ_value
MAOB,kidney,0.451742439272325,KICH;KIRC;KIRP,3,background_organ_value
MAOB,prostate,-0.35902838589730945,PRAD,1,background_organ_value
MAOB,colon,1.3718906654269345,COAD,1,background_organ_value
MAOB,esophagus,1.1159213743067906,ESCA,1,background_organ_value
MAOB,kidney,0.1221478007455888,KICH;KIRC;KIRP,3,background_organ_value
MAOB,stomach,-0.01443097268065404,STAD,1,background_organ_value
MAOB,breast,0.4836951131907166,BRCA,1,background_organ_value
MAOB,colon,0.6266901179294582,COAD,1,background_organ_value
MAOB,esophagus,0.6315561535693613,ESCA,1,background_organ_value
MAOB,kidney,0.00504985107377663,KICH;KIRC;KIRP,3,background_organ_value
MAOB,liver,0.1542160738290254,LIHC,1,background_organ_value
MAOB,lung,0.6601682372949815,LUAD;LUSC,2,background_organ_value
MAOB,prostate,0.1944633981835759,PRAD,1,background_organ_value
MAOB,colon,0.29925090635395735,COAD,1,background_organ_value
MAOB,kidney,0.3565632429908557,KICH,1,background_organ_value
MAOB,prostate,0.30880338874960644,PRAD,1,background_organ_value
MAOB,lung,0.6898886316720001,LUAD;LUSC,2,background_organ_value
MAOB,prostate,0.01799685265888771,PRAD,1,background_organ_value
MAOB,colon,0.4634367418243478,COAD,1,background_organ_value
MAOB,colon,0.24264565318814563,COAD,1,background_organ_value
MAOB,esophagus,-0.25299571090493533,ESCA,1,background_organ_value
MAOB,lung,-0.007294817296081885,LUAD;LUSC,2,background_organ_value
MAOB,stomach,-0.20959204980028695,STAD,1,background_organ_value
MAOB,esophagus,0.35464477146361395,ESCA,1,background_organ_value
MAOB,prostate,-0.794540572821039,PRAD,1,background_organ_value
MAOB,colon,0.9884374279015996,COAD,1,background_organ_value
MAOB,lung,0.5998782830298617,LUAD;LUSC,2,background_organ_value
MAOB,esophagus,-0.06902905534483689,ESCA,1,background_organ_value
MAOB,stomach,-0.49965252387716846,STAD,1,background_organ_value
MAOB,liver,-0.06951590150291824,LIHC,1,background_organ_value
MAOB,colon,0.1160657657264247,COAD,1,background_organ_value
MAOB,esophagus,0.04494762217070864,ESCA,1,background_organ_value
MAOB,lung,0.6387445777725702,LUAD;LUSC,2,background_organ_value
MAOB,prostate,-0.04460979301788411,PRAD,1,background_organ_value
MAOB,stomach,0.04355969968686361,STAD,1,background_organ_value
MAOB,breast,0.1492885393801789,BRCA,1,background_organ_value
MAOB,colon,0.6277216868438162,COAD,1,background_organ_value
MAOB,esophagus,0.6448594277444767,ESCA,1,background_organ_value
MAOB,lung,0.5368285951736681,LUAD;LUSC,2,background_organ_value
MAOB,prostate,-0.1092750466347275,PRAD,1,background_organ_value
MAOB,stomach,0.5671011092605801,STAD,1,background_organ_value
MAOB,breast,-0.20100609456946175,BRCA,1,background_organ_value
MAOB,esophagus,-0.06752974795031944,ESCA,1,background_organ_value
MAOB,kidney,-0.4533811753251339,KICH;KIRC;KIRP,3,background_organ_value
MAOB,lung,-0.5344290123964266,LUAD;LUSC,2,background_organ_value
MAOB,breast,0.10669592010347528,BRCA,1,background_organ_value
MAOB,colon,-1.756500099862367,COAD,1,background_organ_value
MAOB,esophagus,-1.1446290535128227,ESCA,1,background_organ_value
MAOB,kidney,1.0205485097351812,KICH,1,background_organ_value
MAOB,lung,-0.6949673198070856,LUAD;LUSC,2,background_organ_value
MAOB,colon,1.267715550836524,COAD,1,background_organ_value
MAOB,kidney,-0.7813897425668441,KICH;KIRC;KIRP,3,background_organ_value
MAOB,stomach,-0.2285439115629601,STAD,1,background_organ_value
MAOB,lung,-0.6182808134701692,LUAD;LUSC,2,background_organ_value
MAOB,breast,0.32773750340375307,BRCA,1,background_organ_value
MAOB,breast,-0.10100355324978454,BRCA,1,background_organ_value
MAOB,colon,0.22280544267480024,COAD,1,background_organ_value
MAOB,kidney,-0.2244934112165975,KICH;KIRC;KIRP,3,background_organ_value
MAOB,lung,-0.08792278621125721,LUAD;LUSC,2,background_organ_value
MAOB,prostate,-0.12495224854691005,PRAD,1,background_organ_value
MAOB,stomach,0.45265985411746645,STAD,1,background_organ_value
MAOB,liver,0.13516403838043095,LIHC,1,background_organ_value
MAOB,thyroid,0.15115876628042174,THCA,1,background_organ_value
MAOB,liver,-0.6746015428739727,LIHC,1,background_organ_value
MAOB,lung,-0.33813817787668726,LUAD;LUSC,2,background_organ_value
MAOB,prostate,0.2157195310086764,PRAD,1,background_organ_value
MAOB,stomach,-0.16402626953124189,STAD,1,background_organ_value
MAOB,liver,0.32809232500146646,LIHC,1,background_organ_value
MAOB,esophagus,0.22024747300615669,ESCA,1,background_organ_value
MAOB,kidney,0.15001804997764248,KICH;KIRC;KIRP,3,background_organ_value
MAOB,liver,-0.30930666104407284,LIHC,1,background_organ_value
MAOB,breast,-0.18814885963413497,BRCA,1,background_organ_value
MAOB,kidney,0.41449772212770675,KICH;KIRC,2,background_organ_value
MAOB,lung,0.19194604440606686,LUAD;LUSC,2,background_organ_value
MAOB,prostate,0.2374511367772534,PRAD,1,background_organ_value
MAOB,colon,2.036509637020379,COAD,1,background_organ_value
MAOB,esophagus,1.2581796678442143,ESCA,1,background_organ_value
MAOB,prostate,-0.6555471173623342,PRAD,1,background_organ_value
MAOB,stomach,1.0904626266644244,STAD,1,background_organ_value
MAOB,breast,0.8801209293571579,BRCA,1,background_organ_value
MAOB,colon,1.569862669156078,COAD,1,background_organ_value
MAOB,esophagus,0.18575394052437105,ESCA,1,background_organ_value
MAOB,kidney,0.7416511587738145,KICH,1,background_organ_value
MAOB,prostate,0.6300187004610573,PRAD,1,background_organ_value
MAOB,colon,-1.1774599485239174,COAD,1,background_organ_value
MAOB,kidney,0.2013776384634489,KICH;KIRC;KIRP,3,background_organ_value
MAOB,prostate,-0.8689382991046839,PRAD,1,background_organ_value
MAOB,stomach,-0.7096646576303194,STAD,1,background_organ_value
MAOB,breast,0.5042773298655268,BRCA,1,background_organ_value
MAOB,kidney,0.2225063436893321,KICH;KIRC;KIRP,3,background_organ_value
MAOB,liver,0.05082049786178424,LIHC,1,background_organ_value
MAOB,colon,-0.1895837328741169,COAD,1,background_organ_value
MAOB,lung,0.04197342504684608,LUAD;LUSC,2,background_organ_value
MAOB,prostate,0.0987139680055237,PRAD,1,background_organ_value
MAOB,breast,-2.086589021047484,BRCA,1,background_organ_value
MAOB,kidney,-1.2351001259871894,KICH;KIRC;KIRP,3,background_organ_value
MAOB,breast,0.3326123459358467,BRCA,1,background_organ_value
MAOB,colon,-0.00135087511474925,COAD,1,background_organ_value
MAOB,esophagus,-0.2664215027820677,ESCA,1,background_organ_value
MAOB,kidney,0.3930764397276996,KICH;KIRC;KIRP,3,background_organ_value
MAOB,liver,-0.2808764597550061,LIHC,1,background_organ_value
MAOB,lung,-0.21773618304503706,LUAD;LUSC,2,background_organ_value
MAOB,prostate,-0.22377952027551873,PRAD,1,background_organ_value
MAOB,colon,0.8858085872330319,COAD,1,background_organ_value
MAOB,esophagus,-0.24266626233369745,ESCA,1,background_organ_value
MAOB,lung,-0.202098939517745,LUAD;LUSC,2,background_organ_value
MAOB,stomach,0.18133988264547515,STAD,1,background_organ_value
MAOB,breast,-0.31863442644019135,BRCA,1,background_organ_value
MAOB,colon,-0.2668594478685432,COAD,1,background_organ_value
MAOB,esophagus,-0.1279487113500048,ESCA,1,background_organ_value
MAOB,kidney,0.03817160208216394,KICH;KIRC;KIRP,3,background_organ_value
MAOB,lung,-0.4525092014216844,LUAD;LUSC,2,background_organ_value
MAOB,prostate,-0.19226830820133775,PRAD,1,background_organ_value
MAOB,stomach,-0.44591806640804865,STAD,1,background_organ_value
MAOB,breast,0.3333932584801874,BRCA,1,background_organ_value
MAOB,colon,0.3823462155528399,COAD,1,background_organ_value
MAOB,esophagus,0.527386576335554,ESCA,1,background_organ_value
MAOB,kidney,0.32803714484963276,KICH;KIRC;KIRP,3,background_organ_value
MAOB,lung,0.3403155984310561,LUAD;LUSC,2,background_organ_value
MAOB,prostate,0.3268656909528993,PRAD,1,background_organ_value
MAOB,stomach,0.42557992917602205,STAD,1,background_organ_value
MAOB,esophagus,-0.3618480812856171,ESCA,1,background_organ_value
MAOB,stomach,0.05716532929986275,STAD,1,background_organ_value
MAOB,colon,0.12347999979437448,COAD,1,background_organ_value
MAOB,kidney,0.5280485100483113,KICH;KIRC;KIRP,3,background_organ_value
MAOB,liver,0.13049574738803785,LIHC,1,background_organ_value
MAOB,lung,-0.19435127650161,LUAD;LUSC,2,background_organ_value
MAOB,prostate,0.0793870541584081,PRAD,1,background_organ_value
MAOB,breast,0.03765214165406504,BRCA,1,background_organ_value
MAOB,colon,0.6005045529897126,COAD,1,background_organ_value
MAOB,kidney,0.6442811996866842,KICH;KIRC;KIRP,3,background_organ_value
MAOB,liver,0.01212798157261384,LIHC,1,background_organ_value
MAOB,lung,0.5117552118440734,LUAD;LUSC,2,background_organ_value
MAOB,prostate,0.43287976339712614,PRAD,1,background_organ_value
MAOB,liver,-0.3376584838932312,LIHC,1,background_organ_value
MAOB,lung,-0.6224211066304209,LUAD;LUSC,2,background_organ_value
MAOB,colon,-0.2376389709484808,COAD,1,background_organ_value
MAOB,stomach,0.03167083955154378,STAD,1,background_organ_value
MAOB,colon,0.03108243747105133,COAD,1,background_organ_value
MAOB,lung,0.30325660899077655,LUAD;LUSC,2,background_organ_value
MAOB,prostate,0.13973728178572736,PRAD,1,background_organ_value
MAOB,stomach,-0.02665393162490449,STAD,1,background_organ_value
MAOB,stomach,0.7823252103847975,STAD,1,background_organ_value
MAOB,liver,0.12456700081358224,LIHC,1,background_organ_value
MAOB,esophagus,1.2283242319437613,ESCA,1,background_organ_value
MAOB,esophagus,0.7682318364493463,ESCA,1,background_organ_value
MAOB,kidney,0.2744648714600093,KIRC;KIRP,2,background_organ_value
MAOB,prostate,-0.6192312819939829,PRAD,1,background_organ_value
MAOB,liver,-1.1573018558839,LIHC,1,background_organ_value
MAOB,liver,-0.14371958470918408,LIHC,1,background_organ_value
MAOB,breast,0.01922125502845432,BRCA,1,background_organ_value
MAOB,esophagus,0.03990244975672672,ESCA,1,background_organ_value
MAOB,kidney,0.05528279479892203,KICH;KIRC;KIRP,3,background_organ_value
MAOB,liver,-0.03462462236809528,LIHC,1,background_organ_value
MAOB,prostate,0.11206233739814238,PRAD,1,background_organ_value
MAOB,lung,-0.6914388515582741,LUAD;LUSC,2,background_organ_value
MAOB,breast,0.6210401140579818,BRCA,1,background_organ_value
MAOB,esophagus,0.6646772954950866,ESCA,1,background_organ_value
MAOB,liver,0.09537294630590504,LIHC,1,background_organ_value
MAOB,breast,0.8679305946528323,BRCA,1,background_organ_value
MAOB,lung,-0.021790299929811907,LUAD;LUSC,2,background_organ_value
MAOB,colon,-1.672639818965043,COAD,1,background_organ_value
MAOB,kidney,-0.3907886841592419,KICH;KIRC;KIRP,3,background_organ_value
MAOB,stomach,-2.0040489170156692,STAD,1,background_organ_value
MAOB,breast,-0.0702818026582753,BRCA,1,background_organ_value
MAOB,breast,0.5916101585037801,BRCA,1,background_organ_value
MAOB,kidney,-0.05410688700439331,KICH;KIRC;KIRP,3,background_organ_value
MAOB,liver,0.1620858763878554,LIHC,1,background_organ_value
MAOB,prostate,0.10736390266946334,PRAD,1,background_organ_value
MAOB,breast,0.3504298751109236,BRCA,1,background_organ_value
MAOB,esophagus,0.532351729541444,ESCA,1,background_organ_value
MAOB,lung,0.5861828943407068,LUAD;LUSC,2,background_organ_value
MAOB,prostate,0.02692285762652755,PRAD,1,background_organ_value
MAOB,stomach,0.503666431229009,STAD,1,background_organ_value
MAOB,thyroid,1.8122298331929136,THCA,1,background_organ_value
MAOB,liver,-2.6060690526392136,LIHC,1,background_organ_value
MAOB,prostate,-0.38378839887255733,PRAD,1,background_organ_value
MAOB,stomach,-0.9338760887205672,STAD,1,background_organ_value
MAOB,breast,1.3629181484791817,BRCA,1,background_organ_value
MAOB,liver,-0.8602752617502815,LIHC,1,background_organ_value
MAOB,liver,0.06893574447320637,LIHC,1,background_organ_value
MAOB,breast,-1.3373216503656604,BRCA,1,background_organ_value
MAOB,colon,0.46300701877407896,COAD,1,background_organ_value
MAOB,esophagus,0.21637491417449903,ESCA,1,background_organ_value
MAOB,stomach,0.18465151870249685,STAD,1,background_organ_value
MAOB,lung,0.5862124711297882,LUAD;LUSC,2,background_organ_value
MAOB,kidney,-0.7149737383279042,KIRP,1,background_organ_value
MAOB,liver,-0.859692836032485,LIHC,1,background_organ_value
MAOB,esophagus,0.31316966687353637,ESCA,1,background_organ_value
MAOB,stomach,0.06461061102545466,STAD,1,background_organ_value
MAOB,breast,-0.5528727090853592,BRCA,1,background_organ_value
MAOB,colon,0.2837214806398686,COAD,1,background_organ_value
MAOB,kidney,-0.08169778823385598,KICH;KIRP,2,background_organ_value
MAOB,lung,0.35511244490176574,LUAD;LUSC,2,background_organ_value
MAOB,breast,0.305520875688115,BRCA,1,background_organ_value
MAOB,kidney,0.2148830031539566,KICH;KIRC;KIRP,3,background_organ_value
MAOB,liver,-0.2770775108625487,LIHC,1,background_organ_value
MAOB,prostate,0.199321284592225,PRAD,1,background_organ_value
MAOB,colon,0.9706960814950693,COAD,1,background_organ_value
MAOB,lung,0.3858535024224751,LUAD;LUSC,2,background_organ_value
MAOB,prostate,0.28974562364383105,PRAD,1,background_organ_value
MAOB,stomach,0.8527270881691443,STAD,1,background_organ_value
MAOB,esophagus,-1.0746918564955292,ESCA,1,background_organ_value
MAOB,kidney,-0.20735186476957496,KICH;KIRC;KIRP,3,background_organ_value
MAOB,liver,-0.6966084383522541,LIHC,1,background_organ_value
MAOB,prostate,0.649688422766682,PRAD,1,background_organ_value
MAOB,breast,-0.43705776378963246,BRCA,1,background_organ_value
MAOB,colon,0.40254733301768225,COAD,1,background_organ_value
MAOB,esophagus,-0.07087647821726367,ESCA,1,background_organ_value
MAOB,lung,0.07866458772885658,LUAD;LUSC,2,background_organ_value
MAOB,prostate,0.1611698175644371,PRAD,1,background_organ_value
MAOB,stomach,0.05127248022559338,STAD,1,background_organ_value
MAOB,breast,-2.979502023359825,BRCA,1,background_organ_value
MAOB,lung,-2.148930006766871,LUAD;LUSC,2,background_organ_value
MAOB,thyroid,-0.644004283915774,THCA,1,background_organ_value
MAOB,thyroid,0.1172020572834272,THCA,1,background_organ_value
MAOB,breast,0.00600807707088823,BRCA,1,background_organ_value
MAOB,esophagus,-0.14594116008310096,ESCA,1,background_organ_value
MAOB,kidney,-0.10394101332972049,KICH;KIRC;KIRP,3,background_organ_value
MAOB,lung,0.03576623402319584,LUAD;LUSC,2,background_organ_value
MAOB,prostate,0.07258544075807016,PRAD,1,background_organ_value
MAOB,stomach,-0.17245781808224175,STAD,1,background_organ_value
MAOB,breast,-0.7179602555666765,BRCA,1,background_organ_value
MAOB,colon,-0.9367074638539484,COAD,1,background_organ_value
MAOB,lung,-0.3445702336282862,LUAD;LUSC,2,background_organ_value
MAOB,prostate,0.43112240508190813,PRAD,1,background_organ_value
MAOB,breast,0.7615187311738386,BRCA,1,background_organ_value
MAOB,kidney,-0.6059226133174862,KICH,1,background_organ_value
MAOB,prostate,0.3514415003634418,PRAD,1,background_organ_value
MAOB,breast,-0.2114597983869616,BRCA,1,background_organ_value
MAOB,kidney,0.24842696763925767,KICH;KIRC;KIRP,3,background_organ_value
MAOB,lung,0.030324028076201177,LUAD;LUSC,2,background_organ_value
MAOB,prostate,0.10875598127712784,PRAD,1,background_organ_value
MAOB,colon,0.3829892291760017,COAD,1,background_organ_value
MAOB,kidney,-0.22801765650426853,KIRC;KIRP,2,background_organ_value
MAOB,stomach,0.6067089416416385,STAD,1,background_organ_value
MAOB,thyroid,1.2821158264673862,THCA,1,background_organ_value
MAOB,liver,-0.26621150768120416,LIHC,1,background_organ_value
MAOB,stomach,0.487362239298936,STAD,1,background_organ_value
MAOB,thyroid,1.7099886002889353,THCA,1,background_organ_value
MAOB,breast,-1.2837954398594729,BRCA,1,background_organ_value
MAOB,kidney,-0.8218183426810186,KICH;KIRC;KIRP,3,background_organ_value
MAOB,stomach,0.4479216234356084,STAD,1,background_organ_value
MAOB,esophagus,-0.952427925566884,ESCA,1,background_organ_value
MAOB,esophagus,-0.14932141718671013,ESCA,1,background_organ_value
MAOB,kidney,-0.703430958993022,KICH;KIRC,2,background_organ_value
MAOB,stomach,0.31353494707465995,STAD,1,background_organ_value
MAOB,breast,0.3391582588213378,BRCA,1,background_organ_value
MAOB,colon,0.016904986004709,COAD,1,background_organ_value
MAOB,prostate,-0.05494056892090497,PRAD,1,background_organ_value
MAOB,stomach,0.4600935074568191,STAD,1,background_organ_value
MAOB,thyroid,1.0213171860592112,THCA,1,background_organ_value
MAOB,stomach,0.6130802293684345,STAD,1,background_organ_value
MAOB,liver,-0.2304049029757302,LIHC,1,background_organ_value
MAOB,colon,0.4802900915344791,COAD,1,background_organ_value
MAOB,stomach,0.4121457826980173,STAD,1,background_organ_value
MAOB,liver,-0.10223717080852364,LIHC,1,background_organ_value
MAOB,breast,0.1971981576425501,BRCA,1,background_organ_value
MAOB,kidney,-0.16177864455014607,KICH;KIRC;KIRP,3,background_organ_value
MAOB,liver,0.08432652956275119,LIHC,1,background_organ_value
MAOB,lung,0.3408280554356664,LUAD;LUSC,2,background_organ_value
MAOB,prostate,-0.33885330093415955,PRAD,1,background_organ_value
MAOB,colon,0.7717671638851804,COAD,1,background_organ_value
MAOB,esophagus,0.3252458061638493,ESCA,1,background_organ_value
MAOB,kidney,0.9213213200880721,KICH;KIRP,2,background_organ_value
MAOB,liver,0.00578921311189168,LIHC,1,background_organ_value
MAOB,lung,0.4855774816268282,LUAD;LUSC,2,background_organ_value
MAOB,prostate,0.15199268177670533,PRAD,1,background_organ_value
MAOB,kidney,0.01957478665831866,KICH;KIRC;KIRP,3,background_organ_value
MAOB,lung,0.4986285892534861,LUAD;LUSC,2,background_organ_value
MAOB,prostate,0.14921830641923958,PRAD,1,background_organ_value
MAOB,colon,0.6662580646918643,COAD,1,background_organ_value
MAOB,kidney,0.09987563870508304,KICH;KIRC;KIRP,3,background_organ_value
MAOB,lung,0.38615297324668074,LUAD;LUSC,2,background_organ_value
MAOB,prostate,0.22629323689643727,PRAD,1,background_organ_value
MAOB,stomach,0.6242144238151763,STAD,1,background_organ_value
MAOB,liver,0.4269090479265328,LIHC,1,background_organ_value
MAOB,colon,-0.3308403227965774,COAD,1,background_organ_value
MAOB,esophagus,-1.9617337037821547,ESCA,1,background_organ_value
MAOB,liver,-2.157360822772708,LIHC,1,background_organ_value
MAOB,prostate,-0.38370283172233594,PRAD,1,background_organ_value
MAOB,breast,-1.5241835458487305,BRCA,1,background_organ_value
MAOB,colon,-1.7677626896665453,COAD,1,background_organ_value
MAOB,esophagus,-0.9610493367613416,ESCA,1,background_organ_value
MAOB,kidney,-1.8505265007746143,KICH;KIRC;KIRP,3,background_organ_value
MAOB,lung,-1.1656450815212691,LUAD;LUSC,2,background_organ_value
MAOB,prostate,-0.123956460222529,PRAD,1,background_organ_value
MAOB,stomach,-1.056285285248698,STAD,1,background_organ_value
MAOB,thyroid,1.777994117946671,THCA,1,background_organ_value
MAOB,breast,-0.08590802850710785,BRCA,1,background_organ_value
MAOB,kidney,0.04546757357755875,KICH;KIRC;KIRP,3,background_organ_value
MAOB,liver,-0.04191234238234931,LIHC,1,background_organ_value
MAOB,prostate,0.2653433346344733,PRAD,1,background_organ_value
MAOB,colon,1.0557152474003229,COAD,1,background_organ_value
MAOB,kidney,0.2757463571823987,KICH,1,background_organ_value
MAOB,lung,1.2951840338532719,LUAD;LUSC,2,background_organ_value
MAOB,prostate,0.07857725668933696,PRAD,1,background_organ_value
MAOB,stomach,0.6626946453740342,STAD,1,background_organ_value
MAOB,colon,0.8386009823473642,COAD,1,background_organ_value
MAOB,kidney,-0.08260599616711,KICH,1,background_organ_value
MAOB,lung,0.06629161630256843,LUAD;LUSC,2,background_organ_value
MAOB,prostate,0.05394576769799512,PRAD,1,background_organ_value
MAOB,stomach,0.36055584220956854,STAD,1,background_organ_value
MAOB,breast,0.4819578119790264,BRCA,1,background_organ_value
MAOB,kidney,0.16971705835412107,KICH;KIRC;KIRP,3,background_organ_value
MAOB,lung,0.7894387477497282,LUAD;LUSC,2,background_organ_value
MAOB,prostate,0.0982972044363426,PRAD,1,background_organ_value
MAOB,colon,0.15059365226751026,COAD,1,background_organ_value
MAOB,kidney,-2.13702939669242,KICH;KIRC;KIRP,3,background_organ_value
MAOB,lung,0.46698083245287936,LUAD;LUSC,2,background_organ_value
MAOB,liver,-1.4993076681073214,LIHC,1,background_organ_value
MAOB,breast,0.35220835699935654,BRCA,1,background_organ_value
MAOB,kidney,0.202328480963334,KICH;KIRC;KIRP,3,background_organ_value
MAOB,lung,0.8520716519541487,LUAD;LUSC,2,background_organ_value
MAOB,prostate,0.29959175367044233,PRAD,1,background_organ_value
MAOB,stomach,-0.2388083677903599,STAD,1,background_organ_value
MAOB,liver,-0.05358456193688148,LIHC,1,background_organ_value
MAOB,kidney,0.3789967864711208,KICH;KIRP,2,background_organ_value
MAOB,lung,-0.05580634375675289,LUAD;LUSC,2,background_organ_value
MAOB,colon,0.5640437107547231,COAD,1,background_organ_value
MAOB,colon,0.6389405189456886,COAD,1,background_organ_value
MAOB,breast,-0.8115296064824619,BRCA,1,background_organ_value
MAOB,colon,0.03790073551257275,COAD,1,background_organ_value
MAOB,kidney,-0.02796649982688751,KICH;KIRC;KIRP,3,background_organ_value
MAOB,prostate,-0.24392583739503637,PRAD,1,background_organ_value
MAOB,liver,-0.7165681432384716,LIHC,1,background_organ_value
MAOB,breast,-0.9290479277183008,BRCA,1,background_organ_value
MAOB,kidney,-0.1480530579227098,KICH;KIRC;KIRP,3,background_organ_value
MAOB,kidney,0.2585628016314594,KICH;KIRC,2,background_organ_value
MAOB,kidney,0.08610874401130462,KICH;KIRC;KIRP,3,background_organ_value
MAOB,liver,-0.7143763572130035,LIHC,1,background_organ_value
MAOB,breast,-0.16671641906788365,BRCA,1,background_organ_value
MAOB,colon,-0.16158962483101064,COAD,1,background_organ_value
MAOB,esophagus,-0.05717579861811597,ESCA,1,background_organ_value
MAOB,kidney,-0.1886611515017212,KICH;KIRC;KIRP,3,background_organ_value
MAOB,liver,-0.4088006944956299,LIHC,1,background_organ_value
MAOB,lung,-0.35436752040233066,LUAD;LUSC,2,background_organ_value
MAOB,prostate,-0.14109048341230568,PRAD,1,background_organ_value
MAOB,breast,-0.13293236390545626,BRCA,1,background_organ_value
MAOB,kidney,-0.15593275492852185,KICH;KIRC;KIRP,3,background_organ_value
MAOB,prostate,0.05050084640543294,PRAD,1,background_organ_value
MAOB,kidney,-0.05525255510350549,KICH;KIRP,2,background_organ_value
MAOB,liver,0.0416384402820507,LIHC,1,background_organ_value
MAOB,colon,0.41866885501513257,COAD,1,background_organ_value
MAOB,kidney,0.5080823057097178,KICH;KIRC;KIRP,3,background_organ_value
MAOB,lung,0.3832681879860662,LUAD;LUSC,2,background_organ_value
MAOB,prostate,0.03701155680845967,PRAD,1,background_organ_value
MAOB,stomach,0.2883877470157393,STAD,1,background_organ_value
MAOB,breast,-0.8653392214332319,BRCA,1,background_organ_value
MAOB,esophagus,-0.4304073463177123,ESCA,1,background_organ_value
MAOB,kidney,0.3528238754554084,KICH;KIRC;KIRP,3,background_organ_value
MAOB,liver,-0.8626120162198664,LIHC,1,background_organ_value
MAOB,prostate,0.1556626424827239,PRAD,1,background_organ_value
MAOB,kidney,0.31167969236949944,KICH;KIRC;KIRP,3,background_organ_value
MAOB,liver,-0.05050565489893399,LIHC,1,background_organ_value
MAOB,breast,-0.1623870827436376,BRCA,1,background_organ_value
MAOB,esophagus,-0.4407549092660338,ESCA,1,background_organ_value
MAOB,kidney,-0.0311036135009691,KICH;KIRC;KIRP,3,background_organ_value
MAOB,prostate,0.01033975546695936,PRAD,1,background_organ_value
MAOB,breast,0.06035626135973295,BRCA,1,background_organ_value
MAOB,kidney,-0.06209042036601701,KICH;KIRC;KIRP,3,background_organ_value
MAOB,liver,0.00710379192910095,LIHC,1,background_organ_value
MAOB,prostate,0.1776281378780894,PRAD,1,background_organ_value
MAOB,stomach,-0.115670725967833,STAD,1,background_organ_value
MAOB,liver,-1.858718643485341,LIHC,1,background_organ_value
MAOB,breast,0.09154956675272122,BRCA,1,background_organ_value
MAOB,colon,-0.8144971762648069,COAD,1,background_organ_value
MAOB,kidney,0.5157492873283316,KICH;KIRP,2,background_organ_value
MAOB,lung,-0.017114649475372765,LUAD;LUSC,2,background_organ_value
MAOB,prostate,0.19425199563473172,PRAD,1,background_organ_value
MAOB,breast,0.06284310281791394,BRCA,1,background_organ_value
MAOB,esophagus,-0.1587454334753083,ESCA,1,background_organ_value
MAOB,kidney,0.8167914012823054,KICH;KIRC;KIRP,3,background_organ_value
MAOB,prostate,0.16703456942193334,PRAD,1,background_organ_value
MAOB,prostate,0.929462074748827,PRAD,1,background_organ_value
MAOB,esophagus,-1.8817712254552423,ESCA,1,background_organ_value
MAOB,kidney,-0.4332009191063295,KICH;KIRC;KIRP,3,background_organ_value
MAOB,lung,-1.7673694356271583,LUAD;LUSC,2,background_organ_value
MAOB,breast,-0.6573850511758402,BRCA,1,background_organ_value
MAOB,esophagus,-0.26318677045860905,ESCA,1,background_organ_value
MAOB,lung,0.03815880548785764,LUAD;LUSC,2,background_organ_value
MAOB,prostate,-0.5002633019253518,PRAD,1,background_organ_value
MAOB,stomach,-0.48556359442139846,STAD,1,background_organ_value
MAOB,thyroid,-0.7691651913827957,THCA,1,background_organ_value
MAOB,breast,0.416971787936136,BRCA,1,background_organ_value
MAOB,colon,0.34768789121294386,COAD,1,background_organ_value
MAOB,esophagus,0.7605794025693541,ESCA,1,background_organ_value
MAOB,kidney,0.799432784670273,KICH;KIRC;KIRP,3,background_organ_value
MAOB,liver,-1.456568898417725,LIHC,1,background_organ_value
MAOB,liver,0.32645840529982245,LIHC,1,background_organ_value
MAOB,liver,-0.2791929511631111,LIHC,1,background_organ_value
MAOB,colon,0.19561409023677773,COAD,1,background_organ_value
MAOB,thyroid,0.812658251560665,THCA,1,background_organ_value
MAOB,breast,-0.33374075666097497,BRCA,1,background_organ_value
MAOB,kidney,-0.2998669556221442,KIRC;KIRP,2,background_organ_value
MAOB,liver,-0.35140989962468944,LIHC,1,background_organ_value
MAOB,prostate,0.00804986480956487,PRAD,1,background_organ_value
MAOB,breast,0.7037749452591806,BRCA,1,background_organ_value
MAOB,colon,1.0720132775360725,COAD,1,background_organ_value
MAOB,kidney,-0.02614144317443181,KICH;KIRC;KIRP,3,background_organ_value
MAOB,liver,0.36895376661115303,LIHC,1,background_organ_value
MAOB,lung,1.0085108997858336,LUAD;LUSC,2,background_organ_value
MAOB,prostate,0.4253824274051683,PRAD,1,background_organ_value
MAOB,stomach,0.7387173012935613,STAD,1,background_organ_value
MAOB,breast,0.00916547713570313,BRCA,1,background_organ_value
MAOB,esophagus,-0.8633488858540838,ESCA,1,background_organ_value
MAOB,kidney,-0.3937680693493844,KICH;KIRC;KIRP,3,background_organ_value
MAOB,lung,0.0837933656388924,LUAD;LUSC,2,background_organ_value
MAOB,prostate,-0.04358733925364934,PRAD,1,background_organ_value
MAOB,colon,-0.9074630778698124,COAD,1,background_organ_value
MAOB,kidney,-0.8210049070906781,KICH;KIRC;KIRP,3,background_organ_value
MAOB,lung,0.16097171198553611,LUAD;LUSC,2,background_organ_value
MAOB,colon,0.09646049412141164,COAD,1,background_organ_value
MAOB,lung,0.118563165197089,LUAD;LUSC,2,background_organ_value
MAOB,stomach,-0.01612746323502364,STAD,1,background_organ_value
MAOB,colon,-0.5516233736489746,COAD,1,background_organ_value
MAOB,esophagus,-0.26006026949155225,ESCA,1,background_organ_value
MAOB,kidney,-0.08561491463281137,KICH;KIRC;KIRP,3,background_organ_value
MAOB,lung,0.4042889788673148,LUAD;LUSC,2,background_organ_value
MAOB,colon,-0.01380801589401397,COAD,1,background_organ_value
MAOB,colon,1.0652195208023054,COAD,1,background_organ_value
MAOB,liver,-0.6569183989899471,LIHC,1,background_organ_value
MAOB,breast,0.13408940248229323,BRCA,1,background_organ_value
MAOB,liver,-0.5243062439919027,LIHC,1,background_organ_value
MAOB,lung,0.23992196039290348,LUAD;LUSC,2,background_organ_value
MAOB,prostate,-0.08972594543467932,PRAD,1,background_organ_value
MAOB,stomach,-0.0967978031357549,STAD,1,background_organ_value
MAOB,breast,0.5160010450550503,BRCA,1,background_organ_value
MAOB,colon,0.3462850443665534,COAD,1,background_organ_value
MAOB,esophagus,0.6354322159302541,ESCA,1,background_organ_value
MAOB,kidney,0.06086947986864678,KICH;KIRC;KIRP,3,background_organ_value
MAOB,liver,-0.02937290927450082,LIHC,1,background_organ_value
MAOB,lung,0.36018907496282077,LUAD;LUSC,2,background_organ_value
MAOB,prostate,0.10456154931284692,PRAD,1,background_organ_value
MAOB,liver,-2.3983235941700647,LIHC,1,background_organ_value
MAOB,esophagus,-0.5509260711283261,ESCA,1,background_organ_value
MAOB,stomach,-0.6189729523231715,STAD,1,background_organ_value
MAOB,breast,0.4906538783130321,BRCA,1,background_organ_value
MAOB,kidney,-0.03755911585278292,KIRP,1,background_organ_value
MAOB,breast,-0.2912392587283906,BRCA,1,background_organ_value
MAOB,esophagus,-0.1326129185511415,ESCA,1,background_organ_value
MAOB,kidney,-0.02060504763259109,KICH;KIRC;KIRP,3,background_organ_value
MAOB,liver,-0.4406789037334275,LIHC,1,background_organ_value
MAOB,prostate,0.2959479299209733,PRAD,1,background_organ_value
MAOB,esophagus,0.15025834857292414,ESCA,1,background_organ_value
MAOB,stomach,0.2744852946580403,STAD,1,background_organ_value
MAOB,breast,0.38175921539741664,BRCA,1,background_organ_value
MAOB,colon,-0.22177237857722376,COAD,1,background_organ_value
MAOB,kidney,-0.01354652032667819,KICH;KIRC;KIRP,3,background_organ_value
MAOB,liver,0.02513331198714172,LIHC,1,background_organ_value
MAOB,lung,-0.20883445859499247,LUAD;LUSC,2,background_organ_value
MAOB,breast,0.749870325288212,BRCA,1,background_organ_value
MAOB,colon,0.6576526388776704,COAD,1,background_organ_value
MAOB,esophagus,0.6986801883050041,ESCA,1,background_organ_value
MAOB,kidney,0.25330182172241156,KICH;KIRC;KIRP,3,background_organ_value
MAOB,lung,0.6209832217626469,LUAD;LUSC,2,background_organ_value
MAOB,prostate,0.13945677208632604,PRAD,1,background_organ_value
MAOB,breast,0.33275167860271126,BRCA,1,background_organ_value
MAOB,kidney,0.27779333975269843,KIRP,1,background_organ_value
MAOB,prostate,-0.0874411105638522,PRAD,1,background_organ_value
MAOB,breast,0.2702962739953649,BRCA,1,background_organ_value
MAOB,kidney,0.05655414416230453,KIRC;KIRP,2,background_organ_value
MAOB,prostate,0.18021827824435216,PRAD,1,background_organ_value
MAOB,liver,-1.611497693606785,LIHC,1,background_organ_value
MAOB,colon,0.00462624546750474,COAD,1,background_organ_value
MAOB,esophagus,0.1668969954089346,ESCA,1,background_organ_value
MAOB,colon,1.1666431527106,COAD,1,background_organ_value
MAOB,esophagus,0.4690440930623825,ESCA,1,background_organ_value
MAOB,kidney,-0.49353269546426454,KICH;KIRC;KIRP,3,background_organ_value
MAOB,lung,0.17351310006743048,LUAD;LUSC,2,background_organ_value
MAOB,stomach,0.19292853787388797,STAD,1,background_organ_value
MAOB,breast,0.2604209958016563,BRCA,1,background_organ_value
MAOB,kidney,0.34254748324865913,KICH;KIRC;KIRP,3,background_organ_value
MAOB,liver,0.2811850248926111,LIHC,1,background_organ_value
MAOB,esophagus,-0.51236876130847,ESCA,1,background_organ_value
MAOB,stomach,-1.9067676065929384,STAD,1,background_organ_value
MAOB,colon,0.0408773590659577,COAD,1,background_organ_value
MAOB,kidney,-0.08935120943686811,KICH;KIRC;KIRP,3,background_organ_value
MAOB,liver,-0.06881776816271365,LIHC,1,background_organ_value
MAOB,lung,0.5300483854115672,LUAD;LUSC,2,background_organ_value
MAOB,prostate,0.2632370677124096,PRAD,1,background_organ_value
MAOB,esophagus,0.11132493094210384,ESCA,1,background_organ_value
MAOB,kidney,-0.3517161617173407,KICH;KIRC;KIRP,3,background_organ_value
MAOB,liver,-0.5951503431160315,LIHC,1,background_organ_value
MAOB,breast,1.0172945903320862,BRCA,1,background_organ_value
MAOB,kidney,0.5471496697757015,KICH;KIRC;KIRP,3,background_organ_value
MAOB,liver,0.2244281909876855,LIHC,1,background_organ_value
MAOB,prostate,0.14746031247330585,PRAD,1,background_organ_value
MAOB,breast,-0.10860616634737312,BRCA,1,background_organ_value
MAOB,esophagus,0.636637235231994,ESCA,1,background_organ_value
MAOB,liver,-0.6268905735963917,LIHC,1,background_organ_value
MAOB,lung,0.5452772600218692,LUAD;LUSC,2,background_organ_value
MAOB,stomach,-0.566396720797759,STAD,1,background_organ_value
MAOB,colon,0.151789780288961,COAD,1,background_organ_value
MAOB,lung,-0.19078720670787813,LUAD;LUSC,2,background_organ_value
MAOB,esophagus,-0.8192365787717428,ESCA,1,background_organ_value
MAOB,lung,0.1758566741524319,LUSC,1,background_organ_value
MAOB,colon,0.10201157784900455,COAD,1,background_organ_value
MAOB,esophagus,-0.8149570634320575,ESCA,1,background_organ_value
MAOB,prostate,-0.646518377381976,PRAD,1,background_organ_value
MAOB,breast,-0.4230129626976866,BRCA,1,background_organ_value
MAOB,kidney,1.035732317975719,KICH;KIRC;KIRP,3,background_organ_value
MAOB,lung,0.3241243437157876,LUAD;LUSC,2,background_organ_value
MAOB,colon,1.1613631222157696,COAD,1,background_organ_value
MAOB,colon,0.07052245728015259,COAD,1,background_organ_value
MAOB,lung,0.1862211303146739,LUAD;LUSC,2,background_organ_value
MAOB,prostate,0.26279148213819903,PRAD,1,background_organ_value
MAOB,stomach,0.25394220050413685,STAD,1,background_organ_value
MAOB,colon,1.3011136021866394,COAD,1,background_organ_value
MAOB,stomach,0.6904415072293677,STAD,1,background_organ_value
MAOB,kidney,0.24971489825397064,KICH;KIRC;KIRP,3,background_organ_value
MAOB,lung,0.1947861316548397,LUAD;LUSC,2,background_organ_value
MAOB,prostate,0.4549820312840282,PRAD,1,background_organ_value
MAOB,breast,0.1952153506311439,BRCA,1,background_organ_value
MAOB,esophagus,0.7036662548549641,ESCA,1,background_organ_value
MAOB,kidney,1.0284992785453453,KICH;KIRC;KIRP,3,background_organ_value
MAOB,liver,-0.8216116900751849,LIHC,1,background_organ_value
MAOB,prostate,-0.09534857955046085,PRAD,1,background_organ_value
MAOB,breast,0.7932147058791126,BRCA,1,background_organ_value
MAOB,kidney,0.1773502024829645,KICH;KIRC;KIRP,3,background_organ_value
MAOB,lung,0.7345917323603395,LUAD;LUSC,2,background_organ_value
MAOB,esophagus,0.5531624429397246,ESCA,1,background_organ_value
MAOB,breast,0.7182048759808206,BRCA,1,background_organ_value
MAOB,colon,1.2793369861542288,COAD,1,background_organ_value
MAOB,esophagus,0.6543361758182351,ESCA,1,background_organ_value
MAOB,kidney,0.4818198450066607,KICH;KIRC;KIRP,3,background_organ_value
MAOB,lung,0.4817323658718861,LUAD;LUSC,2,background_organ_value
MAOB,esophagus,0.9922652262272788,ESCA,1,background_organ_value
MAOB,lung,0.27891303411209634,LUAD;LUSC,2,background_organ_value
MAOB,stomach,-0.1973079594134829,STAD,1,background_organ_value
MAOB,colon,2.156089824489476,COAD,1,background_organ_value
MAOB,esophagus,2.5207354551579955,ESCA,1,background_organ_value
MAOB,kidney,-0.05237375794487206,KICH,1,background_organ_value
MAOB,stomach,1.6528723719373577,STAD,1,background_organ_value
MAOB,liver,0.00645324805260705,LIHC,1,background_organ_value
MAOB,esophagus,-0.5150441912412307,ESCA,1,background_organ_value
MAOB,stomach,-0.36642532753855234,STAD,1,background_organ_value
MAOB,breast,0.825530364014556,BRCA,1,background_organ_value
MAOB,kidney,0.07768096290212413,KICH;KIRC;KIRP,3,background_organ_value
MAOB,lung,0.1959015846457152,LUAD;LUSC,2,background_organ_value
MAOB,prostate,0.4964657232085471,PRAD,1,background_organ_value
MAOB,breast,0.3072981822114515,BRCA,1,background_organ_value
MAOB,liver,0.01936564527348023,LIHC,1,background_organ_value
MAOB,lung,0.7088340512040463,LUAD;LUSC,2,background_organ_value
MAOB,stomach,0.6105464427487572,STAD,1,background_organ_value
MAOB,prostate,-0.16075400159427414,PRAD,1,background_organ_value
MAOB,breast,0.5567884363119634,BRCA,1,background_organ_value
MAOB,colon,1.446897264500463,COAD,1,background_organ_value
MAOB,lung,0.9683672646537262,LUAD;LUSC,2,background_organ_value
MAOB,prostate,0.39358941562327415,PRAD,1,background_organ_value
MAOB,breast,0.426875502849642,BRCA,1,background_organ_value
MAOB,esophagus,0.4895715117508081,ESCA,1,background_organ_value
MAOB,kidney,0.00296332770058936,KICH;KIRC;KIRP,3,background_organ_value
MAOB,esophagus,1.1992006474229913,ESCA,1,background_organ_value
MAOB,kidney,0.10632687450579051,KIRC;KIRP,2,background_organ_value
MAOB,colon,-0.18589653484917,COAD,1,background_organ_value
MAOB,stomach,-1.0134344126424244,STAD,1,background_organ_value
MAOB,thyroid,2.2180486987989876,THCA,1,background_organ_value
MAOB,breast,0.7635086118506355,BRCA,1,background_organ_value
MAOB,kidney,-0.28908407340916503,KIRC;KIRP,2,background_organ_value
MAOB,liver,0.03575790429787203,LIHC,1,background_organ_value
MAOB,lung,1.229502137798066,LUAD;LUSC,2,background_organ_value
MAOB,colon,0.14479412144603918,COAD,1,background_organ_value
MAOB,esophagus,-0.4151597797381415,ESCA,1,background_organ_value
MAOB,kidney,0.7698564508224602,KICH,1,background_organ_value
MAOB,lung,-0.49424186546889187,LUAD;LUSC,2,background_organ_value
MAOB,stomach,0.03144514028347593,STAD,1,background_organ_value
MAOB,breast,0.2865617218859388,BRCA,1,background_organ_value
MAOB,colon,0.6414467595494643,COAD,1,background_organ_value
MAOB,kidney,0.43132711752257735,KICH;KIRC;KIRP,3,background_organ_value
MAOB,liver,-0.7094495632845833,LIHC,1,background_organ_value
MAOB,lung,0.49479124501450555,LUAD;LUSC,2,background_organ_value
MAOB,prostate,0.4074688147199302,PRAD,1,background_organ_value
MAOB,stomach,0.9929802338939158,STAD,1,background_organ_value
MAOB,liver,-1.3510511028685055,LIHC,1,background_organ_value
MAOB,stomach,0.14847803263068712,STAD,1,background_organ_value
MAOB,liver,-0.04101703821012816,LIHC,1,background_organ_value
MAOB,prostate,-0.10958500436670292,PRAD,1,background_organ_value
MAOB,colon,-0.9938075065366664,COAD,1,background_organ_value
MAOB,kidney,-0.08817307498459823,KICH;KIRC,2,background_organ_value
MAOB,breast,0.09780859695840637,BRCA,1,background_organ_value
MAOB,lung,0.3221558013357453,LUAD;LUSC,2,background_organ_value
MAOB,prostate,-0.00510132879703101,PRAD,1,background_organ_value
MAOB,esophagus,-0.41752246707649704,ESCA,1,background_organ_value
MAOB,stomach,-0.5085740102095354,STAD,1,background_organ_value
MAOB,stomach,-2.643992568059147,STAD,1,background_organ_value
MAOB,esophagus,-1.8313284630819544,ESCA,1,background_organ_value
MAOB,breast,0.4520131050499035,BRCA,1,background_organ_value
MAOB,esophagus,0.6241625575531232,ESCA,1,background_organ_value
MAOB,colon,1.1786516649240188,COAD,1,background_organ_value
MAOB,esophagus,0.09667387362999826,ESCA,1,background_organ_value
MAOB,kidney,-1.031871563248819,KICH;KIRC;KIRP,3,background_organ_value
MAOB,liver,-0.362303949271137,LIHC,1,background_organ_value
MAOB,prostate,-1.2148287662765185,PRAD,1,background_organ_value
MAOB,breast,-0.5809542352573619,BRCA,1,background_organ_value
MAOB,colon,-0.7245583958128868,COAD,1,background_organ_value
MAOB,esophagus,-0.47679711493181914,ESCA,1,background_organ_value
MAOB,kidney,-0.6194239744586264,KICH;KIRC;KIRP,3,background_organ_value
MAOB,liver,-0.5211635430384505,LIHC,1,background_organ_value
MAOB,lung,0.02485309923704737,LUAD;LUSC,2,background_organ_value
MAOB,prostate,-0.22727765869124256,PRAD,1,background_organ_value
MAOB,stomach,-0.91736497547096,STAD,1,background_organ_value
MAOB,breast,0.7616287013036992,BRCA,1,background_organ_value
MAOB,esophagus,0.0962059977198156,ESCA,1,background_organ_value
MAOB,kidney,0.20297758398747576,KICH;KIRC;KIRP,3,background_organ_value
MAOB,lung,0.6621756294513154,LUAD;LUSC,2,background_organ_value
MAOB,prostate,-0.5372313843900043,PRAD,1,background_organ_value
MAOB,esophagus,0.262608092045096,ESCA,1,background_organ_value
MAOB,breast,0.8885042913155914,BRCA,1,background_organ_value
MAOB,esophagus,0.5776170367320271,ESCA,1,background_organ_value
MAOB,liver,0.4118696909883837,LIHC,1,background_organ_value
MAOB,prostate,-0.22060437926453216,PRAD,1,background_organ_value
MAOB,kidney,-0.27399757508726874,KIRC;KIRP,2,background_organ_value
MAOB,lung,1.0389645177740614,LUAD;LUSC,2,background_organ_value
MAOB,colon,-0.34965766962880457,COAD,1,background_organ_value
MAOB,stomach,-0.34339491214110535,STAD,1,background_organ_value
MAOB,breast,0.5941876916368777,BRCA,1,background_organ_value
MAOB,colon,0.4728285451784072,COAD,1,background_organ_value
MAOB,kidney,0.03835130926448764,KICH;KIRC;KIRP,3,background_organ_value
MAOB,lung,0.7332893992768326,LUAD;LUSC,2,background_organ_value
MAOB,prostate,0.2223894684960453,PRAD,1,background_organ_value
MAOB,stomach,0.5502279312365542,STAD,1,background_organ_value
MAOB,kidney,-0.4348927238059245,KICH;KIRC;KIRP,3,background_organ_value
MAOB,lung,-0.137232811223432,LUAD;LUSC,2,background_organ_value
MAOB,prostate,-0.4891112513504372,PRAD,1,background_organ_value
MAOB,stomach,-0.08790372981959921,STAD,1,background_organ_value
MAOB,breast,0.22507992829849816,BRCA,1,background_organ_value
MAOB,colon,0.17235248199149383,COAD,1,background_organ_value
MAOB,kidney,-0.09473126143249316,KICH;KIRC;KIRP,3,background_organ_value
MAOB,lung,0.3981409477454929,LUAD;LUSC,2,background_organ_value
MAOB,prostate,-0.26422810241499545,PRAD,1,background_organ_value
MAOB,stomach,0.31274610518847984,STAD,1,background_organ_value
MAOB,breast,0.9631058705174012,BRCA,1,background_organ_value
MAOB,liver,-0.700951364683614,LIHC,1,background_organ_value
MAOB,breast,1.064982140759538,BRCA,1,background_organ_value
MAOB,esophagus,-0.2894165691415012,ESCA,1,background_organ_value
MAOB,kidney,0.5070084957388291,KICH;KIRC;KIRP,3,background_organ_value
MAOB,prostate,0.10463275971983176,PRAD,1,background_organ_value
MAOB,colon,-2.0564995598706153,COAD,1,background_organ_value
MAOB,kidney,-0.8733207465376963,KICH;KIRC;KIRP,3,background_organ_value
MAOB,lung,-0.80919173161783,LUAD;LUSC,2,background_organ_value
MAOB,prostate,-0.3977807254758078,PRAD,1,background_organ_value
MAOB,stomach,-2.0664702026611144,STAD,1,background_organ_value
MAOB,kidney,-0.02645759998999747,KIRC,1,background_organ_value
MAOB,breast,-1.1160549872503678,BRCA,1,background_organ_value
MAOB,esophagus,-2.615683954605984,ESCA,1,background_organ_value
MAOB,lung,-1.5832677536440138,LUAD;LUSC,2,background_organ_value
MAOB,thyroid,-0.9144497849763796,THCA,1,background_organ_value
MAOB,breast,-0.14876895928501965,BRCA,1,background_organ_value
MAOB,kidney,0.1287275174775006,KIRC,1,background_organ_value
MAOB,colon,0.29566901178963534,COAD,1,background_organ_value
MAOB,esophagus,0.1887638686519203,ESCA,1,background_organ_value
MAOB,lung,-0.23160246489259398,LUAD;LUSC,2,background_organ_value
MAOB,stomach,0.00124825936120362,STAD,1,background_organ_value
MAOB,breast,-0.7382174246825982,BRCA,1,background_organ_value
MAOB,esophagus,-0.6753988166522813,ESCA,1,background_organ_value
MAOB,kidney,-0.23790988114657027,KICH;KIRC;KIRP,3,background_organ_value
MAOB,prostate,0.25613305220843363,PRAD,1,background_organ_value
MAOB,esophagus,-0.5471995905421092,ESCA,1,background_organ_value
MAOB,colon,0.7554642162791012,COAD,1,background_organ_value
MAOB,esophagus,0.16601147964048665,ESCA,1,background_organ_value
MAOB,lung,0.018061191901147904,LUAD;LUSC,2,background_organ_value
MAOB,colon,1.251020802164771,COAD,1,background_organ_value
MAOB,stomach,0.33106817272255357,STAD,1,background_organ_value
MAOB,liver,-0.06995670348980311,LIHC,1,background_organ_value
MAOB,esophagus,0.5085098306009693,ESCA,1,background_organ_value
MAOB,lung,0.7793946839225133,LUAD,1,background_organ_value
MAOB,breast,-0.04316787755601127,BRCA,1,background_organ_value
MAOB,kidney,0.0274828976692757,KICH;KIRC;KIRP,3,background_organ_value
MAOB,lung,0.0744501228356643,LUAD;LUSC,2,background_organ_value
MAOB,prostate,-0.1588463877142308,PRAD,1,background_organ_value
MAOB,stomach,0.7308557977760453,STAD,1,background_organ_value
MAOB,thyroid,-0.5102797125098221,THCA,1,background_organ_value
MAOB,colon,-0.18618512014546537,COAD,1,background_organ_value
MAOB,esophagus,-0.17625599003414938,ESCA,1,background_organ_value
MAOB,kidney,0.8818330424965352,KICH;KIRC;KIRP,3,background_organ_value
MAOB,lung,-0.2840117307786242,LUAD;LUSC,2,background_organ_value
MAOB,stomach,-0.26647352967589544,STAD,1,background_organ_value
MAOB,colon,1.2774840555967066,COAD,1,background_organ_value
MAOB,colon,0.42053499092646845,COAD,1,background_organ_value
MAOB,lung,0.5053083364106403,LUAD;LUSC,2,background_organ_value
MAOB,prostate,0.07408681123433447,PRAD,1,background_organ_value
MAOB,stomach,0.2329981424360952,STAD,1,background_organ_value
MAOB,breast,-4.068904939005335e-4,BRCA,1,background_organ_value
MAOB,colon,0.35750010282571704,COAD,1,background_organ_value
MAOB,kidney,0.09545688139361472,KICH;KIRC;KIRP,3,background_organ_value
MAOB,lung,0.017642003575937537,LUAD;LUSC,2,background_organ_value
MAOB,prostate,-0.00690450592911008,PRAD,1,background_organ_value
MAOB,breast,0.759926296004461,BRCA,1,background_organ_value
MAOB,esophagus,-0.40267631967261286,ESCA,1,background_organ_value
MAOB,kidney,0.5238817487107456,KICH,1,background_organ_value
MAOB,liver,-0.2915168607008021,LIHC,1,background_organ_value
MAOB,lung,1.1694544708805976,LUAD;LUSC,2,background_organ_value
MAOB,colon,1.1166438120975877,COAD,1,background_organ_value
MAOB,thyroid,0.6110176718587083,THCA,1,background_organ_value
MAOB,esophagus,-0.9641192819605318,ESCA,1,background_organ_value
MAOB,breast,-0.9358263050564796,BRCA,1,background_organ_value
MAOB,colon,0.026543517396637,COAD,1,background_organ_value
MAOB,esophagus,-0.3034424102181383,ESCA,1,background_organ_value
MAOB,prostate,-0.4294836880029973,PRAD,1,background_organ_value
MAOB,stomach,-0.06530781775006755,STAD,1,background_organ_value
MAOB,breast,-0.3206266597515451,BRCA,1,background_organ_value
MAOB,lung,-0.07634492631452347,LUAD;LUSC,2,background_organ_value
MAOB,stomach,-0.13199561369916574,STAD,1,background_organ_value
MAOB,esophagus,0.534893549241235,ESCA,1,background_organ_value
MAOB,kidney,-0.6531791908254684,KICH;KIRC;KIRP,3,background_organ_value
MAOB,stomach,0.6071071894126449,STAD,1,background_organ_value
MAOB,liver,0.13196453678851178,LIHC,1,background_organ_value
MAOB,breast,0.02801145590746196,BRCA,1,background_organ_value
MAOB,kidney,0.07211266322345225,KICH;KIRC;KIRP,3,background_organ_value
MAOB,colon,0.3893329811351563,COAD,1,background_organ_value
MAOB,kidney,0.15803232845628148,KICH;KIRC;KIRP,3,background_organ_value
MAOB,liver,-0.3359700520026087,LIHC,1,background_organ_value
MAOB,lung,0.1290120392575272,LUAD;LUSC,2,background_organ_value
MAOB,liver,-0.6044146930166442,LIHC,1,background_organ_value
MAOB,thyroid,0.6263019332923077,THCA,1,background_organ_value
MAOB,liver,-0.18707097703200504,LIHC,1,background_organ_value
MAOB,breast,0.4119040178384195,BRCA,1,background_organ_value
MAOB,kidney,-0.22730162652032504,KIRC;KIRP,2,background_organ_value
MAOB,breast,0.34706265575195,BRCA,1,background_organ_value
MAOB,colon,1.1033020134432152,COAD,1,background_organ_value
MAOB,liver,0.08375719732377404,LIHC,1,background_organ_value
MAOB,colon,1.2064705745861386,COAD,1,background_organ_value
MAOB,lung,0.9711442730196287,LUAD;LUSC,2,background_organ_value
MAOB,liver,-1.1091461801504634,LIHC,1,background_organ_value
MAOB,kidney,-0.3928087792415093,KICH;KIRC;KIRP,3,background_organ_value
MAOB,breast,-0.3739696632394672,BRCA,1,background_organ_value
MAOB,colon,-0.29418640542231417,COAD,1,background_organ_value
MAOB,kidney,-0.22946768209775031,KICH;KIRC;KIRP,3,background_organ_value
MAOB,prostate,0.4688019576795434,PRAD,1,background_organ_value
MAOB,stomach,-0.35813322215251403,STAD,1,background_organ_value
MAOB,liver,-1.7156732387956914,LIHC,1,background_organ_value
MAOB,colon,0.34299176991545016,COAD,1,background_organ_value
MAOB,esophagus,0.3301884343396386,ESCA,1,background_organ_value
MAOB,lung,0.11639447986667437,LUAD;LUSC,2,background_organ_value
MAOB,stomach,0.44426362243344586,STAD,1,background_organ_value
MAOB,breast,-0.6446994674847862,BRCA,1,background_organ_value
MAOB,colon,-1.0400272267753348,COAD,1,background_organ_value
MAOB,esophagus,-1.32419247209982,ESCA,1,background_organ_value
MAOB,kidney,-0.25968339894166637,KICH;KIRC;KIRP,3,background_organ_value
MAOB,lung,-0.8028980347484891,LUAD;LUSC,2,background_organ_value
MAOB,prostate,-0.6537832193180965,PRAD,1,background_organ_value
MAOB,breast,-0.11167550158819896,BRCA,1,background_organ_value
MAOB,liver,-0.7875639765005378,LIHC,1,background_organ_value
MAOB,lung,-0.346069097435865,LUAD;LUSC,2,background_organ_value
MAOB,thyroid,-2.1544001605033785,THCA,1,background_organ_value
MAOB,breast,0.8556241391226631,BRCA,1,background_organ_value
MAOB,kidney,-0.36977449278374963,KIRC;KIRP,2,background_organ_value
MAOB,esophagus,1.1157680311525415,ESCA,1,background_organ_value
MAOB,kidney,0.2389929873067098,KICH;KIRC;KIRP,3,background_organ_value
MAOB,breast,-0.536927448617193,BRCA,1,background_organ_value
MAOB,breast,0.242112497269641,BRCA,1,background_organ_value
MAOB,colon,0.17189222505554597,COAD,1,background_organ_value
MAOB,esophagus,0.18483332647068548,ESCA,1,background_organ_value
MAOB,lung,0.4867984859355383,LUAD;LUSC,2,background_organ_value
MAOB,prostate,0.20154906642856052,PRAD,1,background_organ_value
MAOB,stomach,0.20706884792333352,STAD,1,background_organ_value
MAOB,breast,0.6432678073725389,BRCA,1,background_organ_value
MAOB,colon,-0.08604503285271496,COAD,1,background_organ_value
MAOB,esophagus,0.6254850363208658,ESCA,1,background_organ_value
MAOB,kidney,-0.03586169085643261,KICH;KIRC;KIRP,3,background_organ_value
MAOB,liver,0.4799509191397525,LIHC,1,background_organ_value
MAOB,prostate,-0.6319946426245783,PRAD,1,background_organ_value
MAOB,breast,0.20742643618607337,BRCA,1,background_organ_value
MAOB,esophagus,0.03805797196792861,ESCA,1,background_organ_value
MAOB,lung,0.40106655061442587,LUAD;LUSC,2,background_organ_value
MAOB,thyroid,3.07000208699989,THCA,1,background_organ_value
MAOB,breast,-0.5655519727274163,BRCA,1,background_organ_value
MAOB,colon,-1.3307652181031868,COAD,1,background_organ_value
MAOB,esophagus,0.01958746820065943,ESCA,1,background_organ_value
MAOB,lung,-0.25685396290288154,LUAD;LUSC,2,background_organ_value
MAOB,stomach,-0.3248569420079392,STAD,1,background_organ_value
MAOB,breast,0.0503556986247814,BRCA,1,background_organ_value
MAOB,kidney,-0.3210234078986924,KICH;KIRC;KIRP,3,background_organ_value
MAOB,prostate,-0.04494242189244478,PRAD,1,background_organ_value
MAOB,stomach,0.0941642858982016,STAD,1,background_organ_value
MAOB,stomach,-0.3648289399992284,STAD,1,background_organ_value
MAOB,breast,0.5167866237859537,BRCA,1,background_organ_value
MAOB,colon,-0.3475369930259546,COAD,1,background_organ_value
MAOB,esophagus,0.08363307114414215,ESCA,1,background_organ_value
MAOB,prostate,0.569766028532855,PRAD,1,background_organ_value
MAOB,liver,-0.155674069784598,LIHC,1,background_organ_value
MAOB,breast,0.00960152041066574,BRCA,1,background_organ_value
MAOB,colon,-0.10842932709747344,COAD,1,background_organ_value
MAOB,esophagus,0.13381694454299975,ESCA,1,background_organ_value
MAOB,kidney,0.8842018991235366,KICH;KIRC;KIRP,3,background_organ_value
MAOB,lung,0.6418172476340056,LUAD;LUSC,2,background_organ_value
MAOB,prostate,0.17212180377838532,PRAD,1,background_organ_value
MAOB,stomach,-0.14791666000894368,STAD,1,background_organ_value
MAOB,liver,-0.8841018789854536,LIHC,1,background_organ_value
MAOB,colon,0.14959923088414254,COAD,1,background_organ_value
MAOB,esophagus,0.6261555942805112,ESCA,1,background_organ_value
MAOB,lung,0.22736694942868163,LUAD;LUSC,2,background_organ_value
MAOB,liver,0.436047894014804,LIHC,1,background_organ_value
MAOB,colon,0.44122240190960355,COAD,1,background_organ_value
MAOB,esophagus,0.426584108896954,ESCA,1,background_organ_value
MAOB,kidney,-0.3265760527022851,KICH;KIRC;KIRP,3,background_organ_value
MAOB,liver,-1.0297699259871171,LIHC,1,background_organ_value
MAOB,prostate,-0.7212416790397086,PRAD,1,background_organ_value
MAOB,lung,-0.37224631259311813,LUAD;LUSC,2,background_organ_value
MAOB,lung,8.286990368088359e-4,LUAD;LUSC,2,background_organ_value
MAOB,liver,0.07557678554693935,LIHC,1,background_organ_value
MAOB,lung,-0.4610486066484322,LUAD;LUSC,2,background_organ_value
MAOB,liver,-0.1164056742356349,LIHC,1,background_organ_value
MAOB,colon,0.3763174196623574,COAD,1,background_organ_value
MAOB,esophagus,0.07446038584083225,ESCA,1,background_organ_value
MAOB,kidney,0.2631283704640714,KICH;KIRC;KIRP,3,background_organ_value
MAOB,lung,-0.10201330751805401,LUAD;LUSC,2,background_organ_value
MAOB,prostate,0.1270949814040338,PRAD,1,background_organ_value
MAOB,colon,0.0665999629094645,COAD,1,background_organ_value
MAOB,esophagus,-0.03679432771698549,ESCA,1,background_organ_value
MAOB,colon,0.3225578445781622,COAD,1,background_organ_value
MAOB,esophagus,0.35886833304727084,ESCA,1,background_organ_value
MAOB,kidney,0.35462589331154937,KICH;KIRC;KIRP,3,background_organ_value
MAOB,lung,0.3699387947915238,LUAD;LUSC,2,background_organ_value
MAOB,prostate,-0.10994775282947876,PRAD,1,background_organ_value
MAOB,colon,0.9706672754523616,COAD,1,background_organ_value
MAOB,kidney,0.6438586839294689,KICH,1,background_organ_value
MAOB,lung,0.8156314330128314,LUAD;LUSC,2,background_organ_value
MAOB,stomach,0.522773830376357,STAD,1,background_organ_value
MAOB,breast,-0.11254961783239964,BRCA,1,background_organ_value
MAOB,esophagus,0.9268106118031448,ESCA,1,background_organ_value
MAOB,kidney,0.3743648171469021,KICH;KIRC;KIRP,3,background_organ_value
MAOB,lung,1.0375411516613764,LUAD;LUSC,2,background_organ_value
MAOB,prostate,0.04604216426300071,PRAD,1,background_organ_value
MAOB,breast,0.596023250227524,BRCA,1,background_organ_value
MAOB,esophagus,0.5792303719464824,ESCA,1,background_organ_value
MAOB,kidney,0.6065190284822475,KIRC;KIRP,2,background_organ_value
MAOB,liver,0.37769141708204856,LIHC,1,background_organ_value
MAOB,lung,1.6551910485966108,LUSC,1,background_organ_value
MAOB,prostate,0.35280593377494684,PRAD,1,background_organ_value
MAOB,breast,-0.09001804846744779,BRCA,1,background_organ_value
MAOB,kidney,-0.2335587097861824,KIRC;KIRP,2,background_organ_value
MAOB,liver,-0.3532569301979081,LIHC,1,background_organ_value
MAOB,stomach,-0.07434877364781535,STAD,1,background_organ_value
MAOB,breast,0.05598494529829775,BRCA,1,background_organ_value
MAOB,kidney,0.6459494739313998,KICH;KIRC;KIRP,3,background_organ_value
MAOB,liver,0.01504918832696154,LIHC,1,background_organ_value
MAOB,colon,0.22022366173613697,COAD,1,background_organ_value
MAOB,esophagus,0.1633822193722835,ESCA,1,background_organ_value
MAOB,stomach,-0.09138430383311084,STAD,1,background_organ_value
MAOB,colon,0.7091414914905646,COAD,1,background_organ_value
MAOB,kidney,0.15240418845496856,KICH;KIRC;KIRP,3,background_organ_value
MAOB,lung,0.3380359936739169,LUAD;LUSC,2,background_organ_value
MAOB,prostate,-0.0914339698932016,PRAD,1,background_organ_value
MAOB,stomach,0.11445058520025116,STAD,1,background_organ_value
MAOB,colon,-1.5957952730366405,COAD,1,background_organ_value
MAOB,esophagus,-1.6527353423978437,ESCA,1,background_organ_value
MAOB,prostate,-1.3551950346488786,PRAD,1,background_organ_value
MAOB,stomach,-1.7700009898917937,STAD,1,background_organ_value
MAOB,thyroid,1.8826547817883383,THCA,1,background_organ_value
MAOB,colon,1.2801384697597458,COAD,1,background_organ_value
MAOB,kidney,0.3372792757383151,KICH;KIRC;KIRP,3,background_organ_value
MAOB,thyroid,1.9353947327552352,THCA,1,background_organ_value
MAOB,colon,0.2819343307872795,COAD,1,background_organ_value
MAOB,esophagus,0.8665737364796653,ESCA,1,background_organ_value
MAOB,kidney,0.5079258535776194,KICH;KIRC;KIRP,3,background_organ_value
MAOB,prostate,-0.4370850131653368,PRAD,1,background_organ_value
MAOB,stomach,0.1164685291595036,STAD,1,background_organ_value
MAOB,lung,0.6908060190553156,LUAD;LUSC,2,background_organ_value
MAOB,prostate,0.07966833876082442,PRAD,1,background_organ_value
MAOB,stomach,-0.1628731456814562,STAD,1,background_organ_value
MAOB,liver,0.2356948532543271,LIHC,1,background_organ_value
MAOB,liver,-0.13011551772032454,LIHC,1,background_organ_value
MAOB,liver,-0.4801624646184861,LIHC,1,background_organ_value
MAOB,breast,0.23870159999851537,BRCA,1,background_organ_value
MAOB,colon,0.49150908518586206,COAD,1,background_organ_value
MAOB,kidney,0.6541454088558345,KICH;KIRP,2,background_organ_value
MAOB,breast,-0.8167453399573267,BRCA,1,background_organ_value
MAOB,colon,-0.7449427179972287,COAD,1,background_organ_value
MAOB,esophagus,-1.8770028041181943,ESCA,1,background_organ_value
MAOB,lung,0.17932721459574769,LUAD;LUSC,2,background_organ_value
MAOB,prostate,0.13966077168013816,PRAD,1,background_organ_value
MAOB,stomach,-1.5928360706274505,STAD,1,background_organ_value
MAOB,stomach,-0.15120145396290807,STAD,1,background_organ_value
MAOB,breast,0.6348160869021064,BRCA,1,background_organ_value
MAOB,kidney,0.36401423230026936,KICH;KIRC;KIRP,3,background_organ_value
MAOB,liver,0.22727381694618976,LIHC,1,background_organ_value
MAOB,breast,0.32622642880623903,BRCA,1,background_organ_value
MAOB,colon,0.3700047567192679,COAD,1,background_organ_value
MAOB,kidney,0.2431016537454549,KICH;KIRC;KIRP,3,background_organ_value
MAOB,lung,0.0062101532683880925,LUAD;LUSC,2,background_organ_value
MAOB,prostate,0.37102297344297686,PRAD,1,background_organ_value
MAOB,liver,-0.2821559900103342,LIHC,1,background_organ_value
MAOB,kidney,-0.8895488378186686,KICH,1,background_organ_value
MAOB,lung,-2.1201969000583274,LUAD;LUSC,2,background_organ_value
MAOB,esophagus,-0.08910432466809658,ESCA,1,background_organ_value
MAOB,stomach,-0.38670909386659297,STAD,1,background_organ_value
MAOB,liver,-1.3806190875280977,LIHC,1,background_organ_value
MAOB,liver,0.1080395907859488,LIHC,1,background_organ_value
MAOB,colon,0.07903969595053068,COAD,1,background_organ_value
MAOB,esophagus,0.0315272054229398,ESCA,1,background_organ_value
MAOB,stomach,0.01331598869915244,STAD,1,background_organ_value
MAOB,kidney,0.5941423037129903,KICH;KIRP,2,background_organ_value
MAOB,liver,-1.2058595278964088,LIHC,1,background_organ_value
MAOB,liver,0.2146559236461913,LIHC,1,background_organ_value
MAOB,esophagus,0.8217207529523893,ESCA,1,background_organ_value
MAOB,lung,0.011783633730948206,LUAD;LUSC,2,background_organ_value
MAOB,esophagus,-0.26927847847473774,ESCA,1,background_organ_value
MAOB,thyroid,0.38283512254379704,THCA,1,background_organ_value
MAOB,liver,-1.3202210644872463,LIHC,1,background_organ_value
MAOB,liver,0.4249783029350503,LIHC,1,background_organ_value
MAOB,stomach,0.8932812400739149,STAD,1,background_organ_value
MAOB,lung,0.03649955724272661,LUAD;LUSC,2,background_organ_value
MAOB,breast,0.26915470818810383,BRCA,1,background_organ_value
MAOB,kidney,0.5412040376520322,KICH;KIRC;KIRP,3,background_organ_value
MAOB,prostate,-0.13888987967803387,PRAD,1,background_organ_value
MAOB,stomach,-0.21247405284972828,STAD,1,background_organ_value
MAOB,colon,-2.7329555901170672,COAD,1,background_organ_value
MAOB,breast,-0.05535917028494545,BRCA,1,background_organ_value
MAOB,esophagus,-0.3284984035661861,ESCA,1,background_organ_value
MAOB,kidney,-0.42087562858628413,KICH;KIRC;KIRP,3,background_organ_value
MAOB,lung,-0.3353218839031835,LUAD;LUSC,2,background_organ_value
MAOB,prostate,-0.07773871480203871,PRAD,1,background_organ_value
MAOB,esophagus,-0.07876111184164288,ESCA,1,background_organ_value
MAOB,kidney,-0.05836859196975838,KICH;KIRC;KIRP,3,background_organ_value
MAOB,lung,0.04121281276325655,LUSC,1,background_organ_value
MAOB,prostate,0.01633711135947346,PRAD,1,background_organ_value
MAOB,colon,-0.30488900348825954,COAD,1,background_organ_value
MAOB,esophagus,-0.01976001687052645,ESCA,1,background_organ_value
MAOB,stomach,-0.4878505091536636,STAD,1,background_organ_value
MAOB,prostate,-1.544530120666214,PRAD,1,background_organ_value
MAOB,stomach,-1.3214661556080691,STAD,1,background_organ_value
MAOB,breast,0.5855702932285343,BRCA,1,background_organ_value
MAOB,colon,0.8425090900287656,COAD,1,background_organ_value
MAOB,esophagus,0.3541698033648755,ESCA,1,background_organ_value
MAOB,kidney,0.6189104861519543,KICH;KIRC,2,background_organ_value
MAOB,lung,0.7826856991734322,LUAD;LUSC,2,background_organ_value
MAOB,breast,-0.4071373801183706,BRCA,1,background_organ_value
MAOB,colon,0.3348077083228352,COAD,1,background_organ_value
MAOB,esophagus,-0.31608838784565374,ESCA,1,background_organ_value
MAOB,liver,-0.8473273152026198,LIHC,1,background_organ_value
MAOB,lung,0.4067968261499225,LUAD;LUSC,2,background_organ_value
MAOB,prostate,0.07694769384129373,PRAD,1,background_organ_value
MAOB,breast,0.9382046237176052,BRCA,1,background_organ_value
MAOB,colon,1.1146245858180102,COAD,1,background_organ_value
MAOB,kidney,0.7949644380184904,KICH;KIRC;KIRP,3,background_organ_value
MAOB,lung,1.076075641208504,LUAD;LUSC,2,background_organ_value
MAOB,prostate,0.4063016924965489,PRAD,1,background_organ_value
MAOB,liver,0.19757059063207663,LIHC,1,background_organ_value
MAOB,liver,1.2590578554722522,LIHC,1,background_organ_value
MAOB,colon,0.464887970049042,COAD,1,background_organ_value
MAOB,breast,0.6204605670238443,BRCA,1,background_organ_value
MAOB,colon,1.556287711745997,COAD,1,background_organ_value
MAOB,esophagus,-0.08558680454416506,ESCA,1,background_organ_value
MAOB,lung,0.30418386304167794,LUAD;LUSC,2,background_organ_value
MAOB,prostate,0.5725355783643279,PRAD,1,background_organ_value
MAOB,thyroid,0.8071633518210748,THCA,1,background_organ_value
MAOB,liver,0.1285714796996831,LIHC,1,background_organ_value
MAOB,stomach,-0.3060415458161847,STAD,1,background_organ_value
MAOB,liver,-2.9173149388535,LIHC,1,background_organ_value
MAOB,colon,0.9904955992600248,COAD,1,background_organ_value
MAOB,kidney,0.05719798845999557,KICH;KIRC;KIRP,3,background_organ_value
MAOB,lung,1.1512582727233414,LUAD;LUSC,2,background_organ_value
MAOB,prostate,0.2889540506135985,PRAD,1,background_organ_value
MAOB,stomach,0.5727772329174222,STAD,1,background_organ_value
MAOB,breast,0.4483686552375057,BRCA,1,background_organ_value
MAOB,esophagus,1.5406691773074086,ESCA,1,background_organ_value
MAOB,kidney,1.3592749170359597,KICH;KIRC;KIRP,3,background_organ_value
MAOB,liver,1.0336854979018588,LIHC,1,background_organ_value
MAOB,prostate,0.2952219368837321,PRAD,1,background_organ_value
MAOB,prostate,1.0110471801894203,PRAD,1,background_organ_value
MAOB,esophagus,-0.5458501922352391,ESCA,1,background_organ_value
MAOB,breast,0.4377700026638974,BRCA,1,background_organ_value
MAOB,colon,0.09522551260011754,COAD,1,background_organ_value
MAOB,esophagus,0.2319343011460532,ESCA,1,background_organ_value
MAOB,kidney,0.529538683203256,KICH;KIRC;KIRP,3,background_organ_value
MAOB,lung,0.41872657531186186,LUAD;LUSC,2,background_organ_value
MAOB,stomach,-0.10426412335983493,STAD,1,background_organ_value
MAOB,esophagus,0.6071621417789587,ESCA,1,background_organ_value
MAOB,colon,-0.5265165859686768,COAD,1,background_organ_value
MAOB,esophagus,-0.7746112661040204,ESCA,1,background_organ_value
MAOB,liver,0.04294543065653738,LIHC,1,background_organ_value
MAOB,lung,-0.02966677017473335,LUAD;LUSC,2,background_organ_value
MAOB,thyroid,0.7426052658725191,THCA,1,background_organ_value
MAOB,lung,1.0746622148236171,LUAD;LUSC,2,background_organ_value
MAOB,stomach,1.2569314386898494,STAD,1,background_organ_value
MAOB,liver,-1.793005607585706,LIHC,1,background_organ_value
MAOB,breast,0.10237885268973644,BRCA,1,background_organ_value
MAOB,colon,-0.16006445864259675,COAD,1,background_organ_value
MAOB,esophagus,-0.11080437955210644,ESCA,1,background_organ_value
MAOB,kidney,-0.3949270846032378,KICH;KIRC;KIRP,3,background_organ_value
MAOB,lung,0.05472314813198446,LUAD;LUSC,2,background_organ_value
MAOB,prostate,-0.2323067881844837,PRAD,1,background_organ_value
MAOB,stomach,0.01178540595911195,STAD,1,background_organ_value
MAOB,thyroid,0.2558339871581272,THCA,1,background_organ_value
MAOB,stomach,-0.855891608934017,STAD,1,background_organ_value
MAOB,esophagus,-0.08445799610066501,ESCA,1,background_organ_value
MAOB,breast,0.42505584065549146,BRCA,1,background_organ_value
MAOB,colon,0.19067589228714207,COAD,1,background_organ_value
MAOB,kidney,0.3784184349592615,KICH;KIRC;KIRP,3,background_organ_value
MAOB,liver,-0.0873675666029587,LIHC,1,background_organ_value
MAOB,lung,0.2447891764862294,LUAD;LUSC,2,background_organ_value
MAOB,prostate,0.24721417514776536,PRAD,1,background_organ_value
MAOB,breast,-0.35153068295771633,BRCA,1,background_organ_value
MAOB,colon,-0.8797733397899027,COAD,1,background_organ_value
MAOB,liver,-1.5149581341673373,LIHC,1,background_organ_value
MAOB,prostate,0.09764577826079636,PRAD,1,background_organ_value
MAOB,colon,0.08800716208140331,COAD,1,background_organ_value
MAOB,esophagus,0.5044334269709804,ESCA,1,background_organ_value
MAOB,prostate,-0.09061274306412467,PRAD,1,background_organ_value
MAOB,stomach,0.6785532281919171,STAD,1,background_organ_value
MAOB,colon,-0.5074752762182272,COAD,1,background_organ_value
MAOB,lung,-2.0394607131600875,LUAD;LUSC,2,background_organ_value
MAOB,esophagus,-0.24723003500486845,ESCA,1,background_organ_value
MAOB,stomach,-0.4564838204865604,STAD,1,background_organ_value
MAOB,breast,-1.788341137438577,BRCA,1,background_organ_value
MAOB,colon,0.4681580150501361,COAD,1,background_organ_value
MAOB,esophagus,-0.7566396638347296,ESCA,1,background_organ_value
MAOB,kidney,-0.34940772819264093,KICH;KIRC;KIRP,3,background_organ_value
MAOB,liver,-0.5259126802239981,LIHC,1,background_organ_value
MAOB,prostate,-0.6463644530732077,PRAD,1,background_organ_value
MAOB,stomach,-1.090657759253667,STAD,1,background_organ_value
MAOB,prostate,-1.0679876504646757,PRAD,1,background_organ_value
MAOB,stomach,-1.3959714734437492,STAD,1,background_organ_value
MAOB,breast,-0.2927547837339586,BRCA,1,background_organ_value
MAOB,colon,-0.04459054348140129,COAD,1,background_organ_value
MAOB,esophagus,-0.2114090858086612,ESCA,1,background_organ_value
MAOB,kidney,0.5336477418879131,KICH;KIRP,2,background_organ_value
MAOB,lung,0.04073173204116635,LUAD;LUSC,2,background_organ_value
MAOB,prostate,0.1139604960018414,PRAD,1,background_organ_value
MAOB,stomach,0.01366890243503401,STAD,1,background_organ_value
MAOB,thyroid,0.03764450247195659,THCA,1,background_organ_value
MAOB,breast,-0.5205572441701872,BRCA,1,background_organ_value
MAOB,kidney,0.04473695938834441,KIRP,1,background_organ_value
MAOB,colon,0.72263513095729,COAD,1,background_organ_value
MAOB,esophagus,-1.1473482260095458,ESCA,1,background_organ_value
MAOB,stomach,0.03827233219231859,STAD,1,background_organ_value
MAOB,thyroid,-0.37219516480079823,THCA,1,background_organ_value
MAOB,breast,-0.595310071673008,BRCA,1,background_organ_value
MAOB,colon,-0.01368217806417427,COAD,1,background_organ_value
MAOB,esophagus,-0.32096045127437695,ESCA,1,background_organ_value
MAOB,kidney,0.06139953426971279,KICH;KIRC;KIRP,3,background_organ_value
MAOB,liver,-1.047193512928474,LIHC,1,background_organ_value
MAOB,prostate,-0.6206763335870404,PRAD,1,background_organ_value
MAOB,kidney,0.4069889924304411,KICH;KIRC,2,background_organ_value
MAOB,liver,-0.4096628392783282,LIHC,1,background_organ_value
MAOB,prostate,-1.1162135279257035,PRAD,1,background_organ_value
MAOB,breast,-0.35882217679974,BRCA,1,background_organ_value
MAOB,colon,-1.1924024725563245,COAD,1,background_organ_value
MAOB,esophagus,-1.1484550432551768,ESCA,1,background_organ_value
MAOB,liver,-1.318686732182133,LIHC,1,background_organ_value
MAOB,lung,-0.3492532547870233,LUAD;LUSC,2,background_organ_value
MAOB,colon,-0.5211417521624782,COAD,1,background_organ_value
MAOB,lung,-0.13353618779724766,LUAD;LUSC,2,background_organ_value
MAOB,stomach,0.4554828888255042,STAD,1,background_organ_value
MAOB,esophagus,-1.7234258812287715,ESCA,1,background_organ_value
MAOB,kidney,-2.261159479938779,KICH;KIRC;KIRP,3,background_organ_value
MAOB,liver,-3.698049150094574,LIHC,1,background_organ_value
MAOB,lung,-1.4861052733905655,LUAD;LUSC,2,background_organ_value
MAOB,stomach,-1.4081860668990127,STAD,1,background_organ_value
MAOB,liver,-1.525281144179343,LIHC,1,background_organ_value
MAOB,breast,-0.10366288822550002,BRCA,1,background_organ_value
MAOB,kidney,-0.13573877964818604,KIRC;KIRP,2,background_organ_value
MAOB,lung,0.303210749178229,LUSC,1,background_organ_value
MAOB,prostate,0.23146962566282825,PRAD,1,background_organ_value
MAOB,breast,0.22897612062925535,BRCA,1,background_organ_value
MAOB,colon,-0.2609512644934301,COAD,1,background_organ_value
MAOB,esophagus,-0.11536176226373328,ESCA,1,background_organ_value
MAOB,kidney,-0.23715958008210097,KICH;KIRC;KIRP,3,background_organ_value
MAOB,liver,-0.635878765593143,LIHC,1,background_organ_value
MAOB,lung,-0.18472537538271705,LUAD;LUSC,2,background_organ_value
MAOB,prostate,0.17371687458674268,PRAD,1,background_organ_value
MAOB,breast,-0.33965017013585197,BRCA,1,background_organ_value
MAOB,colon,-0.5004060964630402,COAD,1,background_organ_value
MAOB,esophagus,-0.5904305108619512,ESCA,1,background_organ_value
MAOB,lung,-0.18770131642707025,LUAD;LUSC,2,background_organ_value
MAOB,prostate,-0.3740312335044075,PRAD,1,background_organ_value
MAOB,stomach,-0.5510073777422088,STAD,1,background_organ_value
MAOB,colon,-0.09111264540669996,COAD,1,background_organ_value
MAOB,lung,-0.4921639764604897,LUAD;LUSC,2,background_organ_value
MAOB,stomach,-0.8827746078057735,STAD,1,background_organ_value
MAOB,stomach,0.05444586183378547,STAD,1,background_organ_value
MAOB,breast,0.11774472670097376,BRCA,1,background_organ_value
MAOB,colon,1.1682898031610145,COAD,1,background_organ_value
MAOB,esophagus,0.48329423320790016,ESCA,1,background_organ_value
MAOB,lung,-0.592693390688215,LUAD;LUSC,2,background_organ_value
MAOB,prostate,-0.8869441871789152,PRAD,1,background_organ_value
MAOB,stomach,0.3374365785746036,STAD,1,background_organ_value
MAOB,colon,1.7379785284654516,COAD,1,background_organ_value
MAOB,breast,-0.7254829797579543,BRCA,1,background_organ_value
MAOB,colon,-0.5292518338569567,COAD,1,background_organ_value
MAOB,lung,-0.22339999040905378,LUAD;LUSC,2,background_organ_value
MAOB,stomach,0.14871343898768613,STAD,1,background_organ_value
MAOB,esophagus,-0.3639211616494045,ESCA,1,background_organ_value
MAOB,lung,0.8833700894567316,LUAD;LUSC,2,background_organ_value
MAOB,stomach,1.01007776509313,STAD,1,background_organ_value
MAOB,breast,0.1703173328433325,BRCA,1,background_organ_value
MAOB,esophagus,-0.06617844812821609,ESCA,1,background_organ_value
MAOB,lung,0.4669472385819005,LUAD;LUSC,2,background_organ_value
MAOB,prostate,-0.7285950780859358,PRAD,1,background_organ_value
MAOB,stomach,-0.0458463947023429,STAD,1,background_organ_value
MAOB,esophagus,-0.08930626913998269,ESCA,1,background_organ_value
MAOB,breast,0.22017512193065888,BRCA,1,background_organ_value
MAOB,colon,0.1159701385827638,COAD,1,background_organ_value
MAOB,esophagus,0.4614208553556001,ESCA,1,background_organ_value
MAOB,lung,0.4798559574966115,LUAD;LUSC,2,background_organ_value
MAOB,stomach,0.48083430742335787,STAD,1,background_organ_value
MAOB,stomach,-0.12933912855751917,STAD,1,background_organ_value
MAOB,breast,-2.4543534586673386e-4,BRCA,1,background_organ_value
MAOB,colon,-0.04571695165570533,COAD,1,background_organ_value
MAOB,kidney,-0.2949550996762009,KICH;KIRC;KIRP,3,background_organ_value
MAOB,lung,-0.18659551088144158,LUAD;LUSC,2,background_organ_value
MAOB,prostate,0.15178759947909581,PRAD,1,background_organ_value
MAOB,liver,0.27309115909794446,LIHC,1,background_organ_value
MAOB,breast,0.2371076166005168,BRCA,1,background_organ_value
MAOB,kidney,-0.07474682798591278,KIRP,1,background_organ_value
MAOB,prostate,0.19173342039598576,PRAD,1,background_organ_value
MAOB,breast,0.7155098450583142,BRCA,1,background_organ_value
MAOB,colon,0.5099625769063942,COAD,1,background_organ_value
MAOB,kidney,0.15605485975910827,KICH;KIRC;KIRP,3,background_organ_value
MAOB,liver,-0.8259723705588914,LIHC,1,background_organ_value
MAOB,lung,1.3899169839102203,LUAD;LUSC,2,background_organ_value
MAOB,breast,0.2615098576964582,BRCA,1,background_organ_value
MAOB,colon,0.719773984795595,COAD,1,background_organ_value
MAOB,kidney,0.5144120407154827,KICH;KIRP,2,background_organ_value
MAOB,lung,0.4069596660243449,LUAD;LUSC,2,background_organ_value
MAOB,prostate,0.17844789087519505,PRAD,1,background_organ_value
MAOB,stomach,0.6733076012773066,STAD,1,background_organ_value
MAOB,liver,-0.28455810038176177,LIHC,1,background_organ_value
MAOB,stomach,0.09006723643936755,STAD,1,background_organ_value
MAOB,stomach,0.2545368185283595,STAD,1,background_organ_value
MAOB,breast,0.4425512950243313,BRCA,1,background_organ_value
MAOB,kidney,0.2465334209251115,KICH;KIRC;KIRP,3,background_organ_value
MAOB,lung,0.8001111062366331,LUAD;LUSC,2,background_organ_value
MAOB,prostate,0.4010623139051324,PRAD,1,background_organ_value
MAOB,liver,-0.04118381352962792,LIHC,1,background_organ_value
MAOB,breast,-0.4571023496684012,BRCA,1,background_organ_value
MAOB,colon,-0.8313268037233951,COAD,1,background_organ_value
MAOB,esophagus,-0.5078360224418366,ESCA,1,background_organ_value
MAOB,kidney,-0.00574635935698686,KICH;KIRC;KIRP,3,background_organ_value
MAOB,lung,-0.7809693921911777,LUAD;LUSC,2,background_organ_value
MAOB,prostate,0.15798808542017584,PRAD,1,background_organ_value
MAOB,stomach,-0.43212305222957575,STAD,1,background_organ_value
MAOB,liver,-0.1065167274932856,LIHC,1,background_organ_value
MAOB,liver,-1.6506852948768893,LIHC,1,background_organ_value
MAOB,lung,-0.18154764892811848,LUAD;LUSC,2,background_organ_value
MAOB,prostate,0.07415294542765653,PRAD,1,background_organ_value
MAOB,colon,0.4904980969847229,COAD,1,background_organ_value
MAOB,breast,0.4700327026087649,BRCA,1,background_organ_value
MAOB,colon,0.66940092954316,COAD,1,background_organ_value
MAOB,esophagus,0.6574367910053719,ESCA,1,background_organ_value
MAOB,kidney,-0.18056026847657008,KICH;KIRC;KIRP,3,background_organ_value
MAOB,liver,-0.2288871945495768,LIHC,1,background_organ_value
MAOB,lung,0.7684579591778166,LUAD;LUSC,2,background_organ_value
MAOB,prostate,0.24674086504424989,PRAD,1,background_organ_value
MAOB,colon,0.32063187134112137,COAD,1,background_organ_value
MAOB,lung,0.45543138607622724,LUAD;LUSC,2,background_organ_value
MAOB,stomach,0.20280561557717355,STAD,1,background_organ_value
MAOB,breast,0.9509280357155632,BRCA,1,background_organ_value
MAOB,esophagus,0.3667869081385128,ESCA,1,background_organ_value
MAOB,kidney,0.439633109655284,KICH;KIRC;KIRP,3,background_organ_value
MAOB,breast,-0.02600025491122868,BRCA,1,background_organ_value
MAOB,colon,-0.5537459963621935,COAD,1,background_organ_value
MAOB,kidney,0.291704971097567,KICH;KIRC;KIRP,3,background_organ_value
MAOB,prostate,0.19945010306665784,PRAD,1,background_organ_value
MAOB,colon,1.5188039556599082,COAD,1,background_organ_value
MAOB,esophagus,1.0433441508941834,ESCA,1,background_organ_value
MAOB,liver,-0.32970079081566944,LIHC,1,background_organ_value
MAOB,breast,-1.286071907966467,BRCA,1,background_organ_value
MAOB,colon,-0.2999168679856507,COAD,1,background_organ_value
MAOB,esophagus,-0.5470383806056426,ESCA,1,background_organ_value
MAOB,kidney,-0.3935155588167464,KICH;KIRC;KIRP,3,background_organ_value
MAOB,lung,-0.7452307824633415,LUAD;LUSC,2,background_organ_value
MAOB,prostate,-0.50054769027935,PRAD,1,background_organ_value
MAOB,stomach,-0.7597373391565236,STAD,1,background_organ_value
MAOB,kidney,0.3692790433925453,KICH;KIRC,2,background_organ_value
MAOB,lung,-0.1005118922533507,LUAD;LUSC,2,background_organ_value
MAOB,prostate,-0.03393040960271672,PRAD,1,background_organ_value
MAOB,stomach,0.6918518567485333,STAD,1,background_organ_value
MAOB,esophagus,-0.0935247715387464,ESCA,1,background_organ_value
MAOB,kidney,1.1056619466064896,KIRC;KIRP,2,background_organ_value
MAOB,breast,1.22936368014467,BRCA,1,background_organ_value
MAOB,kidney,0.40660319405514017,KICH;KIRC;KIRP,3,background_organ_value
MAOB,liver,0.35598451613102366,LIHC,1,background_organ_value
MAOB,lung,0.8741242398572469,LUAD;LUSC,2,background_organ_value
MAOB,prostate,0.39315311683570897,PRAD,1,background_organ_value
MAOB,breast,0.00765252579509761,BRCA,1,background_organ_value
MAOB,colon,0.25622960682092105,COAD,1,background_organ_value
MAOB,esophagus,0.00725382718740918,ESCA,1,background_organ_value
MAOB,kidney,0.04578639112142736,KICH;KIRC;KIRP,3,background_organ_value
MAOB,lung,0.2170053929465413,LUAD;LUSC,2,background_organ_value
MAOB,prostate,0.09366756516011798,PRAD,1,background_organ_value
MAOB,liver,0.14888036319894402,LIHC,1,background_organ_value
MAOB,breast,0.4581828761016616,BRCA,1,background_organ_value
MAOB,lung,0.8093159567502297,LUAD;LUSC,2,background_organ_value
MAOB,prostate,0.0862353203541919,PRAD,1,background_organ_value
MAOB,liver,-1.6498669718527377,LIHC,1,background_organ_value
MAOB,colon,0.33630057193057866,COAD,1,background_organ_value
MAOB,breast,-0.6392215401112985,BRCA,1,background_organ_value
MAOB,esophagus,-0.05429557610418787,ESCA,1,background_organ_value
MAOB,breast,1.7119700216092582,BRCA,1,background_organ_value
MAOB,liver,0.26632361502334667,LIHC,1,background_organ_value
MAOB,lung,1.423364058982817,LUAD;LUSC,2,background_organ_value
MAOB,prostate,-0.10225662500412788,PRAD,1,background_organ_value
MAOB,liver,-0.0917488606850358,LIHC,1,background_organ_value
MAOB,thyroid,0.10456343129526326,THCA,1,background_organ_value
MAOB,stomach,0.20090439784838177,STAD,1,background_organ_value
MAOB,stomach,-1.4132322514699034,STAD,1,background_organ_value
MAOB,thyroid,-0.636226366196666,THCA,1,background_organ_value
MAOB,breast,0.11423720557274814,BRCA,1,background_organ_value
MAOB,esophagus,0.7174910895207732,ESCA,1,background_organ_value
MAOB,kidney,0.07920673764535137,KICH;KIRC;KIRP,3,background_organ_value
MAOB,lung,0.5741289974448333,LUAD;LUSC,2,background_organ_value
MAOB,stomach,-0.22176908262408693,STAD,1,background_organ_value
MAOB,esophagus,-0.6080825672332433,ESCA,1,background_organ_value
MAOB,stomach,-0.5660656461756389,STAD,1,background_organ_value
MAOB,colon,0.101523705767853,COAD,1,background_organ_value
MAOB,breast,0.03502980209870701,BRCA,1,background_organ_value
MAOB,lung,-0.215444321619612,LUAD;LUSC,2,background_organ_value
MAOB,prostate,-0.1296719286058715,PRAD,1,background_organ_value
MAOB,stomach,0.23622353799477,STAD,1,background_organ_value
MAOB,breast,-1.1916347526746809,BRCA,1,background_organ_value
MAOB,stomach,-1.530330829735432,STAD,1,background_organ_value
MAOB,liver,-0.3993366046212828,LIHC,1,background_organ_value
MAOB,breast,0.31724165672525056,BRCA,1,background_organ_value
MAOB,colon,0.9037941513612142,COAD,1,background_organ_value
MAOB,esophagus,-0.8287676372955607,ESCA,1,background_organ_value
MAOB,prostate,-0.4364522326941247,PRAD,1,background_organ_value
MAOB,stomach,-0.36542838260316546,STAD,1,background_organ_value
MAOB,kidney,0.12846184628604343,KICH;KIRC,2,background_organ_value
MAOB,liver,-0.6277709820956914,LIHC,1,background_organ_value
MAOB,breast,0.4588665460552692,BRCA,1,background_organ_value
MAOB,prostate,0.2854334975797653,PRAD,1,background_organ_value
MAOB,breast,-1.5498576470384915,BRCA,1,background_organ_value
MAOB,esophagus,-0.42781103510001933,ESCA,1,background_organ_value
MAOB,kidney,-0.26736019097736485,KIRC,1,background_organ_value
MAOB,prostate,-0.08834402651633137,PRAD,1,background_organ_value
MAOB,stomach,-0.5246090720670773,STAD,1,background_organ_value
MAOB,thyroid,2.0434880721382185,THCA,1,background_organ_value
MAOB,breast,-0.19641438394387925,BRCA,1,background_organ_value
MAOB,lung,0.004650020256681889,LUAD;LUSC,2,background_organ_value
MAOB,prostate,0.1600473967130787,PRAD,1,background_organ_value
MAOB,stomach,-0.333922484489335,STAD,1,background_organ_value
MAOB,thyroid,-0.3606673566251224,THCA,1,background_organ_value
MAOB,breast,0.8022311692038916,BRCA,1,background_organ_value
MAOB,kidney,-0.01644666318265123,KICH;KIRC;KIRP,3,background_organ_value
MAOB,liver,-0.07603605502536802,LIHC,1,background_organ_value
MAOB,lung,1.2451864522114744,LUAD;LUSC,2,background_organ_value
MAOB,prostate,0.6459324102946762,PRAD,1,background_organ_value
MAOB,esophagus,-2.8452098527338827,ESCA,1,background_organ_value
MAOB,prostate,0.6569834017700625,PRAD,1,background_organ_value
MAOB,breast,0.732119938976685,BRCA,1,background_organ_value
MAOB,esophagus,0.3871036157274053,ESCA,1,background_organ_value
MAOB,kidney,-0.28572260684252054,KICH;KIRC;KIRP,3,background_organ_value
MAOB,liver,-0.2609329127590001,LIHC,1,background_organ_value
MAOB,lung,0.7842054686048894,LUAD;LUSC,2,background_organ_value
MAOB,prostate,0.25033074815778084,PRAD,1,background_organ_value
MAOB,stomach,0.2379959865272027,STAD,1,background_organ_value
MAOB,breast,-0.4569717408007392,BRCA,1,background_organ_value
MAOB,kidney,-0.47014984331362303,KICH;KIRC;KIRP,3,background_organ_value
MAOB,liver,-1.0212556471956014,LIHC,1,background_organ_value
MAOB,lung,0.16590810219847307,LUAD;LUSC,2,background_organ_value
MAOB,stomach,-0.5340768673157168,STAD,1,background_organ_value
MAOB,liver,0.07404077772432176,LIHC,1,background_organ_value
MAOB,colon,-0.2938879707165741,COAD,1,background_organ_value
MAOB,colon,-0.3614765933696083,COAD,1,background_organ_value
MAOB,esophagus,0.14630919517527177,ESCA,1,background_organ_value
MAOB,kidney,-0.3348504377314011,KICH;KIRC;KIRP,3,background_organ_value
MAOB,prostate,-0.2860192597419514,PRAD,1,background_organ_value
MAOB,stomach,0.09895585043568011,STAD,1,background_organ_value
MAOB,liver,-0.4322439864932314,LIHC,1,background_organ_value
MAOB,colon,-0.8764079702458133,COAD,1,background_organ_value
MAOB,stomach,-0.19016252603231756,STAD,1,background_organ_value
MAOB,colon,1.7571265797771405,COAD,1,background_organ_value
MAOB,esophagus,0.7636065605394339,ESCA,1,background_organ_value
MAOB,kidney,0.537896343156306,KICH;KIRC;KIRP,3,background_organ_value
MAOB,liver,-0.9529625427325874,LIHC,1,background_organ_value
MAOB,breast,-0.38202581082339776,BRCA,1,background_organ_value
MAOB,colon,-0.19262700042093023,COAD,1,background_organ_value
MAOB,esophagus,-0.16693896460762314,ESCA,1,background_organ_value
MAOB,kidney,0.410741531568544,KICH;KIRC;KIRP,3,background_organ_value
MAOB,prostate,-0.6770201427265379,PRAD,1,background_organ_value
MAOB,stomach,-0.3019983105057357,STAD,1,background_organ_value
MAOB,lung,-0.030851170752698373,LUAD;LUSC,2,background_organ_value
MAOB,prostate,0.05856976166964689,PRAD,1,background_organ_value
MAOB,stomach,-0.4206247298630222,STAD,1,background_organ_value
MAOB,kidney,-1.930840153715993,KICH;KIRC;KIRP,3,background_organ_value
MAOB,thyroid,1.0188753573324298,THCA,1,background_organ_value
MAOB,esophagus,0.38396947611189414,ESCA,1,background_organ_value
MAOB,colon,-0.10994440422400908,COAD,1,background_organ_value
MAOB,lung,-0.13970443221204246,LUAD;LUSC,2,background_organ_value
MAOB,prostate,0.0072132559996649,PRAD,1,background_organ_value
MAOB,liver,-0.03536916259398656,LIHC,1,background_organ_value
MAOB,liver,-1.1667761901305498,LIHC,1,background_organ_value
MAOB,kidney,-0.4595293378180866,KICH;KIRC;KIRP,3,background_organ_value
MAOB,lung,0.2890975070140313,LUAD;LUSC,2,background_organ_value
MAOB,stomach,0.894334506250877,STAD,1,background_organ_value
MAOB,breast,0.11727137456651916,BRCA,1,background_organ_value
MAOB,lung,0.1259709090576566,LUAD;LUSC,2,background_organ_value
MAOB,prostate,0.2045187465343285,PRAD,1,background_organ_value
MAOB,stomach,0.391377690215726,STAD,1,background_organ_value
MAOB,colon,0.36427046377139505,COAD,1,background_organ_value
MAOB,esophagus,0.25468679215133067,ESCA,1,background_organ_value
MAOB,liver,0.31799521795254426,LIHC,1,background_organ_value
MAOB,colon,-0.3613019858961393,COAD,1,background_organ_value
MAOB,lung,-0.3076671758906696,LUAD,1,background_organ_value
MAOB,prostate,0.2360000716557284,PRAD,1,background_organ_value
MAOB,colon,0.7535924027457068,COAD,1,background_organ_value
MAOB,esophagus,-0.3363067099092758,ESCA,1,background_organ_value
MAOB,breast,-0.33602538172048213,BRCA,1,background_organ_value
MAOB,colon,0.4027462162219114,COAD,1,background_organ_value
MAOB,kidney,0.33650345901453665,KICH;KIRC;KIRP,3,background_organ_value
MAOB,prostate,-0.3536757647651717,PRAD,1,background_organ_value
MAOB,stomach,-0.24323448671378237,STAD,1,background_organ_value
MAOB,breast,-0.318460111659939,BRCA,1,background_organ_value
MAOB,prostate,-0.8412962099150018,PRAD,1,background_organ_value
MAOB,stomach,-0.2779902644735426,STAD,1,background_organ_value
MAOB,thyroid,0.8177384418451367,THCA,1,background_organ_value
MAOB,breast,-0.4256790923670712,BRCA,1,background_organ_value
MAOB,esophagus,-0.21016213387558536,ESCA,1,background_organ_value
MAOB,kidney,0.13711359498603268,KICH;KIRC;KIRP,3,background_organ_value
MAOB,prostate,-0.3367949365844905,PRAD,1,background_organ_value
MAOB,stomach,-0.3610704110622583,STAD,1,background_organ_value
MAOB,breast,0.2623704346277635,BRCA,1,background_organ_value
MAOB,kidney,0.9218183586760836,KICH;KIRC;KIRP,3,background_organ_value
MAOB,liver,0.6647180101257253,LIHC,1,background_organ_value
MAOB,lung,0.2387833911953529,LUAD;LUSC,2,background_organ_value
MAOB,liver,-0.5242956997162985,LIHC,1,background_organ_value
MAOB,liver,0.1000465329682151,LIHC,1,background_organ_value
MAOB,liver,0.3629383222860966,LIHC,1,background_organ_value
MAOB,liver,-0.3610842726113571,LIHC,1,background_organ_value
MAOB,kidney,0.18054961509927572,KICH;KIRC;KIRP,3,background_organ_value
MAOB,liver,-0.6850803272228246,LIHC,1,background_organ_value
MAOB,breast,-0.1304429220062159,BRCA,1,background_organ_value
MAOB,kidney,0.3982585665940987,KICH;KIRC;KIRP,3,background_organ_value
MAOB,prostate,0.08890389612461311,PRAD,1,background_organ_value
MAOB,colon,0.06168375117364572,COAD,1,background_organ_value
MAOB,esophagus,0.31974542947997053,ESCA,1,background_organ_value
MAOB,stomach,0.05060762995185736,STAD,1,background_organ_value
MAOB,liver,0.19713606386858495,LIHC,1,background_organ_value
MAOB,stomach,0.841308544423261,STAD,1,background_organ_value
MAOB,breast,0.1349810997923793,BRCA,1,background_organ_value
MAOB,liver,-0.819777828189715,LIHC,1,background_organ_value
MAOB,breast,-0.5292408483799192,BRCA,1,background_organ_value
MAOB,colon,-0.4953218666628553,COAD,1,background_organ_value
MAOB,kidney,0.04567275836302277,KICH;KIRC;KIRP,3,background_organ_value
MAOB,lung,-0.7126214002772977,LUAD;LUSC,2,background_organ_value
MAOB,prostate,-0.02312328089109816,PRAD,1,background_organ_value
MAOB,stomach,-0.2543224417144777,STAD,1,background_organ_value
MAOB,breast,-1.7576046857016516,BRCA,1,background_organ_value
MAOB,esophagus,-0.7604712197081376,ESCA,1,background_organ_value
MAOB,kidney,-0.5219259597187685,KICH;KIRC;KIRP,3,background_organ_value
MAOB,liver,-1.8499480185668469,LIHC,1,background_organ_value
MAOB,prostate,-0.9767999867136206,PRAD,1,background_organ_value
MAOB,breast,0.05966964474414143,BRCA,1,background_organ_value
MAOB,colon,0.15547904657120415,COAD,1,background_organ_value
MAOB,esophagus,-0.00124182320347889,ESCA,1,background_organ_value
MAOB,lung,-0.10204470519103984,LUAD;LUSC,2,background_organ_value
MAOB,prostate,-0.19544716306412552,PRAD,1,background_organ_value
MAOB,stomach,-0.20922899260430247,STAD,1,background_organ_value
MAOB,breast,0.3044454750204763,BRCA,1,background_organ_value
MAOB,esophagus,0.5254264612008079,ESCA,1,background_organ_value
MAOB,kidney,1.0885972668646249,KICH;KIRC;KIRP,3,background_organ_value
MAOB,liver,-0.05627633997075276,LIHC,1,background_organ_value
MAOB,breast,0.3656957962778239,BRCA,1,background_organ_value
MAOB,colon,0.3924784796560338,COAD,1,background_organ_value
MAOB,lung,0.7377132761330998,LUAD;LUSC,2,background_organ_value
MAOB,prostate,0.04976310853887672,PRAD,1,background_organ_value
MAOB,stomach,0.19757346831643585,STAD,1,background_organ_value
MAOB,breast,1.0207725117926822,BRCA,1,background_organ_value
MAOB,prostate,-0.28333115859197255,PRAD,1,background_organ_value
MAOB,stomach,-0.2606677719968614,STAD,1,background_organ_value
MAOB,breast,0.40854381510144744,BRCA,1,background_organ_value
MAOB,colon,0.4799499718343692,COAD,1,background_organ_value
MAOB,lung,0.6898846261131787,LUAD;LUSC,2,background_organ_value
MAOB,prostate,0.24130792883527935,PRAD,1,background_organ_value
MAOB,stomach,0.4344767891571009,STAD,1,background_organ_value
MAOB,esophagus,0.245247966200708,ESCA,1,background_organ_value
MAOB,kidney,0.43794712248919093,KICH;KIRC,2,background_organ_value
MAOB,liver,0.1928506059455145,LIHC,1,background_organ_value
MAOB,lung,0.7771483195213025,LUAD;LUSC,2,background_organ_value
MAOB,prostate,0.07214073952541268,PRAD,1,background_organ_value
MAOB,liver,0.46865595701915974,LIHC,1,background_organ_value
MAOB,breast,-0.5884512889500897,BRCA,1,background_organ_value
MAOB,liver,-0.3540203750235592,LIHC,1,background_organ_value
MAOB,lung,-0.9447504076496488,LUAD;LUSC,2,background_organ_value
MAOB,prostate,-0.44337770685682454,PRAD,1,background_organ_value
MAOB,liver,0.12302149277620872,LIHC,1,background_organ_value
MAOB,colon,0.43565353246687943,COAD,1,background_organ_value
MAOB,esophagus,-0.6622885614565687,ESCA,1,background_organ_value
MAOB,colon,0.00973855291631385,COAD,1,background_organ_value
MAOB,lung,-0.5314834723147559,LUAD;LUSC,2,background_organ_value
MAOB,prostate,0.11917857333080424,PRAD,1,background_organ_value
MAOB,stomach,-0.16410379185712082,STAD,1,background_organ_value
MAOB,colon,-0.5060066663947874,COAD,1,background_organ_value
MAOB,kidney,0.7819473274436433,KICH,1,background_organ_value
MAOB,lung,0.017172184258301318,LUAD;LUSC,2,background_organ_value
MAOB,colon,0.7543245206255578,COAD,1,background_organ_value
MAOB,esophagus,-0.09235261291585996,ESCA,1,background_organ_value
MAOB,kidney,-1.2845191857616989,KICH;KIRC;KIRP,3,background_organ_value
MAOB,liver,-1.3838271846008898,LIHC,1,background_organ_value
MAOB,stomach,-0.3785371648803292,STAD,1,background_organ_value
MAOB,liver,-0.8730040045581482,LIHC,1,background_organ_value
MAOB,colon,-0.17824000933329515,COAD,1,background_organ_value
MAOB,colon,-0.7210642668927932,COAD,1,background_organ_value
MAOB,esophagus,-1.4495521472918638,ESCA,1,background_organ_value
MAOB,stomach,-0.8605248054898282,STAD,1,background_organ_value
MAOB,breast,-0.05806662719794795,BRCA,1,background_organ_value
MAOB,esophagus,-0.03328682788939293,ESCA,1,background_organ_value
MAOB,lung,0.05977224598067887,LUAD;LUSC,2,background_organ_value
MAOB,stomach,-0.3117733732548019,STAD,1,background_organ_value
MAOB,liver,-0.6763195322435085,LIHC,1,background_organ_value
MAOB,breast,0.7502154423968309,BRCA,1,background_organ_value
MAOB,colon,1.1688256557479657,COAD,1,background_organ_value
MAOB,esophagus,0.875096836350416,ESCA,1,background_organ_value
MAOB,lung,1.048385734584883,LUAD;LUSC,2,background_organ_value
MAOB,prostate,-0.30431851964363066,PRAD,1,background_organ_value
MAOB,stomach,0.9827767226456074,STAD,1,background_organ_value
MAOB,esophagus,-0.575721570340962,ESCA,1,background_organ_value
MAOB,thyroid,0.9033646860854292,THCA,1,background_organ_value
MAOB,liver,-1.0332517326880453,LIHC,1,background_organ_value
MAOB,liver,-1.0104664400731282,LIHC,1,background_organ_value
MAOB,breast,0.9068268423951746,BRCA,1,background_organ_value
MAOB,kidney,-0.0245281740205541,KICH;KIRC;KIRP,3,background_organ_value
MAOB,liver,0.6283362505028055,LIHC,1,background_organ_value
MAOB,breast,-0.4504766273713513,BRCA,1,background_organ_value
MAOB,colon,-0.3636390413478125,COAD,1,background_organ_value
MAOB,esophagus,-0.6392171007075476,ESCA,1,background_organ_value
MAOB,kidney,0.07148323439788228,KICH;KIRC;KIRP,3,background_organ_value
MAOB,lung,-0.38404315158583413,LUAD;LUSC,2,background_organ_value
MAOB,liver,0.44063751173956145,LIHC,1,background_organ_value
MAOB,breast,-0.9754166796487812,BRCA,1,background_organ_value
MAOB,stomach,-0.6098406642231072,STAD,1,background_organ_value
MAOB,breast,-0.3883323294761497,BRCA,1,background_organ_value
MAOB,colon,-0.38501686667858953,COAD,1,background_organ_value
MAOB,esophagus,-0.04824919052351092,ESCA,1,background_organ_value
MAOB,kidney,-1.2164888982349746,KICH,1,background_organ_value
MAOB,prostate,-0.3149099883013813,PRAD,1,background_organ_value
MAOB,breast,-0.5449204120411479,BRCA,1,background_organ_value
MAOB,lung,-0.3972335368883386,LUAD;LUSC,2,background_organ_value
MAOB,breast,-0.7656380562555647,BRCA,1,background_organ_value
MAOB,colon,-0.20980564304433347,COAD,1,background_organ_value
MAOB,esophagus,-0.978726577208591,ESCA,1,background_organ_value
MAOB,lung,-0.6317551573521376,LUAD;LUSC,2,background_organ_value
MAOB,stomach,-0.678494473590274,STAD,1,background_organ_value
MAOB,breast,0.5350775007639025,BRCA,1,background_organ_value
MAOB,esophagus,-0.4396463223111152,ESCA,1,background_organ_value
MAOB,kidney,0.1109360162080208,KICH;KIRC;KIRP,3,background_organ_value
MAOB,liver,0.0723061603751176,LIHC,1,background_organ_value
MAOB,lung,0.29689980424292306,LUAD;LUSC,2,background_organ_value
MAOB,prostate,0.05536799521669128,PRAD,1,background_organ_value
MAOB,breast,0.08906060009541844,BRCA,1,background_organ_value
MAOB,liver,-0.5475250089675607,LIHC,1,background_organ_value
MAOB,liver,0.03156098477479519,LIHC,1,background_organ_value
MAOB,kidney,0.07363290651901684,KICH;KIRC;KIRP,3,background_organ_value
MAOB,lung,-0.0721224589268529,LUAD;LUSC,2,background_organ_value
MAOB,liver,-3.762335638999203,LIHC,1,background_organ_value
MAOB,colon,0.11855384477928696,COAD,1,background_organ_value
MAOB,kidney,-0.05359433000038841,KICH;KIRC,2,background_organ_value
MAOB,liver,0.3293604026805544,LIHC,1,background_organ_value
MAOB,lung,-0.2798752645648367,LUAD;LUSC,2,background_organ_value
MAOB,breast,0.5637317755716463,BRCA,1,background_organ_value
MAOB,liver,-0.04296533592126647,LIHC,1,background_organ_value
MAOB,breast,0.08054433096649481,BRCA,1,background_organ_value
MAOB,colon,0.3593225831806839,COAD,1,background_organ_value
MAOB,esophagus,-0.08356253337205159,ESCA,1,background_organ_value
MAOB,kidney,0.14411316549268752,KICH;KIRC;KIRP,3,background_organ_value
MAOB,lung,0.132695048537689,LUAD;LUSC,2,background_organ_value
MAOB,prostate,0.00948108475940176,PRAD,1,background_organ_value
MAOB,stomach,0.06004578900857504,STAD,1,background_organ_value
MAOB,kidney,-0.35608701592531866,KICH;KIRC;KIRP,3,background_organ_value
MAOB,liver,-0.6769427275801173,LIHC,1,background_organ_value
MAOB,lung,0.4309413021862606,LUAD;LUSC,2,background_organ_value
MAOB,liver,0.08511807069593988,LIHC,1,background_organ_value
MAOB,lung,-0.35769560047920546,LUAD;LUSC,2,background_organ_value
MAOB,breast,0.2053865468025347,BRCA,1,background_organ_value
MAOB,kidney,-0.48867605734489344,KICH;KIRC;KIRP,3,background_organ_value
MAOB,liver,-0.5027536038129126,LIHC,1,background_organ_value
MAOB,prostate,-0.02728615464711665,PRAD,1,background_organ_value
MAOB,breast,-0.5774608542699934,BRCA,1,background_organ_value
MAOB,esophagus,-0.9589575920735623,ESCA,1,background_organ_value
MAOB,kidney,0.2839211118326758,KICH;KIRC;KIRP,3,background_organ_value
MAOB,liver,-0.05381168654707422,LIHC,1,background_organ_value
MAOB,lung,-0.3501469809865538,LUAD;LUSC,2,background_organ_value
MAOB,prostate,0.46908407796924334,PRAD,1,background_organ_value
MAOB,colon,0.03099164402515421,COAD,1,background_organ_value
MAOB,kidney,-0.3873697229174174,KICH;KIRC;KIRP,3,background_organ_value
MAOB,liver,-0.44934438788802145,LIHC,1,background_organ_value
MAOB,prostate,-0.26672930056596184,PRAD,1,background_organ_value
MAOB,stomach,-0.5518970364294216,STAD,1,background_organ_value
MAOB,liver,-0.44499702644033456,LIHC,1,background_organ_value
MAOB,breast,0.3627719589625082,BRCA,1,background_organ_value
MAOB,colon,0.04302595695156229,COAD,1,background_organ_value
MAOB,kidney,-0.04285761445950809,KICH;KIRC;KIRP,3,background_organ_value
MAOB,lung,0.5853205649213846,LUAD;LUSC,2,background_organ_value
MAOB,prostate,-0.02721830164609535,PRAD,1,background_organ_value
MAOB,stomach,0.06304617204502555,STAD,1,background_organ_value
MAOB,esophagus,0.40881785465860454,ESCA,1,background_organ_value
MAOB,lung,1.2488333954747013,LUAD;LUSC,2,background_organ_value
MAOB,stomach,-0.5511300910161051,STAD,1,background_organ_value
MAOB,colon,1.0483402192767772,COAD,1,background_organ_value
MAOB,lung,1.3938860574567882,LUAD;LUSC,2,background_organ_value
MAOB,liver,0.8009219166865634,LIHC,1,background_organ_value
MAOB,breast,-1.4988091403303268,BRCA,1,background_organ_value
MAOB,esophagus,-0.8752593949356227,ESCA,1,background_organ_value
MAOB,stomach,-1.305888943700286,STAD,1,background_organ_value
MAOB,breast,0.34913936482798463,BRCA,1,background_organ_value
MAOB,kidney,0.15398565901433883,KICH;KIRC;KIRP,3,background_organ_value
MAOB,liver,-0.19260084538190372,LIHC,1,background_organ_value
MAOB,lung,0.14736390353459122,LUAD;LUSC,2,background_organ_value
MAOB,prostate,0.1335660040861789,PRAD,1,background_organ_value
MAOB,stomach,0.2644923780669945,STAD,1,background_organ_value
MAOB,esophagus,-2.5972646164575357,ESCA,1,background_organ_value
MAOB,breast,0.5643511062697866,BRCA,1,background_organ_value
MAOB,colon,0.344771298352167,COAD,1,background_organ_value
MAOB,kidney,0.3678836450330183,KICH;KIRC;KIRP,3,background_organ_value
MAOB,lung,0.6445001832258415,LUAD;LUSC,2,background_organ_value
MAOB,prostate,0.23490494143596072,PRAD,1,background_organ_value
MAOB,breast,-0.3978961373345858,BRCA,1,background_organ_value
MAOB,stomach,-0.6960131243798583,STAD,1,background_organ_value
MAOB,breast,0.7529278244183127,BRCA,1,background_organ_value
MAOB,kidney,0.38688780119408994,KICH;KIRC;KIRP,3,background_organ_value
MAOB,liver,-0.4641705222133037,LIHC,1,background_organ_value
MAOB,colon,0.9744048226186206,COAD,1,background_organ_value
MAOB,esophagus,0.922775757868642,ESCA,1,background_organ_value
MAOB,kidney,-0.4937979248081055,KICH;KIRC;KIRP,3,background_organ_value
MAOB,stomach,1.2961101765634893,STAD,1,background_organ_value
MAOB,breast,0.37477153251066553,BRCA,1,background_organ_value
MAOB,colon,0.43907940075626894,COAD,1,background_organ_value
MAOB,esophagus,-0.5333733331711183,ESCA,1,background_organ_value
MAOB,kidney,0.0579981313421976,KICH;KIRC;KIRP,3,background_organ_value
MAOB,lung,1.1716243855365942,LUAD;LUSC,2,background_organ_value
MAOB,prostate,-0.06387137728669295,PRAD,1,background_organ_value
MAOB,colon,-0.1752249746996805,COAD,1,background_organ_value
MAOB,esophagus,-0.4738138906526841,ESCA,1,background_organ_value
MAOB,kidney,-0.8116063662628107,KICH,1,background_organ_value
MAOB,prostate,-0.39218051186298375,PRAD,1,background_organ_value
MAOB,stomach,-0.661476910752161,STAD,1,background_organ_value
MAOB,colon,0.9774254081795368,COAD,1,background_organ_value
MAOB,esophagus,-0.29850573210194525,ESCA,1,background_organ_value
MAOB,kidney,-0.06893891347347068,KICH;KIRC;KIRP,3,background_organ_value
MAOB,prostate,-0.5925776072472327,PRAD,1,background_organ_value
MAOB,liver,-0.5608603731434567,LIHC,1,background_organ_value
MAOB,colon,-0.3502180571924825,COAD,1,background_organ_value
MAOB,esophagus,-0.11468189664093194,ESCA,1,background_organ_value
MAOB,lung,-0.17662203906161425,LUAD,1,background_organ_value
MAOB,stomach,-0.3170773347399722,STAD,1,background_organ_value
MAOB,thyroid,0.2058841978947294,THCA,1,background_organ_value
MAOB,colon,-0.28272469265426503,COAD,1,background_organ_value
MAOB,lung,0.6988288500457338,LUAD;LUSC,2,background_organ_value
MAOB,thyroid,2.538863551388466,THCA,1,background_organ_value
MAOB,stomach,-0.02922625328373354,STAD,1,background_organ_value
MAOB,colon,0.06852063311838502,COAD,1,background_organ_value
MAOB,liver,-0.7753689310509494,LIHC,1,background_organ_value
MAOB,lung,0.6610437154730313,LUAD;LUSC,2,background_organ_value
MAOB,breast,-0.09787689390559502,BRCA,1,background_organ_value
MAOB,esophagus,0.23949406589763467,ESCA,1,background_organ_value
MAOB,kidney,0.3610738826924092,KICH;KIRC;KIRP,3,background_organ_value
MAOB,liver,-0.17050761255819585,LIHC,1,background_organ_value
MAOB,prostate,-0.6535752919440406,PRAD,1,background_organ_value
MAOB,stomach,0.05318651545762451,STAD,1,background_organ_value
MAOB,liver,-0.0495046712412177,LIHC,1,background_organ_value
MAOB,breast,0.2020486934999439,BRCA,1,background_organ_value
MAOB,colon,0.3265115480291709,COAD,1,background_organ_value
MAOB,esophagus,0.0768318325852924,ESCA,1,background_organ_value
MAOB,lung,0.9027093983094356,LUAD;LUSC,2,background_organ_value
MAOB,prostate,0.04997379739917908,PRAD,1,background_organ_value
MAOB,stomach,0.04069141016835431,STAD,1,background_organ_value
MAOB,stomach,-0.21830774865719885,STAD,1,background_organ_value
MAOB,esophagus,0.13630683751479025,ESCA,1,background_organ_value
MAOB,kidney,-0.16645062359355564,KICH;KIRC;KIRP,3,background_organ_value
MAOB,liver,-0.46172210355208415,LIHC,1,background_organ_value
MAOB,stomach,-0.24251087437794427,STAD,1,background_organ_value
MAOB,colon,-0.5419154487313863,COAD,1,background_organ_value
MAOB,kidney,-0.45526953457068664,KICH;KIRC;KIRP,3,background_organ_value
MAOB,lung,-0.03618215870011222,LUAD;LUSC,2,background_organ_value
MAOB,stomach,1.108815733097946,STAD,1,background_organ_value
MAOB,kidney,-1.1772586604031359,KIRC;KIRP,2,background_organ_value
MAOB,lung,0.11955263468450211,LUAD;LUSC,2,background_organ_value
MAOB,stomach,0.13773585351288986,STAD,1,background_organ_value
MAOB,breast,-0.8922576836210329,BRCA,1,background_organ_value
MAOB,colon,0.26593426762803846,COAD,1,background_organ_value
MAOB,esophagus,0.24360194087148396,ESCA,1,background_organ_value
MAOB,kidney,-0.3940476707181945,KICH,1,background_organ_value
MAOB,lung,-0.9500006656165301,LUAD;LUSC,2,background_organ_value
MAOB,prostate,-0.2980834488231726,PRAD,1,background_organ_value
MAOB,stomach,0.15779161934476071,STAD,1,background_organ_value
MAOB,breast,0.8047278418455547,BRCA,1,background_organ_value
MAOB,colon,0.7711796882669814,COAD,1,background_organ_value
MAOB,esophagus,0.5489842834294719,ESCA,1,background_organ_value
MAOB,kidney,0.111366104413368,KICH;KIRC;KIRP,3,background_organ_value
MAOB,lung,1.3705958018979194,LUAD;LUSC,2,background_organ_value
MAOB,prostate,0.32541535567308416,PRAD,1,background_organ_value
MAOB,colon,-1.570825425873127,COAD,1,background_organ_value
MAOB,esophagus,-0.3518329838312579,ESCA,1,background_organ_value
MAOB,stomach,-0.7387738923641993,STAD,1,background_organ_value
MAOB,liver,-1.098534758608834,LIHC,1,background_organ_value
MAOB,kidney,0.5721728677627801,KICH;KIRC;KIRP,3,background_organ_value
MAOB,lung,-0.49689055693315143,LUAD;LUSC,2,background_organ_value
MAOB,prostate,0.5310955544256557,PRAD,1,background_organ_value
MAOB,colon,-0.02682297063752613,COAD,1,background_organ_value
MAOB,kidney,0.00181878942318806,KICH;KIRC;KIRP,3,background_organ_value
MAOB,breast,0.29172124091932033,BRCA,1,background_organ_value
MAOB,esophagus,0.19305254156680493,ESCA,1,background_organ_value
MAOB,kidney,0.07393026787657783,KICH;KIRC;KIRP,3,background_organ_value
MAOB,liver,0.4931204330270165,LIHC,1,background_organ_value
MAOB,lung,0.484282645631584,LUAD;LUSC,2,background_organ_value
MAOB,prostate,0.1518282177718974,PRAD,1,background_organ_value
MAOB,esophagus,-1.473140859498537,ESCA,1,background_organ_value
MAOB,stomach,-0.8877286037743025,STAD,1,background_organ_value
MAOB,liver,-0.11291587017410051,LIHC,1,background_organ_value
MAOB,thyroid,-0.3778072121022762,THCA,1,background_organ_value
MAOB,liver,0.01651007632646313,LIHC,1,background_organ_value
MAOB,breast,0.3526226111988233,BRCA,1,background_organ_value
MAOB,esophagus,0.4492348662023537,ESCA,1,background_organ_value
MAOB,kidney,-0.1811361743262,KICH;KIRC;KIRP,3,background_organ_value
MAOB,lung,0.22951658839563582,LUAD;LUSC,2,background_organ_value
MAOB,prostate,-0.32176136682983436,PRAD,1,background_organ_value
MAOB,stomach,0.20115283422655672,STAD,1,background_organ_value
MAOB,liver,-0.31249596425063264,LIHC,1,background_organ_value
MAOB,liver,-1.0969886445119563,LIHC,1,background_organ_value
MAOB,kidney,0.08427830047441531,KIRC;KIRP,2,background_organ_value
MAOB,liver,0.13587583518085186,LIHC,1,background_organ_value
MAOB,kidney,0.3550774083591599,KIRP,1,background_organ_value
MAOB,breast,0.653171027406225,BRCA,1,background_organ_value
MAOB,esophagus,0.3939947223378802,ESCA,1,background_organ_value
MAOB,kidney,0.3914140521004069,KICH;KIRC;KIRP,3,background_organ_value
MAOB,lung,0.6121346010791466,LUSC,1,background_organ_value
MAOB,prostate,-0.14490899200100069,PRAD,1,background_organ_value
MAOB,esophagus,-0.10774833209257031,ESCA,1,background_organ_value
MAOB,stomach,-0.366766743756733,STAD,1,background_organ_value
MAOB,liver,-1.6921085111855592,LIHC,1,background_organ_value
MAOB,colon,0.9649170622654026,COAD,1,background_organ_value
MAOB,kidney,0.13921091967116436,KICH;KIRC;KIRP,3,background_organ_value
MAOB,lung,1.0236967630800593,LUAD;LUSC,2,background_organ_value
MAOB,prostate,0.08007858229739834,PRAD,1,background_organ_value
MAOB,stomach,0.583437213690733,STAD,1,background_organ_value
MAOB,breast,0.7054081299269976,BRCA,1,background_organ_value
MAOB,esophagus,0.5540190664880101,ESCA,1,background_organ_value
MAOB,kidney,0.10534339947451483,KICH;KIRC;KIRP,3,background_organ_value
MAOB,lung,1.0823518013133842,LUSC,1,background_organ_value
MAOB,prostate,0.3178510343395153,PRAD,1,background_organ_value
MAOB,liver,0.12239788789287433,LIHC,1,background_organ_value
MAOB,kidney,-0.1987137725901314,KIRP,1,background_organ_value
MAOB,liver,-0.2059609667555465,LIHC,1,background_organ_value
MAOB,thyroid,-0.3214612054759391,THCA,1,background_organ_value
MAOB,colon,-0.0016395699947787,COAD,1,background_organ_value
MAOB,kidney,-0.5497252727394807,KICH;KIRC;KIRP,3,background_organ_value
MAOB,prostate,-0.05176647246907541,PRAD,1,background_organ_value
MAOB,stomach,-0.31221575242984484,STAD,1,background_organ_value
MAOB,esophagus,-1.2781869022094516,ESCA,1,background_organ_value
MAOB,stomach,0.2972070545179617,STAD,1,background_organ_value
MAOB,liver,-1.009556978975343,LIHC,1,background_organ_value
MAOB,liver,-1.650863539583159,LIHC,1,background_organ_value
MAOB,breast,0.21397460869518575,BRCA,1,background_organ_value
MAOB,esophagus,0.3944520874892893,ESCA,1,background_organ_value
MAOB,kidney,0.14008270043939028,KICH;KIRC;KIRP,3,background_organ_value
MAOB,lung,1.0286186928428016,LUAD;LUSC,2,background_organ_value
MAOB,prostate,0.12382032711247976,PRAD,1,background_organ_value
MAOB,liver,-0.5557969469591271,LIHC,1,background_organ_value
MAOB,esophagus,0.16422667785952158,ESCA,1,background_organ_value
MAOB,stomach,-0.45000375342905313,STAD,1,background_organ_value
MAOB,colon,1.3148244730238103,COAD,1,background_organ_value
MAOB,liver,0.11652176207613275,LIHC,1,background_organ_value
MAOB,colon,-1.0516586628087017,COAD,1,background_organ_value
MAOB,esophagus,-0.33192406723532986,ESCA,1,background_organ_value
MAOB,kidney,-0.4489708036326201,KICH;KIRC;KIRP,3,background_organ_value
MAOB,liver,-0.8232193813104484,LIHC,1,background_organ_value
MAOB,breast,0.3463845504810602,BRCA,1,background_organ_value
MAOB,kidney,-0.09349937633934124,KICH;KIRC;KIRP,3,background_organ_value
MAOB,liver,-0.09769279484898324,LIHC,1,background_organ_value
MAOB,breast,0.2998019460891687,BRCA,1,background_organ_value
MAOB,colon,0.01393418498797829,COAD,1,background_organ_value
MAOB,esophagus,-0.24434797295926,ESCA,1,background_organ_value
MAOB,kidney,0.1491277159181452,KICH;KIRC;KIRP,3,background_organ_value
MAOB,lung,-0.10084230750535103,LUAD;LUSC,2,background_organ_value
MAOB,prostate,-0.03717414544165501,PRAD,1,background_organ_value
MAOB,stomach,-0.20318794786152192,STAD,1,background_organ_value
MAOB,esophagus,0.4037099678437314,ESCA,1,background_organ_value
MAOB,kidney,-0.249017490303082,KICH;KIRC;KIRP,3,background_organ_value
MAOB,liver,-1.854631048721016,LIHC,1,background_organ_value
MAOB,prostate,-0.9098583536165784,PRAD,1,background_organ_value
MAOB,stomach,-0.2669744881479155,STAD,1,background_organ_value
MAOB,esophagus,1.1953434356414456,ESCA,1,background_organ_value
MAOB,kidney,-0.522867066292294,KICH;KIRC;KIRP,3,background_organ_value
MAOB,liver,0.09808470497320589,LIHC,1,background_organ_value
MAOB,lung,0.32920274307579217,LUAD;LUSC,2,background_organ_value
MAOB,esophagus,-0.6419844325969504,ESCA,1,background_organ_value
MAOB,breast,-0.08732783651510793,BRCA,1,background_organ_value
MAOB,colon,0.8898477591007948,COAD,1,background_organ_value
MAOB,esophagus,0.23189980993714032,ESCA,1,background_organ_value
MAOB,kidney,0.5893024771559356,KICH;KIRC;KIRP,3,background_organ_value
MAOB,lung,0.7885009787053346,LUAD;LUSC,2,background_organ_value
MAOB,prostate,-0.0477470049553269,PRAD,1,background_organ_value
MAOB,stomach,0.0996511542424229,STAD,1,background_organ_value
MAOB,thyroid,0.7142123184251606,THCA,1,background_organ_value
MAOB,esophagus,0.3372469834022214,ESCA,1,background_organ_value
MAOB,stomach,-0.0097047152723648,STAD,1,background_organ_value
MAOB,colon,-0.573286883566354,COAD,1,background_organ_value
MAOB,esophagus,-0.01721405126219178,ESCA,1,background_organ_value
MAOB,liver,-2.4714479166453738,LIHC,1,background_organ_value
MAOB,lung,0.16133118426603707,LUAD;LUSC,2,background_organ_value
MAOB,stomach,-0.5657807461482672,STAD,1,background_organ_value
MAOB,thyroid,0.07963082508857722,THCA,1,background_organ_value
MAOB,esophagus,-0.46604948074183,ESCA,1,background_organ_value
MAOB,stomach,-0.3354909219662335,STAD,1,background_organ_value
MAOB,liver,-0.7780858593897525,LIHC,1,background_organ_value
MAOB,breast,-0.29919919891667657,BRCA,1,background_organ_value
MAOB,kidney,-0.22091059129892343,KICH;KIRC;KIRP,3,background_organ_value
MAOB,prostate,-0.5043192823769399,PRAD,1,background_organ_value
MAOB,liver,-0.04539128500869036,LIHC,1,background_organ_value
MAOB,breast,-0.05436299566974179,BRCA,1,background_organ_value
MAOB,kidney,-0.3997376885945829,KICH;KIRC;KIRP,3,background_organ_value
MAOB,liver,-1.5236812388950274,LIHC,1,background_organ_value
MAOB,lung,-0.35428754521083694,LUAD;LUSC,2,background_organ_value
MAOB,prostate,0.2046231367315655,PRAD,1,background_organ_value
MAOB,breast,0.47938105096727135,BRCA,1,background_organ_value
MAOB,colon,0.5829519382877578,COAD,1,background_organ_value
MAOB,kidney,0.13397857374914682,KICH;KIRC;KIRP,3,background_organ_value
MAOB,liver,-0.3111782600176064,LIHC,1,background_organ_value
MAOB,lung,0.9301529341377905,LUAD;LUSC,2,background_organ_value
MAOB,prostate,0.36771064077530075,PRAD,1,background_organ_value
MAOB,esophagus,-0.25306085711265963,ESCA,1,background_organ_value
MAOB,kidney,-0.30743063084118594,KIRC;KIRP,2,background_organ_value
MAOB,breast,0.5152827583722556,BRCA,1,background_organ_value
MAOB,kidney,0.4948719759379586,KIRC;KIRP,2,background_organ_value
MAOB,prostate,-1.061336057712388,PRAD,1,background_organ_value
MAOB,thyroid,1.4352385464488258,THCA,1,background_organ_value
MAOB,colon,0.25984684202272135,COAD,1,background_organ_value
MAOB,esophagus,-0.13484365038612123,ESCA,1,background_organ_value
MAOB,stomach,-0.2260278056320681,STAD,1,background_organ_value
MAOB,colon,-0.27582510066423876,COAD,1,background_organ_value
MAOB,kidney,-1.7269748654610553,KICH;KIRC;KIRP,3,background_organ_value
MAOB,liver,-1.9245429343241276,LIHC,1,background_organ_value
MAOB,lung,-0.8102442733881623,LUSC,1,background_organ_value
MAOB,prostate,-0.21779938527960696,PRAD,1,background_organ_value
MAOB,lung,0.5037686475139043,LUAD;LUSC,2,background_organ_value
MAOB,prostate,-0.04359677600874608,PRAD,1,background_organ_value
MAOB,stomach,0.5306305898301801,STAD,1,background_organ_value
MAOB,liver,-0.01923448907390464,LIHC,1,background_organ_value
MAOB,breast,-0.16764910225687274,BRCA,1,background_organ_value
MAOB,kidney,-0.28037371819694257,KICH;KIRC;KIRP,3,background_organ_value
MAOB,lung,-0.8638051643009953,LUAD;LUSC,2,background_organ_value
MAOB,prostate,-0.5828470702205534,PRAD,1,background_organ_value
MAOB,stomach,-0.9578313186609884,STAD,1,background_organ_value
MAOB,breast,0.524127290532342,BRCA,1,background_organ_value
MAOB,esophagus,0.6846435864190036,ESCA,1,background_organ_value
MAOB,kidney,-0.535738010824082,KICH;KIRC;KIRP,3,background_organ_value
MAOB,lung,0.9416372050012847,LUAD;LUSC,2,background_organ_value
MAOB,prostate,0.3529538060289246,PRAD,1,background_organ_value
MAOB,breast,0.8052583101278558,BRCA,1,background_organ_value
MAOB,kidney,0.7089408225726045,KICH;KIRC;KIRP,3,background_organ_value
MAOB,liver,0.11853170794100674,LIHC,1,background_organ_value
MAOB,prostate,0.18951243016090005,PRAD,1,background_organ_value
MAOB,breast,-1.601882189801776,BRCA,1,background_organ_value
MAOB,colon,-1.3816905935344177,COAD,1,background_organ_value
MAOB,esophagus,-1.4859114141498844,ESCA,1,background_organ_value
MAOB,lung,-0.8726151599831943,LUAD;LUSC,2,background_organ_value
MAOB,prostate,0.36731028399200194,PRAD,1,background_organ_value
MAOB,breast,0.08429461845942614,BRCA,1,background_organ_value
MAOB,breast,0.14249208305422464,BRCA,1,background_organ_value
MAOB,colon,-0.7736986789503056,COAD,1,background_organ_value
MAOB,esophagus,-0.32291015440487103,ESCA,1,background_organ_value
MAOB,lung,-0.4205937616089742,LUAD;LUSC,2,background_organ_value
MAOB,prostate,-0.13290409099538694,PRAD,1,background_organ_value
MAOB,stomach,-0.4025450941395928,STAD,1,background_organ_value
MAOB,breast,0.23925721922459933,BRCA,1,background_organ_value
MAOB,colon,1.5238712395700322,COAD,1,background_organ_value
MAOB,esophagus,0.6694216183860966,ESCA,1,background_organ_value
MAOB,lung,0.9860461590242205,LUAD;LUSC,2,background_organ_value
MAOB,prostate,0.8170041321287858,PRAD,1,background_organ_value
MAOB,thyroid,0.42406880265113595,THCA,1,background_organ_value
MAOB,breast,0.10042706692173586,BRCA,1,background_organ_value
MAOB,prostate,-0.4118390589704221,PRAD,1,background_organ_value
MAOB,breast,-0.12128261407156957,BRCA,1,background_organ_value
MAOB,kidney,-0.44844455211596046,KIRC;KIRP,2,background_organ_value
MAOB,liver,-0.5206731051747898,LIHC,1,background_organ_value
MAOB,breast,0.8139700607070989,BRCA,1,background_organ_value
MAOB,kidney,0.2100036911642867,KICH;KIRC;KIRP,3,background_organ_value
MAOB,lung,0.6869944638900709,LUAD;LUSC,2,background_organ_value
MAOB,prostate,0.2826053759689781,PRAD,1,background_organ_value
MAOB,liver,-1.272147759891591,LIHC,1,background_organ_value
MAOB,colon,0.05271201162158048,COAD,1,background_organ_value
MAOB,liver,-0.949379797254324,LIHC,1,background_organ_value
MAOB,breast,-1.5499013765519434,BRCA,1,background_organ_value
MAOB,kidney,-1.4759909682059664,KICH;KIRC;KIRP,3,background_organ_value
MAOB,lung,-0.5961484409442636,LUAD;LUSC,2,background_organ_value
MAOB,prostate,-0.2218914325209555,PRAD,1,background_organ_value
MAOB,breast,-2.1880623502168204,BRCA,1,background_organ_value
MAOB,kidney,-1.041520307951496,KICH;KIRC;KIRP,3,background_organ_value
MAOB,thyroid,-1.0640436393245376,THCA,1,background_organ_value
MAOB,esophagus,-1.0466453939582725,ESCA,1,background_organ_value
MAOB,breast,-0.16472604922002265,BRCA,1,background_organ_value
MAOB,colon,0.07974991617140849,COAD,1,background_organ_value
MAOB,prostate,0.06821248945674915,PRAD,1,background_organ_value
MAOB,stomach,0.03803256957950923,STAD,1,background_organ_value
MAOB,colon,0.4029632516759998,COAD,1,background_organ_value
MAOB,esophagus,-0.15344032050655762,ESCA,1,background_organ_value
MAOB,liver,-0.6094352098516805,LIHC,1,background_organ_value
MAOB,lung,0.3001415462852745,LUAD,1,background_organ_value
MAOB,breast,0.3223594294416073,BRCA,1,background_organ_value
MAOB,colon,0.25915710142157233,COAD,1,background_organ_value
MAOB,esophagus,0.04072012891104267,ESCA,1,background_organ_value
MAOB,kidney,0.03666027327161689,KICH;KIRC;KIRP,3,background_organ_value
MAOB,liver,0.15594624167257157,LIHC,1,background_organ_value
MAOB,lung,0.4945722032037328,LUAD;LUSC,2,background_organ_value
MAOB,prostate,0.2333837956967639,PRAD,1,background_organ_value
MAOB,kidney,0.2867882420734084,KICH;KIRC;KIRP,3,background_organ_value
MAOB,liver,-0.3670075188709786,LIHC,1,background_organ_value
MAOB,prostate,-0.7197045342822934,PRAD,1,background_organ_value
MAOB,esophagus,0.2416525640572422,ESCA,1,background_organ_value
MAOB,stomach,-0.46578416603933703,STAD,1,background_organ_value
MAOB,thyroid,-0.8449667784409158,THCA,1,background_organ_value
MAOB,esophagus,-0.53974716860007,ESCA,1,background_organ_value
MAOB,lung,-0.7622871887350818,LUAD;LUSC,2,background_organ_value
MAOB,prostate,0.02892955954261622,PRAD,1,background_organ_value
MAOB,stomach,-0.8827619917136302,STAD,1,background_organ_value
MAOB,breast,-0.449552056963143,BRCA,1,background_organ_value
MAOB,colon,-1.3526378809471389,COAD,1,background_organ_value
MAOB,esophagus,-0.9856481625109096,ESCA,1,background_organ_value
MAOB,kidney,-1.3949078051994792,KICH;KIRC;KIRP,3,background_organ_value
MAOB,liver,-1.2449648185751676,LIHC,1,background_organ_value
MAOB,lung,-0.06220236982937334,LUAD,1,background_organ_value
MAOB,esophagus,-0.2905780733838705,ESCA,1,background_organ_value
MAOB,liver,-0.9191014621085574,LIHC,1,background_organ_value
MAOB,breast,0.5531076005202309,BRCA,1,background_organ_value
MAOB,esophagus,-0.6831460933401667,ESCA,1,background_organ_value
MAOB,kidney,0.5877520645292076,KICH,1,background_organ_value
MAOB,liver,-0.6495217881665776,LIHC,1,background_organ_value
MAOB,lung,0.5781399526628307,LUAD;LUSC,2,background_organ_value
MAOB,prostate,1.0716386038375902,PRAD,1,background_organ_value
MAOB,colon,0.14027807667543943,COAD,1,background_organ_value
MAOB,esophagus,1.145622448510471,ESCA,1,background_organ_value
MAOB,liver,-0.7279265370227735,LIHC,1,background_organ_value
MAOB,kidney,-0.5454325233937121,KICH;KIRC;KIRP,3,background_organ_value
MAOB,liver,-1.439294050983864,LIHC,1,background_organ_value
MAOB,lung,-0.16289292330769367,LUAD;LUSC,2,background_organ_value
MAOB,prostate,-0.08010220043058254,PRAD,1,background_organ_value
MAOB,liver,-0.06195030255862453,LIHC,1,background_organ_value
MAOB,esophagus,-0.20614088017891455,ESCA,1,background_organ_value
MAOB,kidney,-0.33331582400094967,KICH;KIRC;KIRP,3,background_organ_value
MAOB,colon,1.3401915211330435,COAD,1,background_organ_value
MAOB,lung,1.0563968941465505,LUAD;LUSC,2,background_organ_value
MAOB,stomach,0.984134642144414,STAD,1,background_organ_value
MAOB,thyroid,0.6538198631101353,THCA,1,background_organ_value
MAOB,colon,-0.0754997712795898,COAD,1,background_organ_value
MAOB,esophagus,-0.3107655862573318,ESCA,1,background_organ_value
MAOB,kidney,-0.5167987332185414,KICH;KIRC;KIRP,3,background_organ_value
MAOB,prostate,0.09855487512234276,PRAD,1,background_organ_value
MAOB,stomach,-0.05608925252241336,STAD,1,background_organ_value
MAOB,liver,0.3645886419352362,LIHC,1,background_organ_value
MAOB,prostate,0.3732225500288355,PRAD,1,background_organ_value
MAOB,liver,-0.46541642451954424,LIHC,1,background_organ_value
MAOB,liver,0.08543052304785793,LIHC,1,background_organ_value
MAOB,colon,0.26474515046279445,COAD,1,background_organ_value
MAOB,kidney,-0.7283187771088966,KICH;KIRP,2,background_organ_value
MAOB,liver,-0.6315016085188386,LIHC,1,background_organ_value
MAOB,esophagus,-0.7018338895080072,ESCA,1,background_organ_value
MAOB,liver,0.1110061939443957,LIHC,1,background_organ_value
MAOB,breast,0.5707020440174643,BRCA,1,background_organ_value
MAOB,kidney,0.36512202060030263,KICH;KIRC;KIRP,3,background_organ_value
MAOB,prostate,0.11511020219450056,PRAD,1,background_organ_value
MAOB,breast,-2.0614584972313943,BRCA,1,background_organ_value
MAOB,colon,0.19272201882596832,COAD,1,background_organ_value
MAOB,prostate,-0.24413661604320497,PRAD,1,background_organ_value
MAOB,liver,-0.7451010480639142,LIHC,1,background_organ_value
MAOB,liver,-0.29132207893610274,LIHC,1,background_organ_value
MAOB,stomach,1.0510572892337158,STAD,1,background_organ_value
MAOB,thyroid,0.9347506059677796,THCA,1,background_organ_value
MAOB,lung,0.4459687446501739,LUAD,1,background_organ_value
MAOB,breast,-0.47904474997139423,BRCA,1,background_organ_value
MAOB,kidney,-0.33457084445720064,KICH;KIRC;KIRP,3,background_organ_value
MAOB,prostate,-0.29441145400807966,PRAD,1,background_organ_value
MAOB,colon,-1.0392346855395342,COAD,1,background_organ_value
MAOB,esophagus,-1.241947923762802,ESCA,1,background_organ_value
MAOB,liver,-1.0748541269601644,LIHC,1,background_organ_value
MAOB,breast,-0.4557233421521137,BRCA,1,background_organ_value
MAOB,kidney,-0.4787559369522832,KICH;KIRC;KIRP,3,background_organ_value
MAOB,liver,-0.34665351257960003,LIHC,1,background_organ_value
MAOB,breast,-0.2513715959718738,BRCA,1,background_organ_value
MAOB,esophagus,-0.38024471470311944,ESCA,1,background_organ_value
MAOB,lung,0.09111990570997235,LUAD;LUSC,2,background_organ_value
MAOB,prostate,-0.18676500376782285,PRAD,1,background_organ_value
MAOB,stomach,-0.14750812090113,STAD,1,background_organ_value
MAOB,liver,0.04301537594320065,LIHC,1,background_organ_value
MAOB,colon,0.4013437708790816,COAD,1,background_organ_value
MAOB,kidney,0.08353241232955533,KICH;KIRC;KIRP,3,background_organ_value
MAOB,lung,0.07084733821866225,LUAD;LUSC,2,background_organ_value
MAOB,prostate,0.043195610289458,PRAD,1,background_organ_value
MAOB,stomach,0.1684733970475044,STAD,1,background_organ_value
MAOB,colon,-0.46587357991823974,COAD,1,background_organ_value
MAOB,esophagus,-0.9915297972269604,ESCA,1,background_organ_value
MAOB,lung,-1.3089983118894808,LUAD,1,background_organ_value
MAOB,esophagus,0.06955200404676276,ESCA,1,background_organ_value
MAOB,breast,-1.2402217436763898,BRCA,1,background_organ_value
MAOB,kidney,-0.3112462701430457,KICH;KIRC;KIRP,3,background_organ_value
MAOB,liver,-1.6675056215392905,LIHC,1,background_organ_value
MAOB,prostate,-0.9325603260236176,PRAD,1,background_organ_value
MAOB,breast,-0.35668730075415134,BRCA,1,background_organ_value
MAOB,colon,-0.29700981707293533,COAD,1,background_organ_value
MAOB,esophagus,-0.583254867107767,ESCA,1,background_organ_value
MAOB,lung,-0.6643837202554511,LUAD;LUSC,2,background_organ_value
MAOB,prostate,-0.09334933859000816,PRAD,1,background_organ_value
MAOB,stomach,-0.34189258329434774,STAD,1,background_organ_value
MAOB,breast,-0.46149501444153945,BRCA,1,background_organ_value
MAOB,kidney,-0.14650336769138841,KIRC;KIRP,2,background_organ_value
MAOB,liver,-0.3351134340134517,LIHC,1,background_organ_value
MAOB,breast,0.8878666021613566,BRCA,1,background_organ_value
MAOB,kidney,0.3383055113392909,KIRC;KIRP,2,background_organ_value
MAOB,liver,0.54760953376757,LIHC,1,background_organ_value
MAOB,kidney,-0.09586018590403857,KICH;KIRC;KIRP,3,background_organ_value
MAOB,stomach,-0.8989789516551288,STAD,1,background_organ_value
MAOB,thyroid,1.5263091820931285,THCA,1,background_organ_value
MAOB,breast,0.39597833174321434,BRCA,1,background_organ_value
MAOB,lung,0.2430127877165415,LUAD;LUSC,2,background_organ_value
MAOB,stomach,0.2406717097894038,STAD,1,background_organ_value
MAOB,esophagus,-0.35562828949244846,ESCA,1,background_organ_value
MAOB,lung,-0.9830741448926181,LUAD;LUSC,2,background_organ_value
MAOB,prostate,-1.325120562361744,PRAD,1,background_organ_value
MAOB,stomach,-0.48277117121502267,STAD,1,background_organ_value
MAOB,breast,-0.2153105783639601,BRCA,1,background_organ_value
MAOB,liver,-0.8684022437775917,LIHC,1,background_organ_value
MAOB,lung,0.008798844679951387,LUAD;LUSC,2,background_organ_value
MAOB,esophagus,-1.6349678129325786,ESCA,1,background_organ_value
MAOB,kidney,-1.0587989123497918,KICH;KIRC;KIRP,3,background_organ_value
MAOB,liver,-1.208566824511811,LIHC,1,background_organ_value
MAOB,prostate,-0.24966832791665272,PRAD,1,background_organ_value
MAOB,breast,-0.9361386535855,BRCA,1,background_organ_value
MAOB,colon,0.4845190182320376,COAD,1,background_organ_value
MAOB,stomach,-0.08808342011142828,STAD,1,background_organ_value
MAOB,thyroid,0.33672893039030893,THCA,1,background_organ_value
MAOB,breast,-0.08115714032415988,BRCA,1,background_organ_value
MAOB,colon,0.9319454807624362,COAD,1,background_organ_value
MAOB,esophagus,0.02453921924009064,ESCA,1,background_organ_value
MAOB,prostate,0.05589430905734242,PRAD,1,background_organ_value
MAOB,stomach,0.26209573533243125,STAD,1,background_organ_value
MAOB,breast,0.7635802057183633,BRCA,1,background_organ_value
MAOB,kidney,-0.25773055608131007,KICH;KIRC;KIRP,3,background_organ_value
MAOB,stomach,0.7684168312608338,STAD,1,background_organ_value
MAOB,breast,0.33725414857186203,BRCA,1,background_organ_value
MAOB,esophagus,0.3670607488820937,ESCA,1,background_organ_value
MAOB,kidney,0.07922498596913151,KICH;KIRC;KIRP,3,background_organ_value
MAOB,liver,-0.4419504296213472,LIHC,1,background_organ_value
MAOB,lung,0.7214458333063938,LUSC,1,background_organ_value
MAOB,prostate,0.32291149455994617,PRAD,1,background_organ_value
MAOB,esophagus,-0.5079301181754912,ESCA,1,background_organ_value
MAOB,colon,0.965424867201547,COAD,1,background_organ_value
MAOB,kidney,-0.1796351861623891,KICH;KIRC;KIRP,3,background_organ_value
MAOB,lung,0.49180281480108123,LUAD;LUSC,2,background_organ_value
MAOB,prostate,0.12600873133332088,PRAD,1,background_organ_value
MAOB,breast,0.6243132557103993,BRCA,1,background_organ_value
MAOB,kidney,-0.05245543647955785,KICH;KIRC;KIRP,3,background_organ_value
MAOB,liver,0.01014584275520281,LIHC,1,background_organ_value
MAOB,prostate,0.1901342249739262,PRAD,1,background_organ_value
MAOB,esophagus,0.1826664119654835,ESCA,1,background_organ_value
MAOB,kidney,0.266313254922786,KICH;KIRC;KIRP,3,background_organ_value
MAOB,liver,-0.18550997294723456,LIHC,1,background_organ_value
MAOB,colon,0.07058585115453915,COAD,1,background_organ_value
MAOB,lung,0.31274895375198153,LUAD;LUSC,2,background_organ_value
MAOB,stomach,0.4832878927440852,STAD,1,background_organ_value
MAOB,esophagus,0.3151557978437654,ESCA,1,background_organ_value
MAOB,stomach,0.17475715887090182,STAD,1,background_organ_value
MAOB,liver,-0.5044109695156882,LIHC,1,background_organ_value
MAOB,liver,0.00953899617702118,LIHC,1,background_organ_value
MAOB,liver,-0.7407745438254179,LIHC,1,background_organ_value
MAOB,breast,0.04046417346705452,BRCA,1,background_organ_value
MAOB,lung,0.1857340826068895,LUAD;LUSC,2,background_organ_value
MAOB,prostate,-0.14129447269730963,PRAD,1,background_organ_value
MAOB,stomach,-0.28994210751247773,STAD,1,background_organ_value
MAOB,breast,-0.08311330307844922,BRCA,1,background_organ_value
MAOB,kidney,0.6879737644218322,KICH;KIRC;KIRP,3,background_organ_value
MAOB,prostate,-0.47845768708364145,PRAD,1,background_organ_value
MAOB,breast,-0.16592756403625888,BRCA,1,background_organ_value
MAOB,colon,-0.189124209908474,COAD,1,background_organ_value
MAOB,esophagus,-0.45985762127886726,ESCA,1,background_organ_value
MAOB,kidney,-0.9396500085654756,KICH;KIRC;KIRP,3,background_organ_value
MAOB,lung,0.24038578003149913,LUAD;LUSC,2,background_organ_value
MAOB,prostate,0.12900381550399767,PRAD,1,background_organ_value
MAOB,stomach,-0.4641101560759731,STAD,1,background_organ_value
MAOB,liver,-0.9726327723930276,LIHC,1,background_organ_value
MAOB,liver,-2.0337245145520852,LIHC,1,background_organ_value
MAOB,breast,-1.1396013280532566,BRCA,1,background_organ_value
MAOB,esophagus,0.0364515353379585,ESCA,1,background_organ_value
MAOB,stomach,-0.4295391716390744,STAD,1,background_organ_value
MAOB,thyroid,-0.17034445488118474,THCA,1,background_organ_value
MAOB,liver,0.14397707280454508,LIHC,1,background_organ_value
MAOB,colon,0.6024801088557192,COAD,1,background_organ_value
MAOB,esophagus,0.04319839534937732,ESCA,1,background_organ_value
MAOB,stomach,-0.14562462060492906,STAD,1,background_organ_value
MAOB,kidney,-0.4515750735721952,KICH;KIRC;KIRP,3,background_organ_value
MAOB,lung,0.2803462458420708,LUAD;LUSC,2,background_organ_value
MAOB,prostate,0.27390681529275934,PRAD,1,background_organ_value
MAOB,lung,-1.9548154796420616,LUSC,1,background_organ_value
MAOB,thyroid,-0.14569320271581448,THCA,1,background_organ_value
MAOB,colon,-0.13230597437281885,COAD,1,background_organ_value
MAOB,liver,-0.770585831978423,LIHC,1,background_organ_value
MAOB,thyroid,-0.00992279096988088,THCA,1,background_organ_value
MAOB,breast,-0.8549322705344881,BRCA,1,background_organ_value
MAOB,esophagus,-1.083133883354323,ESCA,1,background_organ_value
MAOB,lung,-0.01992451664290701,LUAD;LUSC,2,background_organ_value
MAOB,prostate,-0.40125537738791867,PRAD,1,background_organ_value
MAOB,stomach,-1.2162692906538377,STAD,1,background_organ_value
MAOB,colon,-0.8306434675653704,COAD,1,background_organ_value
MAOB,esophagus,-0.10692202365689098,ESCA,1,background_organ_value
MAOB,liver,-1.1959348749999514,LIHC,1,background_organ_value
MAOB,lung,-0.6864874171800528,LUAD;LUSC,2,background_organ_value
MAOB,thyroid,0.7337916687659758,THCA,1,background_organ_value
MAOB,colon,-0.7980159028060207,COAD,1,background_organ_value
MAOB,liver,-1.3563549335338028,LIHC,1,background_organ_value
MAOB,prostate,-0.20315457682782984,PRAD,1,background_organ_value
MAOB,stomach,-0.0664233181924161,STAD,1,background_organ_value
MAOB,liver,-1.889428676483133,LIHC,1,background_organ_value
MAOB,liver,-1.807297866577882,LIHC,1,background_organ_value
MAOB,colon,0.2311864601819649,COAD,1,background_organ_value
MAOB,lung,-0.02811805869353927,LUAD;LUSC,2,background_organ_value
MAOB,stomach,0.0200628822259969,STAD,1,background_organ_value
MAOB,liver,-0.8441472666606284,LIHC,1,background_organ_value
MAOB,thyroid,-0.4745289632103965,THCA,1,background_organ_value
MAOB,breast,0.14139179890996975,BRCA,1,background_organ_value
MAOB,colon,-0.05082363604691839,COAD,1,background_organ_value
MAOB,lung,-0.37053293442581936,LUAD;LUSC,2,background_organ_value
MAOB,prostate,-0.4470443942167692,PRAD,1,background_organ_value
MAOB,stomach,0.03125862579313052,STAD,1,background_organ_value
MAOB,kidney,0.25601256072324524,KICH;KIRC;KIRP,3,background_organ_value
MAOB,lung,0.4506876285911897,LUAD;LUSC,2,background_organ_value
MAOB,prostate,-0.28230606564228083,PRAD,1,background_organ_value
MAOB,stomach,0.7506584177590507,STAD,1,background_organ_value
MAOB,colon,0.15700758192114636,COAD,1,background_organ_value
MAOB,esophagus,-0.35905224127004454,ESCA,1,background_organ_value
MAOB,lung,-0.11096515494665862,LUAD;LUSC,2,background_organ_value
MAOB,prostate,0.3584974000043706,PRAD,1,background_organ_value
MAOB,stomach,-0.39142233302557605,STAD,1,background_organ_value
MAOB,liver,0.2256954968618882,LIHC,1,background_organ_value
MAOB,lung,0.11921058413016473,LUAD;LUSC,2,background_organ_value
MAOB,prostate,0.2925810529234768,PRAD,1,background_organ_value
MAOB,liver,-2.8880200017654003,LIHC,1,background_organ_value
MAOB,liver,-0.24747078576720227,LIHC,1,background_organ_value
MAOB,colon,0.09848131304468796,COAD,1,background_organ_value
MAOB,esophagus,-0.470301445625064,ESCA,1,background_organ_value
MAOB,lung,-0.2755159621530435,LUAD;LUSC,2,background_organ_value
MAOB,stomach,-0.41884786080749975,STAD,1,background_organ_value
MAOB,breast,-0.19668983980436164,BRCA,1,background_organ_value
MAOB,colon,1.2892781949436165,COAD,1,background_organ_value
MAOB,kidney,1.5125566747617682,KICH;KIRC;KIRP,3,background_organ_value
MAOB,liver,-0.5478605368455794,LIHC,1,background_organ_value
MAOB,breast,-0.5779836799221622,BRCA,1,background_organ_value
MAOB,colon,-0.6757800190020699,COAD,1,background_organ_value
MAOB,esophagus,-0.06443922677933409,ESCA,1,background_organ_value
MAOB,kidney,0.04422659643632375,KICH;KIRC;KIRP,3,background_organ_value
MAOB,liver,-0.8021110096792439,LIHC,1,background_organ_value
MAOB,stomach,-0.22453623844501325,STAD,1,background_organ_value
MAOB,stomach,-0.02130713387267245,STAD,1,background_organ_value
MAOB,thyroid,0.3681918503444631,THCA,1,background_organ_value
MAOB,liver,-1.954332061657859,LIHC,1,background_organ_value
MAOB,kidney,-0.10095055357713316,KICH;KIRC;KIRP,3,background_organ_value
MAOB,liver,0.16861597096220282,LIHC,1,background_organ_value
MAOB,lung,0.823607555665602,LUAD;LUSC,2,background_organ_value
MAOB,prostate,0.7750487745910336,PRAD,1,background_organ_value
MAOB,esophagus,0.1351484466077132,ESCA,1,background_organ_value
MAOB,liver,-0.05701546686890754,LIHC,1,background_organ_value
MAOB,breast,-0.5510184419014145,BRCA,1,background_organ_value
MAOB,esophagus,0.08101389450727586,ESCA,1,background_organ_value
MAOB,kidney,0.2387776906392153,KICH;KIRC;KIRP,3,background_organ_value
MAOB,liver,-0.17986086302301907,LIHC,1,background_organ_value
MAOB,lung,0.2870070093502267,LUAD;LUSC,2,background_organ_value
MAOB,prostate,0.3520344334368059,PRAD,1,background_organ_value
MAOB,breast,-0.33393156350601544,BRCA,1,background_organ_value
MAOB,breast,-0.7719174941446734,BRCA,1,background_organ_value
MAOB,colon,-0.436350401842205,COAD,1,background_organ_value
MAOB,esophagus,-0.17622323620325347,ESCA,1,background_organ_value
MAOB,kidney,-0.9942537461580876,KICH;KIRC;KIRP,3,background_organ_value
MAOB,prostate,-0.9368424409286632,PRAD,1,background_organ_value
MAOB,breast,0.10902572373461236,BRCA,1,background_organ_value
MAOB,esophagus,-0.5028057209186686,ESCA,1,background_organ_value
MAOB,lung,-0.3509720546869239,LUAD;LUSC,2,background_organ_value
MAOB,prostate,-0.36238905148187983,PRAD,1,background_organ_value
MAOB,stomach,-0.5121704344946593,STAD,1,background_organ_value
MAOB,esophagus,0.2554035306902266,ESCA,1,background_organ_value
MAOB,breast,-1.0418472112792851,BRCA,1,background_organ_value
MAOB,colon,-0.6571901023619847,COAD,1,background_organ_value
MAOB,esophagus,-1.1498948595902792,ESCA,1,background_organ_value
MAOB,kidney,-0.9682976202812568,KICH;KIRC;KIRP,3,background_organ_value
MAOB,liver,-1.171850360132112,LIHC,1,background_organ_value
MAOB,lung,-0.5630727045983872,LUAD;LUSC,2,background_organ_value
MAOB,thyroid,-0.483492360164999,THCA,1,background_organ_value
MAOB,kidney,-1.1756422443172534,KIRC;KIRP,2,background_organ_value
MAOB,liver,-1.5621190347332947,LIHC,1,background_organ_value
MAOB,prostate,-0.3786168996050129,PRAD,1,background_organ_value
MAOB,colon,0.22441764306442127,COAD,1,background_organ_value
MAOB,kidney,-0.5987110232372532,KICH,1,background_organ_value
MAOB,lung,0.25219983040620453,LUAD;LUSC,2,background_organ_value
MAOB,stomach,0.24287318798838092,STAD,1,background_organ_value
MAOB,thyroid,0.5784359538525844,THCA,1,background_organ_value
MAOB,breast,0.3240239178252334,BRCA,1,background_organ_value
MAOB,kidney,0.03856726129116362,KICH;KIRC;KIRP,3,background_organ_value
MAOB,prostate,0.03845673688613556,PRAD,1,background_organ_value
MAOB,liver,-0.6934698543697679,LIHC,1,background_organ_value
MAOB,stomach,0.11711864238844574,STAD,1,background_organ_value
MAOB,esophagus,0.20029292616669603,ESCA,1,background_organ_value
MAOB,lung,0.8760542714165639,LUAD;LUSC,2,background_organ_value
MAOB,colon,-0.8749319248639152,COAD,1,background_organ_value
MAOB,breast,0.989103245057797,BRCA,1,background_organ_value
MAOB,kidney,0.17499754744786586,KICH;KIRC;KIRP,3,background_organ_value
MAOB,liver,0.5147994540961481,LIHC,1,background_organ_value
MAOB,prostate,0.30571894882333855,PRAD,1,background_organ_value
MAOB,colon,-0.7406244969886959,COAD,1,background_organ_value
MAOB,kidney,-1.0533261806175005,KICH;KIRC;KIRP,3,background_organ_value
MAOB,liver,-0.15013697381652308,LIHC,1,background_organ_value
MAOB,prostate,-0.13264064267623876,PRAD,1,background_organ_value
MAOB,stomach,-0.5363595589109752,STAD,1,background_organ_value
MAOB,liver,0.104967599520584,LIHC,1,background_organ_value
MAOB,breast,-0.5818116944715682,BRCA,1,background_organ_value
MAOB,colon,-0.903443799895424,COAD,1,background_organ_value
MAOB,kidney,-0.06131096389556601,KICH;KIRC;KIRP,3,background_organ_value
MAOB,liver,-0.8302021649059369,LIHC,1,background_organ_value
MAOB,lung,-0.48660747952915784,LUAD;LUSC,2,background_organ_value
MAOB,prostate,-0.13886696536954485,PRAD,1,background_organ_value
MAOB,stomach,0.12243920841518864,STAD,1,background_organ_value
MAOB,thyroid,-0.03259479582847186,THCA,1,background_organ_value
MAOB,breast,1.0342030016680817,BRCA,1,background_organ_value
MAOB,colon,0.9452369768299858,COAD,1,background_organ_value
MAOB,kidney,0.49590831611501374,KICH;KIRC;KIRP,3,background_organ_value
MAOB,lung,1.0559251059187367,LUAD;LUSC,2,background_organ_value
MAOB,prostate,0.27020411776587694,PRAD,1,background_organ_value
MAOB,stomach,0.8491983060699239,STAD,1,background_organ_value
MAOB,breast,-0.02464315139674297,BRCA,1,background_organ_value
MAOB,colon,0.6232387979524118,COAD,1,background_organ_value
MAOB,esophagus,0.19197208626909895,ESCA,1,background_organ_value
MAOB,kidney,0.3325369829099896,KICH;KIRC;KIRP,3,background_organ_value
MAOB,lung,0.2931752175097469,LUAD;LUSC,2,background_organ_value
MAOB,prostate,-0.2002214521489044,PRAD,1,background_organ_value
MAOB,colon,-0.05031827451475579,COAD,1,background_organ_value
MAOB,esophagus,-0.3845407895503205,ESCA,1,background_organ_value
MAOB,breast,-1.307004288412884,BRCA,1,background_organ_value
MAOB,esophagus,-0.770184769369683,ESCA,1,background_organ_value
MAOB,kidney,-0.619435028414396,KICH;KIRC;KIRP,3,background_organ_value
MAOB,liver,-0.7201165679332416,LIHC,1,background_organ_value
MAOB,kidney,-0.11885703535492202,KICH;KIRC;KIRP,3,background_organ_value
MAOB,liver,-0.24061505440448153,LIHC,1,background_organ_value
MAOB,esophagus,-0.9396273066916794,ESCA,1,background_organ_value
MAOB,liver,-0.9265176170609544,LIHC,1,background_organ_value
MAOB,thyroid,0.8292849945719482,THCA,1,background_organ_value
MAOB,esophagus,-0.9711437378864556,ESCA,1,background_organ_value
MAOB,liver,-1.9558364103810928,LIHC,1,background_organ_value
MAOB,lung,-0.6946787559209165,LUAD;LUSC,2,background_organ_value
MAOB,breast,-1.3455853211759554,BRCA,1,background_organ_value
MAOB,liver,-0.2474573325401686,LIHC,1,background_organ_value
MAOB,breast,0.6871807101657519,BRCA,1,background_organ_value
MAOB,colon,1.4457450950202575,COAD,1,background_organ_value
MAOB,esophagus,0.20842743471446895,ESCA,1,background_organ_value
MAOB,liver,-0.5475723153180777,LIHC,1,background_organ_value
MAOB,lung,1.2730923570719361,LUAD;LUSC,2,background_organ_value
MAOB,prostate,0.7331475294877463,PRAD,1,background_organ_value
MAOB,colon,1.2380840492955725,COAD,1,background_organ_value
MAOB,esophagus,0.3554534246283176,ESCA,1,background_organ_value
MAOB,breast,0.8162792814085577,BRCA,1,background_organ_value
MAOB,esophagus,0.25454351722371565,ESCA,1,background_organ_value
MAOB,kidney,0.16103481499542288,KICH;KIRC;KIRP,3,background_organ_value
MAOB,lung,0.16473139753255764,LUAD;LUSC,2,background_organ_value
MAOB,prostate,-0.09319742604565252,PRAD,1,background_organ_value
MAOB,colon,1.0249852023494082,COAD,1,background_organ_value
MAOB,liver,-0.8020913495306463,LIHC,1,background_organ_value
MAOB,breast,-0.6905512195241456,BRCA,1,background_organ_value
MAOB,esophagus,-0.12985682064900583,ESCA,1,background_organ_value
MAOB,kidney,-0.0576351335503402,KICH;KIRC;KIRP,3,background_organ_value
MAOB,lung,-0.2929383638771798,LUAD;LUSC,2,background_organ_value
MAOB,stomach,-0.19542994578796688,STAD,1,background_organ_value
MAOB,esophagus,-0.2025143947744615,ESCA,1,background_organ_value
MAOB,kidney,-1.490591471660801,KICH;KIRC;KIRP,3,background_organ_value
MAOB,colon,1.1552734581799198,COAD,1,background_organ_value
MAOB,liver,-0.5494621986716033,LIHC,1,background_organ_value
MAOB,prostate,0.22569967985394188,PRAD,1,background_organ_value
MAOB,stomach,-0.06059142640536912,STAD,1,background_organ_value
MAOB,breast,0.7331406799251413,BRCA,1,background_organ_value
MAOB,esophagus,0.8672135117520469,ESCA,1,background_organ_value
MAOB,breast,-0.15459937499972665,BRCA,1,background_organ_value
MAOB,colon,0.03460343672100865,COAD,1,background_organ_value
MAOB,kidney,-0.8392017516786834,KICH;KIRC;KIRP,3,background_organ_value
MAOB,lung,-0.11197762259760573,LUAD;LUSC,2,background_organ_value
MAOB,breast,0.8725552897597377,BRCA,1,background_organ_value
MAOB,kidney,0.2634008857858107,KICH;KIRC;KIRP,3,background_organ_value
MAOB,liver,0.14356699382246835,LIHC,1,background_organ_value
MAOB,thyroid,-0.1658613207455163,THCA,1,background_organ_value
MAOB,liver,0.6955134836539846,LIHC,1,background_organ_value
MAOB,stomach,0.48325936629214034,STAD,1,background_organ_value
MAOB,colon,0.27692269510486506,COAD,1,background_organ_value
MAOB,lung,0.14016812493910707,LUAD;LUSC,2,background_organ_value
MAOB,breast,-0.3828374448235511,BRCA,1,background_organ_value
MAOB,colon,-0.2570783700459461,COAD,1,background_organ_value
MAOB,esophagus,-0.6856722559958068,ESCA,1,background_organ_value
MAOB,kidney,0.19898325363067948,KICH;KIRC;KIRP,3,background_organ_value
MAOB,lung,-0.8975454720433282,LUAD;LUSC,2,background_organ_value
MAOB,prostate,0.3868987964250067,PRAD,1,background_organ_value
MAOB,colon,1.8100397663448269,COAD,1,background_organ_value
MAOB,kidney,0.7534915463613225,KICH;KIRC;KIRP,3,background_organ_value
MAOB,liver,-0.13805079430900985,LIHC,1,background_organ_value
MAOB,lung,1.2052001875626983,LUAD;LUSC,2,background_organ_value
MAOB,breast,0.3902139302572284,BRCA,1,background_organ_value
MAOB,esophagus,0.3981313293791698,ESCA,1,background_organ_value
MAOB,kidney,0.17834134451431227,KICH;KIRC;KIRP,3,background_organ_value
MAOB,lung,-0.01038731541556821,LUAD;LUSC,2,background_organ_value
MAOB,prostate,0.2184139074925575,PRAD,1,background_organ_value
MAOB,breast,-0.3624413071812239,BRCA,1,background_organ_value
MAOB,esophagus,-0.9823867035957006,ESCA,1,background_organ_value
MAOB,kidney,-0.7017218731440973,KICH;KIRC;KIRP,3,background_organ_value
MAOB,lung,0.2945351645982802,LUAD;LUSC,2,background_organ_value
MAOB,esophagus,-0.03513869722744114,ESCA,1,background_organ_value
MAOB,stomach,-0.1721080933334224,STAD,1,background_organ_value
MAOB,colon,0.8902801350671542,COAD,1,background_organ_value
MAOB,esophagus,-0.2214330248108555,ESCA,1,background_organ_value
MAOB,lung,-0.7105244969001949,LUAD;LUSC,2,background_organ_value
MAOB,breast,-0.29168873766567,BRCA,1,background_organ_value
MAOB,colon,0.2929652750447483,COAD,1,background_organ_value
MAOB,esophagus,-0.27718165355156626,ESCA,1,background_organ_value
MAOB,kidney,0.13817821145424602,KICH;KIRC;KIRP,3,background_organ_value
MAOB,liver,-0.5493223544948611,LIHC,1,background_organ_value
MAOB,lung,0.33729382790746626,LUAD;LUSC,2,background_organ_value
MAOB,breast,0.8592378989477665,BRCA,1,background_organ_value
MAOB,stomach,0.551419925462783,STAD,1,background_organ_value
MAOB,breast,0.427935091767295,BRCA,1,background_organ_value
MAOB,liver,-1.377140349676761,LIHC,1,background_organ_value
MAOB,prostate,-0.6798929343559718,PRAD,1,background_organ_value
MAOB,stomach,0.22750095952795113,STAD,1,background_organ_value
MAOB,breast,0.7274101784674375,BRCA,1,background_organ_value
MAOB,breast,-0.10005263654714336,BRCA,1,background_organ_value
MAOB,colon,1.031868798585233,COAD,1,background_organ_value
MAOB,esophagus,0.5996486734828304,ESCA,1,background_organ_value
MAOB,kidney,0.4903485998800426,KICH;KIRC;KIRP,3,background_organ_value
MAOB,lung,0.09384686631929745,LUAD;LUSC,2,background_organ_value
MAOB,prostate,0.12152162595921052,PRAD,1,background_organ_value
MAOB,stomach,0.30729274853852423,STAD,1,background_organ_value
MAOB,liver,-0.368382312760214,LIHC,1,background_organ_value
MAOB,breast,0.8974116934705906,BRCA,1,background_organ_value
MAOB,colon,1.3891881587462398,COAD,1,background_organ_value
MAOB,esophagus,0.7992665809455917,ESCA,1,background_organ_value
MAOB,kidney,-0.12342240695911964,KICH;KIRC;KIRP,3,background_organ_value
MAOB,lung,1.1181274442366727,LUAD;LUSC,2,background_organ_value
MAOB,prostate,0.15864129010762515,PRAD,1,background_organ_value
MAOB,stomach,0.833044454120545,STAD,1,background_organ_value
MAOB,breast,0.4528789471043553,BRCA,1,background_organ_value
MAOB,colon,1.467524457882064,COAD,1,background_organ_value
MAOB,esophagus,1.8883545109750113,ESCA,1,background_organ_value
MAOB,lung,0.4308444961415552,LUAD;LUSC,2,background_organ_value
MAOB,stomach,2.0225131269223895,STAD,1,background_organ_value
MAOB,breast,0.4151774317760014,BRCA,1,background_organ_value
MAOB,colon,0.8470305111501918,COAD,1,background_organ_value
MAOB,kidney,-0.06731107951670301,KICH;KIRC;KIRP,3,background_organ_value
MAOB,liver,-0.18667646272859087,LIHC,1,background_organ_value
MAOB,lung,0.011439951206307461,LUAD;LUSC,2,background_organ_value
MAOB,prostate,-0.07174033007315278,PRAD,1,background_organ_value
MAOB,stomach,0.6673994714297041,STAD,1,background_organ_value
MAOB,liver,-0.6412541468209519,LIHC,1,background_organ_value
MAOB,stomach,-0.347158283574966,STAD,1,background_organ_value
MAOB,breast,-0.15299454170349622,BRCA,1,background_organ_value
MAOB,kidney,0.2898475893749989,KICH;KIRC;KIRP,3,background_organ_value
MAOB,lung,0.00756337595421358,LUSC,1,background_organ_value
MAOB,prostate,0.3911682964166508,PRAD,1,background_organ_value
MAOB,colon,0.6371071812486506,COAD,1,background_organ_value
MAOB,esophagus,0.5940015139654758,ESCA,1,background_organ_value
MAOB,kidney,0.22778243888870828,KICH;KIRC;KIRP,3,background_organ_value
MAOB,lung,0.771340132809456,LUAD;LUSC,2,background_organ_value
MAOB,prostate,0.06173765208366308,PRAD,1,background_organ_value
MAOB,breast,-0.09438419352992188,BRCA,1,background_organ_value
MAOB,kidney,-0.1128979997183275,KICH;KIRC;KIRP,3,background_organ_value
MAOB,colon,-1.775661309458685,COAD,1,background_organ_value
MAOB,esophagus,-1.1617273011521303,ESCA,1,background_organ_value
MAOB,liver,-0.4799179590404979,LIHC,1,background_organ_value
MAOB,breast,-0.02736048143350737,BRCA,1,background_organ_value
MAOB,colon,0.16634227183515088,COAD,1,background_organ_value
MAOB,esophagus,0.04934847722720389,ESCA,1,background_organ_value
MAOB,kidney,-0.2503082955753478,KICH;KIRC;KIRP,3,background_organ_value
MAOB,liver,0.34938519483416597,LIHC,1,background_organ_value
MAOB,lung,0.16268091719585054,LUAD;LUSC,2,background_organ_value
MAOB,prostate,0.03439424005883913,PRAD,1,background_organ_value
MAOB,colon,0.325179707622034,COAD,1,background_organ_value
MAOB,esophagus,0.3131078221971086,ESCA,1,background_organ_value
MAOB,kidney,-0.05034683351633956,KICH;KIRC,2,background_organ_value
MAOB,lung,0.6118208769788422,LUAD;LUSC,2,background_organ_value
MAOB,prostate,-0.09908161534435744,PRAD,1,background_organ_value
MAOB,breast,-0.2611903958961177,BRCA,1,background_organ_value
MAOB,esophagus,-0.12382994519534854,ESCA,1,background_organ_value
MAOB,kidney,0.9607210284459432,KICH;KIRC;KIRP,3,background_organ_value
MAOB,liver,-0.32315212128796655,LIHC,1,background_organ_value
MAOB,prostate,-0.5484505591222536,PRAD,1,background_organ_value
MAOB,breast,0.4840895312896072,BRCA,1,background_organ_value
MAOB,breast,0.20798469190758384,BRCA,1,background_organ_value
MAOB,colon,0.23916194181085573,COAD,1,background_organ_value
MAOB,lung,0.39566426123462933,LUAD;LUSC,2,background_organ_value
MAOB,stomach,0.31666554162893895,STAD,1,background_organ_value
MAOB,breast,0.1668677048590475,BRCA,1,background_organ_value
MAOB,esophagus,0.48283634063571046,ESCA,1,background_organ_value
MAOB,kidney,0.06421482331545127,KICH;KIRC;KIRP,3,background_organ_value
MAOB,lung,0.6844513953367586,LUAD;LUSC,2,background_organ_value
MAOB,prostate,-0.22623699620182527,PRAD,1,background_organ_value
MAOB,stomach,0.4060594146670261,STAD,1,background_organ_value
MAOB,breast,0.3433892259835392,BRCA,1,background_organ_value
MAOB,esophagus,0.01354911176979302,ESCA,1,background_organ_value
MAOB,kidney,-0.4266254398370653,KICH;KIRC;KIRP,3,background_organ_value
MAOB,prostate,0.2435693598418498,PRAD,1,background_organ_value
MAOB,breast,0.01776851702930713,BRCA,1,background_organ_value
MAOB,kidney,0.07015844596709386,KICH;KIRC;KIRP,3,background_organ_value
MAOB,lung,0.3664972213646639,LUAD;LUSC,2,background_organ_value
MAOB,prostate,0.13602413201044838,PRAD,1,background_organ_value
MAOB,breast,-0.5830045093726248,BRCA,1,background_organ_value
MAOB,colon,0.26385873647524094,COAD,1,background_organ_value
MAOB,kidney,-0.31348295831776263,KICH;KIRC;KIRP,3,background_organ_value
MAOB,prostate,-0.3178190724807674,PRAD,1,background_organ_value
MAOB,stomach,-0.7101539111583215,STAD,1,background_organ_value
MAOB,esophagus,-0.2714249381665841,ESCA,1,background_organ_value
MAOB,kidney,0.14603930079779057,KICH;KIRC;KIRP,3,background_organ_value
MAOB,liver,-1.3718870943616517,LIHC,1,background_organ_value
MAOB,lung,0.8093852653850446,LUAD;LUSC,2,background_organ_value
MAOB,prostate,-0.06151417315661636,PRAD,1,background_organ_value
MAOB,lung,-0.3496183548329024,LUAD;LUSC,2,background_organ_value
MAOB,stomach,0.09715064037641875,STAD,1,background_organ_value
MAOB,liver,0.4414162399925072,LIHC,1,background_organ_value
MAOB,kidney,0.5016721298911382,KICH;KIRC;KIRP,3,background_organ_value
MAOB,lung,0.5434917991936601,LUAD;LUSC,2,background_organ_value
MAOB,prostate,-0.14203952025736027,PRAD,1,background_organ_value
MAOB,stomach,0.4815079556380263,STAD,1,background_organ_value
MAOB,esophagus,-1.0174083459335712,ESCA,1,background_organ_value
MAOB,kidney,0.3186120619412729,KICH;KIRC;KIRP,3,background_organ_value
MAOB,lung,-0.5800034209695819,LUAD;LUSC,2,background_organ_value
MAOB,prostate,-0.15467760414791668,PRAD,1,background_organ_value
MAOB,stomach,-0.8620827347696639,STAD,1,background_organ_value
MAOB,liver,-0.32102996575417875,LIHC,1,background_organ_value
MAOB,colon,0.8120297328691922,COAD,1,background_organ_value
MAOB,kidney,0.18274468279087527,KICH,1,background_organ_value
MAOB,liver,-0.15760518311499466,LIHC,1,background_organ_value
MAOB,lung,0.27388196239896223,LUAD;LUSC,2,background_organ_value
MAOB,liver,0.13404404519741317,LIHC,1,background_organ_value
MAOB,esophagus,0.3568278897202635,ESCA,1,background_organ_value
MAOB,kidney,-1.185512272242126,KICH,1,background_organ_value
MAOB,stomach,0.06203564799406735,STAD,1,background_organ_value
MAOB,breast,0.42828671098056453,BRCA,1,background_organ_value
MAOB,esophagus,0.8048555335019743,ESCA,1,background_organ_value
MAOB,kidney,0.4761747363434496,KICH;KIRC;KIRP,3,background_organ_value
MAOB,breast,0.5135257136452072,BRCA,1,background_organ_value
MAOB,kidney,0.4840987013093555,KICH;KIRC;KIRP,3,background_organ_value
MAOB,prostate,-0.11975038967690578,PRAD,1,background_organ_value
MAOB,stomach,-0.3007723041989877,STAD,1,background_organ_value
MAOB,esophagus,0.02628562398031937,ESCA,1,background_organ_value
MAOB,kidney,-0.350313621743035,KICH;KIRC;KIRP,3,background_organ_value
MAOB,breast,0.28967101764872055,BRCA,1,background_organ_value
MAOB,esophagus,0.16326587656859126,ESCA,1,background_organ_value
MAOB,kidney,0.2646760296601368,KIRC;KIRP,2,background_organ_value
MAOB,prostate,-0.2979340650614714,PRAD,1,background_organ_value
MAOB,breast,0.2280575671011713,BRCA,1,background_organ_value
MAOB,esophagus,0.1818555751189387,ESCA,1,background_organ_value
MAOB,kidney,0.31827678045061675,KICH;KIRC;KIRP,3,background_organ_value
MAOB,liver,-0.269424709948091,LIHC,1,background_organ_value
MAOB,lung,0.11904242533362705,LUAD;LUSC,2,background_organ_value
MAOB,prostate,0.04688477198775824,PRAD,1,background_organ_value
MAOB,breast,-0.6272517042801843,BRCA,1,background_organ_value
MAOB,colon,-0.00545377245213556,COAD,1,background_organ_value
MAOB,esophagus,-0.6128382377895962,ESCA,1,background_organ_value
MAOB,lung,-0.4955122326826703,LUAD;LUSC,2,background_organ_value
MAOB,prostate,-0.37659709962626897,PRAD,1,background_organ_value
MAOB,stomach,-0.5970027393078874,STAD,1,background_organ_value
MAOB,breast,0.9510184533293994,BRCA,1,background_organ_value
MAOB,esophagus,1.217099050054411,ESCA,1,background_organ_value
MAOB,kidney,0.9339757934115664,KICH;KIRC;KIRP,3,background_organ_value
MAOB,prostate,0.24000267519418889,PRAD,1,background_organ_value
MAOB,colon,-0.22420962065309372,COAD,1,background_organ_value
MAOB,kidney,0.27230877307611717,KICH;KIRC;KIRP,3,background_organ_value
MAOB,lung,0.5042926610845698,LUAD;LUSC,2,background_organ_value
MAOB,prostate,-0.7254077951298494,PRAD,1,background_organ_value
MAOB,stomach,2.129507321404936e-4,STAD,1,background_organ_value
MAOB,breast,0.5375075653124821,BRCA,1,background_organ_value
MAOB,kidney,0.5296731693510959,KICH;KIRC;KIRP,3,background_organ_value
MAOB,liver,-0.30996466441009923,LIHC,1,background_organ_value
MAOB,prostate,0.26738151484830486,PRAD,1,background_organ_value
MAOB,colon,0.27224465599114445,COAD,1,background_organ_value
MAOB,esophagus,-0.6204383634933062,ESCA,1,background_organ_value
MAOB,lung,-0.530106160493949,LUAD;LUSC,2,background_organ_value
MAOB,esophagus,0.594292686992109,ESCA,1,background_organ_value
MAOB,kidney,-0.9359763182072371,KICH;KIRC;KIRP,3,background_organ_value
MAOB,liver,-2.3465817217754577,LIHC,1,background_organ_value
MAOB,breast,0.49591750201354895,BRCA,1,background_organ_value
MAOB,colon,1.0047849528748352,COAD,1,background_organ_value
MAOB,esophagus,0.4773912080979643,ESCA,1,background_organ_value
MAOB,kidney,0.29652656453587106,KICH;KIRC;KIRP,3,background_organ_value
MAOB,lung,0.5038353262085953,LUAD;LUSC,2,background_organ_value
MAOB,prostate,0.09690408232834784,PRAD,1,background_organ_value
MAOB,breast,0.4759592101540028,BRCA,1,background_organ_value
MAOB,kidney,0.30737864692501415,KIRC;KIRP,2,background_organ_value
MAOB,liver,0.28104814449057,LIHC,1,background_organ_value
MAOB,breast,0.5155669425315894,BRCA,1,background_organ_value
MAOB,kidney,0.3897584769484783,KICH;KIRC;KIRP,3,background_organ_value
MAOB,liver,0.00650791222988692,LIHC,1,background_organ_value
MAOB,lung,0.6341305734055211,LUAD;LUSC,2,background_organ_value
MAOB,prostate,0.0641398889798133,PRAD,1,background_organ_value
MAOB,stomach,0.5597454897260871,STAD,1,background_organ_value
MAOB,liver,-0.1277319569599602,LIHC,1,background_organ_value
MAOB,colon,0.4587324795642187,COAD,1,background_organ_value
MAOB,esophagus,-0.07069199749159971,ESCA,1,background_organ_value
MAOB,lung,-0.3029915993003701,LUAD;LUSC,2,background_organ_value
MAOB,stomach,-0.0107641208146518,STAD,1,background_organ_value
MAOB,liver,-0.5701509547164516,LIHC,1,background_organ_value
MAOB,breast,-0.05665688604972515,BRCA,1,background_organ_value
MAOB,colon,0.7644493342516067,COAD,1,background_organ_value
MAOB,lung,0.7224840756047832,LUAD;LUSC,2,background_organ_value
MAOB,prostate,0.04977249194874181,PRAD,1,background_organ_value
MAOB,stomach,0.29406017943995794,STAD,1,background_organ_value
MAOB,breast,-1.1527122505991927,BRCA,1,background_organ_value
MAOB,colon,-0.14948668605898058,COAD,1,background_organ_value
MAOB,esophagus,-0.26700039394808706,ESCA,1,background_organ_value
MAOB,lung,-1.0597986099901704,LUAD;LUSC,2,background_organ_value
MAOB,prostate,-0.42233766386703425,PRAD,1,background_organ_value
MAOB,stomach,-0.19329207431381257,STAD,1,background_organ_value
MAOB,colon,0.689810600029711,COAD,1,background_organ_value
MAOB,esophagus,0.9397938888576944,ESCA,1,background_organ_value
MAOB,stomach,0.3364307037238087,STAD,1,background_organ_value
MAOB,breast,0.4418515521219452,BRCA,1,background_organ_value
MAOB,colon,0.04080419506927701,COAD,1,background_organ_value
MAOB,kidney,0.05323792463915361,KICH,1,background_organ_value
MAOB,lung,0.6136112393235069,LUAD;LUSC,2,background_organ_value
MAOB,stomach,0.7687893646862801,STAD,1,background_organ_value
MAOB,breast,0.3925806519138255,BRCA,1,background_organ_value
MAOB,colon,1.474208780426295,COAD,1,background_organ_value
MAOB,esophagus,1.035264325562576,ESCA,1,background_organ_value
MAOB,kidney,0.29141226986652485,KICH;KIRC;KIRP,3,background_organ_value
MAOB,lung,0.592811916083456,LUAD;LUSC,2,background_organ_value
MAOB,prostate,-0.05123194275333569,PRAD,1,background_organ_value
MAOB,stomach,0.4604312211357535,STAD,1,background_organ_value
MAOB,kidney,-0.5302015950054548,KICH,1,background_organ_value
MAOB,liver,-0.8340782606281136,LIHC,1,background_organ_value
MAOB,breast,-0.6052355063875435,BRCA,1,background_organ_value
MAOB,esophagus,-0.2163315059063139,ESCA,1,background_organ_value
MAOB,kidney,-0.06366525644447363,KICH;KIRC;KIRP,3,background_organ_value
MAOB,liver,-0.22701125427352928,LIHC,1,background_organ_value
MAOB,prostate,-0.4477255267391296,PRAD,1,background_organ_value
MAOB,colon,-0.0521250180690933,COAD,1,background_organ_value
MAOB,esophagus,0.38427991120745103,ESCA,1,background_organ_value
MAOB,lung,-0.8600896091230746,LUAD;LUSC,2,background_organ_value
MAOB,stomach,0.3716113338141758,STAD,1,background_organ_value
MAOB,colon,1.6357013017268671,COAD,1,background_organ_value
MAOB,kidney,0.34374893733841067,KICH;KIRC;KIRP,3,background_organ_value
MAOB,liver,-0.1867123057340687,LIHC,1,background_organ_value
MAOB,lung,1.215268220588478,LUSC,1,background_organ_value
MAOB,esophagus,-0.04043264552240361,ESCA,1,background_organ_value
MAOB,colon,1.3787113096063086,COAD,1,background_organ_value
MAOB,kidney,0.18991426849599427,KICH;KIRC;KIRP,3,background_organ_value
MAOB,liver,-0.32072254218210305,LIHC,1,background_organ_value
MAOB,prostate,0.07699705816088516,PRAD,1,background_organ_value
MAOB,stomach,1.9684327783855,STAD,1,background_organ_value
MAOB,lung,0.6185312786716488,LUAD;LUSC,2,background_organ_value
MAOB,stomach,0.6068663797367152,STAD,1,background_organ_value
MAOB,thyroid,-0.740691091927156,THCA,1,background_organ_value
MAOB,colon,0.17833686662142878,COAD,1,background_organ_value
MAOB,lung,-0.09882374333832258,LUAD;LUSC,2,background_organ_value
MAOB,colon,-0.05889379551233897,COAD,1,background_organ_value
MAOB,kidney,-0.16102376621918327,KICH;KIRC;KIRP,3,background_organ_value
MAOB,prostate,-0.8371982150113222,PRAD,1,background_organ_value
MAOB,stomach,-0.0918784112046742,STAD,1,background_organ_value
MAOB,colon,0.3725623463873146,COAD,1,background_organ_value
MAOB,esophagus,-0.573910575247088,ESCA,1,background_organ_value
MAOB,stomach,-0.32079867260607176,STAD,1,background_organ_value
MAOB,stomach,-1.4224259117183236,STAD,1,background_organ_value
MAOB,breast,0.07154395495115032,BRCA,1,background_organ_value
MAOB,kidney,-0.1381345561919606,KICH;KIRC;KIRP,3,background_organ_value
MAOB,lung,0.07414703598262765,LUAD;LUSC,2,background_organ_value
MAOB,stomach,0.2452060087125405,STAD,1,background_organ_value
MAOB,thyroid,-0.6550061812545444,THCA,1,background_organ_value
MAOB,liver,0.4984304340005084,LIHC,1,background_organ_value
MAOB,esophagus,-0.1715608277884294,ESCA,1,background_organ_value
MAOB,stomach,-0.6674691709987699,STAD,1,background_organ_value
MAOB,kidney,-0.10081531155888712,KICH;KIRC;KIRP,3,background_organ_value
MAOB,liver,-0.22714261338494335,LIHC,1,background_organ_value
MAOB,lung,0.0973407894242326,LUAD;LUSC,2,background_organ_value
MAOB,colon,-0.05878057121917969,COAD,1,background_organ_value
MAOB,lung,-0.3916572812813978,LUAD;LUSC,2,background_organ_value
MAOB,colon,0.12082488713729445,COAD,1,background_organ_value
MAOB,prostate,-0.00123986462537996,PRAD,1,background_organ_value
MAOB,stomach,-0.3392752315649235,STAD,1,background_organ_value
MAOB,colon,-0.8716207543570912,COAD,1,background_organ_value
MAOB,esophagus,-1.1245445739555882,ESCA,1,background_organ_value
MAOB,kidney,-1.179724975375405,KICH;KIRC;KIRP,3,background_organ_value
MAOB,prostate,-0.34908611633671277,PRAD,1,background_organ_value
MAOB,stomach,-0.08471468341476437,STAD,1,background_organ_value
MAOB,colon,-0.342625099312371,COAD,1,background_organ_value
MAOB,lung,-0.09029991439262605,LUAD;LUSC,2,background_organ_value
MAOB,colon,0.9346207128741304,COAD,1,background_organ_value
MAOB,esophagus,0.6341979116807847,ESCA,1,background_organ_value
MAOB,kidney,-0.1662685261154402,KICH;KIRC;KIRP,3,background_organ_value
MAOB,lung,0.7675626892527097,LUAD;LUSC,2,background_organ_value
MAOB,prostate,-1.2003575079228233,PRAD,1,background_organ_value
MAOB,stomach,-0.09938137771834106,STAD,1,background_organ_value
MAOB,thyroid,1.0843002764124696,THCA,1,background_organ_value
MAOB,liver,-0.07080227395105734,LIHC,1,background_organ_value
MAOB,breast,-0.22843879787748905,BRCA,1,background_organ_value
MAOB,lung,0.3889306729812015,LUAD;LUSC,2,background_organ_value
MAOB,prostate,0.09648918701381388,PRAD,1,background_organ_value
MAOB,colon,-1.0878764639849403,COAD,1,background_organ_value
MAOB,esophagus,-0.6198457151912931,ESCA,1,background_organ_value
MAOB,kidney,0.7454828117750395,KICH;KIRC;KIRP,3,background_organ_value
MAOB,stomach,-0.7369150117130694,STAD,1,background_organ_value
MAOB,stomach,0.6103509159407337,STAD,1,background_organ_value
MAOB,esophagus,0.8849210485301399,ESCA,1,background_organ_value
MAOB,stomach,0.4900394913853518,STAD,1,background_organ_value
MAOB,breast,0.4146621719524751,BRCA,1,background_organ_value
MAOB,kidney,0.1138929795711071,KICH;KIRC;KIRP,3,background_organ_value
MAOB,liver,-0.570953074298829,LIHC,1,background_organ_value
MAOB,prostate,-0.20547645810422616,PRAD,1,background_organ_value
MAOB,stomach,0.38621999699265136,STAD,1,background_organ_value
MAOB,breast,-2.161011818426385,BRCA,1,background_organ_value
MAOB,colon,-1.4982934884331236,COAD,1,background_organ_value
MAOB,esophagus,-0.8576648664646581,ESCA,1,background_organ_value
MAOB,lung,0.15040671517465806,LUAD;LUSC,2,background_organ_value
MAOB,stomach,-1.273021684258939,STAD,1,background_organ_value
MAOB,breast,-1.2372286392887242,BRCA,1,background_organ_value
MAOB,colon,-1.6100322800329705,COAD,1,background_organ_value
MAOB,esophagus,-0.22732851962198056,ESCA,1,background_organ_value
MAOB,lung,-1.2947391647884192,LUAD;LUSC,2,background_organ_value
MAOB,stomach,-0.958860132072358,STAD,1,background_organ_value
MAOB,liver,-2.0259863926606116,LIHC,1,background_organ_value
MAOB,liver,-0.10854628389194104,LIHC,1,background_organ_value
MAOB,stomach,0.935078182187529,STAD,1,background_organ_value
MAOB,esophagus,-0.278897821000544,ESCA,1,background_organ_value
MAOB,breast,-0.592295477556781,BRCA,1,background_organ_value
MAOB,colon,0.5900198296869923,COAD,1,background_organ_value
MAOB,kidney,0.1693282905907778,KICH;KIRC;KIRP,3,background_organ_value
MAOB,lung,-0.1909329628941785,LUAD;LUSC,2,background_organ_value
MAOB,colon,-0.11197556469892218,COAD,1,background_organ_value
MAOB,esophagus,-0.4716408293566902,ESCA,1,background_organ_value
MAOB,kidney,-0.11346434145966676,KICH;KIRC;KIRP,3,background_organ_value
MAOB,liver,-0.4588400344978602,LIHC,1,background_organ_value
MAOB,lung,0.24140843623022604,LUAD;LUSC,2,background_organ_value
MAOB,prostate,-0.01586285134948922,PRAD,1,background_organ_value
MAOB,stomach,-0.2876224472133452,STAD,1,background_organ_value
MAOB,colon,0.2698909744409142,COAD,1,background_organ_value
MAOB,esophagus,-0.09330979409534489,ESCA,1,background_organ_value
MAOB,lung,0.3496135206110476,LUAD;LUSC,2,background_organ_value
MAOB,colon,0.7108409976371018,COAD,1,background_organ_value
MAOB,liver,0.7444459099616749,LIHC,1,background_organ_value
MAOB,breast,0.6598793157587824,BRCA,1,background_organ_value
MAOB,esophagus,0.2679908569324926,ESCA,1,background_organ_value
MAOB,kidney,0.9742135361855728,KICH;KIRC;KIRP,3,background_organ_value
MAOB,prostate,-0.22153178613497423,PRAD,1,background_organ_value
MAOB,thyroid,0.7322101492373352,THCA,1,background_organ_value
MAOB,liver,-0.1011383822862125,LIHC,1,background_organ_value
MAOB,colon,-0.3729838180787678,COAD,1,background_organ_value
MAOB,esophagus,-0.8001244504945502,ESCA,1,background_organ_value
MAOB,lung,0.5444700628851343,LUAD;LUSC,2,background_organ_value
MAOB,liver,-0.3076049209794258,LIHC,1,background_organ_value
MAOB,liver,-0.4688903307695276,LIHC,1,background_organ_value
MAOB,breast,-0.23022185749646787,BRCA,1,background_organ_value
MAOB,esophagus,0.14568130392914844,ESCA,1,background_organ_value
MAOB,kidney,-0.16124892121652523,KICH;KIRC;KIRP,3,background_organ_value
MAOB,liver,-0.4423196902676945,LIHC,1,background_organ_value
MAOB,lung,0.04921716016675188,LUAD;LUSC,2,background_organ_value
MAOB,prostate,0.5548056052586012,PRAD,1,background_organ_value
MAOB,liver,-0.7017432210775093,LIHC,1,background_organ_value
MAOB,colon,0.9530658748158404,COAD,1,background_organ_value
MAOB,prostate,0.04117824132936352,PRAD,1,background_organ_value
MAOB,stomach,1.1662276447102515,STAD,1,background_organ_value
MAOB,colon,-0.06741333125622509,COAD,1,background_organ_value
MAOB,kidney,0.4593049170254482,KICH;KIRC;KIRP,3,background_organ_value
MAOB,liver,-0.4050977129754256,LIHC,1,background_organ_value
MAOB,lung,-0.2380423071823989,LUAD;LUSC,2,background_organ_value
MAOB,prostate,-0.13404227578766337,PRAD,1,background_organ_value
MAOB,breast,0.8176254545964486,BRCA,1,background_organ_value
MAOB,colon,1.0499893896352204,COAD,1,background_organ_value
MAOB,liver,-1.2952929602024446,LIHC,1,background_organ_value
MAOB,colon,0.26506830369925033,COAD,1,background_organ_value
MAOB,lung,0.5731670330493044,LUAD;LUSC,2,background_organ_value
MAOB,kidney,-1.0697570400241692,KIRC,1,background_organ_value
MAOB,lung,0.1640208794401262,LUAD;LUSC,2,background_organ_value
MAOB,stomach,-0.26734665061792673,STAD,1,background_organ_value
MAOB,liver,-0.7061378360390242,LIHC,1,background_organ_value
MAOB,breast,-0.09478518936301852,BRCA,1,background_organ_value
MAOB,colon,-0.21996065647034216,COAD,1,background_organ_value
MAOB,kidney,-0.6212784779728321,KICH;KIRC;KIRP,3,background_organ_value
MAOB,liver,-1.2853031703379247,LIHC,1,background_organ_value
MAOB,lung,-0.6413980041373171,LUAD;LUSC,2,background_organ_value
MAOB,prostate,0.44249843720769577,PRAD,1,background_organ_value
MAOB,colon,0.2010631623641987,COAD,1,background_organ_value
MAOB,lung,0.3911652091990804,LUAD;LUSC,2,background_organ_value
MAOB,breast,0.05049224572362692,BRCA,1,background_organ_value
MAOB,colon,-0.00841924306612548,COAD,1,background_organ_value
MAOB,kidney,-0.03085943189451932,KICH;KIRC;KIRP,3,background_organ_value
MAOB,lung,-0.10875349925223354,LUSC,1,background_organ_value
MAOB,prostate,-0.21157072096708088,PRAD,1,background_organ_value
MAOB,stomach,-0.03996589148312164,STAD,1,background_organ_value
MAOB,esophagus,-0.13280065215270373,ESCA,1,background_organ_value
MAOB,lung,0.48821200680663,LUAD;LUSC,2,background_organ_value
MAOB,stomach,0.09234588385683662,STAD,1,background_organ_value
MAOB,breast,0.6054957183175256,BRCA,1,background_organ_value
MAOB,kidney,0.0852783032501636,KICH;KIRC;KIRP,3,background_organ_value
MAOB,liver,0.12123571253863978,LIHC,1,background_organ_value
MAOB,lung,0.38154335215440244,LUAD;LUSC,2,background_organ_value
MAOB,prostate,0.30482651672518,PRAD,1,background_organ_value
MAOB,breast,-0.11673260223500528,BRCA,1,background_organ_value
MAOB,kidney,-0.4343628840332365,KICH;KIRC;KIRP,3,background_organ_value
MAOB,breast,-0.00597882772199598,BRCA,1,background_organ_value
MAOB,kidney,-0.0987209173460398,KICH;KIRC;KIRP,3,background_organ_value
MAOB,lung,0.22655642159888037,LUAD;LUSC,2,background_organ_value
MAOB,prostate,0.23425025734640112,PRAD,1,background_organ_value
MAOB,breast,-0.4139219086265306,BRCA,1,background_organ_value
MAOB,colon,0.18986606150784052,COAD,1,background_organ_value
MAOB,lung,0.05949678480804081,LUAD;LUSC,2,background_organ_value
MAOB,stomach,0.09506372286137262,STAD,1,background_organ_value
MAOB,colon,-0.2246972080442992,COAD,1,background_organ_value
MAOB,breast,-0.6943260378612736,BRCA,1,background_organ_value
MAOB,esophagus,-0.7495704122754828,ESCA,1,background_organ_value
MAOB,kidney,-0.25108567964469225,KICH;KIRC;KIRP,3,background_organ_value
MAOB,liver,0.12692933811054702,LIHC,1,background_organ_value
MAOB,prostate,0.07941085832679542,PRAD,1,background_organ_value
MAOB,liver,-0.7550593673164835,LIHC,1,background_organ_value
MAOB,colon,0.6904312179150315,COAD,1,background_organ_value
MAOB,breast,0.3068290965712387,BRCA,1,background_organ_value
MAOB,kidney,-0.7260734274989923,KICH;KIRC;KIRP,3,background_organ_value
MAOB,prostate,-0.10952261721686464,PRAD,1,background_organ_value
MAOB,thyroid,0.40125976916127937,THCA,1,background_organ_value
MAOB,breast,-0.584344054021438,BRCA,1,background_organ_value
MAOB,lung,-0.8370514625512637,LUSC,1,background_organ_value
MAOB,prostate,-0.2422219326710002,PRAD,1,background_organ_value
MAOB,breast,0.1308808182387279,BRCA,1,background_organ_value
MAOB,colon,-0.5744486626472988,COAD,1,background_organ_value
MAOB,kidney,0.03539830337288989,KICH;KIRC;KIRP,3,background_organ_value
MAOB,lung,0.45801217227176483,LUAD;LUSC,2,background_organ_value
MAOB,prostate,-0.19333924277703535,PRAD,1,background_organ_value
MAOB,stomach,-0.1316680251519339,STAD,1,background_organ_value
MAOB,thyroid,0.8699513286155927,THCA,1,background_organ_value
MAOB,esophagus,-1.5308122084681577,ESCA,1,background_organ_value
MAOB,kidney,-0.9392694645896044,KIRC;KIRP,2,background_organ_value
MAOB,liver,0.2993138622230446,LIHC,1,background_organ_value
MAOB,liver,-1.9222219551394375,LIHC,1,background_organ_value
MAOB,colon,-0.04815863154956142,COAD,1,background_organ_value
MAOB,esophagus,-1.0772156290560533,ESCA,1,background_organ_value
MAOB,lung,-1.0694363808484115,LUAD;LUSC,2,background_organ_value
MAOB,thyroid,0.7543261620463589,THCA,1,background_organ_value
MAOB,kidney,0.3715879155646095,KICH;KIRC;KIRP,3,background_organ_value
MAOB,liver,0.1602123618164567,LIHC,1,background_organ_value
MAOB,lung,0.26569734321758587,LUAD;LUSC,2,background_organ_value
MAOB,prostate,0.5506599086783196,PRAD,1,background_organ_value
MAOB,colon,0.6426271980210637,COAD,1,background_organ_value
MAOB,liver,-0.5236855061373126,LIHC,1,background_organ_value
MAOB,lung,-0.5852909015668528,LUAD;LUSC,2,background_organ_value
MAOB,liver,-1.0853968241096623,LIHC,1,background_organ_value
MAOB,breast,-0.6417142675037917,BRCA,1,background_organ_value
MAOB,esophagus,-0.2885583932329943,ESCA,1,background_organ_value
MAOB,prostate,-0.02968828771707685,PRAD,1,background_organ_value
MAOB,liver,-0.8499211282607663,LIHC,1,background_organ_value
MAOB,colon,1.1117964117636248,COAD,1,background_organ_value
MAOB,esophagus,0.5218163092210601,ESCA,1,background_organ_value
MAOB,kidney,0.2848885495998722,KICH;KIRC;KIRP,3,background_organ_value
MAOB,stomach,0.5522723190860893,STAD,1,background_organ_value
MAOB,breast,-0.26208669420160896,BRCA,1,background_organ_value
MAOB,liver,-1.296732336364107,LIHC,1,background_organ_value
MAOB,prostate,0.01945401617446517,PRAD,1,background_organ_value
MAOB,colon,0.38137545305082254,COAD,1,background_organ_value
MAOB,liver,0.23230740706326103,LIHC,1,background_organ_value
MAOB,liver,0.11123168321790557,LIHC,1,background_organ_value
MAOB,liver,-2.092551804969268,LIHC,1,background_organ_value
MAOB,liver,0.00717833463989517,LIHC,1,background_organ_value
MAOB,esophagus,0.09661986543266084,ESCA,1,background_organ_value
MAOB,liver,-0.6412672398971613,LIHC,1,background_organ_value
MAOB,breast,0.7765373312486772,BRCA,1,background_organ_value
MAOB,colon,0.9378158975587064,COAD,1,background_organ_value
MAOB,esophagus,1.1208949238821675,ESCA,1,background_organ_value
MAOB,prostate,0.2526155352389579,PRAD,1,background_organ_value
MAOB,stomach,0.974648808291963,STAD,1,background_organ_value
MAOB,esophagus,-0.5260446607062333,ESCA,1,background_organ_value
MAOB,kidney,-0.15722454008922276,KICH;KIRC;KIRP,3,background_organ_value
MAOB,lung,0.6114215344837994,LUAD;LUSC,2,background_organ_value
MAOB,prostate,-0.23433723348429497,PRAD,1,background_organ_value
MAOB,breast,-0.31631354610409335,BRCA,1,background_organ_value
MAOB,prostate,0.5114472475415267,PRAD,1,background_organ_value
MAOB,liver,0.3750081192987418,LIHC,1,background_organ_value
MAOB,kidney,-0.2078278061497571,KICH;KIRC;KIRP,3,background_organ_value
MAOB,colon,0.5546239131995987,COAD,1,background_organ_value
MAOB,lung,-0.10684636302402056,LUAD;LUSC,2,background_organ_value
MAOB,stomach,0.4738549492484831,STAD,1,background_organ_value
MAOB,esophagus,1.8545414753610507,ESCA,1,background_organ_value
MAOB,colon,1.0151285489408923,COAD,1,background_organ_value
MAOB,lung,-0.19689178380692043,LUAD;LUSC,2,background_organ_value
MAOB,stomach,0.6261232930784927,STAD,1,background_organ_value
MAOB,kidney,0.19585301068195515,KICH;KIRC;KIRP,3,background_organ_value
MAOB,lung,0.8423711207169015,LUAD;LUSC,2,background_organ_value
MAOB,prostate,0.06473631869728967,PRAD,1,background_organ_value
MAOB,liver,-0.964762908413266,LIHC,1,background_organ_value
MAOB,kidney,0.3389243125407753,KICH;KIRP,2,background_organ_value
MAOB,lung,-0.13832897875742578,LUAD;LUSC,2,background_organ_value
MAOB,stomach,0.00957467437213232,STAD,1,background_organ_value
MAOB,thyroid,0.4096918031645626,THCA,1,background_organ_value
MAOB,colon,-0.28023249477523887,COAD,1,background_organ_value
MAOB,esophagus,0.13025336535147816,ESCA,1,background_organ_value
MAOB,kidney,0.09879828204378018,KICH;KIRC;KIRP,3,background_organ_value
MAOB,lung,0.3124929218387351,LUAD;LUSC,2,background_organ_value
MAOB,prostate,-0.4063176666084986,PRAD,1,background_organ_value
MAOB,stomach,-0.12249767055016614,STAD,1,background_organ_value
MAOB,breast,-0.06933130623038268,BRCA,1,background_organ_value
MAOB,esophagus,0.7066507224922319,ESCA,1,background_organ_value
MAOB,kidney,0.7415268097168692,KICH;KIRC;KIRP,3,background_organ_value
MAOB,stomach,0.6728544864486495,STAD,1,background_organ_value
MAOB,colon,1.344617221331222,COAD,1,background_organ_value
MAOB,esophagus,0.9959781188962918,ESCA,1,background_organ_value
MAOB,lung,0.04854922818519236,LUAD;LUSC,2,background_organ_value
MAOB,prostate,-0.9811798288864038,PRAD,1,background_organ_value
MAOB,colon,-0.07152270407357866,COAD,1,background_organ_value
MAOB,esophagus,-0.28622548611068516,ESCA,1,background_organ_value
MAOB,kidney,0.11039184786874262,KIRC;KIRP,2,background_organ_value
MAOB,colon,0.7435629768928261,COAD,1,background_organ_value
MAOB,kidney,0.2018994772636528,KICH;KIRC;KIRP,3,background_organ_value
MAOB,lung,0.6101380783026873,LUAD;LUSC,2,background_organ_value
MAOB,prostate,0.2421283325290768,PRAD,1,background_organ_value
MAOB,colon,-0.5565153478503455,COAD,1,background_organ_value
MAOB,breast,0.3543238205063672,BRCA,1,background_organ_value
MAOB,kidney,0.0671737682874423,KICH;KIRC;KIRP,3,background_organ_value
MAOB,liver,0.2487488848966676,LIHC,1,background_organ_value
MAOB,lung,0.6215928882596401,LUAD;LUSC,2,background_organ_value
MAOB,prostate,0.46158148044673314,PRAD,1,background_organ_value
MAOB,liver,-0.27471987704503076,LIHC,1,background_organ_value
MAOB,breast,-0.08642663401865809,BRCA,1,background_organ_value
MAOB,esophagus,-0.27217855784105804,ESCA,1,background_organ_value
MAOB,lung,0.007648153490580921,LUAD;LUSC,2,background_organ_value
MAOB,prostate,-0.0950716402140641,PRAD,1,background_organ_value
MAOB,stomach,-0.4257798174774314,STAD,1,background_organ_value
MAOB,colon,0.5022781150999065,COAD,1,background_organ_value
MAOB,liver,-0.8633627861379293,LIHC,1,background_organ_value
MAOB,breast,0.9796683858788942,BRCA,1,background_organ_value
MAOB,colon,1.1334406580165746,COAD,1,background_organ_value
MAOB,lung,0.8008023311615902,LUAD;LUSC,2,background_organ_value
MAOB,stomach,1.1761477137891845,STAD,1,background_organ_value
MAOB,thyroid,0.17675979854938506,THCA,1,background_organ_value
MAOB,breast,0.6473031672443533,BRCA,1,background_organ_value
MAOB,colon,1.5209773597197738,COAD,1,background_organ_value
MAOB,lung,1.448805754016206,LUAD;LUSC,2,background_organ_value
MAOB,prostate,0.4768490011403856,PRAD,1,background_organ_value
MAOB,stomach,1.199481594643819,STAD,1,background_organ_value
MAOB,stomach,0.9192974754930008,STAD,1,background_organ_value
MAOB,colon,0.08728840760456588,COAD,1,background_organ_value
MAOB,kidney,0.0645001731886625,KICH;KIRC;KIRP,3,background_organ_value
MAOB,stomach,-1.246816405815145,STAD,1,background_organ_value
MAOB,colon,1.0753448573320254,COAD,1,background_organ_value
MAOB,esophagus,0.167394579914749,ESCA,1,background_organ_value
MAOB,liver,-0.5035966962965079,LIHC,1,background_organ_value
MAOB,prostate,0.4982524547706936,PRAD,1,background_organ_value
MAOB,stomach,-0.4799481319200835,STAD,1,background_organ_value
MAOB,liver,-1.596040817120371,LIHC,1,background_organ_value
MAOB,breast,-2.245004105524009,BRCA,1,background_organ_value
MAOB,esophagus,-1.3611026590810682,ESCA,1,background_organ_value
MAOB,kidney,-0.3528697374052451,KICH;KIRC;KIRP,3,background_organ_value
MAOB,lung,-1.6816483650621803,LUAD;LUSC,2,background_organ_value
MAOB,prostate,-0.6782736904537638,PRAD,1,background_organ_value
MAOB,stomach,-1.4491166324598033,STAD,1,background_organ_value
MAOB,stomach,-0.9245501684868762,STAD,1,background_organ_value
MAOB,colon,0.10758202483927393,COAD,1,background_organ_value
MAOB,kidney,-0.16203087347831832,KICH;KIRP,2,background_organ_value
MAOB,lung,-0.08657658310981861,LUAD;LUSC,2,background_organ_value
MAOB,liver,-0.17625827753196033,LIHC,1,background_organ_value
MAOB,breast,0.6323526697851707,BRCA,1,background_organ_value
MAOB,esophagus,-0.9107979197903524,ESCA,1,background_organ_value
MAOB,kidney,0.01575742893670549,KICH;KIRC;KIRP,3,background_organ_value
MAOB,prostate,-0.7370598097988293,PRAD,1,background_organ_value
MAOB,esophagus,-0.4544098524484046,ESCA,1,background_organ_value
MAOB,kidney,-0.5660078203676935,KIRC;KIRP,2,background_organ_value
MAOB,liver,0.2317653009466669,LIHC,1,background_organ_value
MAOB,lung,0.29207355032443544,LUAD;LUSC,2,background_organ_value
MAOB,prostate,-0.10892242205416264,PRAD,1,background_organ_value
MAOB,breast,0.47788119364002224,BRCA,1,background_organ_value
MAOB,kidney,0.22959423950542415,KICH;KIRC;KIRP,3,background_organ_value
MAOB,liver,0.10796176566763832,LIHC,1,background_organ_value
MAOB,prostate,-0.2063982503295438,PRAD,1,background_organ_value
MAOB,esophagus,-0.23062637189929736,ESCA,1,background_organ_value
MAOB,stomach,-1.4462068340651837,STAD,1,background_organ_value
MAOB,esophagus,0.6482087339682144,ESCA,1,background_organ_value
MAOB,liver,0.2106517674386547,LIHC,1,background_organ_value
MAOB,breast,0.5977669806549281,BRCA,1,background_organ_value
MAOB,colon,0.8000229239515185,COAD,1,background_organ_value
MAOB,kidney,0.528244737759141,KICH;KIRC;KIRP,3,background_organ_value
MAOB,lung,0.5313430366280998,LUAD;LUSC,2,background_organ_value
MAOB,prostate,0.9911300203050578,PRAD,1,background_organ_value
MAOB,colon,-0.21378564553840712,COAD,1,background_organ_value
MAOB,esophagus,-0.07715635847072748,ESCA,1,background_organ_value
MAOB,kidney,-0.07281694392287558,KICH;KIRC,2,background_organ_value
MAOB,stomach,-0.2656476305493148,STAD,1,background_organ_value
MAOB,breast,0.37850190706762177,BRCA,1,background_organ_value
MAOB,kidney,0.270109016122839,KIRC;KIRP,2,background_organ_value
MAOB,liver,-0.3612453565157986,LIHC,1,background_organ_value
MAOB,breast,0.0256791753376204,BRCA,1,background_organ_value
MAOB,kidney,-0.44767773936959643,KIRC;KIRP,2,background_organ_value
MAOB,liver,-0.18815914348704105,LIHC,1,background_organ_value
MAOB,colon,0.8124584025097418,COAD,1,background_organ_value
MAOB,esophagus,-0.6458442312719619,ESCA,1,background_organ_value
MAOB,colon,0.4628826469678521,COAD,1,background_organ_value
MAOB,esophagus,-0.2022512243050665,ESCA,1,background_organ_value
MAOB,kidney,-1.1914535753527462,KICH;KIRC;KIRP,3,background_organ_value
MAOB,breast,0.5809580509756342,BRCA,1,background_organ_value
MAOB,colon,0.26474425953473146,COAD,1,background_organ_value
MAOB,esophagus,0.40569044058945336,ESCA,1,background_organ_value
MAOB,kidney,-0.02142525069481294,KICH;KIRC;KIRP,3,background_organ_value
MAOB,liver,0.03022725372119895,LIHC,1,background_organ_value
MAOB,lung,0.009515872811765927,LUAD;LUSC,2,background_organ_value
MAOB,prostate,-0.34130302319465466,PRAD,1,background_organ_value
MAOB,stomach,3.3233450461998707e-4,STAD,1,background_organ_value
MAOB,breast,-1.019110352524104,BRCA,1,background_organ_value
MAOB,colon,-1.4189979082327615,COAD,1,background_organ_value
MAOB,esophagus,-1.0811576496953792,ESCA,1,background_organ_value
MAOB,prostate,-0.91464649215155,PRAD,1,background_organ_value
MAOB,stomach,-1.3314257532065357,STAD,1,background_organ_value
MAOB,thyroid,0.30395082783487026,THCA,1,background_organ_value
MAOB,liver,-0.5656887974473,LIHC,1,background_organ_value
MAOB,colon,-0.2929893992204758,COAD,1,background_organ_value
MAOB,esophagus,0.20536496128049284,ESCA,1,background_organ_value
MAOB,stomach,0.20219408021266264,STAD,1,background_organ_value
MAOB,esophagus,-0.12212689312984136,ESCA,1,background_organ_value
MAOB,esophagus,-0.8521303941925399,ESCA,1,background_organ_value
MAOB,breast,-0.21994796543779252,BRCA,1,background_organ_value
MAOB,esophagus,-0.470706692336514,ESCA,1,background_organ_value
MAOB,kidney,-0.22136451773076035,KICH;KIRC;KIRP,3,background_organ_value
MAOB,liver,0.03016991410004341,LIHC,1,background_organ_value
MAOB,lung,0.39783018804666936,LUAD;LUSC,2,background_organ_value
MAOB,prostate,-0.15645003403804664,PRAD,1,background_organ_value
MAOB,esophagus,-2.3442782930049564,ESCA,1,background_organ_value
MAOB,breast,0.7660675384436124,BRCA,1,background_organ_value
MAOB,kidney,-0.4926315342438467,KICH;KIRC;KIRP,3,background_organ_value
MAOB,liver,-0.6009620563405417,LIHC,1,background_organ_value
MAOB,prostate,0.10392752004079318,PRAD,1,background_organ_value
MAOB,colon,0.7153844821505467,COAD,1,background_organ_value
MAOB,lung,1.0429455402941539,LUAD;LUSC,2,background_organ_value
MAOB,colon,0.6585853597191098,COAD,1,background_organ_value
MAOB,stomach,0.0646300214682424,STAD,1,background_organ_value
MAOB,thyroid,0.794463150768248,THCA,1,background_organ_value
MAOB,liver,-1.8874930473038325,LIHC,1,background_organ_value
MAOB,kidney,1.0248249919653998,KICH;KIRC;KIRP,3,background_organ_value
MAOB,breast,0.07337605566474001,BRCA,1,background_organ_value
MAOB,esophagus,-0.17474294043080568,ESCA,1,background_organ_value
MAOB,kidney,0.01610536098572987,KICH;KIRC;KIRP,3,background_organ_value
MAOB,liver,-0.27184727929985564,LIHC,1,background_organ_value
MAOB,prostate,-0.42503941523717576,PRAD,1,background_organ_value
MAOB,colon,0.8790476213265352,COAD,1,background_organ_value
MAOB,lung,0.3615369452068219,LUAD;LUSC,2,background_organ_value
MAOB,stomach,0.5313106003719656,STAD,1,background_organ_value
MAOB,colon,-0.02055967459940105,COAD,1,background_organ_value
MAOB,esophagus,0.4328806541406977,ESCA,1,background_organ_value
MAOB,lung,-0.6119148670694775,LUAD;LUSC,2,background_organ_value
MAOB,breast,0.2212300334210076,BRCA,1,background_organ_value
MAOB,colon,0.7850330030578858,COAD,1,background_organ_value
MAOB,esophagus,-0.08634636624683609,ESCA,1,background_organ_value
MAOB,kidney,0.0226342637856995,KICH;KIRC;KIRP,3,background_organ_value
MAOB,lung,0.03220805940356712,LUAD;LUSC,2,background_organ_value
MAOB,prostate,0.17311930537891326,PRAD,1,background_organ_value
MAOB,stomach,0.29472738723205255,STAD,1,background_organ_value
MAOB,colon,-0.16985458991222946,COAD,1,background_organ_value
MAOB,kidney,-0.7418932076933569,KICH;KIRP,2,background_organ_value
MAOB,lung,-0.2936541004344624,LUAD;LUSC,2,background_organ_value
MAOB,colon,-0.3721460949852224,COAD,1,background_organ_value
MAOB,esophagus,-0.14675441503518957,ESCA,1,background_organ_value
MAOB,esophagus,-0.02502242634693528,ESCA,1,background_organ_value
MAOB,lung,0.15252131245935902,LUAD;LUSC,2,background_organ_value
MAOB,prostate,0.00692111307206643,PRAD,1,background_organ_value
MAOB,stomach,-0.16764848704980914,STAD,1,background_organ_value
MAOB,stomach,-0.652278761475171,STAD,1,background_organ_value
MAOB,thyroid,2.1028420503916365,THCA,1,background_organ_value
MAOB,breast,0.7416636027942628,BRCA,1,background_organ_value
MAOB,esophagus,0.633415550689854,ESCA,1,background_organ_value
MAOB,kidney,0.24246233616684068,KICH;KIRC;KIRP,3,background_organ_value
MAOB,lung,1.0327718237803014,LUSC,1,background_organ_value
MAOB,prostate,0.264235265275994,PRAD,1,background_organ_value
MAOB,liver,-0.41078086719922374,LIHC,1,background_organ_value
MAOB,breast,-0.0248759769600784,BRCA,1,background_organ_value
MAOB,esophagus,0.3433791573933231,ESCA,1,background_organ_value
MAOB,lung,0.17972403794908468,LUAD,1,background_organ_value
MAOB,prostate,-0.1720249873716536,PRAD,1,background_organ_value
MAOB,stomach,0.00832388528803539,STAD,1,background_organ_value
MAOB,colon,-0.4592127396716462,COAD,1,background_organ_value
MAOB,esophagus,-0.7056571566164658,ESCA,1,background_organ_value
MAOB,liver,-1.3869520500301422,LIHC,1,background_organ_value
MAOB,lung,0.4105210988934254,LUAD;LUSC,2,background_organ_value
MAOB,stomach,-0.2870817845266537,STAD,1,background_organ_value
MAOB,esophagus,-0.12807319250592994,ESCA,1,background_organ_value
MAOB,lung,0.4179182640065149,LUAD;LUSC,2,background_organ_value
MAOB,colon,0.3018297646066488,COAD,1,background_organ_value
MAOB,esophagus,0.8892612143554366,ESCA,1,background_organ_value
MAOB,kidney,0.903367733119366,KICH,1,background_organ_value
MAOB,lung,1.0427073824532536,LUAD;LUSC,2,background_organ_value
MAOB,prostate,0.2993361242854013,PRAD,1,background_organ_value
MAOB,colon,0.1909231826653555,COAD,1,background_organ_value
MAOB,lung,-0.23965093319416564,LUAD;LUSC,2,background_organ_value
MAOB,liver,-0.15665484646178077,LIHC,1,background_organ_value
MAOB,liver,-0.03004632396106109,LIHC,1,background_organ_value
MAOB,breast,0.5420179901795315,BRCA,1,background_organ_value
MAOB,kidney,0.2504599386190721,KICH;KIRC;KIRP,3,background_organ_value
MAOB,liver,-0.4946856262516676,LIHC,1,background_organ_value
MAOB,prostate,0.35885525557935044,PRAD,1,background_organ_value
MAOB,esophagus,-1.2093215347243882,ESCA,1,background_organ_value
MAOB,stomach,-1.0403443028952466,STAD,1,background_organ_value
MAOB,thyroid,1.2774778675026588,THCA,1,background_organ_value
MAOB,breast,-0.06189092497448149,BRCA,1,background_organ_value
MAOB,esophagus,0.07787270451056938,ESCA,1,background_organ_value
MAOB,kidney,0.23099790639346787,KICH;KIRC;KIRP,3,background_organ_value
MAOB,liver,0.03815576784580198,LIHC,1,background_organ_value
MAOB,stomach,0.16826745967487855,STAD,1,background_organ_value
MAOB,colon,0.27342884432340575,COAD,1,background_organ_value
MAOB,esophagus,-0.39383550140767554,ESCA,1,background_organ_value
MAOB,lung,0.2528955446616273,LUAD;LUSC,2,background_organ_value
MAOB,stomach,-0.6852267275760243,STAD,1,background_organ_value
MAOB,thyroid,0.7737509694205537,THCA,1,background_organ_value
MAOB,colon,1.079203365574311,COAD,1,background_organ_value
MAOB,kidney,0.7405612840736181,KICH,1,background_organ_value
MAOB,lung,0.16358875239897908,LUAD;LUSC,2,background_organ_value
MAOB,breast,-1.534027463781373,BRCA,1,background_organ_value
MAOB,colon,0.2110804212594816,COAD,1,background_organ_value
MAOB,esophagus,0.4141279540801397,ESCA,1,background_organ_value
MAOB,kidney,-1.7962447950652534,KICH;KIRC;KIRP,3,background_organ_value
MAOB,prostate,-0.817445596265779,PRAD,1,background_organ_value
MAOB,stomach,0.14281525985710508,STAD,1,background_organ_value
MAOB,colon,-0.8986191045813814,COAD,1,background_organ_value
MAOB,thyroid,0.6819136869801359,THCA,1,background_organ_value
MAOB,esophagus,-0.13645784016376347,ESCA,1,background_organ_value
MAOB,breast,0.19975495839607835,BRCA,1,background_organ_value
MAOB,lung,0.6924556977669389,LUAD;LUSC,2,background_organ_value
MAOB,stomach,0.74248279161952635,STAD,1,background_organ_value
MAOB,colon,0.7559203969562683,COAD,1,background_organ_value
MAOB,lung,0.5653203174348485,LUAD;LUSC,2,background_organ_value
MAOB,breast,0.21419074184517536,BRCA,1,background_organ_value
MAOB,colon,0.8579103641456417,COAD,1,background_organ_value
MAOB,esophagus,0.3328761037564522,ESCA,1,background_organ_value
MAOB,kidney,0.6048487335560371,KICH;KIRC,2,background_organ_value
MAOB,lung,0.3004588695358094,LUAD;LUSC,2,background_organ_value
MAOB,prostate,-0.07559055390927834,PRAD,1,background_organ_value
MAOB,stomach,0.03096903690634192,STAD,1,background_organ_value
MAOB,kidney,-0.5676398612931074,KICH;KIRC;KIRP,3,background_organ_value
MAOB,breast,0.5908933675210696,BRCA,1,background_organ_value
MAOB,esophagus,0.6460242335887245,ESCA,1,background_organ_value
MAOB,kidney,0.2140957055349687,KICH;KIRC;KIRP,3,background_organ_value
MAOB,liver,0.01410538414666897,LIHC,1,background_organ_value
MAOB,prostate,0.02464519398775289,PRAD,1,background_organ_value
MAOB,liver,-1.9061407128325836,LIHC,1,background_organ_value
MAOB,breast,-0.9547691015278224,BRCA,1,background_organ_value
MAOB,prostate,-0.4186414512914506,PRAD,1,background_organ_value
MAOB,liver,-1.2278315805597355,LIHC,1,background_organ_value
MAOB,kidney,-0.27810078550915085,KICH;KIRC;KIRP,3,background_organ_value
MAOB,lung,-0.406960465047947,LUAD;LUSC,2,background_organ_value
MAOB,prostate,0.11882945962233904,PRAD,1,background_organ_value
MAOB,thyroid,-0.4771373085083011,THCA,1,background_organ_value
MAOB,esophagus,-1.4154536755790883,ESCA,1,background_organ_value
MAOB,stomach,-1.6537353349400647,STAD,1,background_organ_value
MAOB,breast,0.3921363441374063,BRCA,1,background_organ_value
MAOB,colon,-0.03504266986933252,COAD,1,background_organ_value
MAOB,kidney,-0.01736875881542103,KICH;KIRC;KIRP,3,background_organ_value
MAOB,lung,-0.3524236484061875,LUAD;LUSC,2,background_organ_value
MAOB,stomach,-0.6403803824282149,STAD,1,background_organ_value
MAOB,breast,-0.03645683530093978,BRCA,1,background_organ_value
MAOB,breast,0.26953107561381234,BRCA,1,background_organ_value
MAOB,colon,0.8064149417584503,COAD,1,background_organ_value
MAOB,kidney,0.24295353837428604,KICH;KIRC;KIRP,3,background_organ_value
MAOB,lung,0.41684114777493864,LUAD;LUSC,2,background_organ_value
MAOB,prostate,0.3114036941867854,PRAD,1,background_organ_value
MAOB,stomach,0.4612654339406409,STAD,1,background_organ_value
MAOB,liver,-0.5023947980306752,LIHC,1,background_organ_value
MAOB,colon,1.211217719208143,COAD,1,background_organ_value
MAOB,breast,-0.00984216332848947,BRCA,1,background_organ_value
MAOB,kidney,-0.11693480205081788,KICH;KIRC;KIRP,3,background_organ_value
MAOB,lung,-0.10277616057815014,LUAD;LUSC,2,background_organ_value
MAOB,stomach,0.25421076267923554,STAD,1,background_organ_value
MAOB,colon,-0.8552081325840096,COAD,1,background_organ_value
MAOB,esophagus,0.573148155060861,ESCA,1,background_organ_value
MAOB,liver,-0.875083858220324,LIHC,1,background_organ_value
MAOB,thyroid,0.4661233829160129,THCA,1,background_organ_value
MAOB,colon,0.8982455969828036,COAD,1,background_organ_value
MAOB,esophagus,0.5720527417062862,ESCA,1,background_organ_value
MAOB,lung,0.9898216230300754,LUAD;LUSC,2,background_organ_value
MAOB,stomach,0.605196123015042,STAD,1,background_organ_value
MAOB,colon,-1.2719323432246064,COAD,1,background_organ_value
MAOB,breast,0.358671908289099,BRCA,1,background_organ_value
MAOB,kidney,0.2299516053169396,KIRC;KIRP,2,background_organ_value
MAOB,lung,0.2724575331141512,LUAD;LUSC,2,background_organ_value
MAOB,prostate,0.20144137868609263,PRAD,1,background_organ_value
MAOB,breast,-0.11760250775846576,BRCA,1,background_organ_value
MAOB,colon,1.2515800615891537,COAD,1,background_organ_value
MAOB,lung,-0.24237400611617788,LUAD;LUSC,2,background_organ_value
MAOB,prostate,0.17763374064324217,PRAD,1,background_organ_value
MAOB,stomach,0.23675895415542492,STAD,1,background_organ_value
MAOB,kidney,-0.01224192180349974,KICH;KIRC;KIRP,3,background_organ_value
MAOB,liver,-0.7141816783913141,LIHC,1,background_organ_value
MAOB,prostate,-0.25096923384409947,PRAD,1,background_organ_value
MAOB,breast,0.4333928548622076,BRCA,1,background_organ_value
MAOB,kidney,0.4916497824123394,KIRC;KIRP,2,background_organ_value
MAOB,liver,-0.3709764541188487,LIHC,1,background_organ_value
MAOB,breast,0.06190259345425213,BRCA,1,background_organ_value
MAOB,prostate,0.3481302498267724,PRAD,1,background_organ_value
MAOB,colon,-0.22690695410467657,COAD,1,background_organ_value
MAOB,esophagus,0.13812548744462702,ESCA,1,background_organ_value
MAOB,kidney,0.35398644827249454,KIRC,1,background_organ_value
MAOB,prostate,-0.1208330433958943,PRAD,1,background_organ_value
MAOB,stomach,0.04311390490641881,STAD,1,background_organ_value
MAOB,breast,-0.02589461094304419,BRCA,1,background_organ_value
MAOB,kidney,-0.5462353407850202,KICH;KIRC;KIRP,3,background_organ_value
MAOB,liver,-0.5910848686264959,LIHC,1,background_organ_value
MAOB,prostate,0.3833619454877663,PRAD,1,background_organ_value
MAOB,colon,0.20053872665221256,COAD,1,background_organ_value
MAOB,kidney,-0.0518191745519857,KICH;KIRC;KIRP,3,background_organ_value
MAOB,liver,-0.24008006517016137,LIHC,1,background_organ_value
MAOB,lung,-0.127833838699151,LUAD;LUSC,2,background_organ_value
MAOB,prostate,0.01105965116338273,PRAD,1,background_organ_value
MAOB,stomach,-0.12735457368029038,STAD,1,background_organ_value
MAOB,breast,-0.05033756223795441,BRCA,1,background_organ_value
MAOB,kidney,0.03485393600887875,KICH;KIRC;KIRP,3,background_organ_value
MAOB,lung,0.08577607283078152,LUAD;LUSC,2,background_organ_value
MAOB,prostate,-0.03484906473922974,PRAD,1,background_organ_value
MAOB,stomach,-0.1485568023016533,STAD,1,background_organ_value
MAOB,colon,1.062870096457596,COAD,1,background_organ_value
MAOB,kidney,0.001326012993127068,KIRC;KIRP,2,background_organ_value
MAOB,liver,-1.207744664622623,LIHC,1,background_organ_value
MAOB,prostate,-0.5996894077051313,PRAD,1,background_organ_value
MAOB,stomach,0.0980884443652866,STAD,1,background_organ_value
MAOB,liver,-0.7315915914143373,LIHC,1,background_organ_value
MAOB,thyroid,0.12172581122126028,THCA,1,background_organ_value
MAOB,breast,-0.02368713460752295,BRCA,1,background_organ_value
MAOB,colon,0.32683403113388787,COAD,1,background_organ_value
MAOB,lung,-0.12319944136086378,LUAD;LUSC,2,background_organ_value
MAOB,prostate,-0.04115049021083503,PRAD,1,background_organ_value
MAOB,kidney,-3.3383690731335722,KIRC;KIRP,2,background_organ_value
MAOB,breast,-0.10030284424860808,BRCA,1,background_organ_value
MAOB,esophagus,-0.5879251238416995,ESCA,1,background_organ_value
MAOB,kidney,-1.1348675443096332,KICH;KIRC;KIRP,3,background_organ_value
MAOB,stomach,-0.13911177777291264,STAD,1,background_organ_value
MAOB,breast,-0.02675313075391389,BRCA,1,background_organ_value
MAOB,prostate,0.2534429776635687,PRAD,1,background_organ_value
MAOB,stomach,-0.04973676350337182,STAD,1,background_organ_value
MAOB,thyroid,0.4424007820621487,THCA,1,background_organ_value
MAOB,breast,0.7083272018621667,BRCA,1,background_organ_value
MAOB,kidney,0.28321173663376487,KICH;KIRC;KIRP,3,background_organ_value
MAOB,prostate,0.17645678756874614,PRAD,1,background_organ_value
MAOB,esophagus,0.3197841719972791,ESCA,1,background_organ_value
MAOB,kidney,0.7405516189039232,KICH;KIRC,2,background_organ_value
MAOB,breast,-0.09094134059493755,BRCA,1,background_organ_value
MAOB,kidney,0.3827902948668042,KICH;KIRC;KIRP,3,background_organ_value
MAOB,liver,-1.634273042504001,LIHC,1,background_organ_value
MAOB,prostate,-0.01392063571117131,PRAD,1,background_organ_value
MAOB,stomach,-0.3065718347274205,STAD,1,background_organ_value
MAOB,breast,-0.6841885174370024,BRCA,1,background_organ_value
MAOB,esophagus,0.09916221380197018,ESCA,1,background_organ_value
MAOB,stomach,0.19369043984096668,STAD,1,background_organ_value
MAOB,breast,-1.063411332948981,BRCA,1,background_organ_value
MAOB,colon,0.6754592575125392,COAD,1,background_organ_value
MAOB,esophagus,-0.1041926726029746,ESCA,1,background_organ_value
MAOB,lung,-0.15997609496002932,LUAD;LUSC,2,background_organ_value
MAOB,stomach,-0.4545806783785591,STAD,1,background_organ_value
MAOB,colon,0.37943345709458,COAD,1,background_organ_value
MAOB,esophagus,0.22689968228353477,ESCA,1,background_organ_value
MAOB,liver,-0.7417363477379192,LIHC,1,background_organ_value
MAOB,colon,-1.1414145925359949,COAD,1,background_organ_value
MAOB,esophagus,-0.7830939500419996,ESCA,1,background_organ_value
MAOB,kidney,-0.5139984923436688,KICH;KIRC;KIRP,3,background_organ_value
MAOB,liver,-0.823225377180254,LIHC,1,background_organ_value
MAOB,prostate,-0.5004050473470384,PRAD,1,background_organ_value
MAOB,breast,-0.21733775858921836,BRCA,1,background_organ_value
MAOB,esophagus,0.09901677632766924,ESCA,1,background_organ_value
MAOB,lung,0.18113192820907148,LUAD;LUSC,2,background_organ_value
MAOB,liver,-1.2453760858074248,LIHC,1,background_organ_value
MAOB,colon,0.3792576752082684,COAD,1,background_organ_value
MAOB,lung,0.1883933657325717,LUAD;LUSC,2,background_organ_value
MAOB,stomach,-0.01917268475152946,STAD,1,background_organ_value
MAOB,lung,0.5646212352415596,LUAD;LUSC,2,background_organ_value
MAOB,breast,-0.00363007676070513,BRCA,1,background_organ_value
MAOB,colon,0.4780495723187001,COAD,1,background_organ_value
MAOB,esophagus,-0.0841017905480284,ESCA,1,background_organ_value
MAOB,kidney,0.0474635932983584,KICH;KIRC;KIRP,3,background_organ_value
MAOB,liver,-0.41056375954933955,LIHC,1,background_organ_value
MAOB,prostate,-0.12090833990351732,PRAD,1,background_organ_value
MAOB,thyroid,-0.5143670383922275,THCA,1,background_organ_value
MAOB,stomach,0.14020839671761248,STAD,1,background_organ_value
MAOB,liver,-0.509862459075948,LIHC,1,background_organ_value
MAOB,colon,0.7613743840769341,COAD,1,background_organ_value
MAOB,liver,0.3935540879343887,LIHC,1,background_organ_value
MAOB,thyroid,0.01739770438378433,THCA,1,background_organ_value
MAOB,esophagus,-0.21392650933045565,ESCA,1,background_organ_value
MAOB,kidney,0.2833023304475633,KICH;KIRC;KIRP,3,background_organ_value
MAOB,thyroid,0.21147319560351951,THCA,1,background_organ_value
MAOB,breast,0.5088343347953634,BRCA,1,background_organ_value
MAOB,kidney,0.3323943140304704,KICH;KIRC;KIRP,3,background_organ_value
MAOB,lung,0.7718179936820152,LUAD;LUSC,2,background_organ_value
MAOB,prostate,0.4415517540647149,PRAD,1,background_organ_value
MAOB,esophagus,0.4144395426734237,ESCA,1,background_organ_value
MAOB,kidney,-0.7353234017046277,KICH;KIRC;KIRP,3,background_organ_value
MAOB,prostate,-0.15146798871012684,PRAD,1,background_organ_value
MAOB,stomach,0.7930253596346818,STAD,1,background_organ_value
MAOB,breast,0.5056658772595664,BRCA,1,background_organ_value
MAOB,kidney,0.11958058057141868,KICH;KIRC;KIRP,3,background_organ_value
MAOB,liver,-0.07223860899129547,LIHC,1,background_organ_value
MAOB,prostate,-0.02761402918762894,PRAD,1,background_organ_value
MAOB,breast,0.2690675961196247,BRCA,1,background_organ_value
MAOB,colon,-0.2614506734828397,COAD,1,background_organ_value
MAOB,kidney,0.27772681629185664,KICH;KIRC;KIRP,3,background_organ_value
MAOB,prostate,-0.19398213903608016,PRAD,1,background_organ_value
MAOB,stomach,-0.02059707470416087,STAD,1,background_organ_value
MAOB,breast,0.1066770541748611,BRCA,1,background_organ_value
MAOB,esophagus,0.26390627208546125,ESCA,1,background_organ_value
MAOB,kidney,0.37164762053594536,KICH;KIRC;KIRP,3,background_organ_value
MAOB,liver,-0.8438546389842436,LIHC,1,background_organ_value
MAOB,prostate,-0.1951836810624082,PRAD,1,background_organ_value
MAOB,stomach,0.3817970022396612,STAD,1,background_organ_value
MAOB,liver,-0.10151278093602922,LIHC,1,background_organ_value
MAOB,breast,1.2181420439110044,BRCA,1,background_organ_value
MAOB,kidney,-0.4464105376585341,KICH;KIRC;KIRP,3,background_organ_value
MAOB,prostate,2.3389884615153185,PRAD,1,background_organ_value
MAOB,liver,-1.8587075778067472,LIHC,1,background_organ_value
MAOB,thyroid,-0.5060406231047545,THCA,1,background_organ_value
MAOB,kidney,-0.8293573826013482,KICH;KIRC;KIRP,3,background_organ_value
MAOB,lung,-0.1471497270828791,LUAD;LUSC,2,background_organ_value
MAOB,prostate,-0.07579729442880487,PRAD,1,background_organ_value
MAOB,stomach,0.00990750784587618,STAD,1,background_organ_value
MAOB,colon,-0.3199015138317997,COAD,1,background_organ_value
MAOB,lung,0.010855631474112974,LUAD;LUSC,2,background_organ_value
MAOB,prostate,-0.06181224960653626,PRAD,1,background_organ_value
MAOB,stomach,0.03286159259414698,STAD,1,background_organ_value
MAOB,stomach,-0.0655632494119745,STAD,1,background_organ_value
MAOB,breast,-0.2543701828325637,BRCA,1,background_organ_value
MAOB,lung,-0.0236105894702556,LUAD;LUSC,2,background_organ_value
MAOB,prostate,-0.8112590655932448,PRAD,1,background_organ_value
MAOB,breast,0.16422778801491786,BRCA,1,background_organ_value
MAOB,prostate,-0.05761811949459148,PRAD,1,background_organ_value
MAOB,lung,-0.5624802816127138,LUAD;LUSC,2,background_organ_value
MAOB,colon,-0.23763581344354048,COAD,1,background_organ_value
MAOB,lung,-0.14933566174145085,LUAD,1,background_organ_value
MAOB,stomach,-0.5406805740718128,STAD,1,background_organ_value
MAOB,breast,0.6470252716699668,BRCA,1,background_organ_value
MAOB,colon,1.0831314217143535,COAD,1,background_organ_value
MAOB,lung,0.8315228320717116,LUAD;LUSC,2,background_organ_value
MAOB,prostate,0.2107342677360988,PRAD,1,background_organ_value
MAOB,stomach,0.7783877486502314,STAD,1,background_organ_value
MAOB,breast,0.6254703640544842,BRCA,1,background_organ_value
MAOB,kidney,-0.07419414474921322,KIRC;KIRP,2,background_organ_value
MAOB,liver,0.3102593105958426,LIHC,1,background_organ_value
MAOB,stomach,-1.370003093150715,STAD,1,background_organ_value
MAOB,breast,0.47375405955603134,BRCA,1,background_organ_value
MAOB,colon,1.5759295471124886,COAD,1,background_organ_value
MAOB,kidney,0.2825867865876354,KICH;KIRC,2,background_organ_value
MAOB,lung,1.1723277411273996,LUAD;LUSC,2,background_organ_value
MAOB,prostate,0.20133668812626693,PRAD,1,background_organ_value
MAOB,liver,-2.2905993695724893,LIHC,1,background_organ_value
MAOB,thyroid,-0.9413433963957956,THCA,1,background_organ_value
MAOB,thyroid,-0.66192664433798,THCA,1,background_organ_value
MAOB,colon,0.6744866903746248,COAD,1,background_organ_value
MAOB,esophagus,-0.10878283212022564,ESCA,1,background_organ_value
MAOB,kidney,-0.162531651921556,KICH,1,background_organ_value
MAOB,lung,-0.0042959291695786606,LUAD;LUSC,2,background_organ_value
MAOB,liver,0.34479494936499633,LIHC,1,background_organ_value
MAOB,kidney,-0.4991569863135627,KICH;KIRC;KIRP,3,background_organ_value
MAOB,lung,0.5083518107885148,LUAD;LUSC,2,background_organ_value
MAOB,prostate,0.01298700243810079,PRAD,1,background_organ_value
MAOB,liver,-0.7635658749518789,LIHC,1,background_organ_value
MAOB,colon,0.27360034082156504,COAD,1,background_organ_value
MAOB,breast,-0.1073190407066062,BRCA,1,background_organ_value
MAOB,esophagus,0.04471154027183561,ESCA,1,background_organ_value
MAOB,kidney,0.13098205896507176,KICH;KIRC;KIRP,3,background_organ_value
MAOB,prostate,0.1924660632551199,PRAD,1,background_organ_value
MAOB,stomach,0.3702411140199888,STAD,1,background_organ_value
MAOB,thyroid,-0.1882415974324512,THCA,1,background_organ_value
MAOB,breast,-0.4277843948876316,BRCA,1,background_organ_value
MAOB,esophagus,-0.6308253202253046,ESCA,1,background_organ_value
MAOB,kidney,-0.06205241701063733,KICH;KIRC;KIRP,3,background_organ_value
MAOB,lung,-0.35423058801926444,LUAD;LUSC,2,background_organ_value
MAOB,prostate,-0.16553994888550477,PRAD,1,background_organ_value
MAOB,stomach,-0.4695048264423403,STAD,1,background_organ_value
MAOB,liver,-0.07942303355080804,LIHC,1,background_organ_value
MAOB,breast,-1.2768958013396798,BRCA,1,background_organ_value
MAOB,thyroid,0.726290296913581,THCA,1,background_organ_value
MAOB,prostate,-0.00430816329257382,PRAD,1,background_organ_value
MAOB,colon,-0.08402846677544054,COAD,1,background_organ_value
MAOB,kidney,-0.13749014336564672,KICH;KIRC;KIRP,3,background_organ_value
MAOB,lung,0.44898526673491107,LUAD;LUSC,2,background_organ_value
MAOB,esophagus,-0.05736621351452008,ESCA,1,background_organ_value
MAOB,kidney,-1.4295513662553119,KIRC;KIRP,2,background_organ_value
MAOB,prostate,-0.39772918380107813,PRAD,1,background_organ_value
MAOB,kidney,-0.2436755720000131,KICH;KIRC;KIRP,3,background_organ_value
MAOB,lung,-0.18192561737830149,LUAD;LUSC,2,background_organ_value
MAOB,prostate,-0.05805237676069364,PRAD,1,background_organ_value
MAOB,breast,-0.8897560688446579,BRCA,1,background_organ_value
MAOB,kidney,0.031929001184714,KICH;KIRC;KIRP,3,background_organ_value
MAOB,liver,0.2663064560991297,LIHC,1,background_organ_value
MAOB,prostate,-0.4187896533187516,PRAD,1,background_organ_value
MAOB,kidney,0.3539645291492427,KICH;KIRC;KIRP,3,background_organ_value
MAOB,stomach,-0.31848440585703974,STAD,1,background_organ_value
MAOB,lung,-0.1943037471402801,LUAD,1,background_organ_value
MAOB,lung,1.3215112771215909,LUAD;LUSC,2,background_organ_value
MAOB,prostate,0.16726034758343197,PRAD,1,background_organ_value
MAOB,breast,-0.29005892810341155,BRCA,1,background_organ_value
MAOB,lung,0.2091886553007287,LUAD;LUSC,2,background_organ_value
MAOB,prostate,0.3055105135568036,PRAD,1,background_organ_value
MAOB,breast,0.43308819838138457,BRCA,1,background_organ_value
MAOB,kidney,-0.3543461992964372,KICH;KIRC;KIRP,3,background_organ_value
MAOB,liver,0.13566606810077264,LIHC,1,background_organ_value
MAOB,lung,0.17598201737968525,LUSC,1,background_organ_value
MAOB,kidney,-1.2499326689921813,KIRC;KIRP,2,background_organ_value
MAOB,esophagus,-0.08463905500736145,ESCA,1,background_organ_value
MAOB,lung,-0.21011048662912618,LUAD;LUSC,2,background_organ_value
MAOB,colon,0.3125785523351831,COAD,1,background_organ_value
MAOB,esophagus,0.4885329354852918,ESCA,1,background_organ_value
MAOB,lung,-0.8916238623226882,LUAD;LUSC,2,background_organ_value
MAOB,prostate,-0.6506277379654845,PRAD,1,background_organ_value
MAOB,stomach,0.32462227105991837,STAD,1,background_organ_value
MAOB,kidney,-0.03195957590572279,KICH;KIRC,2,background_organ_value
MAOB,stomach,-0.5883250081873784,STAD,1,background_organ_value
MAOB,colon,0.4818181251429477,COAD,1,background_organ_value
MAOB,esophagus,0.06067273087441018,ESCA,1,background_organ_value
MAOB,prostate,-0.7568876766887859,PRAD,1,background_organ_value
MAOB,stomach,-0.13858396162208989,STAD,1,background_organ_value
MAOB,thyroid,0.3605172225154833,THCA,1,background_organ_value
MAOB,breast,-0.13241604032609722,BRCA,1,background_organ_value
MAOB,kidney,-0.11626912710690808,KICH;KIRC;KIRP,3,background_organ_value
MAOB,liver,-0.06094751995360554,LIHC,1,background_organ_value
MAOB,esophagus,-0.7084995822541487,ESCA,1,background_organ_value
MAOB,stomach,-0.11822900180268985,STAD,1,background_organ_value
MAOB,breast,0.7874732480194515,BRCA,1,background_organ_value
MAOB,kidney,0.4735572142741983,KICH;KIRC;KIRP,3,background_organ_value
MAOB,liver,-0.07518608510045839,LIHC,1,background_organ_value
MAOB,breast,0.9646907047254588,BRCA,1,background_organ_value
MAOB,colon,0.8392610607945101,COAD,1,background_organ_value
MAOB,esophagus,0.46431822005867496,ESCA,1,background_organ_value
MAOB,lung,1.337551901984346,LUAD;LUSC,2,background_organ_value
MAOB,prostate,0.16362514526089758,PRAD,1,background_organ_value
MAOB,thyroid,0.4337469530174032,THCA,1,background_organ_value
MAOB,prostate,-0.13318458713113607,PRAD,1,background_organ_value
MAOB,kidney,1.0943818579295748,KICH;KIRC;KIRP,3,background_organ_value
MAOB,lung,1.5276868427662245,LUAD;LUSC,2,background_organ_value
MAOB,prostate,0.9424945802446452,PRAD,1,background_organ_value
MAOB,stomach,1.9144157116420348,STAD,1,background_organ_value
MAOB,breast,0.6784811845870999,BRCA,1,background_organ_value
MAOB,kidney,-0.3118568994986012,KICH;KIRC;KIRP,3,background_organ_value
MAOB,lung,0.18546884081312695,LUSC,1,background_organ_value
MAOB,prostate,0.3701723079085978,PRAD,1,background_organ_value
MAOB,colon,0.9747003593372277,COAD,1,background_organ_value
MAOB,lung,1.5802545435791608,LUAD;LUSC,2,background_organ_value
MAOB,colon,0.16642007970542202,COAD,1,background_organ_value
MAOB,breast,0.1126073675036866,BRCA,1,background_organ_value
MAOB,breast,0.9786298205950976,BRCA,1,background_organ_value
MAOB,colon,0.41057929287030864,COAD,1,background_organ_value
MAOB,kidney,0.08773696439986453,KICH;KIRC;KIRP,3,background_organ_value
MAOB,lung,0.9525792003779164,LUAD;LUSC,2,background_organ_value
MAOB,prostate,0.32992742886184173,PRAD,1,background_organ_value
MAOB,colon,-0.3665429684437858,COAD,1,background_organ_value
MAOB,esophagus,-0.29296811255651783,ESCA,1,background_organ_value
MAOB,breast,0.6491816009677528,BRCA,1,background_organ_value
MAOB,stomach,0.08753096251407447,STAD,1,background_organ_value
MAOB,esophagus,0.4652958776232364,ESCA,1,background_organ_value
MAOB,stomach,0.25897259653206034,STAD,1,background_organ_value
MAOB,stomach,-1.3264502694318012,STAD,1,background_organ_value
MAOB,breast,-0.1179419155435778,BRCA,1,background_organ_value
MAOB,colon,0.34399449897383716,COAD,1,background_organ_value
MAOB,lung,-0.1900139790770687,LUAD,1,background_organ_value
MAOB,prostate,-0.1430672515578755,PRAD,1,background_organ_value
MAOB,stomach,0.13355949353942806,STAD,1,background_organ_value
MAOB,esophagus,0.190764655692396,ESCA,1,background_organ_value
MAOB,breast,0.8228671741402982,BRCA,1,background_organ_value
MAOB,esophagus,0.5532181252982649,ESCA,1,background_organ_value
MAOB,liver,0.3052422732373324,LIHC,1,background_organ_value
MAOB,prostate,0.4831771429477063,PRAD,1,background_organ_value
MAOB,breast,-0.0442158441625665,BRCA,1,background_organ_value
MAOB,colon,-0.05283900575997056,COAD,1,background_organ_value
MAOB,kidney,-0.16321721387977867,KICH;KIRC;KIRP,3,background_organ_value
MAOB,lung,0.15519034884472688,LUAD;LUSC,2,background_organ_value
MAOB,prostate,0.4366550769891422,PRAD,1,background_organ_value
MAOB,stomach,0.158126241242448,STAD,1,background_organ_value
MAOB,breast,0.5775152870016209,BRCA,1,background_organ_value
MAOB,kidney,0.1952881215814026,KICH;KIRC;KIRP,3,background_organ_value
MAOB,stomach,0.24627013603674797,STAD,1,background_organ_value
MAOB,stomach,-2.4101218866877647,STAD,1,background_organ_value
MAOB,breast,-1.261908541037971,BRCA,1,background_organ_value
MAOB,esophagus,-0.05177860392948883,ESCA,1,background_organ_value
MAOB,kidney,-0.3140190017341759,KICH;KIRC;KIRP,3,background_organ_value
MAOB,lung,-0.9269233734222322,LUAD;LUSC,2,background_organ_value
MAOB,prostate,-0.7298473705730236,PRAD,1,background_organ_value
MAOB,esophagus,0.12138837719865651,ESCA,1,background_organ_value
MAOB,lung,0.323667027671382,LUAD;LUSC,2,background_organ_value
MAOB,prostate,-0.6425167789925623,PRAD,1,background_organ_value
MAOB,stomach,-0.34888068132133165,STAD,1,background_organ_value
MAOB,liver,-1.044957055346195,LIHC,1,background_organ_value
MAOB,breast,0.12654082051988755,BRCA,1,background_organ_value
MAOB,colon,1.1100242396601283,COAD,1,background_organ_value
MAOB,esophagus,0.4826502152867811,ESCA,1,background_organ_value
MAOB,kidney,0.0794187566507598,KICH,1,background_organ_value
MAOB,liver,-0.400148679888369,LIHC,1,background_organ_value
MAOB,lung,0.036494016665585494,LUAD;LUSC,2,background_organ_value
MAOB,prostate,0.12921953036428344,PRAD,1,background_organ_value
MAOB,breast,0.13008939966704555,BRCA,1,background_organ_value
MAOB,kidney,0.22935112043540795,KICH;KIRC;KIRP,3,background_organ_value
MAOB,prostate,0.04008164270281839,PRAD,1,background_organ_value
MAOB,colon,0.4409242209037583,COAD,1,background_organ_value
MAOB,lung,0.5057206585405793,LUAD;LUSC,2,background_organ_value
MAOB,kidney,0.26026859037506767,KIRC;KIRP,2,background_organ_value
MAOB,stomach,-0.5151720746302682,STAD,1,background_organ_value
MAOB,thyroid,0.05621263614843753,THCA,1,background_organ_value
MAOB,colon,1.9748611602336952,COAD,1,background_organ_value
MAOB,esophagus,0.7021896600143058,ESCA,1,background_organ_value
MAOB,lung,0.2981233310965104,LUAD;LUSC,2,background_organ_value
MAOB,prostate,1.0326115894919348,PRAD,1,background_organ_value
MAOB,colon,0.7258970895381982,COAD,1,background_organ_value
MAOB,esophagus,0.04376209105372095,ESCA,1,background_organ_value
MAOB,lung,0.37653441713910074,LUAD;LUSC,2,background_organ_value
MAOB,stomach,0.661328045203126,STAD,1,background_organ_value
MAOB,breast,-0.5733425071583332,BRCA,1,background_organ_value
MAOB,colon,-0.3340221649165852,COAD,1,background_organ_value
MAOB,esophagus,-0.502991243512896,ESCA,1,background_organ_value
MAOB,lung,-0.65362831703819,LUAD;LUSC,2,background_organ_value
MAOB,prostate,-0.1938392831981605,PRAD,1,background_organ_value
MAOB,stomach,-0.48437919786519645,STAD,1,background_organ_value
MAOB,kidney,0.2482059679851467,KICH;KIRC;KIRP,3,background_organ_value
MAOB,liver,0.09074153637422916,LIHC,1,background_organ_value
MAOB,stomach,-2.3939702590258474,STAD,1,background_organ_value
MAOB,esophagus,-1.7727067311256108,ESCA,1,background_organ_value
MAOB,breast,-0.0729182022445974,BRCA,1,background_organ_value
MAOB,colon,0.32720441173428993,COAD,1,background_organ_value
MAOB,esophagus,-0.22940358401510744,ESCA,1,background_organ_value
MAOB,kidney,-0.758628511955262,KICH;KIRC;KIRP,3,background_organ_value
MAOB,liver,-1.4493284920952447,LIHC,1,background_organ_value
MAOB,lung,0.01216504630580599,LUAD;LUSC,2,background_organ_value
MAOB,prostate,0.2123327351804513,PRAD,1,background_organ_value
MAOB,liver,-1.6738656736423492,LIHC,1,background_organ_value
MAOB,breast,0.6114682572700354,BRCA,1,background_organ_value
MAOB,colon,0.7326848325695025,COAD,1,background_organ_value
MAOB,kidney,0.7931216777372336,KICH;KIRC;KIRP,3,background_organ_value
MAOB,liver,-0.2286705820456856,LIHC,1,background_organ_value
MAOB,lung,0.18853351601751514,LUAD;LUSC,2,background_organ_value
MAOB,prostate,0.2307974396436113,PRAD,1,background_organ_value
MAOB,liver,-0.7394388781425224,LIHC,1,background_organ_value
MAOB,stomach,-0.09065267201201783,STAD,1,background_organ_value
MAOB,breast,-0.5404484798980383,BRCA,1,background_organ_value
MAOB,colon,-0.36420910293682635,COAD,1,background_organ_value
MAOB,esophagus,-0.6056725378159303,ESCA,1,background_organ_value
MAOB,kidney,0.669796109791577,KICH;KIRC;KIRP,3,background_organ_value
MAOB,liver,-0.9006509344642225,LIHC,1,background_organ_value
MAOB,thyroid,0.6766900398487189,THCA,1,background_organ_value
MAOB,breast,0.18847979930156253,BRCA,1,background_organ_value
MAOB,colon,0.33160165101169137,COAD,1,background_organ_value
MAOB,esophagus,0.03527762847743244,ESCA,1,background_organ_value
MAOB,kidney,-0.10539365759476799,KICH;KIRC,2,background_organ_value
MAOB,lung,0.047516248324911844,LUAD;LUSC,2,background_organ_value
MAOB,prostate,-0.06694054962835627,PRAD,1,background_organ_value
MAOB,stomach,0.160225797551166,STAD,1,background_organ_value
MAOB,colon,-0.7216985005318046,COAD,1,background_organ_value
MAOB,esophagus,-0.3994550737568352,ESCA,1,background_organ_value
MAOB,stomach,-0.7301395178970467,STAD,1,background_organ_value
MAOB,thyroid,-0.5683816482373429,THCA,1,background_organ_value
MAOB,colon,1.014531391838888,COAD,1,background_organ_value
MAOB,colon,0.5429305149630692,COAD,1,background_organ_value
MAOB,esophagus,0.4820746178701213,ESCA,1,background_organ_value
MAOB,lung,0.4326555589801963,LUAD;LUSC,2,background_organ_value
MAOB,stomach,0.556216620969403,STAD,1,background_organ_value
MAOB,liver,-0.7650386630420313,LIHC,1,background_organ_value
MAOB,breast,0.01995567103335352,BRCA,1,background_organ_value
MAOB,colon,-0.05900018426526945,COAD,1,background_organ_value
MAOB,stomach,0.03093074176874805,STAD,1,background_organ_value
MAOB,breast,-0.35811273182596254,BRCA,1,background_organ_value
MAOB,liver,-1.697503995204542,LIHC,1,background_organ_value
MAOB,stomach,0.4404183276311715,STAD,1,background_organ_value
MAOB,colon,0.4324140363518962,COAD,1,background_organ_value
MAOB,esophagus,-0.3275055080849318,ESCA,1,background_organ_value
MAOB,stomach,-0.1086234812081924,STAD,1,background_organ_value
MAOB,liver,-0.1634832751317674,LIHC,1,background_organ_value
MAOB,thyroid,0.4760633963885405,THCA,1,background_organ_value
MAOB,breast,-0.25758265429776855,BRCA,1,background_organ_value
MAOB,esophagus,0.01494151703276963,ESCA,1,background_organ_value
MAOB,kidney,0.04335211742253429,KICH;KIRC;KIRP,3,background_organ_value
MAOB,prostate,0.17546622708687418,PRAD,1,background_organ_value
MAOB,liver,-1.599470506187009,LIHC,1,background_organ_value
MAOB,breast,-0.887349440560598,BRCA,1,background_organ_value
MAOB,colon,0.469738550107531,COAD,1,background_organ_value
MAOB,esophagus,-0.00211616166399572,ESCA,1,background_organ_value
MAOB,kidney,-0.3620004287494348,KICH;KIRC;KIRP,3,background_organ_value
MAOB,prostate,-0.6813472008736204,PRAD,1,background_organ_value
MAOB,liver,-0.9149064607235188,LIHC,1,background_organ_value
MAOB,breast,-0.3163960713998094,BRCA,1,background_organ_value
MAOB,colon,-0.7629118071196557,COAD,1,background_organ_value
MAOB,esophagus,-0.6557239902549811,ESCA,1,background_organ_value
MAOB,kidney,-0.0843555764160642,KICH;KIRC;KIRP,3,background_organ_value
MAOB,stomach,-0.7413007962500938,STAD,1,background_organ_value
MAOB,liver,-0.4174602201727165,LIHC,1,background_organ_value
MAOB,lung,-1.5840674897566478,LUAD;LUSC,2,background_organ_value
MAOB,stomach,-2.235884761076132,STAD,1,background_organ_value
MAOB,esophagus,0.22910949599733,ESCA,1,background_organ_value
MAOB,lung,-0.3949940275453448,LUAD;LUSC,2,background_organ_value
MAOB,prostate,-0.09061494777218976,PRAD,1,background_organ_value
MAOB,esophagus,-0.03091131494841686,ESCA,1,background_organ_value
MAOB,esophagus,-0.32905540191514837,ESCA,1,background_organ_value
MAOB,kidney,-0.8044609699817086,KICH;KIRC;KIRP,3,background_organ_value
MAOB,prostate,-0.06371310288429141,PRAD,1,background_organ_value
MAOB,stomach,-0.09754798675961304,STAD,1,background_organ_value
MAOB,thyroid,-1.125281199636099,THCA,1,background_organ_value
MAOB,breast,-0.10866670623155392,BRCA,1,background_organ_value
MAOB,esophagus,-0.781049782440283,ESCA,1,background_organ_value
MAOB,kidney,-0.5084759511508629,KICH;KIRC;KIRP,3,background_organ_value
MAOB,liver,-0.6076932437408793,LIHC,1,background_organ_value
MAOB,lung,0.053464722978885965,LUAD;LUSC,2,background_organ_value
MAOB,prostate,0.12296854064531308,PRAD,1,background_organ_value
MAOB,colon,1.3447132300724576,COAD,1,background_organ_value
MAOB,esophagus,0.7397944987079491,ESCA,1,background_organ_value
MAOB,lung,0.30150097721232394,LUAD;LUSC,2,background_organ_value
MAOB,stomach,0.6306707605010433,STAD,1,background_organ_value
MAOB,liver,-0.01185824754350733,LIHC,1,background_organ_value
MAOB,breast,0.717076709717028,BRCA,1,background_organ_value
MAOB,kidney,0.201023375895178,KICH;KIRC;KIRP,3,background_organ_value
MAOB,liver,-0.01273366345961761,LIHC,1,background_organ_value
MAOB,prostate,0.05144034488996473,PRAD,1,background_organ_value
MAOB,liver,0.41263075548022743,LIHC,1,background_organ_value
MAOB,colon,1.8248113533632744,COAD,1,background_organ_value
MAOB,liver,0.25081400982457713,LIHC,1,background_organ_value
MAOB,colon,0.01194662391879116,COAD,1,background_organ_value
MAOB,kidney,-0.5500214808947541,KICH;KIRC;KIRP,3,background_organ_value
MAOB,lung,-0.08997018230332043,LUAD;LUSC,2,background_organ_value
MAOB,prostate,-0.04180257161096722,PRAD,1,background_organ_value
MAOB,stomach,-0.22024136620908116,STAD,1,background_organ_value
MAOB,breast,0.38957279227157016,BRCA,1,background_organ_value
MAOB,kidney,-1.5100531785041729,KICH;KIRC;KIRP,3,background_organ_value
MAOB,breast,0.3527707066318897,BRCA,1,background_organ_value
MAOB,kidney,-0.2033274833955776,KICH;KIRC;KIRP,3,background_organ_value
MAOB,lung,0.8396519037547975,LUAD;LUSC,2,background_organ_value
MAOB,prostate,0.2430594389374388,PRAD,1,background_organ_value
MAOB,colon,-0.7462041953135223,COAD,1,background_organ_value
MAOB,kidney,-1.8432548060887437,KICH,1,background_organ_value
MAOB,lung,0.22085073892351337,LUAD;LUSC,2,background_organ_value
MAOB,stomach,-1.4008847414738228,STAD,1,background_organ_value
MAOB,colon,-0.24357161215261447,COAD,1,background_organ_value
MAOB,esophagus,-0.196681889052164,ESCA,1,background_organ_value
MAOB,lung,-0.7695862883243115,LUAD;LUSC,2,background_organ_value
MAOB,stomach,-0.12975849268106748,STAD,1,background_organ_value
MAOB,esophagus,0.04341464526055272,ESCA,1,background_organ_value
MAOB,liver,-0.04456885128891622,LIHC,1,background_organ_value
MAOB,breast,0.9365450965795864,BRCA,1,background_organ_value
MAOB,colon,0.9688488479535884,COAD,1,background_organ_value
MAOB,esophagus,0.9514980555642476,ESCA,1,background_organ_value
MAOB,kidney,0.01428556569625157,KICH;KIRC;KIRP,3,background_organ_value
MAOB,lung,1.1853212869598901,LUAD;LUSC,2,background_organ_value
MAOB,prostate,0.12413651480348324,PRAD,1,background_organ_value
MAOB,stomach,0.8285992892169644,STAD,1,background_organ_value
MAOB,breast,0.17683266544634016,BRCA,1,background_organ_value
MAOB,colon,0.6977674841783792,COAD,1,background_organ_value
MAOB,esophagus,0.6248219156810036,ESCA,1,background_organ_value
MAOB,kidney,-0.05749918359362629,KICH;KIRC;KIRP,3,background_organ_value
MAOB,lung,0.5245078273164319,LUAD;LUSC,2,background_organ_value
MAOB,prostate,-0.10817652719748568,PRAD,1,background_organ_value
MAOB,stomach,0.46804259830221406,STAD,1,background_organ_value
MAOB,breast,-0.1641259137140109,BRCA,1,background_organ_value
MAOB,kidney,-0.32787649163323507,KICH;KIRC;KIRP,3,background_organ_value
MAOB,liver,-0.4251660404216205,LIHC,1,background_organ_value
MAOB,stomach,0.2183218314132742,STAD,1,background_organ_value
MAOB,breast,-0.13140088619770748,BRCA,1,background_organ_value
MAOB,kidney,-0.42005552878899766,KICH;KIRC;KIRP,3,background_organ_value
MAOB,liver,-0.9302630271921714,LIHC,1,background_organ_value
MAOB,prostate,-0.30237511212121565,PRAD,1,background_organ_value
MAOB,breast,0.5012242678691,BRCA,1,background_organ_value
MAOB,colon,0.1356418675624651,COAD,1,background_organ_value
MAOB,kidney,-0.04136642778914613,KICH;KIRC;KIRP,3,background_organ_value
MAOB,lung,0.8894169074652065,LUAD;LUSC,2,background_organ_value
MAOB,prostate,0.1169590253592116,PRAD,1,background_organ_value
MAOB,stomach,0.10043778360760414,STAD,1,background_organ_value
MAOB,kidney,0.2903125568308805,KIRC;KIRP,2,background_organ_value
MAOB,liver,-0.4290285167928099,LIHC,1,background_organ_value
MAOB,colon,-0.2181523943315695,COAD,1,background_organ_value
MAOB,esophagus,-0.01657930446274581,ESCA,1,background_organ_value
MAOB,kidney,0.7994056973171386,KICH,1,background_organ_value
MAOB,lung,0.23087317566254814,LUAD;LUSC,2,background_organ_value
MAOB,liver,-0.5911370669492829,LIHC,1,background_organ_value
MAOB,stomach,0.5722919499196231,STAD,1,background_organ_value
MAOB,stomach,-0.7536349380902198,STAD,1,background_organ_value
MAOB,breast,0.16201118945326873,BRCA,1,background_organ_value
MAOB,kidney,0.07691954426778469,KIRC;KIRP,2,background_organ_value
MAOB,breast,0.5099797888796002,BRCA,1,background_organ_value
MAOB,kidney,0.378907705482562,KICH;KIRC;KIRP,3,background_organ_value
MAOB,liver,-0.04721159701592051,LIHC,1,background_organ_value
MAOB,lung,0.04259969367672842,LUSC,1,background_organ_value
MAOB,prostate,0.1697524437483547,PRAD,1,background_organ_value
MAOB,thyroid,0.9223763705071668,THCA,1,background_organ_value
MAOB,kidney,-0.329120112589703,KIRC;KIRP,2,background_organ_value
MAOB,stomach,0.7044577228381729,STAD,1,background_organ_value
MAOB,stomach,-0.17888649747049296,STAD,1,background_organ_value
MAOB,breast,0.18724223229570125,BRCA,1,background_organ_value
MAOB,colon,-0.11720983466029802,COAD,1,background_organ_value
MAOB,kidney,0.3518400636329274,KICH;KIRC;KIRP,3,background_organ_value
MAOB,liver,-0.3475294224448023,LIHC,1,background_organ_value
MAOB,lung,0.18876720611208356,LUAD;LUSC,2,background_organ_value
MAOB,prostate,0.10750971203250988,PRAD,1,background_organ_value
MAOB,liver,-0.916507731030246,LIHC,1,background_organ_value
MAOB,breast,0.06054938355487061,BRCA,1,background_organ_value
MAOB,colon,0.5897743264706908,COAD,1,background_organ_value
MAOB,kidney,-0.6462217377306266,KICH;KIRC,2,background_organ_value
MAOB,lung,-0.5630881719776933,LUAD;LUSC,2,background_organ_value
MAOB,prostate,0.4651395317318853,PRAD,1,background_organ_value
MAOB,breast,-0.3120010720119924,BRCA,1,background_organ_value
MAOB,lung,-0.165914539562175,LUAD;LUSC,2,background_organ_value
MAOB,stomach,0.323040672838265,STAD,1,background_organ_value
MAOB,colon,0.782126062125229,COAD,1,background_organ_value
MAOB,kidney,0.901211834723772,KICH,1,background_organ_value
MAOB,lung,0.34984398000412426,LUAD;LUSC,2,background_organ_value
MAOB,stomach,0.258974801165278,STAD,1,background_organ_value
MAOB,stomach,0.577172875370411,STAD,1,background_organ_value
MAOB,liver,-1.4437386522464672,LIHC,1,background_organ_value
MAOB,thyroid,-0.16447308066465963,THCA,1,background_organ_value
MAOB,colon,0.07664636887860057,COAD,1,background_organ_value
MAOB,esophagus,-0.4592057396871944,ESCA,1,background_organ_value
MAOB,colon,-0.18926399145993592,COAD,1,background_organ_value
MAOB,esophagus,-0.20342039708136336,ESCA,1,background_organ_value
MAOB,liver,-1.7428743021647872,LIHC,1,background_organ_value
MAOB,kidney,0.1836429725338997,KICH;KIRC;KIRP,3,background_organ_value
MAOB,liver,0.05474229378290001,LIHC,1,background_organ_value
MAOB,lung,0.4321113482186058,LUAD;LUSC,2,background_organ_value
MAOB,stomach,0.7670847900685114,STAD,1,background_organ_value
MAOB,breast,-0.22585861976567667,BRCA,1,background_organ_value
MAOB,lung,-0.4844699526007269,LUAD,1,background_organ_value
MAOB,stomach,0.20062003873124584,STAD,1,background_organ_value
MAOB,esophagus,0.02016471205439594,ESCA,1,background_organ_value
MAOB,colon,0.1938511497179964,COAD,1,background_organ_value
MAOB,esophagus,1.0545007826351362,ESCA,1,background_organ_value
MAOB,kidney,-1.1900361210147758,KICH;KIRC;KIRP,3,background_organ_value
MAOB,liver,-1.7407965598240869,LIHC,1,background_organ_value
MAOB,stomach,0.15826804359969338,STAD,1,background_organ_value
MAOB,esophagus,0.8389951258798413,ESCA,1,background_organ_value
MAOB,kidney,-2.9057826191141505,KICH;KIRC;KIRP,3,background_organ_value
MAOB,stomach,0.4348783383621623,STAD,1,background_organ_value
MAOB,colon,1.1322306129370046,COAD,1,background_organ_value
MAOB,lung,0.8779118415697473,LUAD;LUSC,2,background_organ_value
MAOB,stomach,0.693322062973447,STAD,1,background_organ_value
MAOB,colon,0.5319125648801454,COAD,1,background_organ_value
MAOB,lung,0.07181564143298465,LUAD;LUSC,2,background_organ_value
MAOB,stomach,0.22163860559433252,STAD,1,background_organ_value
MAOB,kidney,-0.9153080632081292,KICH;KIRC;KIRP,3,background_organ_value
MAOB,lung,0.3049671385468692,LUAD;LUSC,2,background_organ_value
MAOB,prostate,-0.12054917451250992,PRAD,1,background_organ_value
MAOB,stomach,-0.8227376019312599,STAD,1,background_organ_value
MAOB,stomach,-0.1405710444641364,STAD,1,background_organ_value
MAOB,liver,-2.128745310140735,LIHC,1,background_organ_value
MAOB,lung,0.21841522282621123,LUAD;LUSC,2,background_organ_value
MAOB,stomach,0.13916557017998082,STAD,1,background_organ_value
MAOB,colon,0.15058668301333866,COAD,1,background_organ_value
MAOB,esophagus,0.26751433139035063,ESCA,1,background_organ_value
MAOB,lung,0.040273189784797034,LUAD;LUSC,2,background_organ_value
MAOB,stomach,-0.31394052640007447,STAD,1,background_organ_value
MAOB,breast,-0.5734060173041328,BRCA,1,background_organ_value
MAOB,esophagus,-0.04102704918936318,ESCA,1,background_organ_value
MAOB,kidney,-0.04978673740998399,KICH;KIRC;KIRP,3,background_organ_value
MAOB,liver,-0.5919009965019341,LIHC,1,background_organ_value
MAOB,lung,-0.3432228543031014,LUAD;LUSC,2,background_organ_value
MAOB,prostate,-0.3821531404626546,PRAD,1,background_organ_value
MAOB,breast,-0.00959238279073932,BRCA,1,background_organ_value
MAOB,lung,-0.22696267591582533,LUAD;LUSC,2,background_organ_value
MAOB,stomach,0.3225076157858742,STAD,1,background_organ_value
MAOB,stomach,0.2852656008716963,STAD,1,background_organ_value
MAOB,breast,0.5256669769668771,BRCA,1,background_organ_value
MAOB,kidney,0.20161124765955113,KICH;KIRC,2,background_organ_value
MAOB,colon,0.28263260635609694,COAD,1,background_organ_value
MAOB,liver,-1.0506340877509162,LIHC,1,background_organ_value
MAOB,thyroid,0.0904243824752772,THCA,1,background_organ_value
MAOB,lung,0.44628659253207914,LUAD;LUSC,2,background_organ_value
MAOB,breast,-0.18305357609430484,BRCA,1,background_organ_value
MAOB,lung,-0.26230586657813193,LUAD;LUSC,2,background_organ_value
MAOB,prostate,0.01434649711189541,PRAD,1,background_organ_value
MAOB,stomach,-0.7775495485468995,STAD,1,background_organ_value
MAOB,kidney,-2.193808520268898,KIRP,1,background_organ_value
MAOB,breast,0.2591278476249272,BRCA,1,background_organ_value
MAOB,esophagus,0.8629676858429767,ESCA,1,background_organ_value
MAOB,kidney,-0.01740119361949198,KICH;KIRC;KIRP,3,background_organ_value
MAOB,prostate,0.15640501930855455,PRAD,1,background_organ_value
MAOB,colon,-0.2370747535005835,COAD,1,background_organ_value
MAOB,lung,0.399387645140914,LUAD;LUSC,2,background_organ_value
MAOB,colon,-0.16277352693945207,COAD,1,background_organ_value
MAOB,esophagus,0.0339627125486139,ESCA,1,background_organ_value
MAOB,lung,0.19036199566301812,LUAD;LUSC,2,background_organ_value
MAOB,prostate,-0.10444696695675068,PRAD,1,background_organ_value
MAOB,colon,-0.263824668721435,COAD,1,background_organ_value
MAOB,kidney,0.05828410559924869,KICH,1,background_organ_value
MAOB,lung,0.3853866416806633,LUAD;LUSC,2,background_organ_value
MAOB,prostate,0.01318799537354988,PRAD,1,background_organ_value
MAOB,stomach,0.2741806902304229,STAD,1,background_organ_value
MAOB,breast,0.8939167414110377,BRCA,1,background_organ_value
MAOB,kidney,0.40005674084531984,KICH,1,background_organ_value
MAOB,lung,0.5318201180767804,LUAD;LUSC,2,background_organ_value
MAOB,breast,0.3654604129286008,BRCA,1,background_organ_value
MAOB,kidney,0.00965546847483891,KICH;KIRC;KIRP,3,background_organ_value
MAOB,lung,0.18905420321516675,LUAD;LUSC,2,background_organ_value
MAOB,prostate,0.17693410776889895,PRAD,1,background_organ_value
MAOB,breast,-0.2211582646783264,BRCA,1,background_organ_value
MAOB,esophagus,-0.0964499473091272,ESCA,1,background_organ_value
MAOB,kidney,-0.4618413035787875,KICH;KIRC;KIRP,3,background_organ_value
MAOB,liver,-0.5516006192034515,LIHC,1,background_organ_value
MAOB,lung,0.43921313347316876,LUAD;LUSC,2,background_organ_value
MAOB,prostate,0.20786136558163532,PRAD,1,background_organ_value
MAOB,colon,0.17719266275667564,COAD,1,background_organ_value
MAOB,lung,0.06459961156619665,LUAD;LUSC,2,background_organ_value
MAOB,stomach,0.4032765893541397,STAD,1,background_organ_value
MAOB,kidney,-0.17452271246545595,KICH;KIRC;KIRP,3,background_organ_value
MAOB,lung,0.29928365105430366,LUAD,1,background_organ_value
MAOB,esophagus,-1.6087155518785932,ESCA,1,background_organ_value
MAOB,kidney,-1.0122605427970406,KICH;KIRC;KIRP,3,background_organ_value
MAOB,lung,-1.1448392850648883,LUAD;LUSC,2,background_organ_value
MAOB,colon,-0.4545842107657131,COAD,1,background_organ_value
MAOB,kidney,-0.05927431870154327,KICH;KIRC;KIRP,3,background_organ_value
MAOB,lung,0.39912448666282396,LUAD;LUSC,2,background_organ_value
MAOB,prostate,0.7972089000682304,PRAD,1,background_organ_value
MAOB,liver,-0.9193267480411909,LIHC,1,background_organ_value
MAOB,breast,0.137679896905405,BRCA,1,background_organ_value
MAOB,kidney,-0.15738912405964053,KICH;KIRC;KIRP,3,background_organ_value
MAOB,liver,-0.8682022793419104,LIHC,1,background_organ_value
MAOB,prostate,0.15806799590772805,PRAD,1,background_organ_value
MAOB,breast,0.18903620124123496,BRCA,1,background_organ_value
MAOB,breast,-0.09237061712746213,BRCA,1,background_organ_value
MAOB,colon,0.10407527277878066,COAD,1,background_organ_value
MAOB,esophagus,0.01451494429055919,ESCA,1,background_organ_value
MAOB,lung,-0.3660523169428062,LUAD,1,background_organ_value
MAOB,stomach,0.17120687082573882,STAD,1,background_organ_value
MAOB,kidney,0.18102225620032408,KICH;KIRC;KIRP,3,background_organ_value
MAOB,prostate,0.01465141741981273,PRAD,1,background_organ_value
MAOB,liver,-0.5345592764351192,LIHC,1,background_organ_value
MAOB,colon,0.6947071078727942,COAD,1,background_organ_value
MAOB,esophagus,-0.08105692567941826,ESCA,1,background_organ_value
MAOB,lung,0.17991703109923074,LUAD;LUSC,2,background_organ_value
MAOB,stomach,0.12841749616694495,STAD,1,background_organ_value
MAOB,breast,-0.16116375173337652,BRCA,1,background_organ_value
MAOB,colon,-0.6778422766071931,COAD,1,background_organ_value
MAOB,lung,-0.4707843104881615,LUAD;LUSC,2,background_organ_value
MAOB,prostate,0.00446600153468396,PRAD,1,background_organ_value
MAOB,stomach,0.1594255939370786,STAD,1,background_organ_value
MAOB,thyroid,-0.5414805176373599,THCA,1,background_organ_value
MAOB,lung,0.20504096196438937,LUAD;LUSC,2,background_organ_value
MAOB,stomach,0.02664773328379975,STAD,1,background_organ_value
MAOB,colon,0.2722113228668882,COAD,1,background_organ_value
MAOB,stomach,0.6125085183703819,STAD,1,background_organ_value
MAOB,breast,-0.3729602033317138,BRCA,1,background_organ_value
MAOB,kidney,0.4523159303204248,KICH;KIRC;KIRP,3,background_organ_value
MAOB,lung,-0.4695724471565454,LUAD;LUSC,2,background_organ_value
MAOB,prostate,-0.5401897370304972,PRAD,1,background_organ_value
MAOB,stomach,-0.08442583067181159,STAD,1,background_organ_value
MAOB,breast,-0.08747801606124361,BRCA,1,background_organ_value
MAOB,colon,0.07069147008955871,COAD,1,background_organ_value
MAOB,lung,-0.02477497022450318,LUAD;LUSC,2,background_organ_value
MAOB,stomach,0.26488782902076513,STAD,1,background_organ_value
MAOB,liver,0.4128457447171311,LIHC,1,background_organ_value
MAOB,liver,0.26492033166086504,LIHC,1,background_organ_value
MAOB,esophagus,-0.48633561720867496,ESCA,1,background_organ_value
MAOB,liver,-0.00759634308798133,LIHC,1,background_organ_value
MAOB,colon,0.7093151266442536,COAD,1,background_organ_value
MAOB,esophagus,-0.315158809396604,ESCA,1,background_organ_value
MAOB,kidney,0.411071494329526,KICH;KIRC;KIRP,3,background_organ_value
MAOB,lung,-0.26185197426252677,LUAD;LUSC,2,background_organ_value
MAOB,prostate,-0.13926189066892525,PRAD,1,background_organ_value
MAOB,stomach,-0.13245640521301832,STAD,1,background_organ_value
MAOB,colon,0.10774032656516731,COAD,1,background_organ_value
MAOB,esophagus,-0.03713329574296172,ESCA,1,background_organ_value
MAOB,lung,0.3716106310008424,LUAD;LUSC,2,background_organ_value
MAOB,prostate,-0.0905530844076241,PRAD,1,background_organ_value
MAOB,breast,-0.5229560443232125,BRCA,1,background_organ_value
MAOB,colon,1.5735337429649812,COAD,1,background_organ_value
MAOB,lung,0.8845050670328151,LUAD;LUSC,2,background_organ_value
MAOB,prostate,0.40079349911736506,PRAD,1,background_organ_value
MAOB,liver,-0.9983867367271398,LIHC,1,background_organ_value
MAOB,breast,0.4330701864286022,BRCA,1,background_organ_value
MAOB,colon,-0.06128893257485746,COAD,1,background_organ_value
MAOB,esophagus,-0.20621611474896795,ESCA,1,background_organ_value
MAOB,kidney,-0.9148629551967168,KICH;KIRC;KIRP,3,background_organ_value
MAOB,liver,-0.24310587061342584,LIHC,1,background_organ_value
MAOB,lung,-0.4311959493943399,LUAD;LUSC,2,background_organ_value
MAOB,breast,-0.6389089746156119,BRCA,1,background_organ_value
MAOB,colon,0.12800180290743238,COAD,1,background_organ_value
MAOB,esophagus,-0.777182821254159,ESCA,1,background_organ_value
MAOB,kidney,0.27043489427320633,KICH;KIRC;KIRP,3,background_organ_value
MAOB,lung,-0.49969121545636463,LUAD;LUSC,2,background_organ_value
MAOB,esophagus,-2.9289742549524873,ESCA,1,background_organ_value
MAOB,breast,0.9619885119639252,BRCA,1,background_organ_value
MAOB,kidney,0.0520672312105885,KIRC;KIRP,2,background_organ_value
MAOB,liver,0.27686972881344885,LIHC,1,background_organ_value
MAOB,kidney,-0.4377151562500238,KIRC;KIRP,2,background_organ_value
MAOB,thyroid,0.09403413994137416,THCA,1,background_organ_value
MAOB,breast,-0.8691583254775368,BRCA,1,background_organ_value
MAOB,colon,-1.420050796244766,COAD,1,background_organ_value
MAOB,esophagus,-0.2900015962697455,ESCA,1,background_organ_value
MAOB,stomach,-1.2760226005008055,STAD,1,background_organ_value
MAOB,liver,-1.1481914877653845,LIHC,1,background_organ_value
MAOB,breast,0.2593532528665064,BRCA,1,background_organ_value
MAOB,colon,1.0288999126839775,COAD,1,background_organ_value
MAOB,esophagus,0.3364485451400151,ESCA,1,background_organ_value
MAOB,kidney,0.04008645427923876,KICH,1,background_organ_value
MAOB,lung,0.7534055026388828,LUAD;LUSC,2,background_organ_value
MAOB,prostate,0.100214509348139,PRAD,1,background_organ_value
MAOB,lung,1.072773353763795,LUAD,1,background_organ_value
MAOB,breast,-0.1600108289031348,BRCA,1,background_organ_value
MAOB,colon,-0.26699685007046753,COAD,1,background_organ_value
MAOB,kidney,0.16401714010478263,KICH;KIRC;KIRP,3,background_organ_value
MAOB,lung,0.14275634367907056,LUAD;LUSC,2,background_organ_value
MAOB,prostate,-0.1942305881977513,PRAD,1,background_organ_value
MAOB,stomach,-0.19185395322671697,STAD,1,background_organ_value
MAOB,breast,1.0634575697163342,BRCA,1,background_organ_value
MAOB,lung,0.1945257684694621,LUAD;LUSC,2,background_organ_value
MAOB,esophagus,1.4771448562703016,ESCA,1,background_organ_value
MAOB,breast,-0.12678060613521985,BRCA,1,background_organ_value
MAOB,liver,-0.07971803951601857,LIHC,1,background_organ_value
MAOB,colon,0.0267575303598818,COAD,1,background_organ_value
MAOB,breast,0.6056709349349964,BRCA,1,background_organ_value
MAOB,colon,0.6690178532672366,COAD,1,background_organ_value
MAOB,esophagus,0.4785020827608876,ESCA,1,background_organ_value
MAOB,kidney,0.6924932320433584,KICH;KIRC;KIRP,3,background_organ_value
MAOB,lung,0.7500599090830629,LUAD;LUSC,2,background_organ_value
MAOB,prostate,0.00285132539484833,PRAD,1,background_organ_value
MAOB,stomach,0.03082784937452774,STAD,1,background_organ_value
MAOB,colon,1.3485072974921208,COAD,1,background_organ_value
MAOB,kidney,0.273509281034946,KIRC;KIRP,2,background_organ_value
MAOB,breast,-0.00991761126547472,BRCA,1,background_organ_value
MAOB,colon,-0.35008006430089605,COAD,1,background_organ_value
MAOB,esophagus,-0.7335676259256662,ESCA,1,background_organ_value
MAOB,kidney,-0.9334078263686838,KICH;KIRC;KIRP,3,background_organ_value
MAOB,lung,-0.6400167568147457,LUAD;LUSC,2,background_organ_value
MAOB,prostate,-0.43076453319463054,PRAD,1,background_organ_value
MAOB,esophagus,-0.18458385586331053,ESCA,1,background_organ_value
MAOB,stomach,-0.8006254616150841,STAD,1,background_organ_value
MAOB,esophagus,0.5919649934602593,ESCA,1,background_organ_value
MAOB,lung,0.5840904212442706,LUAD;LUSC,2,background_organ_value
MAOB,prostate,-0.2640355126801391,PRAD,1,background_organ_value
MAOB,colon,0.7474216136666807,COAD,1,background_organ_value
MAOB,esophagus,0.6950897949264657,ESCA,1,background_organ_value
MAOB,stomach,0.21415588024083365,STAD,1,background_organ_value
MAOB,colon,-0.2362094534033541,COAD,1,background_organ_value
MAOB,esophagus,-0.6204237232015687,ESCA,1,background_organ_value
MAOB,stomach,-0.6317073604465006,STAD,1,background_organ_value
MAOB,colon,0.5144979553941682,COAD,1,background_organ_value
MAOB,kidney,-0.02264041523337115,KICH;KIRC;KIRP,3,background_organ_value
MAOB,lung,0.1300764512415685,LUAD;LUSC,2,background_organ_value
MAOB,prostate,-0.0484901045111091,PRAD,1,background_organ_value
MAOB,stomach,0.21904838304933905,STAD,1,background_organ_value
MAOB,breast,-0.6040501722151593,BRCA,1,background_organ_value
MAOB,kidney,-0.31814360826967847,KICH;KIRC;KIRP,3,background_organ_value
MAOB,prostate,-0.4678930336220559,PRAD,1,background_organ_value
MAOB,kidney,0.1278408349155881,KICH;KIRC;KIRP,3,background_organ_value
MAOB,liver,0.11210909395266468,LIHC,1,background_organ_value
MAOB,prostate,0.2489834861813549,PRAD,1,background_organ_value
MAOB,breast,0.5908967965353049,BRCA,1,background_organ_value
MAOB,kidney,0.8840136615141474,KICH;KIRC;KIRP,3,background_organ_value
MAOB,prostate,0.19519537093412528,PRAD,1,background_organ_value
MAOB,liver,-0.3978427690277316,LIHC,1,background_organ_value
MAOB,thyroid,1.039058646515039,THCA,1,background_organ_value
MAOB,esophagus,-0.5151450198195742,ESCA,1,background_organ_value
MAOB,kidney,0.2488308802468809,KICH;KIRC;KIRP,3,background_organ_value
MAOB,prostate,-0.3676480658572771,PRAD,1,background_organ_value
MAOB,breast,0.03167566630604738,BRCA,1,background_organ_value
MAOB,kidney,0.02546642398169766,KICH;KIRC;KIRP,3,background_organ_value
MAOB,liver,-0.15992725983705042,LIHC,1,background_organ_value
MAOB,lung,0.5071147289012905,LUAD;LUSC,2,background_organ_value
MAOB,prostate,0.2818998036958565,PRAD,1,background_organ_value
MAOB,esophagus,0.03507042248212878,ESCA,1,background_organ_value
MAOB,liver,-2.2525374177575195,LIHC,1,background_organ_value
MAOB,esophagus,0.8782994067962011,ESCA,1,background_organ_value
MAOB,prostate,-1.333098350168968,PRAD,1,background_organ_value
MAOB,liver,0.13409780277250177,LIHC,1,background_organ_value
MAOB,kidney,0.13423472866952368,KICH;KIRC;KIRP,3,background_organ_value
MAOB,liver,0.3525510197765283,LIHC,1,background_organ_value
MAOB,colon,-0.3245477609789281,COAD,1,background_organ_value
MAOB,esophagus,-0.345309418388026,ESCA,1,background_organ_value
MAOB,lung,0.3062287842103615,LUAD;LUSC,2,background_organ_value
MAOB,prostate,-0.7913345140745535,PRAD,1,background_organ_value
MAOB,kidney,-0.040435983753863,KICH;KIRC;KIRP,3,background_organ_value
MAOB,liver,-0.05713696403973497,LIHC,1,background_organ_value
MAOB,lung,0.5768080107473712,LUAD;LUSC,2,background_organ_value
MAOB,stomach,0.4591063645119,STAD,1,background_organ_value
MAOB,breast,-0.15072698546813898,BRCA,1,background_organ_value
MAOB,kidney,-0.8235693222134978,KICH;KIRC;KIRP,3,background_organ_value
MAOB,liver,-0.9010799543514296,LIHC,1,background_organ_value
MAOB,liver,0.33354400061378914,LIHC,1,background_organ_value
MAOB,lung,0.0337292210673234,LUSC,1,background_organ_value
MAOB,colon,-0.5382041410551668,COAD,1,background_organ_value
MAOB,esophagus,-0.6506539061526179,ESCA,1,background_organ_value
MAOB,kidney,-0.14370555581047895,KICH;KIRC;KIRP,3,background_organ_value
MAOB,liver,0.3313185420088407,LIHC,1,background_organ_value
MAOB,lung,0.15760763556218133,LUAD;LUSC,2,background_organ_value
MAOB,prostate,0.8748086795172262,PRAD,1,background_organ_value
MAOB,liver,-0.4223884920235968,LIHC,1,background_organ_value
MAOB,esophagus,-0.5160608919551617,ESCA,1,background_organ_value
MAOB,liver,-0.07101109407031277,LIHC,1,background_organ_value
MAOB,lung,-0.00654155783004104,LUAD,1,background_organ_value
MAOB,prostate,0.4387922335630474,PRAD,1,background_organ_value
MAOB,liver,0.09958515981281783,LIHC,1,background_organ_value
MAOB,breast,-1.3063399717925814,BRCA,1,background_organ_value
MAOB,lung,-1.0511696708916909,LUAD;LUSC,2,background_organ_value
MAOB,liver,-1.0371693869728131,LIHC,1,background_organ_value
MAOB,esophagus,0.2610674301022243,ESCA,1,background_organ_value
MAOB,lung,1.0026354980502348,LUAD;LUSC,2,background_organ_value
MAOB,colon,0.359967227339973,COAD,1,background_organ_value
MAOB,esophagus,0.3517765275471696,ESCA,1,background_organ_value
MAOB,lung,0.17340101494039628,LUAD;LUSC,2,background_organ_value
MAOB,stomach,0.42739822171918407,STAD,1,background_organ_value
MAOB,lung,0.4104503403723741,LUAD;LUSC,2,background_organ_value
MAOB,stomach,0.20623596576649905,STAD,1,background_organ_value
MAOB,colon,0.37284481460093505,COAD,1,background_organ_value
MAOB,lung,0.9352802154472537,LUAD;LUSC,2,background_organ_value
MAOB,stomach,0.879824337836535,STAD,1,background_organ_value
MAOB,kidney,0.10694275118449809,KICH;KIRC,2,background_organ_value
MAOB,breast,-0.0955178306574519,BRCA,1,background_organ_value
MAOB,esophagus,-1.7513374528256864,ESCA,1,background_organ_value
MAOB,kidney,-1.9367835567239349,KICH;KIRC;KIRP,3,background_organ_value
MAOB,liver,-0.8940337852287866,LIHC,1,background_organ_value
MAOB,breast,1.2499305414282658,BRCA,1,background_organ_value
MAOB,colon,0.3823467490920177,COAD,1,background_organ_value
MAOB,esophagus,0.0057630325140232,ESCA,1,background_organ_value
MAOB,kidney,0.18925447943576656,KICH;KIRC;KIRP,3,background_organ_value
MAOB,liver,0.09817215864547824,LIHC,1,background_organ_value
MAOB,prostate,0.35957701638015505,PRAD,1,background_organ_value
MAOB,breast,0.3206617935206611,BRCA,1,background_organ_value
MAOB,colon,-0.12833413831829138,COAD,1,background_organ_value
MAOB,esophagus,-0.1169725019982192,ESCA,1,background_organ_value
MAOB,kidney,-0.1059020636982189,KICH;KIRC;KIRP,3,background_organ_value
MAOB,lung,0.22348023878041032,LUAD;LUSC,2,background_organ_value
MAOB,stomach,0.10501596884926034,STAD,1,background_organ_value
MAOB,colon,-0.8216843785428216,COAD,1,background_organ_value
MAOB,esophagus,-0.7915975868647556,ESCA,1,background_organ_value
MAOB,lung,-0.3047862920015802,LUAD;LUSC,2,background_organ_value
MAOB,prostate,0.24180554556826997,PRAD,1,background_organ_value
MAOB,stomach,-0.984020536790884,STAD,1,background_organ_value
MAOB,esophagus,-0.1566693728528192,ESCA,1,background_organ_value
MAOB,kidney,-0.544173670915164,KICH,1,background_organ_value
MAOB,colon,0.1522645007170136,COAD,1,background_organ_value
MAOB,esophagus,-0.238185779516459,ESCA,1,background_organ_value
MAOB,colon,0.09729670342253605,COAD,1,background_organ_value
MAOB,breast,0.9193443545972712,BRCA,1,background_organ_value
MAOB,kidney,-0.07161811842128424,KIRC;KIRP,2,background_organ_value
MAOB,prostate,0.19737529638425272,PRAD,1,background_organ_value
MAOB,colon,0.5177981084033944,COAD,1,background_organ_value
MAOB,esophagus,0.30604592429608485,ESCA,1,background_organ_value
MAOB,liver,-0.38423462212368,LIHC,1,background_organ_value
MAOB,lung,0.9576411429371846,LUAD;LUSC,2,background_organ_value
MAOB,prostate,0.15977084661213156,PRAD,1,background_organ_value
MAOB,stomach,-0.05883893149145929,STAD,1,background_organ_value
MAOB,colon,0.12173218331681368,COAD,1,background_organ_value
MAOB,kidney,-0.8974989654708705,KICH;KIRC;KIRP,3,background_organ_value
MAOB,liver,-0.22480246632490436,LIHC,1,background_organ_value
MAOB,lung,0.16819383635574472,LUAD;LUSC,2,background_organ_value
MAOB,prostate,0.26163046050732996,PRAD,1,background_organ_value
MAOB,breast,0.2686510059192875,BRCA,1,background_organ_value
MAOB,colon,0.26966982894986313,COAD,1,background_organ_value
MAOB,esophagus,-0.24340981362539377,ESCA,1,background_organ_value
MAOB,breast,-0.38623174565669954,BRCA,1,background_organ_value
MAOB,esophagus,-0.8961021599856815,ESCA,1,background_organ_value
MAOB,lung,-0.481394376333951,LUAD;LUSC,2,background_organ_value
MAOB,prostate,-0.09206836206991814,PRAD,1,background_organ_value
MAOB,stomach,-0.9601394006673244,STAD,1,background_organ_value
MAOB,thyroid,0.4620332952947782,THCA,1,background_organ_value
MAOB,breast,1.2128108049308362,BRCA,1,background_organ_value
MAOB,esophagus,0.4436409913152856,ESCA,1,background_organ_value
MAOB,kidney,0.13050224508389394,KIRC;KIRP,2,background_organ_value
MAOB,lung,1.1638408222774483,LUAD;LUSC,2,background_organ_value
MAOB,prostate,0.15303358788416635,PRAD,1,background_organ_value
MAOB,stomach,0.5792252235987165,STAD,1,background_organ_value
MAOB,esophagus,0.6160601128691965,ESCA,1,background_organ_value
MAOB,lung,0.6209585533448104,LUAD;LUSC,2,background_organ_value
MAOB,prostate,-0.12591232525044976,PRAD,1,background_organ_value
MAOB,esophagus,-1.1752031064332278,ESCA,1,background_organ_value
MAOB,kidney,-0.28689102341904354,KICH;KIRC;KIRP,3,background_organ_value
MAOB,kidney,-1.881372468834263,KICH,1,background_organ_value
MAOB,kidney,-1.0545663435539814,KICH;KIRC;KIRP,3,background_organ_value
MAOB,thyroid,0.8404279342961436,THCA,1,background_organ_value
MAOB,breast,0.5719929354400916,BRCA,1,background_organ_value
MAOB,colon,0.4858392585495929,COAD,1,background_organ_value
MAOB,esophagus,-0.08612064305426673,ESCA,1,background_organ_value
MAOB,kidney,0.09507015821340031,KICH;KIRC;KIRP,3,background_organ_value
MAOB,lung,-0.10771716362172484,LUAD;LUSC,2,background_organ_value
MAOB,prostate,0.06327947487724458,PRAD,1,background_organ_value
MAOB,stomach,0.14644589623832738,STAD,1,background_organ_value
MAOB,breast,0.6144511744899387,BRCA,1,background_organ_value
MAOB,kidney,-0.0849677683062558,KICH;KIRC;KIRP,3,background_organ_value
MAOB,liver,0.33141992797368625,LIHC,1,background_organ_value
MAOB,prostate,0.16184531897530144,PRAD,1,background_organ_value
MAOB,liver,-1.6672395696043278,LIHC,1,background_organ_value
MAOB,liver,-0.6246522812111491,LIHC,1,background_organ_value
MAOB,liver,0.17564664070486166,LIHC,1,background_organ_value
MAOB,colon,0.6630967879399008,COAD,1,background_organ_value
MAOB,kidney,-0.17168605344401663,KICH;KIRC,2,background_organ_value
MAOB,lung,0.9736596783445834,LUAD;LUSC,2,background_organ_value
MAOB,stomach,0.5139594943710298,STAD,1,background_organ_value
MAOB,kidney,0.15683408070661334,KICH;KIRC;KIRP,3,background_organ_value
MAOB,lung,0.6534831030092544,LUAD;LUSC,2,background_organ_value
MAOB,stomach,1.0611930189729777,STAD,1,background_organ_value
MAOB,thyroid,-0.7989999493200299,THCA,1,background_organ_value
MAOB,thyroid,0.02346996969732145,THCA,1,background_organ_value
MAOB,breast,-0.09264689883783989,BRCA,1,background_organ_value
MAOB,stomach,0.5108057012266077,STAD,1,background_organ_value
MAOB,stomach,-0.2688362227728956,STAD,1,background_organ_value
MAOB,breast,0.612051258010782,BRCA,1,background_organ_value
MAOB,liver,0.03936221183621696,LIHC,1,background_organ_value
MAOB,lung,1.482766713532851,LUSC,1,background_organ_value
MAOB,prostate,0.6328790842915617,PRAD,1,background_organ_value
MAOB,colon,-0.34645212015714594,COAD,1,background_organ_value
MAOB,lung,0.5125134921773555,LUAD;LUSC,2,background_organ_value
MAOB,stomach,-0.8957656425960518,STAD,1,background_organ_value
MAOB,thyroid,2.218229323114788,THCA,1,background_organ_value
MAOB,breast,0.274092720877015,BRCA,1,background_organ_value
MAOB,kidney,0.22683215838576737,KICH;KIRC;KIRP,3,background_organ_value
MAOB,liver,0.38439066141067113,LIHC,1,background_organ_value
MAOB,lung,0.12351727878774438,LUAD;LUSC,2,background_organ_value
MAOB,prostate,0.14436825399864509,PRAD,1,background_organ_value
MAOB,stomach,0.11290534358614718,STAD,1,background_organ_value
MAOB,lung,0.633296516207301,LUAD;LUSC,2,background_organ_value
MAOB,stomach,0.6156783926145808,STAD,1,background_organ_value
MAOB,colon,0.6961661769334886,COAD,1,background_organ_value
MAOB,esophagus,-0.2103294567925534,ESCA,1,background_organ_value
MAOB,lung,-0.3204353791473308,LUAD,1,background_organ_value
MAOB,stomach,-0.24183436350250176,STAD,1,background_organ_value
MAOB,colon,-0.4719348405130035,COAD,1,background_organ_value
MAOB,esophagus,-1.4033514824121245,ESCA,1,background_organ_value
MAOB,kidney,-0.5417435035017201,KICH;KIRC;KIRP,3,background_organ_value
MAOB,liver,-2.318377815662924,LIHC,1,background_organ_value
MAOB,prostate,-0.45686917799193816,PRAD,1,background_organ_value
MAOB,kidney,-0.7799023125140478,KIRC;KIRP,2,background_organ_value
MAOB,lung,-1.3239577508798444,LUSC,1,background_organ_value
MAOB,prostate,0.3390029940078193,PRAD,1,background_organ_value
MAOB,stomach,-0.1077762057519826,STAD,1,background_organ_value
MAOB,liver,0.00556952327097956,LIHC,1,background_organ_value
MAOB,thyroid,1.919375475875175,THCA,1,background_organ_value
MAOB,breast,-0.2637107773265537,BRCA,1,background_organ_value
MAOB,esophagus,-0.47212724726536354,ESCA,1,background_organ_value
MAOB,kidney,0.6845142283645423,KICH;KIRC;KIRP,3,background_organ_value
MAOB,prostate,-0.026191121455896572,PRAD,1,background_organ_value
MAOB,breast,-0.4276046967490461,BRCA,1,background_organ_value
MAOB,esophagus,-1.771631445537619,ESCA,1,background_organ_value
MAOB,lung,-0.6436456656153384,LUAD;LUSC,2,background_organ_value
MAOB,prostate,1.4174728308467832,PRAD,1,background_organ_value
MAOB,breast,-0.9964729842865035,BRCA,1,background_organ_value
MAOB,colon,-0.19274751224584297,COAD,1,background_organ_value
MAOB,esophagus,0.7889396228516493,ESCA,1,background_organ_value
MAOB,colon,0.16550199971913584,COAD,1,background_organ_value
MAOB,kidney,0.15398992758905358,KICH;KIRC,2,background_organ_value
MAOB,lung,0.1733998833717677,LUAD;LUSC,2,background_organ_value
MAOB,stomach,0.0647394807805851,STAD,1,background_organ_value
MAOB,liver,0.3689429351708175,LIHC,1,background_organ_value
MAOB,breast,-0.04612783977783334,BRCA,1,background_organ_value
MAOB,kidney,0.04159982337033489,KICH;KIRC;KIRP,3,background_organ_value
MAOB,prostate,0.2667384606242813,PRAD,1,background_organ_value
MAOB,liver,-1.922798891344221,LIHC,1,background_organ_value
MAOB,thyroid,-0.9444898252079512,THCA,1,background_organ_value
MAOB,colon,0.6742889420776508,COAD,1,background_organ_value
MAOB,kidney,0.5691962252609853,KICH;KIRC,2,background_organ_value
MAOB,liver,1.0220862672744988,LIHC,1,background_organ_value
MAOB,lung,0.9868323948683513,LUAD;LUSC,2,background_organ_value
MAOB,prostate,0.4329616446710097,PRAD,1,background_organ_value
MAOB,liver,-0.9480327796764436,LIHC,1,background_organ_value
MAOB,kidney,-2.264154621885277,KIRP,1,background_organ_value
MAOB,colon,1.1405111906584433,COAD,1,background_organ_value
MAOB,kidney,0.05478145810806273,KICH;KIRC;KIRP,3,background_organ_value
MAOB,lung,0.6658102509722917,LUAD;LUSC,2,background_organ_value
MAOB,prostate,0.3963937900965468,PRAD,1,background_organ_value
MAOB,stomach,0.5926858851030243,STAD,1,background_organ_value
MAOB,breast,-0.548175463977168,BRCA,1,background_organ_value
MAOB,lung,-0.06598141195708754,LUAD;LUSC,2,background_organ_value
MAOB,prostate,-0.5270641299109569,PRAD,1,background_organ_value
MAOB,stomach,-0.42542667430351205,STAD,1,background_organ_value
MAOB,liver,-1.574436323724154,LIHC,1,background_organ_value
MAOB,thyroid,0.39413686948063426,THCA,1,background_organ_value
MAOB,breast,-0.300100827748807,BRCA,1,background_organ_value
MAOB,kidney,0.7460011353075624,KIRC;KIRP,2,background_organ_value
MAOB,liver,0.1099465812548856,LIHC,1,background_organ_value
MAOB,colon,-0.08122047094469548,COAD,1,background_organ_value
MAOB,esophagus,1.0924288165667229,ESCA,1,background_organ_value
MAOB,kidney,0.4432480543933477,KICH;KIRC,2,background_organ_value
MAOB,stomach,0.9105699604659035,STAD,1,background_organ_value
MAOB,breast,-0.00974238926196953,BRCA,1,background_organ_value
MAOB,lung,-0.30242614172311394,LUAD;LUSC,2,background_organ_value
MAOB,stomach,0.2696835729183463,STAD,1,background_organ_value
MAOB,colon,-0.4886530399527963,COAD,1,background_organ_value
MAOB,esophagus,-0.691808176576457,ESCA,1,background_organ_value
MAOB,liver,-0.8374520900854897,LIHC,1,background_organ_value
MAOB,lung,-0.8910322669386024,LUAD;LUSC,2,background_organ_value
MAOB,prostate,-0.7046039071984671,PRAD,1,background_organ_value
MAOB,stomach,-0.5905843562625559,STAD,1,background_organ_value
MAOB,breast,-0.5736440169040299,BRCA,1,background_organ_value
MAOB,esophagus,-0.7125196622894171,ESCA,1,background_organ_value
MAOB,kidney,-0.21335263369689925,KICH;KIRC;KIRP,3,background_organ_value
MAOB,prostate,-0.23650436183210552,PRAD,1,background_organ_value
MAOB,stomach,-0.5036304065299739,STAD,1,background_organ_value
MAOB,liver,-0.00928512004500612,LIHC,1,background_organ_value
MAOB,breast,0.31403542419926783,BRCA,1,background_organ_value
MAOB,lung,0.2268338904054128,LUAD;LUSC,2,background_organ_value
MAOB,stomach,-1.380898889636046,STAD,1,background_organ_value
MAOB,esophagus,0.26530152348810165,ESCA,1,background_organ_value
MAOB,prostate,-0.29870216453580345,PRAD,1,background_organ_value
MAOB,stomach,0.17163212613571358,STAD,1,background_organ_value
MAOB,breast,-0.5916788240386889,BRCA,1,background_organ_value
MAOB,kidney,0.06437085416756862,KICH;KIRC;KIRP,3,background_organ_value
MAOB,liver,0.15855622051452456,LIHC,1,background_organ_value
MAOB,prostate,-0.19779946219224945,PRAD,1,background_organ_value
MAOB,breast,0.27118874059062154,BRCA,1,background_organ_value
MAOB,colon,0.11898390893677412,COAD,1,background_organ_value
MAOB,esophagus,-0.8583966837003225,ESCA,1,background_organ_value
MAOB,kidney,0.7808101116397382,KICH,1,background_organ_value
MAOB,lung,-0.20091262800241638,LUAD;LUSC,2,background_organ_value
MAOB,prostate,-0.01204154281442962,PRAD,1,background_organ_value
MAOB,stomach,-0.6066640791074821,STAD,1,background_organ_value
MAOB,thyroid,-0.02780155182778235,THCA,1,background_organ_value
MAOB,colon,0.3009879292372938,COAD,1,background_organ_value
MAOB,kidney,0.2536004789084544,KICH;KIRP,2,background_organ_value
MAOB,lung,-0.1600276304661423,LUAD;LUSC,2,background_organ_value
MAOB,kidney,0.08101276546690325,KICH;KIRC;KIRP,3,background_organ_value
MAOB,thyroid,1.756900965374806,THCA,1,background_organ_value
MAOB,lung,0.33031358387781085,LUAD;LUSC,2,background_organ_value
MAOB,breast,0.22222057891716676,BRCA,1,background_organ_value
MAOB,colon,-0.11615731118350832,COAD,1,background_organ_value
MAOB,esophagus,0.36847959041474176,ESCA,1,background_organ_value
MAOB,prostate,-0.567935566571216,PRAD,1,background_organ_value
MAOB,stomach,0.37038760311348434,STAD,1,background_organ_value
MAOB,breast,-1.628859410895927,BRCA,1,background_organ_value
MAOB,colon,-1.6341149165608495,COAD,1,background_organ_value
MAOB,lung,-1.7033014871792076,LUAD;LUSC,2,background_organ_value
MAOB,stomach,-1.6917778450980876,STAD,1,background_organ_value
MAOB,breast,0.2308955425723456,BRCA,1,background_organ_value
MAOB,kidney,-0.16623805576077122,KICH;KIRC;KIRP,3,background_organ_value
MAOB,lung,0.5362871592328552,LUAD;LUSC,2,background_organ_value
MAOB,prostate,0.4159940991140889,PRAD,1,background_organ_value
MAOB,stomach,0.4835935133270557,STAD,1,background_organ_value
MAOB,breast,-0.9181671031936852,BRCA,1,background_organ_value
MAOB,esophagus,-0.5977637261623259,ESCA,1,background_organ_value
MAOB,kidney,0.02652989158504157,KICH;KIRC;KIRP,3,background_organ_value
MAOB,liver,-1.3296937735675567,LIHC,1,background_organ_value
MAOB,prostate,-0.284951105712862,PRAD,1,background_organ_value
MAOB,liver,-1.067808267353884,LIHC,1,background_organ_value
MAOB,thyroid,-1.0349063679116115,THCA,1,background_organ_value
MAOB,colon,0.707257648729498,COAD,1,background_organ_value
MAOB,esophagus,0.31227155025040376,ESCA,1,background_organ_value
MAOB,kidney,0.14744231360206905,KICH;KIRC;KIRP,3,background_organ_value
MAOB,lung,0.1182915561748829,LUAD;LUSC,2,background_organ_value
MAOB,prostate,-0.25194972384514747,PRAD,1,background_organ_value
MAOB,liver,-0.8646580815622132,LIHC,1,background_organ_value
MAOB,stomach,0.10654056314218652,STAD,1,background_organ_value
MAOB,colon,0.9629834583752552,COAD,1,background_organ_value
MAOB,kidney,0.7800900980134794,KICH;KIRC;KIRP,3,background_organ_value
MAOB,liver,-2.609929456153605,LIHC,1,background_organ_value
MAOB,lung,1.9870784028843778,LUAD;LUSC,2,background_organ_value
MAOB,stomach,1.1698731049297997,STAD,1,background_organ_value
MAOB,stomach,0.00244975783628308,STAD,1,background_organ_value
MAOB,breast,0.4634064780721483,BRCA,1,background_organ_value
MAOB,esophagus,0.3152969644711363,ESCA,1,background_organ_value
MAOB,kidney,0.19546237434261865,KICH;KIRC;KIRP,3,background_organ_value
MAOB,liver,0.209323644116256,LIHC,1,background_organ_value
MAOB,lung,0.8622329298055458,LUAD;LUSC,2,background_organ_value
MAOB,prostate,0.317097382063682,PRAD,1,background_organ_value
MAOB,breast,0.0677581592397752,BRCA,1,background_organ_value
MAOB,colon,0.07176285186192358,COAD,1,background_organ_value
MAOB,esophagus,-0.1919676894650673,ESCA,1,background_organ_value
MAOB,kidney,0.3620061120984265,KICH;KIRC;KIRP,3,background_organ_value
MAOB,lung,0.2777529275929429,LUAD;LUSC,2,background_organ_value
MAOB,prostate,0.0579777876519905,PRAD,1,background_organ_value
MAOB,breast,0.7522131818195786,BRCA,1,background_organ_value
MAOB,kidney,0.4467564459792107,KICH;KIRC;KIRP,3,background_organ_value
MAOB,lung,1.2348248165534879,LUAD;LUSC,2,background_organ_value
MAOB,prostate,0.2664908818280252,PRAD,1,background_organ_value
MAOB,colon,-0.0640809053709883,COAD,1,background_organ_value
MAOB,colon,0.7477365385663927,COAD,1,background_organ_value
MAOB,lung,0.11526099470550145,LUAD;LUSC,2,background_organ_value
MAOB,breast,0.1542057460517525,BRCA,1,background_organ_value
MAOB,colon,0.4749038671532797,COAD,1,background_organ_value
MAOB,esophagus,0.33709064201989,ESCA,1,background_organ_value
MAOB,kidney,-0.02362787754430164,KICH;KIRC;KIRP,3,background_organ_value
MAOB,lung,-0.007447080199800324,LUAD;LUSC,2,background_organ_value
MAOB,prostate,0.1172652072302782,PRAD,1,background_organ_value
MAOB,stomach,0.18001689038245702,STAD,1,background_organ_value
MAOB,colon,-0.902426309619724,COAD,1,background_organ_value
MAOB,kidney,1.3176454112868556,KICH;KIRC,2,background_organ_value
MAOB,liver,-0.3422955373540868,LIHC,1,background_organ_value
MAOB,stomach,-0.04841437557317029,STAD,1,background_organ_value
MAOB,stomach,0.15724100397297738,STAD,1,background_organ_value
MAOB,thyroid,-0.41936400767248294,THCA,1,background_organ_value
MAOB,breast,-1.6071656682443924,BRCA,1,background_organ_value
MAOB,colon,-1.0939965121492894,COAD,1,background_organ_value
MAOB,lung,-1.708550893772544,LUAD;LUSC,2,background_organ_value
MAOB,prostate,-0.8370875820084828,PRAD,1,background_organ_value
MAOB,stomach,-1.311547008785351,STAD,1,background_organ_value
MAOB,esophagus,0.35467740490504496,ESCA,1,background_organ_value
MAOB,prostate,-0.6036925022680357,PRAD,1,background_organ_value
MAOB,liver,-1.654046937134045,LIHC,1,background_organ_value
MAOB,stomach,-0.095953884179496,STAD,1,background_organ_value
MAOB,colon,0.572878423179906,COAD,1,background_organ_value
MAOB,lung,0.3315739683088753,LUAD;LUSC,2,background_organ_value
MAOB,stomach,0.13514497787310578,STAD,1,background_organ_value
MAOB,colon,0.786565728146911,COAD,1,background_organ_value
MAOB,liver,-0.4754256465871347,LIHC,1,background_organ_value
MAOB,breast,0.10394768475995653,BRCA,1,background_organ_value
MAOB,kidney,0.1884570284195144,KICH;KIRC;KIRP,3,background_organ_value
MAOB,lung,0.38105389592665934,LUAD;LUSC,2,background_organ_value
MAOB,prostate,0.12290918531483744,PRAD,1,background_organ_value
MAOB,breast,0.30184391730024035,BRCA,1,background_organ_value
MAOB,colon,-0.06872969511994535,COAD,1,background_organ_value
MAOB,kidney,-0.05681356426587292,KICH;KIRC;KIRP,3,background_organ_value
MAOB,prostate,-0.00361580513837757,PRAD,1,background_organ_value
MAOB,stomach,0.16190489266180588,STAD,1,background_organ_value
MAOB,kidney,-1.328734357178024,KIRP,1,background_organ_value
MAOB,colon,0.2607719464920018,COAD,1,background_organ_value
MAOB,kidney,-0.25064608807670075,KICH,1,background_organ_value
MAOB,lung,0.7225857419225259,LUAD;LUSC,2,background_organ_value
MAOB,liver,0.2646569326463031,LIHC,1,background_organ_value
MAOB,breast,0.6178150771459568,BRCA,1,background_organ_value
MAOB,liver,0.2405835847399802,LIHC,1,background_organ_value
MAOB,lung,0.37858250347852457,LUAD;LUSC,2,background_organ_value
MAOB,prostate,0.05476197563433704,PRAD,1,background_organ_value
MAOB,stomach,0.3763496127032472,STAD,1,background_organ_value
MAOB,breast,0.5600210521732447,BRCA,1,background_organ_value
MAOB,kidney,0.23321237753908555,KICH;KIRC;KIRP,3,background_organ_value
MAOB,prostate,0.11604222165371585,PRAD,1,background_organ_value
MAOB,breast,0.7052811295126938,BRCA,1,background_organ_value
MAOB,esophagus,0.23939344346814545,ESCA,1,background_organ_value
MAOB,kidney,-0.10514756023890529,KICH;KIRC;KIRP,3,background_organ_value
MAOB,liver,0.4233048612035294,LIHC,1,background_organ_value
MAOB,lung,0.6002910430105823,LUAD;LUSC,2,background_organ_value
MAOB,prostate,0.21515393910935587,PRAD,1,background_organ_value
MAOB,liver,0.04678845082583516,LIHC,1,background_organ_value
MAOB,kidney,-0.19078089903270004,KICH;KIRC;KIRP,3,background_organ_value
MAOB,liver,-2.011008171332246,LIHC,1,background_organ_value
MAOB,stomach,-0.3170058929445309,STAD,1,background_organ_value
MAOB,breast,0.4518070144943656,BRCA,1,background_organ_value
MAOB,colon,1.3138597344864962,COAD,1,background_organ_value
MAOB,esophagus,0.40465180814453866,ESCA,1,background_organ_value
MAOB,liver,-0.25221768821217105,LIHC,1,background_organ_value
MAOB,lung,0.8682241652001044,LUAD;LUSC,2,background_organ_value
MAOB,prostate,0.3112169765806741,PRAD,1,background_organ_value
MAOB,breast,0.7244047927264321,BRCA,1,background_organ_value
MAOB,colon,-0.5559670230081571,COAD,1,background_organ_value
MAOB,kidney,0.5079433752411323,KICH;KIRC;KIRP,3,background_organ_value
MAOB,thyroid,0.6336111523790667,THCA,1,background_organ_value
MAOB,kidney,0.3313569332196213,KICH;KIRC;KIRP,3,background_organ_value
MAOB,liver,-1.233598730317684,LIHC,1,background_organ_value
MAOB,breast,-0.6418088378962377,BRCA,1,background_organ_value
MAOB,colon,-0.6628552954591299,COAD,1,background_organ_value
MAOB,kidney,-1.327666737743795,KICH;KIRC;KIRP,3,background_organ_value
MAOB,liver,-0.9554067896111192,LIHC,1,background_organ_value
MAOB,lung,-0.5365808944348851,LUAD;LUSC,2,background_organ_value
MAOB,prostate,-0.8710449608236271,PRAD,1,background_organ_value
MAOB,breast,0.3476283764938776,BRCA,1,background_organ_value
MAOB,kidney,0.00740661810429516,KICH;KIRC;KIRP,3,background_organ_value
MAOB,liver,-0.3100455916688159,LIHC,1,background_organ_value
MAOB,prostate,0.2579299718844442,PRAD,1,background_organ_value
MAOB,liver,0.05303534291495954,LIHC,1,background_organ_value
MAOB,liver,-1.3563406546968158,LIHC,1,background_organ_value
MAOB,esophagus,-0.7613700599780262,ESCA,1,background_organ_value
MAOB,lung,-0.8378734332452638,LUAD;LUSC,2,background_organ_value
MAOB,prostate,-0.6088803524234108,PRAD,1,background_organ_value
MAOB,stomach,-0.7337702760133935,STAD,1,background_organ_value
MAOB,thyroid,0.1533644731606849,THCA,1,background_organ_value
MAOB,kidney,-2.0868153177119217,KICH;KIRC;KIRP,3,background_organ_value
MAOB,prostate,0.41707913053399903,PRAD,1,background_organ_value
MAOB,stomach,0.32948216332451463,STAD,1,background_organ_value
MAOB,breast,-0.16936267860313264,BRCA,1,background_organ_value
MAOB,esophagus,-0.42610353960412567,ESCA,1,background_organ_value
MAOB,kidney,0.29274653790108796,KICH;KIRC;KIRP,3,background_organ_value
MAOB,lung,-0.5559147900541643,LUAD;LUSC,2,background_organ_value
MAOB,prostate,-0.4538886170842166,PRAD,1,background_organ_value
MAOB,stomach,-0.3803728459350341,STAD,1,background_organ_value
MAOB,esophagus,0.1542519613851211,ESCA,1,background_organ_value
MAOB,stomach,-0.32010094843014203,STAD,1,background_organ_value
MAOB,breast,-0.5552944544453724,BRCA,1,background_organ_value
MAOB,esophagus,-0.7310145314647509,ESCA,1,background_organ_value
MAOB,lung,-1.4326082298095348,LUAD;LUSC,2,background_organ_value
MAOB,stomach,-0.9959684062713628,STAD,1,background_organ_value
MAOB,lung,-0.08318752961375865,LUAD;LUSC,2,background_organ_value
MAOB,prostate,-0.7553924613678916,PRAD,1,background_organ_value
MAOB,stomach,-0.7820219914922264,STAD,1,background_organ_value
MAOB,liver,-1.5410498943475373,LIHC,1,background_organ_value
MAOB,breast,-1.2945053662037078,BRCA,1,background_organ_value
MAOB,kidney,-1.054071136318296,KICH;KIRC;KIRP,3,background_organ_value
MAOB,lung,-0.12398906588101266,LUAD;LUSC,2,background_organ_value
MAOB,prostate,-0.7999728707025163,PRAD,1,background_organ_value
MAOB,stomach,0.11453697050170844,STAD,1,background_organ_value
MAOB,esophagus,0.4131824247432293,ESCA,1,background_organ_value
MAOB,kidney,0.09737990552937806,KICH;KIRC;KIRP,3,background_organ_value
MAOB,liver,-0.5707073489006946,LIHC,1,background_organ_value
MAOB,prostate,-0.32272584610432414,PRAD,1,background_organ_value
MAOB,esophagus,-0.6718298560754683,ESCA,1,background_organ_value
MAOB,stomach,-0.29476735606433674,STAD,1,background_organ_value
MAOB,breast,0.02341982373618861,BRCA,1,background_organ_value
MAOB,colon,0.8214451038231187,COAD,1,background_organ_value
MAOB,kidney,0.9255666140377656,KICH;KIRC;KIRP,3,background_organ_value
MAOB,lung,0.4218431951886891,LUAD;LUSC,2,background_organ_value
MAOB,prostate,-0.1960450714568258,PRAD,1,background_organ_value
MAOB,stomach,0.3848559904569807,STAD,1,background_organ_value
MAOB,breast,0.12219340671063966,BRCA,1,background_organ_value
MAOB,colon,0.6386003616716259,COAD,1,background_organ_value
MAOB,kidney,0.18212842741525417,KICH;KIRC;KIRP,3,background_organ_value
MAOB,lung,0.43313699849737464,LUAD;LUSC,2,background_organ_value
MAOB,prostate,0.17908141890652726,PRAD,1,background_organ_value
MAOB,liver,-0.33423623956009785,LIHC,1,background_organ_value
MAOB,breast,0.4009873449151537,BRCA,1,background_organ_value
MAOB,liver,-0.31243384441236177,LIHC,1,background_organ_value
MAOB,breast,0.1657000006861403,BRCA,1,background_organ_value
MAOB,colon,0.08392880739686522,COAD,1,background_organ_value
MAOB,esophagus,0.1228428258513569,ESCA,1,background_organ_value
MAOB,kidney,0.11594009444380074,KICH;KIRC;KIRP,3,background_organ_value
MAOB,liver,-0.2985091807405069,LIHC,1,background_organ_value
MAOB,lung,0.30565695722418934,LUAD;LUSC,2,background_organ_value
MAOB,prostate,0.2505186338150164,PRAD,1,background_organ_value
MAOB,stomach,0.16642202573050033,STAD,1,background_organ_value
MAOB,stomach,-0.9105310892254704,STAD,1,background_organ_value
MAOB,breast,-0.2991693435520345,BRCA,1,background_organ_value
MAOB,esophagus,0.07009164765875477,ESCA,1,background_organ_value
MAOB,kidney,0.3121004760332572,KICH;KIRC;KIRP,3,background_organ_value
MAOB,lung,0.2727525359465856,LUAD;LUSC,2,background_organ_value
MAOB,prostate,0.5532209865521197,PRAD,1,background_organ_value
MAOB,stomach,-0.21565936782326647,STAD,1,background_organ_value
MAOB,esophagus,1.4711832462121317,ESCA,1,background_organ_value
MAOB,liver,-0.3585891542721684,LIHC,1,background_organ_value
MAOB,esophagus,0.22331110744467225,ESCA,1,background_organ_value
MAOB,kidney,0.15392874979783805,KICH;KIRC;KIRP,3,background_organ_value
MAOB,lung,1.4725648204077382,LUAD;LUSC,2,background_organ_value
MAOB,prostate,-0.6530696637808452,PRAD,1,background_organ_value
MAOB,liver,0.11654277044451838,LIHC,1,background_organ_value
MAOB,colon,-2.9607258718045477,COAD,1,background_organ_value
MAOB,esophagus,-4.570643812992046,ESCA,1,background_organ_value
MAOB,stomach,-3.3816985617092734,STAD,1,background_organ_value
MAOB,stomach,0.1735394648580159,STAD,1,background_organ_value
MAOB,breast,0.7683881328808608,BRCA,1,background_organ_value
MAOB,kidney,0.07207771184709943,KICH;KIRC;KIRP,3,background_organ_value
MAOB,liver,0.6984050079047256,LIHC,1,background_organ_value
MAOB,lung,1.0905951811901637,LUAD;LUSC,2,background_organ_value
MAOB,prostate,0.6351154161831685,PRAD,1,background_organ_value
MAOB,liver,-1.524454311582985,LIHC,1,background_organ_value
MAOB,thyroid,0.3919936329811182,THCA,1,background_organ_value
MAOB,colon,0.37373962648982656,COAD,1,background_organ_value
MAOB,breast,0.14406591391003695,BRCA,1,background_organ_value
MAOB,kidney,-0.039365065192065174,KIRC;KIRP,2,background_organ_value
MAOB,liver,-0.6405101809592371,LIHC,1,background_organ_value
MAOB,thyroid,-0.8986448326184325,THCA,1,background_organ_value
MAOB,colon,0.0925194959348094,COAD,1,background_organ_value
MAOB,esophagus,-0.38331166891134066,ESCA,1,background_organ_value
MAOB,kidney,-1.1674293517811072,KICH;KIRC;KIRP,3,background_organ_value
MAOB,breast,-0.7325043034395672,BRCA,1,background_organ_value
MAOB,stomach,-1.4429125902555169,STAD,1,background_organ_value
MAOB,colon,0.6928584494043171,COAD,1,background_organ_value
MAOB,lung,0.6749139211022238,LUAD;LUSC,2,background_organ_value
MAOB,prostate,0.2295256964907034,PRAD,1,background_organ_value
MAOB,stomach,0.4456975327323365,STAD,1,background_organ_value
MAOB,esophagus,0.6925488985036145,ESCA,1,background_organ_value
MAOB,lung,0.4586542484862603,LUAD;LUSC,2,background_organ_value
MAOB,prostate,-0.06872588875251494,PRAD,1,background_organ_value
MAOB,stomach,0.4250838313087824,STAD,1,background_organ_value
MAOB,esophagus,0.0254826825570208,ESCA,1,background_organ_value
MAOB,liver,-0.05254706346750107,LIHC,1,background_organ_value
MAOB,liver,0.10953359495415858,LIHC,1,background_organ_value
MAOB,liver,-0.06545193595167882,LIHC,1,background_organ_value
MAOB,colon,0.00371689925107868,COAD,1,background_organ_value
MAOB,esophagus,0.03619915474891171,ESCA,1,background_organ_value
MAOB,liver,0.05178670623675981,LIHC,1,background_organ_value
MAOB,kidney,0.1836823071223608,KICH;KIRC;KIRP,3,background_organ_value
MAOB,liver,0.1630978576757485,LIHC,1,background_organ_value
MAOB,prostate,-0.5260526015823538,PRAD,1,background_organ_value
MAOB,stomach,0.06361516200551447,STAD,1,background_organ_value
MAOB,thyroid,-0.03533241111832613,THCA,1,background_organ_value
MAOB,thyroid,-0.5321300363876423,THCA,1,background_organ_value
MAOB,esophagus,-0.09801225427490204,ESCA,1,background_organ_value
MAOB,stomach,-0.15605323234472432,STAD,1,background_organ_value
MAOB,breast,0.07149855931780694,BRCA,1,background_organ_value
MAOB,esophagus,-7.233242941907933e-4,ESCA,1,background_organ_value
MAOB,kidney,-0.39942203715034513,KICH;KIRC;KIRP,3,background_organ_value
MAOB,prostate,0.05198631209905382,PRAD,1,background_organ_value
MAOB,liver,-0.7247201902107872,LIHC,1,background_organ_value
MAOB,liver,-0.6388705130887574,LIHC,1,background_organ_value
MAOB,breast,-0.17284449239417268,BRCA,1,background_organ_value
MAOB,lung,-0.07604969487219192,LUAD;LUSC,2,background_organ_value
MAOB,prostate,0.09832861689170869,PRAD,1,background_organ_value
MAOB,breast,0.6846885500161578,BRCA,1,background_organ_value
MAOB,esophagus,-0.6330077983157967,ESCA,1,background_organ_value
MAOB,kidney,0.3913826966419891,KICH;KIRC;KIRP,3,background_organ_value
MAOB,breast,0.8580634343707871,BRCA,1,background_organ_value
MAOB,esophagus,0.8466933376278988,ESCA,1,background_organ_value
MAOB,kidney,0.18586278425461328,KICH;KIRC;KIRP,3,background_organ_value
MAOB,lung,1.484277259980924,LUAD;LUSC,2,background_organ_value
MAOB,prostate,0.36940266371061575,PRAD,1,background_organ_value
MAOB,stomach,-1.840789150579185,STAD,1,background_organ_value
MAOB,stomach,0.07367700094721624,STAD,1,background_organ_value
MAOB,colon,-0.8749598802691566,COAD,1,background_organ_value
MAOB,esophagus,-0.33706514916005137,ESCA,1,background_organ_value
MAOB,stomach,-0.32676350449748087,STAD,1,background_organ_value
MAOB,esophagus,0.00130672361765154,ESCA,1,background_organ_value
MAOB,kidney,-0.4581480567781108,KICH;KIRC;KIRP,3,background_organ_value
MAOB,prostate,-0.39339089379168063,PRAD,1,background_organ_value
MAOB,stomach,-0.07602662123944946,STAD,1,background_organ_value
MAOB,lung,0.5928979482708463,LUAD;LUSC,2,background_organ_value
MAOB,breast,-0.9527862843182218,BRCA,1,background_organ_value
MAOB,colon,-1.1952079289658986,COAD,1,background_organ_value
MAOB,stomach,-1.0454858484793168,STAD,1,background_organ_value
MAOB,colon,-0.14384225540722778,COAD,1,background_organ_value
MAOB,lung,0.1287610952727875,LUAD,1,background_organ_value
MAOB,colon,0.2344339108379107,COAD,1,background_organ_value
MAOB,kidney,0.22431301640154525,KICH;KIRC;KIRP,3,background_organ_value
MAOB,lung,0.4104717966450191,LUAD;LUSC,2,background_organ_value
MAOB,prostate,0.3062770888457029,PRAD,1,background_organ_value
MAOB,breast,0.28700543221081953,BRCA,1,background_organ_value
MAOB,lung,0.44692945110498106,LUAD;LUSC,2,background_organ_value
MAOB,prostate,0.5955995926911243,PRAD,1,background_organ_value
MAOB,stomach,0.688947245903431,STAD,1,background_organ_value
MAOB,breast,0.6037361753192504,BRCA,1,background_organ_value
MAOB,colon,-0.23441085411895973,COAD,1,background_organ_value
MAOB,esophagus,0.3690608439468177,ESCA,1,background_organ_value
MAOB,kidney,0.6888377796884415,KICH;KIRC,2,background_organ_value
MAOB,lung,1.05959657283574,LUAD;LUSC,2,background_organ_value
MAOB,prostate,-0.2317886320005031,PRAD,1,background_organ_value
MAOB,breast,0.08821385606274573,BRCA,1,background_organ_value
MAOB,colon,0.1926171859318681,COAD,1,background_organ_value
MAOB,esophagus,0.2414693664040526,ESCA,1,background_organ_value
MAOB,kidney,0.1849192593633778,KICH;KIRC;KIRP,3,background_organ_value
MAOB,lung,0.3038184242922668,LUAD;LUSC,2,background_organ_value
MAOB,prostate,0.1752053384477592,PRAD,1,background_organ_value
MAOB,stomach,0.07418541418890608,STAD,1,background_organ_value
MAOB,breast,-0.5188166767492393,BRCA,1,background_organ_value
MAOB,esophagus,-0.3430121619806612,ESCA,1,background_organ_value
MAOB,prostate,-0.5250709835036078,PRAD,1,background_organ_value
MAOB,stomach,-0.37525198899611695,STAD,1,background_organ_value
MAOB,colon,0.7874152678258349,COAD,1,background_organ_value
MAOB,esophagus,0.5592765083253752,ESCA,1,background_organ_value
MAOB,lung,0.6532712314087511,LUAD;LUSC,2,background_organ_value
MAOB,esophagus,-0.00690787048967054,ESCA,1,background_organ_value
MAOB,esophagus,0.46227023203853473,ESCA,1,background_organ_value
MAOB,kidney,0.6391485537853975,KICH;KIRC;KIRP,3,background_organ_value
MAOB,lung,-0.178104004738295,LUAD;LUSC,2,background_organ_value
MAOB,prostate,-0.6903530837153782,PRAD,1,background_organ_value
MAOB,stomach,0.44276643177027375,STAD,1,background_organ_value
MAOB,liver,-1.1409005813242112,LIHC,1,background_organ_value
MAOB,colon,-0.04187867624772937,COAD,1,background_organ_value
MAOB,esophagus,0.2698869839020841,ESCA,1,background_organ_value
MAOB,lung,-0.3807809021323889,LUAD;LUSC,2,background_organ_value
MAOB,stomach,-0.22280994785776703,STAD,1,background_organ_value
MAOB,thyroid,1.139504009090706,THCA,1,background_organ_value
MAOB,prostate,0.4861877505315639,PRAD,1,background_organ_value
MAOB,kidney,-1.1720189814975237,KIRC;KIRP,2,background_organ_value
MAOB,thyroid,0.03019746232274331,THCA,1,background_organ_value
MAOB,thyroid,-0.5765575939599479,THCA,1,background_organ_value
MAOB,thyroid,-0.13129159998155474,THCA,1,background_organ_value
MAOB,breast,0.07117752690030749,BRCA,1,background_organ_value
MAOB,colon,0.06135477485511241,COAD,1,background_organ_value
MAOB,esophagus,-0.5702995667420938,ESCA,1,background_organ_value
MAOB,kidney,-0.29552047365702705,KICH;KIRC;KIRP,3,background_organ_value
MAOB,lung,0.34430408438185767,LUAD;LUSC,2,background_organ_value
MAOB,prostate,-0.34941919952413353,PRAD,1,background_organ_value
MAOB,liver,-1.5034826623398871,LIHC,1,background_organ_value
MAOB,kidney,2.2811239856777057,KICH;KIRC;KIRP,3,background_organ_value
MAOB,lung,-2.1929635671760894,LUAD;LUSC,2,background_organ_value
MAOB,stomach,-3.1024803963385317,STAD,1,background_organ_value
MAOB,liver,-0.17417487327580988,LIHC,1,background_organ_value
MAOB,breast,0.8643288179517595,BRCA,1,background_organ_value
MAOB,kidney,-0.3116190664144455,KIRC;KIRP,2,background_organ_value
MAOB,stomach,0.6378759028652641,STAD,1,background_organ_value
MAOB,thyroid,2.3878663721299223,THCA,1,background_organ_value
MAOB,esophagus,-0.0853916804035368,ESCA,1,background_organ_value
MAOB,stomach,-0.6864706113915638,STAD,1,background_organ_value
MAOB,breast,0.2861750346460917,BRCA,1,background_organ_value
MAOB,kidney,-0.04875780449121551,KICH;KIRC;KIRP,3,background_organ_value
MAOB,liver,-0.5401967673404566,LIHC,1,background_organ_value
MAOB,prostate,0.32900849312201963,PRAD,1,background_organ_value
MAOB,breast,-0.6744588052635503,BRCA,1,background_organ_value
MAOB,esophagus,0.10450775814864692,ESCA,1,background_organ_value
MAOB,prostate,-0.459212273217993,PRAD,1,background_organ_value
MAOB,stomach,-0.4813590201813935,STAD,1,background_organ_value
MAOB,colon,0.11355509905694848,COAD,1,background_organ_value
MAOB,esophagus,-0.20207772783340883,ESCA,1,background_organ_value
MAOB,liver,-1.3138575194598825,LIHC,1,background_organ_value
MAOB,breast,-0.4497169378293139,BRCA,1,background_organ_value
MAOB,esophagus,-1.5463505705819305,ESCA,1,background_organ_value
MAOB,kidney,-0.599251010449363,KICH;KIRC;KIRP,3,background_organ_value
MAOB,lung,-1.7335244061337414,LUAD;LUSC,2,background_organ_value
MAOB,prostate,-0.6615997167484671,PRAD,1,background_organ_value
MAOB,breast,0.24956672322287385,BRCA,1,background_organ_value
MAOB,esophagus,0.6287938266582628,ESCA,1,background_organ_value
MAOB,prostate,-1.2578955010114108,PRAD,1,background_organ_value
MAOB,stomach,-0.919158383580966,STAD,1,background_organ_value
MAOB,liver,-0.5497201444250639,LIHC,1,background_organ_value
MAOB,stomach,-0.5980664000422207,STAD,1,background_organ_value
MAOB,liver,-1.4087051200884395,LIHC,1,background_organ_value
MAOB,kidney,-0.3516164149215677,KICH;KIRC,2,background_organ_value
MAOB,liver,-0.2503264372904582,LIHC,1,background_organ_value
MAOB,stomach,0.3525910788572961,STAD,1,background_organ_value
MAOB,liver,-0.4221625460456355,LIHC,1,background_organ_value
MAOB,colon,-0.3032254766091148,COAD,1,background_organ_value
MAOB,esophagus,0.47865678398711314,ESCA,1,background_organ_value
MAOB,stomach,0.2929768903013041,STAD,1,background_organ_value
MAOB,breast,-0.29652181541930644,BRCA,1,background_organ_value
MAOB,kidney,0.22257670971225207,KIRC;KIRP,2,background_organ_value
MAOB,prostate,-0.22271061848599588,PRAD,1,background_organ_value
MAOB,kidney,-0.44426253120859294,KICH;KIRC;KIRP,3,background_organ_value
MAOB,stomach,-0.6433583914609183,STAD,1,background_organ_value
MAOB,breast,0.37497201317519285,BRCA,1,background_organ_value
MAOB,stomach,0.30363629013300303,STAD,1,background_organ_value
MAOB,thyroid,0.488663638888585,THCA,1,background_organ_value
MAOB,stomach,0.34178920447409794,STAD,1,background_organ_value
MAOB,breast,-0.7854871225099844,BRCA,1,background_organ_value
MAOB,colon,-0.3477435001545063,COAD,1,background_organ_value
MAOB,esophagus,-0.08144809933550318,ESCA,1,background_organ_value
MAOB,kidney,-0.10977285313429916,KICH;KIRC;KIRP,3,background_organ_value
MAOB,prostate,-0.7235315730315093,PRAD,1,background_organ_value
MAOB,stomach,-0.3702429777757504,STAD,1,background_organ_value
MAOB,esophagus,-1.2396062242113894,ESCA,1,background_organ_value
MAOB,stomach,0.8209566460010901,STAD,1,background_organ_value
MAOB,esophagus,0.8284996415718133,ESCA,1,background_organ_value
MAOB,stomach,0.3459163494067181,STAD,1,background_organ_value
MAOB,colon,1.0265915874809095,COAD,1,background_organ_value
MAOB,esophagus,0.9310804334597544,ESCA,1,background_organ_value
MAOB,stomach,1.288799979772914,STAD,1,background_organ_value
MAOB,stomach,-0.17561830616225435,STAD,1,background_organ_value
MAOB,colon,0.930738581557336,COAD,1,background_organ_value
MAOB,thyroid,1.54869503829716,THCA,1,background_organ_value
MAOB,esophagus,-0.6697303751125715,ESCA,1,background_organ_value
MAOB,esophagus,-1.1413436063403486,ESCA,1,background_organ_value
MAOB,liver,-0.9827612663673276,LIHC,1,background_organ_value
MAOB,lung,-2.309389263960064,LUAD;LUSC,2,background_organ_value
MAOB,stomach,-1.7899295599701983,STAD,1,background_organ_value
MAOB,breast,0.08858094055536934,BRCA,1,background_organ_value
MAOB,kidney,-0.055621038167688444,KIRC;KIRP,2,background_organ_value
MAOB,prostate,-0.06109569477472283,PRAD,1,background_organ_value
MAOB,esophagus,-0.5314807679154937,ESCA,1,background_organ_value
MAOB,liver,-1.0246506884696402,LIHC,1,background_organ_value
MAOB,lung,-1.212215586578364,LUAD;LUSC,2,background_organ_value
MAOB,prostate,0.8730940001412297,PRAD,1,background_organ_value
MAOB,kidney,-0.02936073897079432,KICH;KIRC;KIRP,3,background_organ_value
MAOB,prostate,-0.00587346186446789,PRAD,1,background_organ_value
MAOB,stomach,0.8114569830209809,STAD,1,background_organ_value
MAOB,colon,1.6096964575006238,COAD,1,background_organ_value
MAOB,kidney,-2.285804192677196,KICH;KIRC;KIRP,3,background_organ_value
MAOB,stomach,1.6443986216665691,STAD,1,background_organ_value
MAOB,stomach,0.632204940320297,STAD,1,background_organ_value
MAOB,stomach,-0.0667404042052755,STAD,1,background_organ_value
MAOB,thyroid,-1.243713794417363,THCA,1,background_organ_value
MAOB,liver,-1.2802301693415143,LIHC,1,background_organ_value
MAOB,kidney,-1.1762980287304634,KICH;KIRC;KIRP,3,background_organ_value
MAOB,thyroid,-0.3277985016775782,THCA,1,background_organ_value
MAOB,esophagus,-0.5635949381585614,ESCA,1,background_organ_value
MAOB,stomach,-0.5795178211613148,STAD,1,background_organ_value
MAOB,breast,0.9265306156129692,BRCA,1,background_organ_value
MAOB,thyroid,0.34948094471725927,THCA,1,background_organ_value
MAOB,lung,0.8580025849899537,LUAD;LUSC,2,background_organ_value
MAOB,stomach,0.7522305645444622,STAD,1,background_organ_value
MAOB,breast,0.22269663018561064,BRCA,1,background_organ_value
MAOB,liver,-0.10833095098174594,LIHC,1,background_organ_value
MAOB,lung,0.614130491386185,LUAD;LUSC,2,background_organ_value
MAOB,prostate,-0.1311973365425513,PRAD,1,background_organ_value
MAOB,colon,-0.14585485799126752,COAD,1,background_organ_value
MAOB,kidney,0.12508542267527537,KICH,1,background_organ_value
MAOB,esophagus,-0.9699762781736376,ESCA,1,background_organ_value
MAOB,liver,-0.507463883377247,LIHC,1,background_organ_value
MAOB,esophagus,-1.694868629977667,ESCA,1,background_organ_value
MAOB,kidney,-0.006827700211128976,KIRC;KIRP,2,background_organ_value
MAOB,colon,-0.21212708532697555,COAD,1,background_organ_value
MAOB,esophagus,-0.02258673507155106,ESCA,1,background_organ_value
MAOB,lung,-0.6998689940915908,LUAD;LUSC,2,background_organ_value
MAOB,breast,0.3317369432068671,BRCA,1,background_organ_value
MAOB,colon,-0.2703702410350529,COAD,1,background_organ_value
MAOB,esophagus,0.07947078071347624,ESCA,1,background_organ_value
MAOB,kidney,0.05806873329585944,KICH;KIRC;KIRP,3,background_organ_value
MAOB,prostate,0.03460550382110346,PRAD,1,background_organ_value
MAOB,stomach,-0.1321349488013264,STAD,1,background_organ_value
MAOB,breast,-2.3655000248783247,BRCA,1,background_organ_value
MAOB,esophagus,-0.3430357154483508,ESCA,1,background_organ_value
MAOB,thyroid,0.5040959267949175,THCA,1,background_organ_value
MAOB,breast,-0.5335433777414301,BRCA,1,background_organ_value
MAOB,colon,-0.12619934146800765,COAD,1,background_organ_value
MAOB,esophagus,-0.06948842308733147,ESCA,1,background_organ_value
MAOB,lung,-0.3669991843519442,LUAD;LUSC,2,background_organ_value
MAOB,stomach,-0.32560337836544956,STAD,1,background_organ_value
MAOB,stomach,0.9932837378111256,STAD,1,background_organ_value
MAOB,breast,-0.9968731969592466,BRCA,1,background_organ_value
MAOB,esophagus,-0.07087609252916667,ESCA,1,background_organ_value
MAOB,kidney,-0.906506321859033,KICH;KIRC;KIRP,3,background_organ_value
MAOB,breast,0.5782552175122646,BRCA,1,background_organ_value
MAOB,kidney,-0.24713676754132455,KIRC,1,background_organ_value
MAOB,lung,0.5655209496208122,LUAD;LUSC,2,background_organ_value
MAOB,prostate,0.09544868448566513,PRAD,1,background_organ_value
MAOB,kidney,0.2438620530556572,KICH;KIRC;KIRP,3,background_organ_value
MAOB,lung,0.24063642993776263,LUAD;LUSC,2,background_organ_value
MAOB,stomach,0.5120807529095887,STAD,1,background_organ_value
MAOB,breast,-0.10149072161570252,BRCA,1,background_organ_value
MAOB,stomach,-0.12383128164143868,STAD,1,background_organ_value
MAOB,breast,-0.36594593020592375,BRCA,1,background_organ_value
MAOB,colon,-0.20620494640949497,COAD,1,background_organ_value
MAOB,esophagus,-0.9485104498114818,ESCA,1,background_organ_value
MAOB,lung,-0.6416430261799457,LUAD;LUSC,2,background_organ_value
MAOB,prostate,-0.26689948032887073,PRAD,1,background_organ_value
MAOB,stomach,-0.512193538115747,STAD,1,background_organ_value
MAOB,esophagus,0.6532161558022954,ESCA,1,background_organ_value
MAOB,breast,-0.03757572660448012,BRCA,1,background_organ_value
MAOB,liver,-0.4932584244183941,LIHC,1,background_organ_value
MAOB,liver,-0.8839349093442649,LIHC,1,background_organ_value
MAOB,thyroid,0.5659509604794245,THCA,1,background_organ_value
MAOB,colon,0.93854120445838,COAD,1,background_organ_value
MAOB,breast,-0.06636905121924368,BRCA,1,background_organ_value
MAOB,kidney,0.5477370615952172,KICH;KIRC;KIRP,3,background_organ_value
MAOB,liver,0.2829000440037415,LIHC,1,background_organ_value
MAOB,colon,0.9151265019837164,COAD,1,background_organ_value
MAOB,lung,1.0341669201134496,LUAD;LUSC,2,background_organ_value
MAOB,stomach,0.4559028279924914,STAD,1,background_organ_value
MAOB,breast,1.111445627342793,BRCA,1,background_organ_value
MAOB,kidney,0.8577047205861131,KICH;KIRC;KIRP,3,background_organ_value
MAOB,liver,0.22969976865782252,LIHC,1,background_organ_value
MAOB,lung,1.5141685445836304,LUSC,1,background_organ_value
MAOB,prostate,0.7765488648320718,PRAD,1,background_organ_value
MAOB,stomach,-0.09842336636580674,STAD,1,background_organ_value
MAOB,esophagus,-1.7695403211277516,ESCA,1,background_organ_value
MAOB,liver,-1.3124894557438052,LIHC,1,background_organ_value
MAOB,thyroid,0.09235818591758256,THCA,1,background_organ_value
MAOB,breast,-0.03431691815914522,BRCA,1,background_organ_value
MAOB,colon,-0.2798559101673366,COAD,1,background_organ_value
MAOB,kidney,0.11189606694299994,KICH;KIRC;KIRP,3,background_organ_value
MAOB,lung,-0.17583866961396255,LUAD;LUSC,2,background_organ_value
MAOB,prostate,0.07249552780054018,PRAD,1,background_organ_value
MAOB,breast,0.6412569721733501,BRCA,1,background_organ_value
MAOB,colon,0.5621437056144806,COAD,1,background_organ_value
MAOB,esophagus,0.21896652144574885,ESCA,1,background_organ_value
MAOB,kidney,0.1912079413558836,KICH;KIRC;KIRP,3,background_organ_value
MAOB,liver,0.3236641451602649,LIHC,1,background_organ_value
MAOB,lung,0.6875117989338397,LUAD;LUSC,2,background_organ_value
MAOB,prostate,0.3701484265658409,PRAD,1,background_organ_value
MAOB,breast,-2.598315025073214,BRCA,1,background_organ_value
MAOB,colon,-2.9061719393869017,COAD,1,background_organ_value
MAOB,kidney,-0.934980931093906,KICH;KIRC;KIRP,3,background_organ_value
MAOB,lung,-2.283142964102108,LUAD;LUSC,2,background_organ_value
MAOB,stomach,-1.2230711706688386,STAD,1,background_organ_value
MAOB,thyroid,2.933849775004878,THCA,1,background_organ_value
MAOB,lung,0.6877774343861237,LUAD;LUSC,2,background_organ_value
MAOB,stomach,0.6208563339600193,STAD,1,background_organ_value
MAOB,liver,0.2909865243679891,LIHC,1,background_organ_value
MAOB,breast,0.9734480302296612,BRCA,1,background_organ_value
MAOB,colon,0.5646827981897914,COAD,1,background_organ_value
MAOB,kidney,1.147894238758047,KICH;KIRC;KIRP,3,background_organ_value
MAOB,liver,-0.7949658940409455,LIHC,1,background_organ_value
MAOB,prostate,-0.1743776592536643,PRAD,1,background_organ_value
MAOB,stomach,0.4427704395513309,STAD,1,background_organ_value
MAOB,breast,0.45277973852699094,BRCA,1,background_organ_value
MAOB,kidney,0.333466473457552,KICH;KIRC;KIRP,3,background_organ_value
MAOB,prostate,0.10724445354195426,PRAD,1,background_organ_value
MAOB,esophagus,-0.1840052375027141,ESCA,1,background_organ_value
MAOB,kidney,0.12083950553016844,KICH;KIRC;KIRP,3,background_organ_value
MAOB,prostate,-0.0901511300776045,PRAD,1,background_organ_value
MAOB,liver,-0.20440349942710775,LIHC,1,background_organ_value
MAOB,breast,0.5654520021682338,BRCA,1,background_organ_value
MAOB,colon,-0.21810205259590976,COAD,1,background_organ_value
MAOB,esophagus,0.221287955076684,ESCA,1,background_organ_value
MAOB,kidney,0.6461045290274721,KICH;KIRC;KIRP,3,background_organ_value
MAOB,lung,0.1381484971557288,LUAD;LUSC,2,background_organ_value
MAOB,prostate,0.10588688717669996,PRAD,1,background_organ_value
MAOB,stomach,0.19925326861871773,STAD,1,background_organ_value
MAOB,stomach,0.09631166295060534,STAD,1,background_organ_value
MAOB,colon,0.5219318041421436,COAD,1,background_organ_value
MAOB,breast,0.6532230682155199,BRCA,1,background_organ_value
MAOB,colon,0.5723073149214872,COAD,1,background_organ_value
MAOB,esophagus,0.032693863931609,ESCA,1,background_organ_value
MAOB,kidney,0.07561901729615084,KICH;KIRC;KIRP,3,background_organ_value
MAOB,liver,0.3555453546565568,LIHC,1,background_organ_value
MAOB,lung,0.3294712506858657,LUAD;LUSC,2,background_organ_value
MAOB,prostate,0.04787619859603587,PRAD,1,background_organ_value
MAOB,kidney,0.1503586023481283,KICH;KIRC;KIRP,3,background_organ_value
MAOB,lung,-1.4651290138334825,LUAD;LUSC,2,background_organ_value
MAOB,liver,-1.0526699946780966,LIHC,1,background_organ_value
MAOB,breast,0.02141762678227927,BRCA,1,background_organ_value
MAOB,kidney,0.27464313409248675,KICH;KIRC;KIRP,3,background_organ_value
MAOB,prostate,0.1455682774157446,PRAD,1,background_organ_value
MAOB,breast,-0.28798381289508,BRCA,1,background_organ_value
MAOB,esophagus,-0.7627653519453323,ESCA,1,background_organ_value
MAOB,kidney,-0.3549510622570443,KICH;KIRC,2,background_organ_value
MAOB,lung,-1.5048255562349205e-4,LUAD;LUSC,2,background_organ_value
MAOB,prostate,0.01010679014847701,PRAD,1,background_organ_value
MAOB,esophagus,1.31927339205954,ESCA,1,background_organ_value
MAOB,kidney,1.5130008115040785,KICH;KIRC;KIRP,3,background_organ_value
MAOB,prostate,-0.9267620915625784,PRAD,1,background_organ_value
MAOB,colon,-0.5655629581987495,COAD,1,background_organ_value
MAOB,kidney,-0.441580968958032,KICH;KIRP,2,background_organ_value
MAOB,liver,-1.5537357357858164,LIHC,1,background_organ_value
MAOB,lung,-0.2756412000792925,LUAD;LUSC,2,background_organ_value
MAOB,esophagus,-1.3388744108312458,ESCA,1,background_organ_value
MAOB,kidney,-0.8878389621556172,KICH;KIRC;KIRP,3,background_organ_value
MAOB,breast,-1.1819777380333387,BRCA,1,background_organ_value
MAOB,esophagus,0.28441517005515227,ESCA,1,background_organ_value
MAOB,kidney,-0.918930900097508,KICH;KIRC;KIRP,3,background_organ_value
MAOB,liver,-1.834284722406302,LIHC,1,background_organ_value
MAOB,prostate,-0.8941909387040845,PRAD,1,background_organ_value
MAOB,breast,0.560402239309563,BRCA,1,background_organ_value
MAOB,colon,0.7105113696177099,COAD,1,background_organ_value
MAOB,kidney,-0.01716923791946808,KICH;KIRC;KIRP,3,background_organ_value
MAOB,lung,0.809790251296762,LUAD;LUSC,2,background_organ_value
MAOB,prostate,0.4031082272061004,PRAD,1,background_organ_value
MAOB,kidney,0.1591591409560172,KIRC;KIRP,2,background_organ_value
MAOB,liver,0.07674111229575188,LIHC,1,background_organ_value
MAOB,lung,-0.22196398488840086,LUAD;LUSC,2,background_organ_value
MAOB,stomach,0.8541132898912487,STAD,1,background_organ_value
MAOB,breast,0.12620659884801377,BRCA,1,background_organ_value
MAOB,colon,-0.27355778547229975,COAD,1,background_organ_value
MAOB,lung,0.3374961141313081,LUAD;LUSC,2,background_organ_value
MAOB,prostate,0.02706031999756519,PRAD,1,background_organ_value
MAOB,stomach,-0.05568160831674199,STAD,1,background_organ_value
MAOB,esophagus,0.10664301986017488,ESCA,1,background_organ_value
MAOB,liver,-0.11155243340922023,LIHC,1,background_organ_value
MAOB,liver,-0.14815859822840954,LIHC,1,background_organ_value
MAOB,breast,-0.6160057583101831,BRCA,1,background_organ_value
MAOB,colon,0.2498828071909363,COAD,1,background_organ_value
MAOB,esophagus,-0.25197543770606046,ESCA,1,background_organ_value
MAOB,lung,-0.7092976700218557,LUSC,1,background_organ_value
MAOB,prostate,0.01572532325122648,PRAD,1,background_organ_value
MAOB,stomach,0.2621998470165508,STAD,1,background_organ_value
MAOB,colon,1.3402539539200296,COAD,1,background_organ_value
MAOB,kidney,0.4922278464629192,KICH;KIRC;KIRP,3,background_organ_value
MAOB,lung,0.7415452478101432,LUAD;LUSC,2,background_organ_value
MAOB,prostate,0.6276697425177875,PRAD,1,background_organ_value
MAOB,liver,-0.7837312790383855,LIHC,1,background_organ_value
MAOB,breast,-2.1706312685225595,BRCA,1,background_organ_value
MAOB,breast,0.1929382138398675,BRCA,1,background_organ_value
MAOB,colon,0.2497542471733604,COAD,1,background_organ_value
MAOB,lung,0.4948210055078156,LUAD;LUSC,2,background_organ_value
MAOB,prostate,0.01433474494756884,PRAD,1,background_organ_value
MAOB,stomach,0.00515429596914743,STAD,1,background_organ_value
MAOB,thyroid,0.867635024625414,THCA,1,background_organ_value
MAOB,esophagus,0.45950418780586016,ESCA,1,background_organ_value
MAOB,lung,0.9245637472426708,LUAD;LUSC,2,background_organ_value
MAOB,kidney,0.03322684791471766,KIRC;KIRP,2,background_organ_value
MAOB,breast,0.2352542250821732,BRCA,1,background_organ_value
MAOB,colon,0.5140368588342723,COAD,1,background_organ_value
MAOB,kidney,0.6814263181693145,KICH;KIRC;KIRP,3,background_organ_value
MAOB,lung,0.07251515731998891,LUAD;LUSC,2,background_organ_value
MAOB,prostate,0.3332654739419295,PRAD,1,background_organ_value
MAOB,liver,0.8213899912216233,LIHC,1,background_organ_value
MAOB,liver,0.5476168562129362,LIHC,1,background_organ_value
MAOB,breast,0.08812889273926895,BRCA,1,background_organ_value
MAOB,breast,0.9714843986042644,BRCA,1,background_organ_value
MAOB,kidney,-0.3950319672579891,KICH;KIRC;KIRP,3,background_organ_value
MAOB,liver,0.1294858699974303,LIHC,1,background_organ_value
MAOB,breast,0.6150884741257711,BRCA,1,background_organ_value
MAOB,colon,0.04565732370705439,COAD,1,background_organ_value
MAOB,kidney,-0.2747587172116403,KICH,1,background_organ_value
MAOB,colon,-1.3023274139876673,COAD,1,background_organ_value
MAOB,stomach,-0.9874198751863296,STAD,1,background_organ_value
MAOB,colon,-0.5296618234617365,COAD,1,background_organ_value
MAOB,esophagus,-0.5394916308798149,ESCA,1,background_organ_value
MAOB,kidney,-0.2400643775019424,KICH;KIRC;KIRP,3,background_organ_value
MAOB,lung,-0.8512748270049745,LUAD;LUSC,2,background_organ_value
MAOB,prostate,-0.2114693522146155,PRAD,1,background_organ_value
MAOB,stomach,-0.04604274915624477,STAD,1,background_organ_value
MAOB,liver,0.3092321383800831,LIHC,1,background_organ_value
MAOB,kidney,0.10738320670407812,KICH;KIRC;KIRP,3,background_organ_value
MAOB,stomach,0.27532638315354485,STAD,1,background_organ_value
MAOB,breast,0.08306705129911789,BRCA,1,background_organ_value
MAOB,esophagus,-0.3620529268886224,ESCA,1,background_organ_value
MAOB,kidney,0.18026057927483585,KICH;KIRC;KIRP,3,background_organ_value
MAOB,liver,-0.06416698246987979,LIHC,1,background_organ_value
MAOB,lung,0.2798556876987769,LUAD;LUSC,2,background_organ_value
MAOB,breast,0.199550042092435,BRCA,1,background_organ_value
MAOB,colon,-0.12729999759703897,COAD,1,background_organ_value
MAOB,kidney,0.43682391515802715,KICH;KIRC,2,background_organ_value
MAOB,lung,0.4097422991974884,LUAD;LUSC,2,background_organ_value
MAOB,prostate,0.40859007610640913,PRAD,1,background_organ_value
MAOB,stomach,0.18932650125454373,STAD,1,background_organ_value
MAOB,breast,0.5040350438497003,BRCA,1,background_organ_value
MAOB,colon,0.8703709771355187,COAD,1,background_organ_value
MAOB,lung,1.0770429111487003,LUAD;LUSC,2,background_organ_value
MAOB,liver,0.4207035361814786,LIHC,1,background_organ_value
MAOB,breast,-1.8297941509300135,BRCA,1,background_organ_value
MAOB,kidney,-2.09793567412742,KICH;KIRC;KIRP,3,background_organ_value
MAOB,liver,-2.433917010634517,LIHC,1,background_organ_value
MAOB,lung,-1.2579621921175277,LUAD;LUSC,2,background_organ_value
MAOB,stomach,-0.39027981784603094,STAD,1,background_organ_value
MAOB,colon,-0.6122573619378596,COAD,1,background_organ_value
MAOB,kidney,-0.2385087052140215,KICH;KIRC;KIRP,3,background_organ_value
MAOB,liver,-0.08245739309953559,LIHC,1,background_organ_value
MAOB,lung,0.7893104140800047,LUAD;LUSC,2,background_organ_value
MAOB,prostate,-0.20580288566279112,PRAD,1,background_organ_value
MAOB,stomach,0.6038235747741293,STAD,1,background_organ_value
MAOB,breast,0.31788945888919395,BRCA,1,background_organ_value
MAOB,colon,0.48214025340360106,COAD,1,background_organ_value
MAOB,liver,-1.1235796756457783,LIHC,1,background_organ_value
MAOB,breast,0.96335663438762,BRCA,1,background_organ_value
MAOB,colon,0.26429604948687435,COAD,1,background_organ_value
MAOB,kidney,-0.01142984279965192,KICH;KIRC;KIRP,3,background_organ_value
MAOB,liver,0.3536573039024524,LIHC,1,background_organ_value
MAOB,prostate,0.3907952075518082,PRAD,1,background_organ_value
MAOB,breast,0.5774077159790902,BRCA,1,background_organ_value
MAOB,colon,-0.07804277837011313,COAD,1,background_organ_value
MAOB,kidney,-0.22661157049195976,KICH;KIRC;KIRP,3,background_organ_value
MAOB,lung,-0.0875236553849165,LUAD;LUSC,2,background_organ_value
MAOB,prostate,-0.17855291335004245,PRAD,1,background_organ_value
MAOB,kidney,0.2105802047675003,KICH;KIRP,2,background_organ_value
MAOB,lung,0.48158136118696515,LUAD;LUSC,2,background_organ_value
MAOB,prostate,0.6282228406235003,PRAD,1,background_organ_value
MAOB,kidney,-1.7466122850824477,KIRC;KIRP,2,background_organ_value
MAOB,breast,0.2292696733181252,BRCA,1,background_organ_value
MAOB,kidney,-1.150289947631995,KIRC;KIRP,2,background_organ_value
MAOB,liver,-0.2584956041306284,LIHC,1,background_organ_value
MAOB,lung,0.02869520811493038,LUSC,1,background_organ_value
MAOB,prostate,-0.2116375027525016,PRAD,1,background_organ_value
MAOB,stomach,-0.3617950415103419,STAD,1,background_organ_value
MAOB,colon,0.03138579356298848,COAD,1,background_organ_value
MAOB,colon,1.3874763074783831,COAD,1,background_organ_value
MAOB,liver,0.5675820638598057,LIHC,1,background_organ_value
MAOB,thyroid,-0.4330840723690343,THCA,1,background_organ_value
MAOB,colon,-0.4298159582792004,COAD,1,background_organ_value
MAOB,esophagus,-1.4230885746033402,ESCA,1,background_organ_value
MAOB,stomach,0.11686915868646151,STAD,1,background_organ_value
MAOB,thyroid,0.02011792488677921,THCA,1,background_organ_value
MAOB,kidney,0.7460630386537855,KICH;KIRC;KIRP,3,background_organ_value
MAOB,prostate,-0.1427009641354499,PRAD,1,background_organ_value
MAOB,stomach,-0.09316328588858648,STAD,1,background_organ_value
MAOB,thyroid,1.463370077147782,THCA,1,background_organ_value
MAOB,liver,-1.570692764219722,LIHC,1,background_organ_value
MAOB,kidney,-0.39971256181697157,KIRC;KIRP,2,background_organ_value
MAOB,prostate,-0.0089681346657536,PRAD,1,background_organ_value
MAOB,stomach,0.00697144581397362,STAD,1,background_organ_value
MAOB,kidney,0.01406549180913788,KIRP,1,background_organ_value
MAOB,liver,0.11666570604552652,LIHC,1,background_organ_value
MAOB,colon,0.03191162585835069,COAD,1,background_organ_value
MAOB,esophagus,-0.02669298879059791,ESCA,1,background_organ_value
MAOB,kidney,-0.2505139280860995,KICH,1,background_organ_value
MAOB,lung,0.31814428280336327,LUAD;LUSC,2,background_organ_value
MAOB,prostate,0.2688872784909316,PRAD,1,background_organ_value
MAOB,liver,0.0969672076866159,LIHC,1,background_organ_value
MAOB,breast,-0.33983171258813655,BRCA,1,background_organ_value
MAOB,kidney,-0.7121276432324044,KICH;KIRC;KIRP,3,background_organ_value
MAOB,prostate,0.0865229050290133,PRAD,1,background_organ_value
MAOB,stomach,0.4852524099643175,STAD,1,background_organ_value
MAOB,breast,0.6988245886916212,BRCA,1,background_organ_value
MAOB,lung,0.8101279655264979,LUAD;LUSC,2,background_organ_value
MAOB,prostate,0.14747858286241045,PRAD,1,background_organ_value
MAOB,stomach,0.5378853327640548,STAD,1,background_organ_value
MAOB,esophagus,-0.05194319917110522,ESCA,1,background_organ_value
MAOB,colon,0.7463638065325389,COAD,1,background_organ_value
MAOB,kidney,-0.34823139357893645,KIRC;KIRP,2,background_organ_value
MAOB,liver,-0.4338254427176715,LIHC,1,background_organ_value
MAOB,thyroid,1.8246685524542932,THCA,1,background_organ_value
MAOB,liver,-0.152217700653672,LIHC,1,background_organ_value
MAOB,thyroid,1.0207087279691238,THCA,1,background_organ_value
MAOB,colon,0.10337647133756818,COAD,1,background_organ_value
MAOB,lung,0.08337215749352053,LUAD;LUSC,2,background_organ_value
MAOB,stomach,0.3598809468566819,STAD,1,background_organ_value
MAOB,esophagus,-0.2867630514736903,ESCA,1,background_organ_value
MAOB,breast,0.5966635137649722,BRCA,1,background_organ_value
MAOB,esophagus,-0.32675143679472823,ESCA,1,background_organ_value
MAOB,kidney,0.01933622561492904,KICH;KIRC;KIRP,3,background_organ_value
MAOB,liver,0.7920837595673894,LIHC,1,background_organ_value
MAOB,lung,0.3932837302221323,LUAD;LUSC,2,background_organ_value
MAOB,prostate,0.5741247686563592,PRAD,1,background_organ_value
MAOB,colon,0.00121678128581704,COAD,1,background_organ_value
MAOB,esophagus,0.15833278735396442,ESCA,1,background_organ_value
MAOB,kidney,0.4481720504185734,KICH;KIRC;KIRP,3,background_organ_value
MAOB,prostate,-0.18392945978397487,PRAD,1,background_organ_value
MAOB,esophagus,-0.4569081310473596,ESCA,1,background_organ_value
MAOB,breast,0.9802119276322508,BRCA,1,background_organ_value
MAOB,kidney,-0.08165528439070863,KICH;KIRC;KIRP,3,background_organ_value
MAOB,liver,0.48114057746133015,LIHC,1,background_organ_value
MAOB,prostate,0.1664869018773691,PRAD,1,background_organ_value
MAOB,liver,0.1215651816510498,LIHC,1,background_organ_value
MAOB,thyroid,-0.29669687349487195,THCA,1,background_organ_value
MAOB,colon,0.8125028121407468,COAD,1,background_organ_value
MAOB,kidney,-0.25940964531436006,KICH;KIRC,2,background_organ_value
MAOB,liver,0.9996592027261648,LIHC,1,background_organ_value
MAOB,lung,0.13285649616942177,LUAD;LUSC,2,background_organ_value
MAOB,colon,-0.3029713189278841,COAD,1,background_organ_value
MAOB,esophagus,0.2741491549472289,ESCA,1,background_organ_value
MAOB,kidney,-0.26052828579810744,KICH,1,background_organ_value
MAOB,lung,1.1328137682644792,LUAD;LUSC,2,background_organ_value
MAOB,prostate,0.5909535006148748,PRAD,1,background_organ_value
MAOB,stomach,0.2358342466280534,STAD,1,background_organ_value
MAOB,kidney,0.29873844743962713,KICH;KIRC;KIRP,3,background_organ_value
MAOB,prostate,-0.5158938564492747,PRAD,1,background_organ_value
MAOB,breast,0.13400402934788627,BRCA,1,background_organ_value
MAOB,colon,1.3379780438124187,COAD,1,background_organ_value
MAOB,kidney,-0.4542723936385972,KICH;KIRC;KIRP,3,background_organ_value
MAOB,breast,-0.5864184177710933,BRCA,1,background_organ_value
MAOB,colon,0.07729700680236357,COAD,1,background_organ_value
MAOB,esophagus,0.6601406309527481,ESCA,1,background_organ_value
MAOB,kidney,-1.0945940360227653,KICH;KIRC;KIRP,3,background_organ_value
MAOB,liver,-1.295005912656007,LIHC,1,background_organ_value
MAOB,prostate,0.10304615831096924,PRAD,1,background_organ_value
MAOB,breast,0.5244321764316341,BRCA,1,background_organ_value
MAOB,kidney,0.3236707299022287,KICH;KIRC;KIRP,3,background_organ_value
MAOB,liver,-3.991348337829305,LIHC,1,background_organ_value
MAOB,prostate,-0.42650140672537545,PRAD,1,background_organ_value
MAOB,stomach,1.6007182798619497,STAD,1,background_organ_value
MAOB,colon,0.35674363500831446,COAD,1,background_organ_value
MAOB,liver,1.0711796825357538,LIHC,1,background_organ_value
MAOB,liver,0.6959529645022947,LIHC,1,background_organ_value
MAOB,liver,0.23497593595723187,LIHC,1,background_organ_value
MAOB,prostate,0.5246413305051661,PRAD,1,background_organ_value
MAOB,colon,0.21817880873248377,COAD,1,background_organ_value
MAOB,kidney,0.02265118486566674,KICH;KIRC;KIRP,3,background_organ_value
MAOB,lung,0.6548527099582151,LUAD;LUSC,2,background_organ_value
MAOB,prostate,0.04083882197113715,PRAD,1,background_organ_value
MAOB,thyroid,-1.0261871161653475,THCA,1,background_organ_value
MAOB,liver,-1.1586253725299418,LIHC,1,background_organ_value
MAOB,kidney,-0.3527914766874696,KICH;KIRC;KIRP,3,background_organ_value
MAOB,lung,-0.11779744936305558,LUAD;LUSC,2,background_organ_value
MAOB,liver,-1.0608795267532625,LIHC,1,background_organ_value
MAOB,colon,-0.6917190072676722,COAD,1,background_organ_value
MAOB,esophagus,0.21706308463572815,ESCA,1,background_organ_value
MAOB,colon,0.38778912589698195,COAD,1,background_organ_value
MAOB,breast,0.5156258101897266,BRCA,1,background_organ_value
MAOB,lung,0.4574631250267578,LUAD;LUSC,2,background_organ_value
MAOB,stomach,-0.02790819521318276,STAD,1,background_organ_value
MAOB,kidney,-0.08936302245122939,KICH;KIRC;KIRP,3,background_organ_value
MAOB,lung,0.16583789041218455,LUAD;LUSC,2,background_organ_value
MAOB,prostate,0.32332342024731703,PRAD,1,background_organ_value
MAOB,thyroid,3.264195022435997,THCA,1,background_organ_value
MAOB,thyroid,0.20321533505428196,THCA,1,background_organ_value
MAOB,colon,0.3944524967046049,COAD,1,background_organ_value
MAOB,esophagus,0.6943833496929844,ESCA,1,background_organ_value
MAOB,colon,-0.821989270151408,COAD,1,background_organ_value
MAOB,esophagus,-0.39092143944526514,ESCA,1,background_organ_value
MAOB,stomach,-0.5591108290965856,STAD,1,background_organ_value
MAOB,liver,0.05081079357594129,LIHC,1,background_organ_value
MAOB,liver,-0.0127460472447279,LIHC,1,background_organ_value
MAOB,colon,0.3655146385763106,COAD,1,background_organ_value
MAOB,lung,0.45526910183621605,LUAD;LUSC,2,background_organ_value
MAOB,stomach,0.607584919131942,STAD,1,background_organ_value
MAOB,breast,-0.8240748779895715,BRCA,1,background_organ_value
MAOB,esophagus,0.4545325597305877,ESCA,1,background_organ_value
MAOB,kidney,0.00627116457761061,KICH;KIRC;KIRP,3,background_organ_value
MAOB,liver,-0.3181728089756817,LIHC,1,background_organ_value
MAOB,lung,-0.01872500162748232,LUAD;LUSC,2,background_organ_value
MAOB,prostate,0.10077327005861449,PRAD,1,background_organ_value
MAOB,liver,-0.5158968527394284,LIHC,1,background_organ_value
MAOB,stomach,-0.5622753166301531,STAD,1,background_organ_value
MAOB,colon,-1.372178146415175,COAD,1,background_organ_value
MAOB,esophagus,-1.0214091188434762,ESCA,1,background_organ_value
MAOB,kidney,-0.05679491293400828,KICH;KIRC;KIRP,3,background_organ_value
MAOB,liver,-1.5940761852872392,LIHC,1,background_organ_value
MAOB,lung,-1.3709343893524497,LUAD;LUSC,2,background_organ_value
MAOB,prostate,-0.7687942596315586,PRAD,1,background_organ_value
MAOB,stomach,-0.8546992323501998,STAD,1,background_organ_value
MAOB,breast,-1.2805965398973904,BRCA,1,background_organ_value
MAOB,esophagus,-0.4426581163894076,ESCA,1,background_organ_value
MAOB,thyroid,0.534294420170247,THCA,1,background_organ_value
MAOB,breast,0.15838057538906186,BRCA,1,background_organ_value
MAOB,colon,0.4185538675274641,COAD,1,background_organ_value
MAOB,esophagus,0.23274825409569433,ESCA,1,background_organ_value
MAOB,kidney,-0.287176065933957,KICH;KIRC;KIRP,3,background_organ_value
MAOB,liver,-1.0528430511579958,LIHC,1,background_organ_value
MAOB,thyroid,0.3550751883464567,THCA,1,background_organ_value
MAOB,stomach,-0.09816159773235791,STAD,1,background_organ_value
MAOB,colon,-0.04978069047752651,COAD,1,background_organ_value
MAOB,esophagus,-0.468506504551849,ESCA,1,background_organ_value
MAOB,kidney,0.27021620450095113,KICH;KIRC;KIRP,3,background_organ_value
MAOB,liver,-0.5872362173159391,LIHC,1,background_organ_value
MAOB,lung,-0.4345078709289864,LUAD;LUSC,2,background_organ_value
MAOB,breast,-0.7589983388232777,BRCA,1,background_organ_value
MAOB,esophagus,-0.3896276040460879,ESCA,1,background_organ_value
MAOB,lung,-0.13038574488129512,LUAD;LUSC,2,background_organ_value
MAOB,prostate,-0.5492132174944245,PRAD,1,background_organ_value
MAOB,stomach,-0.11402524577219347,STAD,1,background_organ_value
MAOB,thyroid,1.318088308435305,THCA,1,background_organ_value
MAOB,esophagus,-0.16920229711948143,ESCA,1,background_organ_value
MAOB,kidney,-0.2572395963559619,KICH;KIRC;KIRP,3,background_organ_value
MAOB,breast,0.8531658046335227,BRCA,1,background_organ_value
MAOB,esophagus,0.6317524440500676,ESCA,1,background_organ_value
MAOB,liver,-0.15375408711715313,LIHC,1,background_organ_value
MAOB,prostate,-0.4180239086196728,PRAD,1,background_organ_value
MAOB,stomach,0.8397624029338608,STAD,1,background_organ_value
MAOB,thyroid,3.0550471580714293,THCA,1,background_organ_value
MAOB,esophagus,0.01040421770833053,ESCA,1,background_organ_value
MAOB,kidney,-0.04909517398858792,KICH;KIRC;KIRP,3,background_organ_value
MAOB,stomach,0.1742125231656751,STAD,1,background_organ_value
MAOB,breast,0.32090168327858715,BRCA,1,background_organ_value
MAOB,prostate,0.24665080837075953,PRAD,1,background_organ_value
MAOB,colon,-1.0123874298207505,COAD,1,background_organ_value
MAOB,esophagus,-1.1948400198681384,ESCA,1,background_organ_value
MAOB,lung,-0.9989347671053395,LUAD;LUSC,2,background_organ_value
MAOB,stomach,-0.9771761408305868,STAD,1,background_organ_value
MAOB,esophagus,0.07789373260512589,ESCA,1,background_organ_value
MAOB,breast,-0.7654569866107647,BRCA,1,background_organ_value
MAOB,esophagus,-0.05560290129890941,ESCA,1,background_organ_value
MAOB,stomach,-0.18963963747761,STAD,1,background_organ_value
MAOB,breast,0.6392593652632641,BRCA,1,background_organ_value
MAOB,kidney,0.7787980454199944,KIRC,1,background_organ_value
MAOB,prostate,-0.14460000499396425,PRAD,1,background_organ_value
MAOB,stomach,0.4353079510517513,STAD,1,background_organ_value
MAOB,thyroid,0.02326490515396439,THCA,1,background_organ_value
MAOB,breast,0.8655220539320445,BRCA,1,background_organ_value
MAOB,colon,0.34675344564898863,COAD,1,background_organ_value
MAOB,kidney,-0.19062022567006257,KICH;KIRC;KIRP,3,background_organ_value
MAOB,liver,0.5504333688505139,LIHC,1,background_organ_value
MAOB,lung,0.367346737212918,LUAD;LUSC,2,background_organ_value
MAOB,prostate,0.5107916432187973,PRAD,1,background_organ_value
MAOB,stomach,0.6895891257388531,STAD,1,background_organ_value
MAOB,breast,0.6003687045150831,BRCA,1,background_organ_value
MAOB,kidney,0.07657717864873319,KICH;KIRC;KIRP,3,background_organ_value
MAOB,prostate,0.2799997878013446,PRAD,1,background_organ_value
MAOB,colon,-0.34222308468946205,COAD,1,background_organ_value
MAOB,kidney,-1.412987350100662,KICH;KIRC;KIRP,3,background_organ_value
MAOB,liver,-1.7074961340763426,LIHC,1,background_organ_value
MAOB,prostate,-0.8116946486645658,PRAD,1,background_organ_value
MAOB,stomach,0.4172292348560652,STAD,1,background_organ_value
MAOB,kidney,-0.9340786441033467,KIRC;KIRP,2,background_organ_value
MAOB,liver,-0.8079104620222712,LIHC,1,background_organ_value
MAOB,stomach,1.6563236644235817,STAD,1,background_organ_value
MAOB,colon,-0.08295670869272487,COAD,1,background_organ_value
MAOB,esophagus,-0.26485081469451804,ESCA,1,background_organ_value
MAOB,kidney,-0.826179046842982,KICH,1,background_organ_value
MAOB,lung,-0.3473149638330245,LUAD;LUSC,2,background_organ_value
MAOB,colon,0.15734909230778735,COAD,1,background_organ_value
MAOB,esophagus,-0.4737528311690946,ESCA,1,background_organ_value
MAOB,kidney,0.01266400755055521,KICH;KIRC;KIRP,3,background_organ_value
MAOB,lung,-0.2181202266192669,LUAD;LUSC,2,background_organ_value
MAOB,prostate,-0.01756648137485356,PRAD,1,background_organ_value
MAOB,stomach,-0.3132175880238071,STAD,1,background_organ_value
MAOB,colon,-0.8116763879041042,COAD,1,background_organ_value
MAOB,lung,0.4283027181669315,LUAD;LUSC,2,background_organ_value
MAOB,prostate,0.1735742178097695,PRAD,1,background_organ_value
MAOB,stomach,0.19699282598583365,STAD,1,background_organ_value
MAOB,breast,-0.8446783188216135,BRCA,1,background_organ_value
MAOB,esophagus,-0.43321946983582127,ESCA,1,background_organ_value
MAOB,kidney,-0.01886821158831188,KICH;KIRC;KIRP,3,background_organ_value
MAOB,lung,-0.6701831883066818,LUAD;LUSC,2,background_organ_value
MAOB,prostate,-1.0232423754209314,PRAD,1,background_organ_value
MAOB,stomach,-0.5044770971956429,STAD,1,background_organ_value
MAOB,breast,0.01875692219638582,BRCA,1,background_organ_value
MAOB,kidney,-0.04446676036274805,KICH;KIRC;KIRP,3,background_organ_value
MAOB,lung,0.3645110971249542,LUAD;LUSC,2,background_organ_value
MAOB,stomach,-0.31022736222877556,STAD,1,background_organ_value
MAOB,esophagus,-0.31234155308405503,ESCA,1,background_organ_value
MAOB,kidney,-1.1882039448783726,KICH;KIRC,2,background_organ_value
MAOB,lung,-0.01226033385061076,LUAD;LUSC,2,background_organ_value
MAOB,stomach,-0.4820420609459109,STAD,1,background_organ_value
MAOB,breast,-0.27005845257091465,BRCA,1,background_organ_value
MAOB,kidney,-0.2016396512106053,KICH;KIRC;KIRP,3,background_organ_value
MAOB,breast,0.1394862920703962,BRCA,1,background_organ_value
MAOB,prostate,-0.062434233382356,PRAD,1,background_organ_value
MAOB,kidney,0.6085726990909898,KICH;KIRC;KIRP,3,background_organ_value
MAOB,stomach,0.1748274472499261,STAD,1,background_organ_value
MAOB,liver,-0.24431611386952187,LIHC,1,background_organ_value
MAOB,breast,0.37329955137969584,BRCA,1,background_organ_value
MAOB,kidney,0.3348698448203925,KICH;KIRC;KIRP,3,background_organ_value
MAOB,prostate,-0.37673985141932703,PRAD,1,background_organ_value
MAOB,liver,1.0217441142862211,LIHC,1,background_organ_value
MAOB,liver,0.9372686737749728,LIHC,1,background_organ_value
MAOB,colon,0.8461911522307016,COAD,1,background_organ_value
MAOB,esophagus,0.1935015657271378,ESCA,1,background_organ_value
MAOB,kidney,-0.5061961487307712,KICH;KIRC;KIRP,3,background_organ_value
MAOB,prostate,-0.6205925394372664,PRAD,1,background_organ_value
MAOB,colon,1.0013947511533554,COAD,1,background_organ_value
MAOB,lung,0.6100538041474697,LUAD;LUSC,2,background_organ_value
MAOB,colon,-0.04234352637282632,COAD,1,background_organ_value
MAOB,kidney,-0.28834617295866866,KICH;KIRC;KIRP,3,background_organ_value
MAOB,stomach,-0.19984771209023705,STAD,1,background_organ_value
MAOB,colon,-1.1546573156045072,COAD,1,background_organ_value
MAOB,esophagus,-1.449704278570501,ESCA,1,background_organ_value
MAOB,lung,0.2189885300079751,LUAD;LUSC,2,background_organ_value
MAOB,prostate,-0.5645245654868055,PRAD,1,background_organ_value
MAOB,stomach,-0.8334936628012483,STAD,1,background_organ_value
MAOB,breast,0.48588075872581754,BRCA,1,background_organ_value
MAOB,kidney,0.3042315724019318,KICH;KIRC;KIRP,3,background_organ_value
MAOB,liver,0.278343713258218,LIHC,1,background_organ_value
MAOB,lung,-0.0743260206934782,LUSC,1,background_organ_value
MAOB,prostate,-0.02685739352188724,PRAD,1,background_organ_value
MAOB,thyroid,-0.8545323560449904,THCA,1,background_organ_value
MAOB,stomach,-0.29377442157882877,STAD,1,background_organ_value
MAOB,liver,-0.35721368464710446,LIHC,1,background_organ_value
MAOB,breast,-0.4710098682982285,BRCA,1,background_organ_value
MAOB,colon,-0.11743811291967383,COAD,1,background_organ_value
MAOB,prostate,-0.7347095050015228,PRAD,1,background_organ_value
MAOB,stomach,0.1815602025687448,STAD,1,background_organ_value
MAOB,breast,0.2250748533357816,BRCA,1,background_organ_value
MAOB,colon,0.30906343424132676,COAD,1,background_organ_value
MAOB,esophagus,-0.14668398488908604,ESCA,1,background_organ_value
MAOB,kidney,-0.24746898299806447,KICH;KIRC;KIRP,3,background_organ_value
MAOB,lung,0.035018955550564515,LUAD;LUSC,2,background_organ_value
MAOB,prostate,0.05189204902013941,PRAD,1,background_organ_value
MAOB,stomach,0.36800834882970834,STAD,1,background_organ_value
MAOB,stomach,-0.907263986474284,STAD,1,background_organ_value
MAOB,liver,0.02051896962307411,LIHC,1,background_organ_value
MAOB,liver,-1.1844812649193088,LIHC,1,background_organ_value
MAOB,liver,-1.1515191524458706,LIHC,1,background_organ_value
MAOB,colon,-0.25013532380889836,COAD,1,background_organ_value
MAOB,esophagus,-0.5127018254195179,ESCA,1,background_organ_value
MAOB,kidney,0.04777588837926658,KICH,1,background_organ_value
MAOB,liver,-0.591997967723085,LIHC,1,background_organ_value
MAOB,breast,0.2589044648183661,BRCA,1,background_organ_value
MAOB,lung,0.17899304037633046,LUAD;LUSC,2,background_organ_value
MAOB,prostate,-0.3027241951591417,PRAD,1,background_organ_value
MAOB,stomach,-0.7504154195102452,STAD,1,background_organ_value
MAOB,breast,-0.2837278260350353,BRCA,1,background_organ_value
MAOB,colon,0.32568270619929246,COAD,1,background_organ_value
MAOB,esophagus,0.30760535938912353,ESCA,1,background_organ_value
MAOB,lung,0.4611764999653464,LUAD;LUSC,2,background_organ_value
MAOB,prostate,-0.27965395905476226,PRAD,1,background_organ_value
MAOB,stomach,-0.27337563143892746,STAD,1,background_organ_value
MAOB,colon,0.2021691485135464,COAD,1,background_organ_value
MAOB,stomach,0.7497202083120529,STAD,1,background_organ_value
MAOB,breast,-0.1762376896485627,BRCA,1,background_organ_value
MAOB,kidney,-0.19288615734984743,KICH;KIRC;KIRP,3,background_organ_value
MAOB,lung,-0.6609499890697932,LUAD;LUSC,2,background_organ_value
MAOB,prostate,-0.28539578652715286,PRAD,1,background_organ_value
MAOB,colon,-3.8903095949789823,COAD,1,background_organ_value
MAOB,stomach,-2.692995633328051,STAD,1,background_organ_value
MAOB,breast,-0.49944425771059114,BRCA,1,background_organ_value
MAOB,esophagus,-1.4201250030118204,ESCA,1,background_organ_value
MAOB,lung,-0.9206112023335337,LUAD;LUSC,2,background_organ_value
MAOB,prostate,-0.20673843060705344,PRAD,1,background_organ_value
MAOB,stomach,-0.8384471491008921,STAD,1,background_organ_value
MAOB,liver,-0.14961498760285702,LIHC,1,background_organ_value
MAOB,prostate,0.68882144681736035,PRAD,1,background_organ_value
MAOB,liver,-0.13482516098433509,LIHC,1,background_organ_value
MAOB,breast,0.7607365515740728,BRCA,1,background_organ_value
MAOB,kidney,0.23869356609546624,KICH;KIRC;KIRP,3,background_organ_value
MAOB,liver,0.00131569972074974,LIHC,1,background_organ_value
MAOB,prostate,0.2120829722603229,PRAD,1,background_organ_value
MAOB,breast,0.01861742900412903,BRCA,1,background_organ_value
MAOB,colon,0.03583943223894337,COAD,1,background_organ_value
MAOB,esophagus,-0.1927302208092435,ESCA,1,background_organ_value
MAOB,kidney,0.13765728329842317,KICH;KIRC;KIRP,3,background_organ_value
MAOB,lung,0.040151560219147495,LUAD;LUSC,2,background_organ_value
MAOB,prostate,0.1716721818454427,PRAD,1,background_organ_value
MAOB,stomach,0.068177936993782,STAD,1,background_organ_value
MAOB,breast,-0.2773565335794181,BRCA,1,background_organ_value
MAOB,esophagus,0.48316994876530595,ESCA,1,background_organ_value
MAOB,kidney,1.088781791726806,KICH;KIRC;KIRP,3,background_organ_value
MAOB,liver,0.891262507003645,LIHC,1,background_organ_value
MAOB,prostate,0.4708353644515456,PRAD,1,background_organ_value
MAOB,breast,0.5812405263354735,BRCA,1,background_organ_value
MAOB,kidney,-0.4768079083273458,KICH;KIRC;KIRP,3,background_organ_value
MAOB,breast,0.36462268408529785,BRCA,1,background_organ_value
MAOB,colon,1.0622660720543105,COAD,1,background_organ_value
MAOB,kidney,0.43107465064370026,KICH,1,background_organ_value
MAOB,lung,0.8586766932821538,LUAD;LUSC,2,background_organ_value
MAOB,colon,0.6748365949298925,COAD,1,background_organ_value
MAOB,kidney,0.4125506165021183,KICH;KIRC,2,background_organ_value
MAOB,lung,0.8039815239749712,LUAD;LUSC,2,background_organ_value
MAOB,prostate,0.07353130492221376,PRAD,1,background_organ_value
MAOB,stomach,0.568391186552227,STAD,1,background_organ_value
MAOB,esophagus,0.7096442505141258,ESCA,1,background_organ_value
MAOB,kidney,0.4400639470782,KICH;KIRC;KIRP,3,background_organ_value
MAOB,breast,-0.12540707534862486,BRCA,1,background_organ_value
MAOB,esophagus,-0.8077826959313483,ESCA,1,background_organ_value
MAOB,kidney,0.09317426989160571,KIRC;KIRP,2,background_organ_value
MAOB,liver,-0.2327204072924312,LIHC,1,background_organ_value
MAOB,lung,-0.0866969750670821,LUAD;LUSC,2,background_organ_value
MAOB,prostate,-0.12214240786588056,PRAD,1,background_organ_value
MAOB,breast,-0.1160456516953186,BRCA,1,background_organ_value
MAOB,esophagus,0.16633738518985045,ESCA,1,background_organ_value
MAOB,liver,-0.1623088280266299,LIHC,1,background_organ_value
MAOB,lung,-0.3562502177611518,LUAD;LUSC,2,background_organ_value
MAOB,colon,0.3571688692985541,COAD,1,background_organ_value
MAOB,esophagus,0.05692139747129944,ESCA,1,background_organ_value
MAOB,kidney,-0.2213842031333303,KICH,1,background_organ_value
MAOB,colon,0.08764618155672686,COAD,1,background_organ_value
MAOB,lung,-0.36253682015733524,LUAD;LUSC,2,background_organ_value
MAOB,kidney,-0.05915720034125524,KICH;KIRC;KIRP,3,background_organ_value
MAOB,prostate,0.10906052683667548,PRAD,1,background_organ_value
MAOB,stomach,0.3241805205491485,STAD,1,background_organ_value
MAOB,colon,-0.15190438155159552,COAD,1,background_organ_value
MAOB,esophagus,-0.5844015363507219,ESCA,1,background_organ_value
MAOB,stomach,-0.421116082683887,STAD,1,background_organ_value
MAOB,breast,0.846206294492475,BRCA,1,background_organ_value
MAOB,stomach,0.6838855768492041,STAD,1,background_organ_value
MAOB,liver,0.15688861397779266,LIHC,1,background_organ_value
MAOB,breast,0.3840525174725397,BRCA,1,background_organ_value
MAOB,colon,0.8866294476957789,COAD,1,background_organ_value
MAOB,lung,0.7373850057732159,LUAD;LUSC,2,background_organ_value
MAOB,prostate,0.3944132580252472,PRAD,1,background_organ_value
MAOB,stomach,0.8319525561903287,STAD,1,background_organ_value
MAOB,stomach,0.28816792648391315,STAD,1,background_organ_value
MAOB,thyroid,1.829940566526672,THCA,1,background_organ_value
MAOB,thyroid,-0.5527103581338152,THCA,1,background_organ_value
MAOB,liver,-1.558990746706726,LIHC,1,background_organ_value
MAOB,breast,-0.3775629668347292,BRCA,1,background_organ_value
MAOB,colon,-0.06324534411274219,COAD,1,background_organ_value
MAOB,lung,-0.020684380722049395,LUAD;LUSC,2,background_organ_value
MAOB,prostate,0.05933096207691966,PRAD,1,background_organ_value
MAOB,liver,-0.25109979541157756,LIHC,1,background_organ_value
MAOB,breast,-0.482033031357452,BRCA,1,background_organ_value
MAOB,breast,-0.2130376592239577,BRCA,1,background_organ_value
MAOB,esophagus,-0.5523374329461573,ESCA,1,background_organ_value
MAOB,kidney,0.41863193071914384,KICH;KIRC;KIRP,3,background_organ_value
MAOB,lung,-0.1070929344993316,LUAD;LUSC,2,background_organ_value
MAOB,prostate,-0.03150891157293085,PRAD,1,background_organ_value
MAOB,lung,0.3451435337789386,LUAD;LUSC,2,background_organ_value
MAOB,stomach,0.30445686857795423,STAD,1,background_organ_value
MAOB,liver,0.2183881922510678,LIHC,1,background_organ_value
MAOB,liver,-0.05320614759746733,LIHC,1,background_organ_value
MAOB,esophagus,-1.3700270275197728,ESCA,1,background_organ_value
MAOB,kidney,0.02514528318830129,KICH;KIRC;KIRP,3,background_organ_value
MAOB,liver,-1.1369170025138715,LIHC,1,background_organ_value
MAOB,prostate,0.10754760497515536,PRAD,1,background_organ_value
MAOB,liver,-0.86692059826276,LIHC,1,background_organ_value
MAOB,stomach,0.367859882632475,STAD,1,background_organ_value
MAOB,liver,0.17019235062853075,LIHC,1,background_organ_value
MAOB,liver,-0.9029023047157564,LIHC,1,background_organ_value
MAOB,breast,0.16921566870133883,BRCA,1,background_organ_value
MAOB,kidney,0.357693660095661,KICH;KIRC;KIRP,3,background_organ_value
MAOB,lung,0.6111940220109967,LUAD;LUSC,2,background_organ_value
MAOB,prostate,0.2773605997554001,PRAD,1,background_organ_value
MAOB,esophagus,0.6372684146826361,ESCA,1,background_organ_value
MAOB,colon,-1.056056264781603,COAD,1,background_organ_value
MAOB,esophagus,-0.38113128743883345,ESCA,1,background_organ_value
MAOB,liver,-0.4957551146625258,LIHC,1,background_organ_value
MAOB,prostate,1.0801996684340065,PRAD,1,background_organ_value
MAOB,breast,0.6642450136048041,BRCA,1,background_organ_value
MAOB,colon,0.19209957889507664,COAD,1,background_organ_value
MAOB,lung,0.36871154174223686,LUAD;LUSC,2,background_organ_value
MAOB,stomach,0.2820020142943893,STAD,1,background_organ_value
MAOB,lung,-0.13032023483013758,LUAD;LUSC,2,background_organ_value
MAOB,stomach,0.3020957507578886,STAD,1,background_organ_value
MAOB,liver,-0.4935614128057677,LIHC,1,background_organ_value
MAOB,thyroid,-0.1343340815837934,THCA,1,background_organ_value
MAOB,colon,-0.1017535671986569,COAD,1,background_organ_value
MAOB,lung,-0.37319724101871404,LUAD;LUSC,2,background_organ_value
MAOB,prostate,-0.5576422524550123,PRAD,1,background_organ_value
MAOB,stomach,-0.21185595567604687,STAD,1,background_organ_value
MAOB,esophagus,0.1725827130143151,ESCA,1,background_organ_value
MAOB,liver,-1.120136167238277,LIHC,1,background_organ_value
MAOB,colon,-0.2558818222898671,COAD,1,background_organ_value
MAOB,esophagus,-0.10663959415702393,ESCA,1,background_organ_value
MAOB,kidney,-0.07235013246218998,KICH;KIRC;KIRP,3,background_organ_value
MAOB,liver,-1.610880021529085,LIHC,1,background_organ_value
MAOB,stomach,-0.6916243004724776,STAD,1,background_organ_value
MAOB,breast,-2.5631665010291336,BRCA,1,background_organ_value
MAOB,kidney,0.9416563796032617,KIRP,1,background_organ_value
MAOB,liver,-0.8943498700908379,LIHC,1,background_organ_value
MAOB,prostate,-0.9363115986295616,PRAD,1,background_organ_value
MAOB,thyroid,-1.191559751506441,THCA,1,background_organ_value
MAOB,colon,1.151064689637835,COAD,1,background_organ_value
MAOB,esophagus,-0.05241779111265127,ESCA,1,background_organ_value
MAOB,lung,-1.3049232091390277,LUSC,1,background_organ_value
MAOB,prostate,-0.16363417742703845,PRAD,1,background_organ_value
MAOB,thyroid,0.4929511009425586,THCA,1,background_organ_value
MAOB,colon,0.48416916283398953,COAD,1,background_organ_value
MAOB,thyroid,-1.0068746570619165,THCA,1,background_organ_value
MAOB,esophagus,0.3170914289693321,ESCA,1,background_organ_value
MAOB,liver,0.06729673038763906,LIHC,1,background_organ_value
MAOB,breast,0.44691930501477495,BRCA,1,background_organ_value
MAOB,colon,-0.23508430833236657,COAD,1,background_organ_value
MAOB,esophagus,-0.01621493105711165,ESCA,1,background_organ_value
MAOB,kidney,0.5791836360247171,KICH,1,background_organ_value
MAOB,prostate,-0.2916059737211761,PRAD,1,background_organ_value
MAOB,stomach,-0.13230653782073012,STAD,1,background_organ_value
MAOB,stomach,-0.44020799861205706,STAD,1,background_organ_value
MAOB,esophagus,-1.526370198674326,ESCA,1,background_organ_value
MAOB,lung,-1.581693622799881,LUAD;LUSC,2,background_organ_value
MAOB,prostate,-1.2411694114166505,PRAD,1,background_organ_value
MAOB,stomach,-2.0191631778479913,STAD,1,background_organ_value
MAOB,breast,-1.4244765033974414,BRCA,1,background_organ_value
MAOB,colon,-0.8234924971667105,COAD,1,background_organ_value
MAOB,esophagus,-1.4949843233883924,ESCA,1,background_organ_value
MAOB,lung,-1.2393713759601583,LUAD;LUSC,2,background_organ_value
MAOB,prostate,-0.5271740039364735,PRAD,1,background_organ_value
MAOB,stomach,-1.0808715767938597,STAD,1,background_organ_value
MAOB,liver,-1.281680290419366,LIHC,1,background_organ_value
MAOB,lung,-0.4610197588626539,LUAD,1,background_organ_value
MAOB,prostate,0.22025290614201015,PRAD,1,background_organ_value
MAOB,liver,-0.34998765118786734,LIHC,1,background_organ_value
MAOB,colon,0.4775210548559379,COAD,1,background_organ_value
MAOB,esophagus,-0.6620179300152712,ESCA,1,background_organ_value
MAOB,kidney,0.2497217485914776,KICH;KIRC;KIRP,3,background_organ_value
MAOB,liver,-0.6526285184693389,LIHC,1,background_organ_value
MAOB,prostate,-0.06445296623806882,PRAD,1,background_organ_value
MAOB,colon,1.010265729771843,COAD,1,background_organ_value
MAOB,breast,0.5484728027729012,BRCA,1,background_organ_value
MAOB,kidney,-0.13128155883140133,KICH;KIRC;KIRP,3,background_organ_value
MAOB,liver,-0.2952526836242485,LIHC,1,background_organ_value
MAOB,lung,0.26457300010495355,LUAD;LUSC,2,background_organ_value
MAOB,prostate,0.49695959711976045,PRAD,1,background_organ_value
MAOB,liver,0.02344113670762124,LIHC,1,background_organ_value
MAOB,colon,0.505577641822407,COAD,1,background_organ_value
MAOB,colon,0.8091494092248768,COAD,1,background_organ_value
MAOB,lung,-0.3174521624068101,LUAD,1,background_organ_value
MAOB,breast,0.15827842502765876,BRCA,1,background_organ_value
MAOB,esophagus,0.1549059467425522,ESCA,1,background_organ_value
MAOB,liver,-0.7445822444353932,LIHC,1,background_organ_value
MAOB,lung,0.2987997224068777,LUAD;LUSC,2,background_organ_value
MAOB,prostate,0.11604877612676674,PRAD,1,background_organ_value
MAOB,colon,0.7223664636690345,COAD,1,background_organ_value
MAOB,kidney,-0.40825190239932,KICH;KIRC;KIRP,3,background_organ_value
MAOB,lung,1.3354556724714,LUAD;LUSC,2,background_organ_value
MAOB,breast,0.3637560570394004,BRCA,1,background_organ_value
MAOB,colon,1.178186382364618,COAD,1,background_organ_value
MAOB,kidney,-0.18403474906601133,KICH;KIRC,2,background_organ_value
MAOB,lung,0.3669884949549706,LUAD,1,background_organ_value
MAOB,prostate,0.5825896195396902,PRAD,1,background_organ_value
MAOB,breast,-2.6971821259147473,BRCA,1,background_organ_value
MAOB,kidney,-1.6534205820058765,KIRC;KIRP,2,background_organ_value
MAOB,liver,-1.6464819373493798,LIHC,1,background_organ_value
MAOB,prostate,-1.2721057732772414,PRAD,1,background_organ_value
MAOB,stomach,-1.3733253806067756,STAD,1,background_organ_value
MAOB,breast,-1.2854432747581035,BRCA,1,background_organ_value
MAOB,colon,-0.39317301156873086,COAD,1,background_organ_value
MAOB,kidney,0.00271166413203939,KICH;KIRC;KIRP,3,background_organ_value
MAOB,liver,0.20561532924436185,LIHC,1,background_organ_value
MAOB,lung,-0.6817225119016705,LUAD;LUSC,2,background_organ_value
MAOB,prostate,-1.1369214889321526,PRAD,1,background_organ_value
MAOB,stomach,0.15763610281585386,STAD,1,background_organ_value
MAOB,colon,1.0165375631512867,COAD,1,background_organ_value
MAOB,esophagus,0.2930729618767182,ESCA,1,background_organ_value
MAOB,kidney,0.5405593329205202,KICH;KIRC;KIRP,3,background_organ_value
MAOB,lung,0.7989894482895072,LUAD;LUSC,2,background_organ_value
MAOB,prostate,0.12337392341704832,PRAD,1,background_organ_value
MAOB,stomach,0.5943115935042975,STAD,1,background_organ_value
MAOB,esophagus,-0.7967400703850073,ESCA,1,background_organ_value
MAOB,lung,-1.1558024940139375,LUAD,1,background_organ_value
MAOB,stomach,-0.5721390372409971,STAD,1,background_organ_value
MAOB,esophagus,-0.44520773529102187,ESCA,1,background_organ_value
MAOB,thyroid,0.1109074883720348,THCA,1,background_organ_value
MAOB,colon,-0.43408384326846544,COAD,1,background_organ_value
MAOB,esophagus,-0.8440001596925637,ESCA,1,background_organ_value
MAOB,kidney,-0.5316053705164,KICH;KIRC;KIRP,3,background_organ_value
MAOB,lung,-0.8926601896849173,LUAD;LUSC,2,background_organ_value
MAOB,prostate,0.10453513686441854,PRAD,1,background_organ_value
MAOB,stomach,-0.8444783466227798,STAD,1,background_organ_value
MAOB,esophagus,1.3119071539256828,ESCA,1,background_organ_value
MAOB,kidney,1.334707653304446,KICH;KIRC;KIRP,3,background_organ_value
MAOB,thyroid,-0.04248193880511401,THCA,1,background_organ_value
MAOB,liver,-0.39026904326568235,LIHC,1,background_organ_value
MAOB,thyroid,2.414268399930214,THCA,1,background_organ_value
MAOB,breast,-1.5336562638930575,BRCA,1,background_organ_value
MAOB,lung,-0.4602775616502422,LUSC,1,background_organ_value
MAOB,prostate,-0.11306233868050763,PRAD,1,background_organ_value
MAOB,stomach,-1.1745408509732758,STAD,1,background_organ_value
MAOB,breast,-0.10971880218125736,BRCA,1,background_organ_value
MAOB,colon,0.19166914065159155,COAD,1,background_organ_value
MAOB,kidney,-0.622552230389371,KICH;KIRC;KIRP,3,background_organ_value
MAOB,liver,-0.04290582112225206,LIHC,1,background_organ_value
MAOB,stomach,-0.12360995419554116,STAD,1,background_organ_value
MAOB,esophagus,-1.634216231343333,ESCA,1,background_organ_value
MAOB,lung,-1.2415641841669776,LUAD;LUSC,2,background_organ_value
MAOB,prostate,-1.1035470198172683,PRAD,1,background_organ_value
MAOB,stomach,-1.5620254703372598,STAD,1,background_organ_value
MAOB,kidney,-1.0551641228356248,KIRC;KIRP,2,background_organ_value
MAOB,liver,-1.7555079313081288,LIHC,1,background_organ_value
MAOB,prostate,0.5774157551041172,PRAD,1,background_organ_value
MAOB,thyroid,-0.3955757071594075,THCA,1,background_organ_value
MAOB,stomach,-0.05375361338233486,STAD,1,background_organ_value
MAOB,breast,-0.16840130159203015,BRCA,1,background_organ_value
MAOB,lung,-0.05414348398042423,LUAD;LUSC,2,background_organ_value
MAOB,stomach,-0.10462843975236352,STAD,1,background_organ_value
MAOB,breast,0.6566504721667794,BRCA,1,background_organ_value
MAOB,colon,1.0918877238354496,COAD,1,background_organ_value
MAOB,esophagus,0.5547614570951549,ESCA,1,background_organ_value
MAOB,kidney,-0.05724391519728512,KICH;KIRC;KIRP,3,background_organ_value
MAOB,lung,0.7647049381189195,LUAD;LUSC,2,background_organ_value
MAOB,prostate,0.3903819665241655,PRAD,1,background_organ_value
MAOB,stomach,0.7043457138873656,STAD,1,background_organ_value
MAOB,breast,0.6949855338015325,BRCA,1,background_organ_value
MAOB,colon,1.1061143987725752,COAD,1,background_organ_value
MAOB,esophagus,0.7711601105779224,ESCA,1,background_organ_value
MAOB,kidney,-0.00376246789846981,KICH;KIRC;KIRP,3,background_organ_value
MAOB,lung,0.8857825836503646,LUAD;LUSC,2,background_organ_value
MAOB,prostate,0.37068833172852406,PRAD,1,background_organ_value
MAOB,breast,0.3394516971750204,BRCA,1,background_organ_value
MAOB,colon,0.7297142104548878,COAD,1,background_organ_value
MAOB,esophagus,-0.06922141334144397,ESCA,1,background_organ_value
MAOB,liver,-0.9148558064015246,LIHC,1,background_organ_value
MAOB,lung,-0.0492335462076571,LUAD;LUSC,2,background_organ_value
MAOB,prostate,0.4111406095920242,PRAD,1,background_organ_value
MAOB,thyroid,-0.4426135020064544,THCA,1,background_organ_value
MAOB,breast,-0.0464462287702321,BRCA,1,background_organ_value
MAOB,esophagus,-0.6143065979756451,ESCA,1,background_organ_value
MAOB,colon,-0.5940365304863167,COAD,1,background_organ_value
MAOB,lung,-0.8345149420836978,LUAD,1,background_organ_value
MAOB,colon,-1.3821508344180422,COAD,1,background_organ_value
MAOB,esophagus,-1.1327956759234594,ESCA,1,background_organ_value
MAOB,kidney,-0.3183367988490581,KICH;KIRC;KIRP,3,background_organ_value
MAOB,lung,-1.6046389254212539,LUAD;LUSC,2,background_organ_value
MAOB,prostate,-0.8469558943561012,PRAD,1,background_organ_value
MAOB,stomach,-1.2984612619729643,STAD,1,background_organ_value
MAOB,breast,0.28692373515074027,BRCA,1,background_organ_value
MAOB,kidney,1.1035399989724208,KICH;KIRC;KIRP,3,background_organ_value
MAOB,liver,0.2660041681932192,LIHC,1,background_organ_value
MAOB,prostate,0.2359205926837139,PRAD,1,background_organ_value
MAOB,liver,-1.375074207749769,LIHC,1,background_organ_value
MAOB,colon,0.16511069656715352,COAD,1,background_organ_value
MAOB,lung,-1.0399016758936646,LUAD;LUSC,2,background_organ_value
MAOB,liver,0.01638503385256753,LIHC,1,background_organ_value
MAOB,esophagus,-0.09547426118713422,ESCA,1,background_organ_value
MAOB,thyroid,-0.0845919436491154,THCA,1,background_organ_value
MAOB,breast,0.4236139858696649,BRCA,1,background_organ_value
MAOB,colon,1.5309853088513472,COAD,1,background_organ_value
MAOB,esophagus,1.8715935280915843,ESCA,1,background_organ_value
MAOB,lung,1.522968247081989,LUAD;LUSC,2,background_organ_value
MAOB,prostate,0.18380914675955068,PRAD,1,background_organ_value
MAOB,stomach,1.2301798444168957,STAD,1,background_organ_value
MAOB,kidney,1.0979145153580545,KICH,1,background_organ_value
MAOB,liver,0.2612703092329194,LIHC,1,background_organ_value
MAOB,lung,0.1318359766026124,LUAD;LUSC,2,background_organ_value
MAOB,stomach,-0.5030500049510586,STAD,1,background_organ_value
MAOB,liver,0.24818557312936423,LIHC,1,background_organ_value
MAOB,breast,-0.6433463601355655,BRCA,1,background_organ_value
MAOB,kidney,-0.19059396948071633,KICH;KIRC;KIRP,3,background_organ_value
MAOB,lung,0.28916943221935953,LUAD;LUSC,2,background_organ_value
MAOB,prostate,-0.19622698896144392,PRAD,1,background_organ_value
MAOB,stomach,0.2788841880093626,STAD,1,background_organ_value
MAOB,stomach,-1.150223050352738,STAD,1,background_organ_value
MAOB,esophagus,-0.01041465160011086,ESCA,1,background_organ_value
MAOB,colon,-1.16401224678703,COAD,1,background_organ_value
MAOB,esophagus,-1.4414910254117903,ESCA,1,background_organ_value
MAOB,prostate,-1.1704583208729522,PRAD,1,background_organ_value
MAOB,stomach,-1.1425056359431225,STAD,1,background_organ_value
MAOB,thyroid,1.8159717456717055,THCA,1,background_organ_value
MAOB,liver,0.35628112190875566,LIHC,1,background_organ_value
MAOB,colon,-0.19073319119167212,COAD,1,background_organ_value
MAOB,liver,-0.4441557084403616,LIHC,1,background_organ_value
MAOB,lung,0.23679593304583335,LUAD;LUSC,2,background_organ_value
MAOB,liver,-1.5522910339073597,LIHC,1,background_organ_value
MAOB,breast,-0.25006078102034845,BRCA,1,background_organ_value
MAOB,colon,-0.04808674086938656,COAD,1,background_organ_value
MAOB,kidney,0.12827390696812435,KICH;KIRC;KIRP,3,background_organ_value
MAOB,lung,-0.3949370501541819,LUAD;LUSC,2,background_organ_value
MAOB,prostate,-0.1249997010214088,PRAD,1,background_organ_value
MAOB,stomach,-0.1746014863649569,STAD,1,background_organ_value
MAOB,esophagus,0.21931757298742224,ESCA,1,background_organ_value
MAOB,stomach,-0.12761284499293254,STAD,1,background_organ_value
MAOB,breast,0.3086059387798931,BRCA,1,background_organ_value
MAOB,colon,0.3349393881283458,COAD,1,background_organ_value
MAOB,kidney,0.5866502852812099,KICH;KIRC,2,background_organ_value
MAOB,lung,0.4391907467850735,LUAD;LUSC,2,background_organ_value
MAOB,stomach,0.5660810532195794,STAD,1,background_organ_value
MAOB,breast,-0.9370073763639548,BRCA,1,background_organ_value
MAOB,colon,-0.6787492421851995,COAD,1,background_organ_value
MAOB,kidney,-0.7126352933127248,KICH;KIRC;KIRP,3,background_organ_value
MAOB,lung,-1.0425400190323173,LUAD;LUSC,2,background_organ_value
MAOB,stomach,-0.7180953684464246,STAD,1,background_organ_value
MAOB,colon,-0.09192097184567528,COAD,1,background_organ_value
MAOB,kidney,0.0804390616640484,KICH;KIRC;KIRP,3,background_organ_value
MAOB,lung,0.13071067798138847,LUAD;LUSC,2,background_organ_value
MAOB,prostate,0.2955390556738193,PRAD,1,background_organ_value
MAOB,stomach,0.13526177113133112,STAD,1,background_organ_value
MAOB,thyroid,-0.8573583578418144,THCA,1,background_organ_value
MAOB,colon,-0.46389153701847674,COAD,1,background_organ_value
MAOB,lung,-0.9598763520778781,LUAD;LUSC,2,background_organ_value
MAOB,stomach,-0.05291341495407934,STAD,1,background_organ_value
MAOB,esophagus,-1.520594970190943,ESCA,1,background_organ_value
MAOB,breast,0.20599923652861535,BRCA,1,background_organ_value
MAOB,colon,-0.04883238473541451,COAD,1,background_organ_value
MAOB,esophagus,0.25862805629831825,ESCA,1,background_organ_value
MAOB,kidney,0.33669534531741,KICH;KIRC;KIRP,3,background_organ_value
MAOB,lung,0.28657929537780263,LUAD;LUSC,2,background_organ_value
MAOB,prostate,0.06269442280529332,PRAD,1,background_organ_value
MAOB,breast,0.8806170606189259,BRCA,1,background_organ_value
MAOB,kidney,0.6697236858725667,KICH;KIRC;KIRP,3,background_organ_value
MAOB,liver,0.17783765790470688,LIHC,1,background_organ_value
MAOB,breast,-0.01371788046575313,BRCA,1,background_organ_value
MAOB,kidney,-0.42644114226481633,KICH;KIRC;KIRP,3,background_organ_value
MAOB,prostate,-0.18229824957513868,PRAD,1,background_organ_value
MAOB,stomach,0.1017480503820508,STAD,1,background_organ_value
MAOB,colon,-1.7564361917494202,COAD,1,background_organ_value
MAOB,esophagus,-1.0540590825891634,ESCA,1,background_organ_value
MAOB,kidney,-0.7549665314323154,KICH;KIRC;KIRP,3,background_organ_value
MAOB,lung,-0.8335768283356966,LUAD;LUSC,2,background_organ_value
MAOB,prostate,-0.6740622415203743,PRAD,1,background_organ_value
MAOB,stomach,-1.3916503891234169,STAD,1,background_organ_value
MAOB,esophagus,-1.0245958445966494,ESCA,1,background_organ_value
MAOB,esophagus,0.4302146018637689,ESCA,1,background_organ_value
MAOB,liver,0.4189694902590984,LIHC,1,background_organ_value
MAOB,lung,0.6494665800349689,LUAD;LUSC,2,background_organ_value
MAOB,liver,-0.4018665515589805,LIHC,1,background_organ_value
MAOB,lung,-0.7401166636149119,LUAD;LUSC,2,background_organ_value
MAOB,breast,0.4010590041076362,BRCA,1,background_organ_value
MAOB,colon,-0.07142326707189368,COAD,1,background_organ_value
MAOB,kidney,0.16566320686169475,KICH;KIRC;KIRP,3,background_organ_value
MAOB,lung,0.3191505983620744,LUAD;LUSC,2,background_organ_value
MAOB,prostate,0.35666815493810244,PRAD,1,background_organ_value
MAOB,kidney,-0.3943572946223312,KICH;KIRC;KIRP,3,background_organ_value
MAOB,stomach,0.13454706778433517,STAD,1,background_organ_value
MAOB,breast,-1.4489111109084565,BRCA,1,background_organ_value
MAOB,kidney,-1.2934451927391748,KICH;KIRC;KIRP,3,background_organ_value
MAOB,breast,-0.6199370306287726,BRCA,1,background_organ_value
MAOB,colon,-0.08231072992161197,COAD,1,background_organ_value
MAOB,stomach,0.1775169487552624,STAD,1,background_organ_value
MAOB,colon,1.3798601837610227,COAD,1,background_organ_value
MAOB,lung,0.08578408049015923,LUAD;LUSC,2,background_organ_value
MAOB,breast,-1.005406879694914,BRCA,1,background_organ_value
MAOB,esophagus,0.14385580040999063,ESCA,1,background_organ_value
MAOB,liver,-1.7366361789982956,LIHC,1,background_organ_value
MAOB,lung,-0.9775535977027576,LUAD;LUSC,2,background_organ_value
MAOB,stomach,0.34323442899281265,STAD,1,background_organ_value
MAOB,colon,0.5317692765101939,COAD,1,background_organ_value
MAOB,esophagus,0.435963266623061,ESCA,1,background_organ_value
MAOB,lung,0.8259044266415851,LUAD,1,background_organ_value
MAOB,stomach,0.35702011823162244,STAD,1,background_organ_value
MAOB,colon,-0.3646304053525848,COAD,1,background_organ_value
MAOB,liver,-0.10062304420333748,LIHC,1,background_organ_value
MAOB,liver,-0.8700720671429883,LIHC,1,background_organ_value
MAOB,kidney,-0.4488360766756265,KIRC;KIRP,2,background_organ_value
MAOB,colon,-0.2286590265615222,COAD,1,background_organ_value
MAOB,lung,-0.06744966090222018,LUAD;LUSC,2,background_organ_value
MAOB,stomach,0.03436527828611216,STAD,1,background_organ_value
MAOB,liver,0.09286446834324331,LIHC,1,background_organ_value
MAOB,liver,-0.14753649140191458,LIHC,1,background_organ_value
MAOB,colon,0.07958800855652284,COAD,1,background_organ_value
MAOB,esophagus,0.15762351039133343,ESCA,1,background_organ_value
MAOB,colon,0.35019933337654674,COAD,1,background_organ_value
MAOB,stomach,-1.0168553124127555,STAD,1,background_organ_value
MAOB,thyroid,0.9548249697687884,THCA,1,background_organ_value
MAOB,prostate,-0.6821872419391066,PRAD,1,background_organ_value
MAOB,stomach,-0.343335772781916,STAD,1,background_organ_value
MAOB,stomach,-1.9399200610972132,STAD,1,background_organ_value
MAOB,thyroid,0.25952566012414957,THCA,1,background_organ_value
MAOB,colon,0.655400790051415,COAD,1,background_organ_value
MAOB,liver,-0.25328977021438165,LIHC,1,background_organ_value
MAOB,colon,0.0882543403757935,COAD,1,background_organ_value
MAOB,lung,0.3172781626422627,LUAD;LUSC,2,background_organ_value
MAOB,prostate,-0.12974291631715326,PRAD,1,background_organ_value
MAOB,stomach,0.1927628276329004,STAD,1,background_organ_value
MAOB,esophagus,-0.4883318781235353,ESCA,1,background_organ_value
MAOB,colon,0.8891735222349123,COAD,1,background_organ_value
MAOB,esophagus,0.20480587370055203,ESCA,1,background_organ_value
MAOB,breast,-0.14199705057588646,BRCA,1,background_organ_value
MAOB,colon,0.20384319658792485,COAD,1,background_organ_value
MAOB,esophagus,-0.04826547935471056,ESCA,1,background_organ_value
MAOB,liver,-1.2197219926869611,LIHC,1,background_organ_value
MAOB,breast,-0.08271851331251451,BRCA,1,background_organ_value
MAOB,colon,0.24616826959125,COAD,1,background_organ_value
MAOB,esophagus,-0.844452424170764,ESCA,1,background_organ_value
MAOB,kidney,0.01559755014705306,KICH;KIRC;KIRP,3,background_organ_value
MAOB,lung,-0.35779441342592944,LUAD;LUSC,2,background_organ_value
MAOB,prostate,-0.23914217302368312,PRAD,1,background_organ_value
MAOB,esophagus,0.35372753650829736,ESCA,1,background_organ_value
MAOB,liver,0.24794728554865683,LIHC,1,background_organ_value
MAOB,liver,0.00306556122488499,LIHC,1,background_organ_value
MAOB,esophagus,-0.3671443586391802,ESCA,1,background_organ_value
MAOB,liver,-0.2727548761560079,LIHC,1,background_organ_value
MAOB,prostate,0.1841324902971558,PRAD,1,background_organ_value
MAOB,liver,0.01007065146800826,LIHC,1,background_organ_value
MAOB,breast,0.38173325975905575,BRCA,1,background_organ_value
MAOB,kidney,-0.17624521574779706,KICH;KIRC;KIRP,3,background_organ_value
MAOB,liver,0.40649191679731334,LIHC,1,background_organ_value
MAOB,lung,0.5743129727372419,LUSC,1,background_organ_value
MAOB,prostate,0.02481468415741818,PRAD,1,background_organ_value
MAOB,liver,0.5246835193862606,LIHC,1,background_organ_value
MAOB,kidney,-0.31589612363461217,KIRP,1,background_organ_value
MAOB,breast,-0.43128458760879546,BRCA,1,background_organ_value
MAOB,colon,0.0065334498888206,COAD,1,background_organ_value
MAOB,esophagus,-0.847424633014459,ESCA,1,background_organ_value
MAOB,kidney,-0.17494274290260176,KICH;KIRC;KIRP,3,background_organ_value
MAOB,lung,-0.5093282031061261,LUSC,1,background_organ_value
MAOB,stomach,-0.2367052542267618,STAD,1,background_organ_value
MAOB,colon,-1.4874593757048369,COAD,1,background_organ_value
MAOB,esophagus,-1.146430184727084,ESCA,1,background_organ_value
MAOB,lung,-0.7281166474284477,LUAD;LUSC,2,background_organ_value
MAOB,prostate,-1.598804896118344,PRAD,1,background_organ_value
MAOB,stomach,-1.4223543536357774,STAD,1,background_organ_value
MAOB,stomach,-0.11868181383644363,STAD,1,background_organ_value
MAOB,kidney,0.47899879497221165,KIRC;KIRP,2,background_organ_value
MAOB,liver,-0.6141852314511466,LIHC,1,background_organ_value
MAOB,stomach,-0.0778034469778066,STAD,1,background_organ_value
MAOB,esophagus,1.0154052744694568,ESCA,1,background_organ_value
MAOB,lung,0.8160585055140837,LUAD;LUSC,2,background_organ_value
MAOB,stomach,0.4560938727185552,STAD,1,background_organ_value
MAOB,colon,-0.36618839686906823,COAD,1,background_organ_value
MAOB,stomach,-0.46344239407578025,STAD,1,background_organ_value
MAOB,liver,-1.713646117656278,LIHC,1,background_organ_value
MAOB,breast,-3.3292303189911943,BRCA,1,background_organ_value
MAOB,colon,-3.479979862206389,COAD,1,background_organ_value
MAOB,esophagus,-3.195495895895388,ESCA,1,background_organ_value
MAOB,kidney,-3.024925533567968,KICH;KIRC;KIRP,3,background_organ_value
MAOB,prostate,-1.506234255405861,PRAD,1,background_organ_value
MAOB,stomach,-2.1016824671234566,STAD,1,background_organ_value
MAOB,breast,0.01770150513914462,BRCA,1,background_organ_value
MAOB,colon,-0.4726998053013758,COAD,1,background_organ_value
MAOB,lung,-0.13542739465803577,LUAD;LUSC,2,background_organ_value
MAOB,prostate,-0.2621569322302353,PRAD,1,background_organ_value
MAOB,stomach,-0.06487551232357294,STAD,1,background_organ_value
MAOB,breast,0.7571857979751103,BRCA,1,background_organ_value
MAOB,kidney,-0.24103655436235463,KICH;KIRC;KIRP,3,background_organ_value
MAOB,liver,-0.0704973398339129,LIHC,1,background_organ_value
MAOB,prostate,0.20812135242155336,PRAD,1,background_organ_value
MAOB,breast,0.9744199222408976,BRCA,1,background_organ_value
MAOB,esophagus,0.6847325623253521,ESCA,1,background_organ_value
MAOB,kidney,0.2881582593228553,KICH;KIRC;KIRP,3,background_organ_value
MAOB,lung,0.9455513505267256,LUAD;LUSC,2,background_organ_value
MAOB,prostate,0.17851775006573117,PRAD,1,background_organ_value
MAOB,colon,0.3105106040442092,COAD,1,background_organ_value
MAOB,esophagus,0.4355067122358038,ESCA,1,background_organ_value
MAOB,lung,-0.8172074797467777,LUSC,1,background_organ_value
MAOB,stomach,0.03667004741855045,STAD,1,background_organ_value
MAOB,colon,-0.06881200290047532,COAD,1,background_organ_value
MAOB,stomach,-2.124656222789017,STAD,1,background_organ_value
MAOB,colon,-0.06464962103409647,COAD,1,background_organ_value
MAOB,esophagus,1.0752497219959334,ESCA,1,background_organ_value
MAOB,lung,0.3494567214973887,LUAD;LUSC,2,background_organ_value
MAOB,stomach,1.1997061484558351,STAD,1,background_organ_value
MAOB,breast,0.4957666944933735,BRCA,1,background_organ_value
MAOB,colon,0.6088769413808371,COAD,1,background_organ_value
MAOB,kidney,0.8712332721106847,KICH;KIRC;KIRP,3,background_organ_value
MAOB,lung,0.6382183162781326,LUAD;LUSC,2,background_organ_value
MAOB,prostate,0.3107984781058812,PRAD,1,background_organ_value
MAOB,thyroid,2.1321937066510297,THCA,1,background_organ_value
MAOB,kidney,-0.49858124124847697,KICH;KIRC;KIRP,3,background_organ_value
MAOB,esophagus,0.10287952599170894,ESCA,1,background_organ_value
MAOB,lung,0.588392532883357,LUAD;LUSC,2,background_organ_value
MAOB,stomach,-0.1812379945371924,STAD,1,background_organ_value
MAOB,liver,-0.7399141614503257,LIHC,1,background_organ_value
MAOB,breast,-0.3209607730752562,BRCA,1,background_organ_value
MAOB,kidney,-0.22411329471798172,KICH;KIRC;KIRP,3,background_organ_value
MAOB,prostate,-0.7699442917625181,PRAD,1,background_organ_value
MAOB,stomach,-0.9722481669570746,STAD,1,background_organ_value
MAOB,breast,0.2215075013074457,BRCA,1,background_organ_value
MAOB,esophagus,0.14467679979109913,ESCA,1,background_organ_value
MAOB,lung,0.794718326734748,LUAD;LUSC,2,background_organ_value
MAOB,stomach,-0.00363781215729129,STAD,1,background_organ_value
MAOB,colon,0.1137972919773756,COAD,1,background_organ_value
MAOB,kidney,-0.5490581224701793,KICH;KIRC;KIRP,3,background_organ_value
MAOB,lung,0.07240700361522832,LUAD;LUSC,2,background_organ_value
MAOB,breast,0.11398478767037654,BRCA,1,background_organ_value
MAOB,kidney,-0.5557632393473642,KICH;KIRC;KIRP,3,background_organ_value
MAOB,esophagus,0.0575692493814505,ESCA,1,background_organ_value
MAOB,lung,0.5132930785082384,LUAD;LUSC,2,background_organ_value
MAOB,breast,0.01584239622392413,BRCA,1,background_organ_value
MAOB,colon,0.11864295160285428,COAD,1,background_organ_value
MAOB,esophagus,0.0437519884263857,ESCA,1,background_organ_value
MAOB,kidney,-0.29506249913406374,KICH;KIRC;KIRP,3,background_organ_value
MAOB,lung,0.4568539452762058,LUAD;LUSC,2,background_organ_value
MAOB,prostate,-0.04687301355180189,PRAD,1,background_organ_value
MAOB,stomach,-0.05609434469429369,STAD,1,background_organ_value
MAOB,esophagus,-0.6055154388381789,ESCA,1,background_organ_value
MAOB,liver,-1.3853520377986337,LIHC,1,background_organ_value
MAOB,breast,0.11583464905485942,BRCA,1,background_organ_value
MAOB,esophagus,0.03156313046338138,ESCA,1,background_organ_value
MAOB,kidney,-0.6806410366439812,KICH;KIRC;KIRP,3,background_organ_value
MAOB,liver,-0.16512272908586675,LIHC,1,background_organ_value
MAOB,lung,0.46482664018076914,LUAD;LUSC,2,background_organ_value
MAOB,lung,0.1771081127686282,LUAD;LUSC,2,background_organ_value
MAOB,stomach,0.14139015895002643,STAD,1,background_organ_value
MAOB,colon,0.5937951399828271,COAD,1,background_organ_value
MAOB,esophagus,-0.27661484486755183,ESCA,1,background_organ_value
MAOB,lung,-0.01530340030470699,LUAD;LUSC,2,background_organ_value
MAOB,kidney,-2.0678663712815313,KICH;KIRC;KIRP,3,background_organ_value
MAOB,stomach,-0.5551265338208605,STAD,1,background_organ_value
MAOB,esophagus,-0.2698953793423918,ESCA,1,background_organ_value
MAOB,breast,0.6659899973358921,BRCA,1,background_organ_value
MAOB,colon,0.27914159089742696,COAD,1,background_organ_value
MAOB,kidney,0.7001559599016178,KICH,1,background_organ_value
MAOB,lung,0.4205791395232684,LUAD;LUSC,2,background_organ_value
MAOB,prostate,-0.0742749819360734,PRAD,1,background_organ_value
MAOB,stomach,0.507722305280635,STAD,1,background_organ_value
MAOB,liver,0.4297795405699243,LIHC,1,background_organ_value
MAOB,colon,0.6365759499639952,COAD,1,background_organ_value
MAOB,esophagus,0.2579952328205484,ESCA,1,background_organ_value
MAOB,esophagus,-0.6393302251656533,ESCA,1,background_organ_value
MAOB,colon,0.4291526042752776,COAD,1,background_organ_value
MAOB,esophagus,0.7347481833032745,ESCA,1,background_organ_value
MAOB,liver,0.4298443199313337,LIHC,1,background_organ_value
MAOB,colon,0.24117544129115495,COAD,1,background_organ_value
MAOB,stomach,-0.05798522515596344,STAD,1,background_organ_value
MAOB,breast,-0.6348060249213501,BRCA,1,background_organ_value
MAOB,colon,-0.45744540855420823,COAD,1,background_organ_value
MAOB,esophagus,-0.6313560115207101,ESCA,1,background_organ_value
MAOB,kidney,-0.02554416356150447,KICH;KIRC;KIRP,3,background_organ_value
MAOB,liver,-0.10525572369923276,LIHC,1,background_organ_value
MAOB,lung,-0.8363707637015492,LUAD;LUSC,2,background_organ_value
MAOB,prostate,-0.6266973638144793,PRAD,1,background_organ_value
MAOB,stomach,-0.7106609494381053,STAD,1,background_organ_value
MAOB,stomach,-0.31697235974197,STAD,1,background_organ_value
MAOB,kidney,0.30601170405533323,KIRC;KIRP,2,background_organ_value
MAOB,stomach,-0.5357154712024361,STAD,1,background_organ_value
MAOB,liver,-0.15166578774601736,LIHC,1,background_organ_value
MAOB,colon,0.5583009618810358,COAD,1,background_organ_value
MAOB,esophagus,0.07497952012765965,ESCA,1,background_organ_value
MAOB,lung,-0.0107105519669521,LUAD,1,background_organ_value
MAOB,breast,0.3146514091092241,BRCA,1,background_organ_value
MAOB,esophagus,0.3307083750845244,ESCA,1,background_organ_value
MAOB,stomach,0.27839201395273033,STAD,1,background_organ_value
MAOB,colon,0.5117081463126523,COAD,1,background_organ_value
MAOB,kidney,-0.4885507295680097,KICH;KIRC;KIRP,3,background_organ_value
MAOB,liver,-1.520015652349063,LIHC,1,background_organ_value
MAOB,prostate,-0.08485467685392087,PRAD,1,background_organ_value
MAOB,liver,1.0598390054374756,LIHC,1,background_organ_value
MAOB,liver,-5.694872256297226,LIHC,1,background_organ_value
MAOB,prostate,-0.2769066726648076,PRAD,1,background_organ_value
MAOB,lung,-0.05836169142322695,LUAD,1,background_organ_value
MAOB,esophagus,-0.5040354357359349,ESCA,1,background_organ_value
MAOB,kidney,-0.16322435130053486,KICH;KIRC;KIRP,3,background_organ_value
MAOB,liver,-1.287327790508439,LIHC,1,background_organ_value
MAOB,breast,0.8065168994778449,BRCA,1,background_organ_value
MAOB,kidney,-0.04223010066952742,KICH;KIRC;KIRP,3,background_organ_value
MAOB,liver,-0.2316212237297648,LIHC,1,background_organ_value
MAOB,prostate,0.49221057278914165,PRAD,1,background_organ_value
MAOB,thyroid,-0.031814641654686,THCA,1,background_organ_value
MAOB,colon,1.1993148210953817,COAD,1,background_organ_value
MAOB,esophagus,0.9667039869036792,ESCA,1,background_organ_value
MAOB,kidney,-0.8348309631786307,KICH;KIRC;KIRP,3,background_organ_value
MAOB,prostate,0.45219858581160965,PRAD,1,background_organ_value
MAOB,liver,-0.29670178015753984,LIHC,1,background_organ_value
MAOB,breast,-0.8585046627957881,BRCA,1,background_organ_value
MAOB,kidney,-0.1737249153727485,KIRC;KIRP,2,background_organ_value
MAOB,colon,-0.1568563625754966,COAD,1,background_organ_value
MAOB,esophagus,-0.16644849749562685,ESCA,1,background_organ_value
MAOB,prostate,-0.3869780603498068,PRAD,1,background_organ_value
MAOB,stomach,-0.5157612769732428,STAD,1,background_organ_value
MAOB,thyroid,0.6813915335314337,THCA,1,background_organ_value
MAOB,breast,0.10216498425384345,BRCA,1,background_organ_value
MAOB,esophagus,-0.2444345167319357,ESCA,1,background_organ_value
MAOB,kidney,-0.5482312553774582,KICH;KIRC;KIRP,3,background_organ_value
MAOB,lung,0.07462619389021072,LUSC,1,background_organ_value
MAOB,breast,0.6987489706394433,BRCA,1,background_organ_value
MAOB,colon,0.7630887005397523,COAD,1,background_organ_value
MAOB,liver,0.4201754322937939,LIHC,1,background_organ_value
MAOB,prostate,0.705157556430149,PRAD,1,background_organ_value
MAOB,breast,-0.01237026337357479,BRCA,1,background_organ_value
MAOB,kidney,0.4829542651571874,KICH;KIRC;KIRP,3,background_organ_value
MAOB,liver,0.3118255448199884,LIHC,1,background_organ_value
MAOB,lung,0.844716222007689,LUAD;LUSC,2,background_organ_value
MAOB,prostate,0.4337373804416303,PRAD,1,background_organ_value
MAOB,stomach,0.44191177292740846,STAD,1,background_organ_value
MAOB,colon,0.12403389573349576,COAD,1,background_organ_value
MAOB,stomach,0.242358642281031,STAD,1,background_organ_value
MAOB,colon,-0.03685564084963598,COAD,1,background_organ_value
MAOB,esophagus,-0.0696875117223746,ESCA,1,background_organ_value
MAOB,lung,0.08622409483643445,LUAD;LUSC,2,background_organ_value
MAOB,stomach,-0.5482024830571137,STAD,1,background_organ_value
MAOB,liver,-0.2830608483376681,LIHC,1,background_organ_value
MAOB,kidney,0.4917816179377542,KICH;KIRC;KIRP,3,background_organ_value
MAOB,lung,-0.2555583893997678,LUAD;LUSC,2,background_organ_value
MAOB,prostate,0.2487410678630231,PRAD,1,background_organ_value
MAOB,breast,-2.305497428094806,BRCA,1,background_organ_value
MAOB,liver,-1.3898883856711075,LIHC,1,background_organ_value
MAOB,lung,-2.3640579076514876,LUAD;LUSC,2,background_organ_value
MAOB,prostate,-1.3743912049350917,PRAD,1,background_organ_value
MAOB,stomach,-2.0548460872488907,STAD,1,background_organ_value
MAOB,esophagus,-0.6020518258154773,ESCA,1,background_organ_value
MAOB,kidney,0.5748912040238608,KICH;KIRC;KIRP,3,background_organ_value
MAOB,colon,-0.2922087007460901,COAD,1,background_organ_value
MAOB,liver,-0.5772838530060452,LIHC,1,background_organ_value
MAOB,kidney,-2.494988754667552,KIRP,1,background_organ_value
MAOB,liver,-3.561621570584242,LIHC,1,background_organ_value
MAOB,liver,-0.9495362031008576,LIHC,1,background_organ_value
MAOB,liver,-0.23735720763361376,LIHC,1,background_organ_value
MAOB,liver,-0.7440130102645601,LIHC,1,background_organ_value
MAOB,liver,-1.1900381713185286,LIHC,1,background_organ_value
MAOB,liver,-2.0312777675514653,LIHC,1,background_organ_value
MAOB,stomach,0.40721174760819145,STAD,1,background_organ_value
MAOB,breast,0.3179818726367356,BRCA,1,background_organ_value
MAOB,colon,0.874696523376489,COAD,1,background_organ_value
MAOB,esophagus,0.605930582818266,ESCA,1,background_organ_value
MAOB,kidney,0.48834209365409975,KICH;KIRC;KIRP,3,background_organ_value
MAOB,lung,0.7426381305194115,LUAD;LUSC,2,background_organ_value
MAOB,prostate,0.3429771414088409,PRAD,1,background_organ_value
MAOB,thyroid,1.0969540738896093,THCA,1,background_organ_value
MAOB,kidney,-1.1753622688908885,KICH;KIRC;KIRP,3,background_organ_value
MAOB,stomach,-0.01625398129016376,STAD,1,background_organ_value
MAOB,thyroid,0.5766531300218894,THCA,1,background_organ_value
MAOB,breast,1.0758363258039765,BRCA,1,background_organ_value
MAOB,kidney,0.30455127011351524,KICH;KIRC;KIRP,3,background_organ_value
MAOB,liver,-0.8049842602596463,LIHC,1,background_organ_value
MAOB,lung,0.6264651112097537,LUAD;LUSC,2,background_organ_value
MAOB,prostate,0.3094200251465647,PRAD,1,background_organ_value
MAOB,stomach,0.9249183945556828,STAD,1,background_organ_value
MAOB,thyroid,2.730271908112667,THCA,1,background_organ_value
MAOB,liver,-0.11686465434406491,LIHC,1,background_organ_value
MAOB,kidney,0.03390580554504702,KICH;KIRC;KIRP,3,background_organ_value
MAOB,prostate,-0.03139700735093534,PRAD,1,background_organ_value
MAOB,breast,0.15829410334804295,BRCA,1,background_organ_value
MAOB,prostate,0.05646724844760407,PRAD,1,background_organ_value
MAOB,breast,-0.3227900076277793,BRCA,1,background_organ_value
MAOB,prostate,-0.08160802900472003,PRAD,1,background_organ_value
MAOB,colon,0.4845133335884943,COAD,1,background_organ_value
MAOB,esophagus,-0.8080679678670423,ESCA,1,background_organ_value
MAOB,kidney,0.47552482481215186,KICH;KIRC,2,background_organ_value
MAOB,liver,-0.0953525666258596,LIHC,1,background_organ_value
MAOB,stomach,-0.9727290987782172,STAD,1,background_organ_value
MAOB,thyroid,0.9106719184575862,THCA,1,background_organ_value
MAOB,breast,-0.5856776285664693,BRCA,1,background_organ_value
MAOB,colon,0.4875056471729955,COAD,1,background_organ_value
MAOB,esophagus,-0.14232854395880412,ESCA,1,background_organ_value
MAOB,kidney,0.6323626011341261,KICH;KIRC;KIRP,3,background_organ_value
MAOB,prostate,-0.4200650982294465,PRAD,1,background_organ_value
MAOB,stomach,-0.20254054997096088,STAD,1,background_organ_value
MAOB,breast,0.5025775933352811,BRCA,1,background_organ_value
MAOB,colon,-0.09411350091422992,COAD,1,background_organ_value
MAOB,esophagus,0.41852131026888495,ESCA,1,background_organ_value
MAOB,lung,0.12634691483624125,LUAD;LUSC,2,background_organ_value
MAOB,stomach,-0.18830332975030337,STAD,1,background_organ_value
MAOB,liver,-0.16932910979200289,LIHC,1,background_organ_value
MAOB,colon,0.5012989915524583,COAD,1,background_organ_value
MAOB,lung,0.3821018272259249,LUAD,1,background_organ_value
MAOB,lung,-0.5463682375740573,LUAD;LUSC,2,background_organ_value
MAOB,thyroid,-0.33179928599940667,THCA,1,background_organ_value
MAOB,thyroid,0.7320177164785385,THCA,1,background_organ_value
MAOB,colon,-0.8829617107130043,COAD,1,background_organ_value
MAOB,esophagus,-0.9507863425511344,ESCA,1,background_organ_value
MAOB,stomach,-0.38961847748662376,STAD,1,background_organ_value
MAOB,liver,-0.814914121055,LIHC,1,background_organ_value
MAOB,breast,0.03469977523188093,BRCA,1,background_organ_value
MAOB,kidney,1.322872088883475,KICH;KIRC;KIRP,3,background_organ_value
MAOB,liver,-0.06840210515892681,LIHC,1,background_organ_value
MAOB,prostate,0.16536307184249033,PRAD,1,background_organ_value
MAOB,stomach,0.3505392848167074,STAD,1,background_organ_value
MAOB,colon,-0.04463868980955505,COAD,1,background_organ_value
MAOB,lung,0.821895908185852,LUAD;LUSC,2,background_organ_value
MAOB,prostate,0.1674686073049102,PRAD,1,background_organ_value
MAOB,colon,0.25366734360532484,COAD,1,background_organ_value
MAOB,kidney,-0.2879896210919648,KICH;KIRC;KIRP,3,background_organ_value
MAOB,liver,0.08332923086268025,LIHC,1,background_organ_value
MAOB,prostate,0.49987261674729494,PRAD,1,background_organ_value
MAOB,colon,0.3144376368628414,COAD,1,background_organ_value
MAOB,colon,0.8744811585925187,COAD,1,background_organ_value
MAOB,kidney,0.4370088978623777,KICH,1,background_organ_value
MAOB,lung,0.2952025250011226,LUAD;LUSC,2,background_organ_value
MAOB,prostate,-0.2699334377899858,PRAD,1,background_organ_value
MAOB,stomach,0.5913948953161042,STAD,1,background_organ_value
MAOB,liver,-1.806094190587728,LIHC,1,background_organ_value
MAOB,breast,0.5605095773724537,BRCA,1,background_organ_value
MAOB,colon,-0.43984479514841424,COAD,1,background_organ_value
MAOB,esophagus,-0.6184580359645083,ESCA,1,background_organ_value
MAOB,kidney,0.3770475757868485,KICH;KIRC;KIRP,3,background_organ_value
MAOB,liver,0.06571943891144037,LIHC,1,background_organ_value
MAOB,prostate,0.5092552424752862,PRAD,1,background_organ_value
MAOB,stomach,-0.07653772154584644,STAD,1,background_organ_value
MAOB,colon,0.04119539291792833,COAD,1,background_organ_value
MAOB,esophagus,0.08545777485860181,ESCA,1,background_organ_value
MAOB,kidney,0.4179004891611051,KICH;KIRC;KIRP,3,background_organ_value
MAOB,lung,0.9046454546651035,LUAD;LUSC,2,background_organ_value
MAOB,stomach,-0.457494134470356,STAD,1,background_organ_value
MAOB,thyroid,-1.912107626134098,THCA,1,background_organ_value
MAOB,colon,0.8593934277542271,COAD,1,background_organ_value
MAOB,colon,0.9125406896019508,COAD,1,background_organ_value
MAOB,breast,0.06401769496425898,BRCA,1,background_organ_value
MAOB,kidney,0.4653422472531753,KICH;KIRC;KIRP,3,background_organ_value
MAOB,lung,0.569585216061822,LUAD;LUSC,2,background_organ_value
MAOB,prostate,0.22835536004656545,PRAD,1,background_organ_value
MAOB,liver,-1.6082970465715891,LIHC,1,background_organ_value
MAOB,breast,0.26175125363159485,BRCA,1,background_organ_value
MAOB,kidney,-0.21188803782994745,KICH;KIRC;KIRP,3,background_organ_value
MAOB,lung,0.9911445652415982,LUAD;LUSC,2,background_organ_value
MAOB,prostate,0.32940632346700793,PRAD,1,background_organ_value
MAOB,stomach,0.3663689801152134,STAD,1,background_organ_value
MAOB,kidney,-0.21325294777767617,KICH;KIRC;KIRP,3,background_organ_value
MAOB,liver,-0.3793945885725503,LIHC,1,background_organ_value
MAOB,stomach,-0.02298977331599262,STAD,1,background_organ_value
MAOB,colon,-0.2658606608534445,COAD,1,background_organ_value
MAOB,esophagus,-0.25513422099431177,ESCA,1,background_organ_value
MAOB,liver,-0.6688661419734083,LIHC,1,background_organ_value
MAOB,lung,0.7826111896007436,LUAD;LUSC,2,background_organ_value
MAOB,stomach,-0.02014644244544372,STAD,1,background_organ_value
MAOB,prostate,-0.2874366940670085,PRAD,1,background_organ_value
MAOB,stomach,-0.7299612353239288,STAD,1,background_organ_value
MAOB,esophagus,0.691571094394433,ESCA,1,background_organ_value
MAOB,breast,-0.00493951387976483,BRCA,1,background_organ_value
MAOB,colon,0.2515327227857878,COAD,1,background_organ_value
MAOB,lung,0.2489272339453364,LUAD;LUSC,2,background_organ_value
MAOB,colon,0.3635060513034293,COAD,1,background_organ_value
MAOB,esophagus,-0.04097243050434468,ESCA,1,background_organ_value
MAOB,lung,0.1281610612755455,LUAD;LUSC,2,background_organ_value
MAOB,prostate,0.0975141111870351,PRAD,1,background_organ_value
MAOB,stomach,-0.19246030447631948,STAD,1,background_organ_value
MAOB,liver,0.26423271955183897,LIHC,1,background_organ_value
MAOB,liver,0.2157937229567187,LIHC,1,background_organ_value
MAOB,esophagus,0.08593610822521194,ESCA,1,background_organ_value
MAOB,lung,0.015233660200349719,LUAD;LUSC,2,background_organ_value
MAOB,prostate,-0.7960744500982728,PRAD,1,background_organ_value
MAOB,stomach,-0.8420534492256824,STAD,1,background_organ_value
MAOB,colon,0.8719700812180016,COAD,1,background_organ_value
MAOB,breast,-0.4953132371048448,BRCA,1,background_organ_value
MAOB,lung,-0.5953455225122737,LUAD;LUSC,2,background_organ_value
MAOB,stomach,-0.15209576161396643,STAD,1,background_organ_value
MAOB,breast,-1.498763485167753,BRCA,1,background_organ_value
MAOB,kidney,-0.20062814837875947,KICH;KIRC;KIRP,3,background_organ_value
MAOB,prostate,-0.8738889831893061,PRAD,1,background_organ_value
MAOB,stomach,-0.3888452807820797,STAD,1,background_organ_value
MAOB,stomach,0.5002560275653428,STAD,1,background_organ_value
MAOB,kidney,0.01744728916088549,KICH;KIRC;KIRP,3,background_organ_value
MAOB,liver,-0.7009206273897236,LIHC,1,background_organ_value
MAOB,esophagus,0.00513829805631575,ESCA,1,background_organ_value
MAOB,stomach,-0.3224291708685304,STAD,1,background_organ_value
MAOB,kidney,-0.01282851191337537,KICH;KIRC;KIRP,3,background_organ_value
MAOB,liver,0.31962762873085065,LIHC,1,background_organ_value
MAOB,lung,0.7467832492129234,LUAD;LUSC,2,background_organ_value
MAOB,liver,-0.25237233408243803,LIHC,1,background_organ_value
MAOB,breast,-2.8763592742376205,BRCA,1,background_organ_value
MAOB,esophagus,-2.318039980376397,ESCA,1,background_organ_value
MAOB,lung,-2.2730900245822765,LUAD;LUSC,2,background_organ_value
MAOB,prostate,-1.9144160574733633,PRAD,1,background_organ_value
MAOB,stomach,-1.6777541292238212,STAD,1,background_organ_value
MAOB,breast,-0.4737351524689909,BRCA,1,background_organ_value
MAOB,colon,1.369223595577828,COAD,1,background_organ_value
MAOB,esophagus,0.7335723170869642,ESCA,1,background_organ_value
MAOB,liver,-0.5757268290894082,LIHC,1,background_organ_value
MAOB,prostate,-0.6932166947309945,PRAD,1,background_organ_value
MAOB,stomach,0.3929370635563811,STAD,1,background_organ_value
MAOB,colon,0.5440001074794202,COAD,1,background_organ_value
MAOB,esophagus,0.06992320602445125,ESCA,1,background_organ_value
MAOB,kidney,1.3729296584985566,KICH,1,background_organ_value
MAOB,lung,-0.01810632772906155,LUAD,1,background_organ_value
MAOB,prostate,-0.01135158081993163,PRAD,1,background_organ_value
MAOB,stomach,0.00895827854369889,STAD,1,background_organ_value
MAOB,liver,-0.9984341105097287,LIHC,1,background_organ_value
MAOB,thyroid,-1.0763885534655324,THCA,1,background_organ_value
MAOB,esophagus,-2.677340894710201,ESCA,1,background_organ_value
MAOB,kidney,-0.4883872139502004,KICH;KIRC;KIRP,3,background_organ_value
MAOB,liver,-0.06236677811489054,LIHC,1,background_organ_value
MAOB,breast,-0.5600711627291304,BRCA,1,background_organ_value
MAOB,esophagus,-0.2189521116676615,ESCA,1,background_organ_value
MAOB,kidney,-0.1398933813730681,KICH;KIRC;KIRP,3,background_organ_value
MAOB,lung,-0.09176747451810725,LUAD;LUSC,2,background_organ_value
MAOB,prostate,-0.4341041187109472,PRAD,1,background_organ_value
MAOB,colon,0.17127663634373355,COAD,1,background_organ_value
MAOB,lung,-0.7116641062042038,LUAD;LUSC,2,background_organ_value
MAOB,stomach,-1.060581540550974,STAD,1,background_organ_value
MAOB,breast,-0.3691412849944758,BRCA,1,background_organ_value
MAOB,esophagus,-0.7033484955749281,ESCA,1,background_organ_value
MAOB,kidney,-0.1282689377340391,KICH;KIRC;KIRP,3,background_organ_value
MAOB,lung,-0.5454222070323854,LUAD;LUSC,2,background_organ_value
MAOB,prostate,0.2863952531231184,PRAD,1,background_organ_value
MAOB,stomach,-0.6134711804866783,STAD,1,background_organ_value
MAOB,breast,1.0196966763535107,BRCA,1,background_organ_value
MAOB,kidney,0.18897418638242425,KICH;KIRC;KIRP,3,background_organ_value
MAOB,liver,0.3112715840169359,LIHC,1,background_organ_value
MAOB,prostate,0.1809557647645174,PRAD,1,background_organ_value
MAOB,breast,-0.6323324644656083,BRCA,1,background_organ_value
MAOB,esophagus,-0.4028754471860413,ESCA,1,background_organ_value
MAOB,kidney,-0.3285338929422983,KICH;KIRC;KIRP,3,background_organ_value
MAOB,stomach,-0.4867184399615737,STAD,1,background_organ_value
MAOB,liver,0.2834937879044792,LIHC,1,background_organ_value
MAOB,colon,0.8811943858637203,COAD,1,background_organ_value
MAOB,esophagus,0.10897634985636556,ESCA,1,background_organ_value
MAOB,kidney,0.28094358432671407,KICH;KIRC;KIRP,3,background_organ_value
MAOB,liver,-1.0332784272471105,LIHC,1,background_organ_value
MAOB,lung,-0.24064269041013878,LUAD;LUSC,2,background_organ_value
MAOB,prostate,-0.11423641576457344,PRAD,1,background_organ_value
MAOB,colon,0.0185057520093304,COAD,1,background_organ_value
MAOB,esophagus,0.06426892698097689,ESCA,1,background_organ_value
MAOB,stomach,-0.05401459948900546,STAD,1,background_organ_value
MAOB,liver,-0.2093943298643104,LIHC,1,background_organ_value
MAOB,lung,0.5159955320778349,LUAD;LUSC,2,background_organ_value
MAOB,stomach,0.4283386652424163,STAD,1,background_organ_value
MAOB,liver,-0.9633928020845364,LIHC,1,background_organ_value
MAOB,lung,0.4115032141205017,LUAD;LUSC,2,background_organ_value
MAOB,breast,0.410479406340376,BRCA,1,background_organ_value
MAOB,kidney,0.4809961268474926,KICH;KIRC;KIRP,3,background_organ_value
MAOB,prostate,0.6323944462262397,PRAD,1,background_organ_value
MAOB,prostate,0.6798788633356073,PRAD,1,background_organ_value
MAOB,stomach,0.2817109617757224,STAD,1,background_organ_value
MAOB,esophagus,-0.01712033748321097,ESCA,1,background_organ_value
MAOB,liver,0.2082179344052672,LIHC,1,background_organ_value
MAOB,lung,0.23105611315017305,LUAD;LUSC,2,background_organ_value
MAOB,liver,-0.46799905284913496,LIHC,1,background_organ_value
MAOB,stomach,-2.1669039103436267,STAD,1,background_organ_value
MAOB,thyroid,-0.7093134457985419,THCA,1,background_organ_value
MAOB,esophagus,-0.866824017733976,ESCA,1,background_organ_value
MAOB,liver,-1.0442521378701315,LIHC,1,background_organ_value
MAOB,liver,-0.9518605477565012,LIHC,1,background_organ_value
MAOB,colon,0.6047559440672313,COAD,1,background_organ_value
MAOB,prostate,-2.1652994572127815,PRAD,1,background_organ_value
MAOB,colon,-0.6840975706649212,COAD,1,background_organ_value
MAOB,esophagus,-0.5993645218968188,ESCA,1,background_organ_value
MAOB,kidney,-0.9380019401116798,KICH;KIRC;KIRP,3,background_organ_value
MAOB,stomach,-0.04315448620027339,STAD,1,background_organ_value
MAOB,breast,-0.2758843437793654,BRCA,1,background_organ_value
MAOB,colon,-0.4150345509929034,COAD,1,background_organ_value
MAOB,esophagus,-0.5099221566532938,ESCA,1,background_organ_value
MAOB,liver,-1.9145911113740417,LIHC,1,background_organ_value
MAOB,lung,0.2877622130367896,LUAD;LUSC,2,background_organ_value
MAOB,prostate,-0.4152063044542796,PRAD,1,background_organ_value
MAOB,stomach,-0.3262343426559504,STAD,1,background_organ_value
MAOB,breast,0.0585907685896325,BRCA,1,background_organ_value
MAOB,kidney,0.37145520427872974,KICH;KIRC;KIRP,3,background_organ_value
MAOB,liver,0.27304226671919934,LIHC,1,background_organ_value
MAOB,prostate,0.2777153272885128,PRAD,1,background_organ_value
MAOB,liver,-2.027370366816433,LIHC,1,background_organ_value
MAOB,breast,0.2590443316551298,BRCA,1,background_organ_value
MAOB,esophagus,0.0953918330373086,ESCA,1,background_organ_value
MAOB,kidney,0.00773966350736497,KICH;KIRC;KIRP,3,background_organ_value
MAOB,liver,0.26316609853234973,LIHC,1,background_organ_value
MAOB,lung,-0.012947945569164714,LUAD;LUSC,2,background_organ_value
MAOB,prostate,0.30424063268839774,PRAD,1,background_organ_value
MAOB,breast,0.7609305678733188,BRCA,1,background_organ_value
MAOB,colon,0.8814869823868492,COAD,1,background_organ_value
MAOB,kidney,0.101602455203773,KICH;KIRC;KIRP,3,background_organ_value
MAOB,lung,0.5875648102140112,LUAD;LUSC,2,background_organ_value
MAOB,prostate,-0.00301912467242693,PRAD,1,background_organ_value
MAOB,breast,-0.17763037442513566,BRCA,1,background_organ_value
MAOB,esophagus,0.2619663955401188,ESCA,1,background_organ_value
MAOB,colon,0.8740643380761347,COAD,1,background_organ_value
MAOB,esophagus,0.6777798194971084,ESCA,1,background_organ_value
MAOB,kidney,1.634371091614626,KICH,1,background_organ_value
MAOB,lung,1.9433945429714412,LUAD;LUSC,2,background_organ_value
MAOB,breast,0.6056700735010145,BRCA,1,background_organ_value
MAOB,esophagus,0.08121458485368495,ESCA,1,background_organ_value
MAOB,kidney,-0.09709547051780044,KICH;KIRC;KIRP,3,background_organ_value
MAOB,lung,0.6877868752698346,LUAD;LUSC,2,background_organ_value
MAOB,prostate,0.5453911519201841,PRAD,1,background_organ_value
MAOB,stomach,0.4201611428486136,STAD,1,background_organ_value
MAOB,colon,-0.6492976237745735,COAD,1,background_organ_value
MAOB,esophagus,-0.9661283097206852,ESCA,1,background_organ_value
MAOB,kidney,0.08465932509375088,KICH;KIRC;KIRP,3,background_organ_value
MAOB,prostate,-0.05009976297026539,PRAD,1,background_organ_value
MAOB,esophagus,-0.7848512242904537,ESCA,1,background_organ_value
MAOB,esophagus,-0.2038530130779673,ESCA,1,background_organ_value
MAOB,kidney,-1.5703547354062488,KIRC;KIRP,2,background_organ_value
MAOB,stomach,0.21433805780352613,STAD,1,background_organ_value
MAOB,liver,-1.4375790989187769,LIHC,1,background_organ_value
MAOB,colon,0.2823302704702306,COAD,1,background_organ_value
MAOB,breast,-0.4045568500315959,BRCA,1,background_organ_value
MAOB,colon,-0.4141209862041979,COAD,1,background_organ_value
MAOB,esophagus,-0.2406996912851858,ESCA,1,background_organ_value
MAOB,stomach,0.07020055082435278,STAD,1,background_organ_value
MAOB,breast,-1.1887422244262444,BRCA,1,background_organ_value
MAOB,esophagus,-0.10575352483201196,ESCA,1,background_organ_value
MAOB,kidney,0.11655677899748478,KIRC;KIRP,2,background_organ_value
MAOB,prostate,-0.4424276317849495,PRAD,1,background_organ_value
MAOB,stomach,-0.3264680437199863,STAD,1,background_organ_value
MAOB,stomach,0.283797469330237,STAD,1,background_organ_value
MAOB,liver,-0.14673283742921847,LIHC,1,background_organ_value
MAOB,breast,0.7265766047024932,BRCA,1,background_organ_value
MAOB,kidney,0.6907332169541727,KICH;KIRC;KIRP,3,background_organ_value
MAOB,prostate,0.2963295584706823,PRAD,1,background_organ_value
MAOB,breast,0.499266640658568,BRCA,1,background_organ_value
MAOB,esophagus,-0.17109707760005982,ESCA,1,background_organ_value
MAOB,kidney,-0.7163402286804452,KICH;KIRC;KIRP,3,background_organ_value
MAOB,lung,1.3002307028164317,LUAD;LUSC,2,background_organ_value
MAOB,prostate,0.3300555876405809,PRAD,1,background_organ_value
MAOB,thyroid,3.4642957885066155,THCA,1,background_organ_value
MAOB,colon,0.9485378102765456,COAD,1,background_organ_value
MAOB,esophagus,-0.14683700672255093,ESCA,1,background_organ_value
MAOB,stomach,0.02300863223400347,STAD,1,background_organ_value
MAOB,thyroid,0.232018999326309,THCA,1,background_organ_value
MAOB,colon,-0.6999820883959457,COAD,1,background_organ_value
MAOB,kidney,-0.9334508968340322,KICH;KIRC;KIRP,3,background_organ_value
MAOB,prostate,-0.36963588853351664,PRAD,1,background_organ_value
MAOB,stomach,-0.11437811286320544,STAD,1,background_organ_value
MAOB,breast,-0.46395899430451465,BRCA,1,background_organ_value
MAOB,colon,-1.1332639013429944,COAD,1,background_organ_value
MAOB,esophagus,-1.8073414313646556,ESCA,1,background_organ_value
MAOB,kidney,-0.6268368883832881,KICH;KIRC;KIRP,3,background_organ_value
MAOB,liver,-0.33534462004286514,LIHC,1,background_organ_value
MAOB,esophagus,-0.36440164860327606,ESCA,1,background_organ_value
MAOB,lung,0.0064168505995823855,LUAD;LUSC,2,background_organ_value
MAOB,stomach,-0.4643350872477264,STAD,1,background_organ_value
MAOB,liver,0.3822431031512932,LIHC,1,background_organ_value
MAOB,liver,0.07758970353221017,LIHC,1,background_organ_value
MAOB,breast,0.04525348653449659,BRCA,1,background_organ_value
MAOB,colon,-0.387847231541259,COAD,1,background_organ_value
MAOB,esophagus,-0.15429537206858013,ESCA,1,background_organ_value
MAOB,kidney,-0.9238762012281992,KICH;KIRC;KIRP,3,background_organ_value
MAOB,lung,-0.04098927028235858,LUAD;LUSC,2,background_organ_value
MAOB,prostate,-0.25938395338818826,PRAD,1,background_organ_value
MAOB,colon,-0.32356183773357505,COAD,1,background_organ_value
MAOB,esophagus,-0.4585252777277638,ESCA,1,background_organ_value
MAOB,kidney,-0.20482871608282105,KICH;KIRC;KIRP,3,background_organ_value
MAOB,lung,-0.8822715698166322,LUAD;LUSC,2,background_organ_value
MAOB,prostate,-0.12844149220397189,PRAD,1,background_organ_value
MAOB,breast,0.17692924254859882,BRCA,1,background_organ_value
MAOB,colon,0.9508027539484452,COAD,1,background_organ_value
MAOB,esophagus,0.08091111078640402,ESCA,1,background_organ_value
MAOB,stomach,0.29630553242228647,STAD,1,background_organ_value
MAOB,breast,-0.48171799444623287,BRCA,1,background_organ_value
MAOB,colon,-0.24830432894053928,COAD,1,background_organ_value
MAOB,lung,0.00554257295537915,LUAD;LUSC,2,background_organ_value
MAOB,prostate,-0.19357880182755585,PRAD,1,background_organ_value
MAOB,stomach,-0.3046215100150037,STAD,1,background_organ_value
MAOB,liver,-0.02908600536905269,LIHC,1,background_organ_value
MAOB,breast,0.487508854708417,BRCA,1,background_organ_value
MAOB,colon,0.3880655005643768,COAD,1,background_organ_value
MAOB,kidney,0.33182523878078146,KICH;KIRC;KIRP,3,background_organ_value
MAOB,lung,0.4045550893448944,LUAD;LUSC,2,background_organ_value
MAOB,prostate,0.27749615451522086,PRAD,1,background_organ_value
MAOB,colon,-0.7054029523458999,COAD,1,background_organ_value
MAOB,esophagus,-1.0806589373561029,ESCA,1,background_organ_value
MAOB,kidney,-0.3061008221965204,KICH;KIRC;KIRP,3,background_organ_value
MAOB,esophagus,0.4943398929328009,ESCA,1,background_organ_value
MAOB,kidney,0.6914068320588911,KICH,1,background_organ_value
MAOB,liver,0.02830123126864953,LIHC,1,background_organ_value
MAOB,lung,0.6099854255908206,LUAD;LUSC,2,background_organ_value
MAOB,colon,0.7749813151194879,COAD,1,background_organ_value
MAOB,kidney,0.6115379171191682,KICH;KIRP,2,background_organ_value
MAOB,lung,0.022382802206770806,LUAD;LUSC,2,background_organ_value
MAOB,colon,0.23677394975942884,COAD,1,background_organ_value
MAOB,esophagus,-0.21623856768811683,ESCA,1,background_organ_value
MAOB,kidney,0.6081403806967915,KICH;KIRP,2,background_organ_value
MAOB,lung,0.04419518688680827,LUAD;LUSC,2,background_organ_value
MAOB,thyroid,3.583921067624511,THCA,1,background_organ_value
MAOB,colon,0.8654729047958045,COAD,1,background_organ_value
MAOB,esophagus,0.5195470555575996,ESCA,1,background_organ_value
MAOB,stomach,0.4055513730007417,STAD,1,background_organ_value
MAOB,breast,1.5152578477999608,BRCA,1,background_organ_value
MAOB,stomach,0.8067846437662568,STAD,1,background_organ_value
MAOB,breast,0.28941822741932915,BRCA,1,background_organ_value
MAOB,esophagus,-0.3304897101269143,ESCA,1,background_organ_value
MAOB,kidney,0.5133771644992501,KICH;KIRC;KIRP,3,background_organ_value
MAOB,breast,-1.8479806217974488,BRCA,1,background_organ_value
MAOB,esophagus,0.5134950016914247,ESCA,1,background_organ_value
MAOB,esophagus,-0.4858801625385411,ESCA,1,background_organ_value
MAOB,kidney,-0.01215875537032699,KICH;KIRC;KIRP,3,background_organ_value
MAOB,lung,-0.03456207360298113,LUAD;LUSC,2,background_organ_value
MAOB,prostate,-0.26825171750473564,PRAD,1,background_organ_value
MAOB,colon,-0.7830191395942,COAD,1,background_organ_value
MAOB,colon,0.4721221685351948,COAD,1,background_organ_value
MAOB,esophagus,0.1609627516083757,ESCA,1,background_organ_value
MAOB,kidney,0.4263230930906358,KICH;KIRC;KIRP,3,background_organ_value
MAOB,lung,0.5416698008436319,LUAD;LUSC,2,background_organ_value
MAOB,prostate,-0.07574939438081435,PRAD,1,background_organ_value
MAOB,stomach,0.09754972827239712,STAD,1,background_organ_value
MAOB,esophagus,-0.11420434836054714,ESCA,1,background_organ_value
MAOB,stomach,-0.05334764895251149,STAD,1,background_organ_value
MAOB,colon,0.43039650780170857,COAD,1,background_organ_value
MAOB,colon,0.5840582782948395,COAD,1,background_organ_value
MAOB,esophagus,0.04344903495720353,ESCA,1,background_organ_value
MAOB,lung,0.6094413787582414,LUAD;LUSC,2,background_organ_value
MAOB,breast,-0.49988962435446976,BRCA,1,background_organ_value
MAOB,esophagus,-0.33498061901645704,ESCA,1,background_organ_value
MAOB,kidney,0.2682937864293484,KICH;KIRC;KIRP,3,background_organ_value
MAOB,lung,-0.24253902156015011,LUAD;LUSC,2,background_organ_value
MAOB,prostate,-0.03881563328444494,PRAD,1,background_organ_value
MAOB,kidney,-2.3328265273310724,KICH;KIRC;KIRP,3,background_organ_value
MAOB,stomach,-1.0113483065400577,STAD,1,background_organ_value
MAOB,breast,0.5750676179610213,BRCA,1,background_organ_value
MAOB,colon,-0.06661905423535697,COAD,1,background_organ_value
MAOB,esophagus,-0.20436563175714947,ESCA,1,background_organ_value
MAOB,kidney,-0.20843852449538447,KICH;KIRC;KIRP,3,background_organ_value
MAOB,liver,-0.31483566963058274,LIHC,1,background_organ_value
MAOB,lung,0.5001116542521798,LUAD;LUSC,2,background_organ_value
MAOB,prostate,0.16607930345617689,PRAD,1,background_organ_value
MAOB,lung,0.8398838896001266,LUAD,1,background_organ_value
MAOB,stomach,0.8524089412398586,STAD,1,background_organ_value
MAOB,colon,0.7615905857842302,COAD,1,background_organ_value
MAOB,liver,-0.5077500673487753,LIHC,1,background_organ_value
MAOB,liver,-0.6927547849767816,LIHC,1,background_organ_value
MAOB,breast,-1.2628576525004689,BRCA,1,background_organ_value
MAOB,prostate,-0.9349977893549106,PRAD,1,background_organ_value
MAOB,stomach,-1.2198558523130418,STAD,1,background_organ_value
MAOB,esophagus,-1.7010013971965372,ESCA,1,background_organ_value
MAOB,stomach,0.01807018438752107,STAD,1,background_organ_value
MAOB,colon,0.45079898811698454,COAD,1,background_organ_value
MAOB,esophagus,0.32637728190575777,ESCA,1,background_organ_value
MAOB,kidney,0.21659380503754425,KICH;KIRP,2,background_organ_value
MAOB,lung,0.18813278401435662,LUAD;LUSC,2,background_organ_value
MAOB,prostate,0.04550127337547075,PRAD,1,background_organ_value
MAOB,kidney,0.12272628131429716,KICH;KIRC;KIRP,3,background_organ_value
MAOB,liver,-0.6125603671125078,LIHC,1,background_organ_value
MAOB,lung,0.8858945183167151,LUAD;LUSC,2,background_organ_value
MAOB,prostate,0.4163334935230544,PRAD,1,background_organ_value
MAOB,stomach,-1.557627129648882,STAD,1,background_organ_value
MAOB,liver,-1.3882661252080524,LIHC,1,background_organ_value
MAOB,colon,-0.7265711870406077,COAD,1,background_organ_value
MAOB,esophagus,-0.21064305126333688,ESCA,1,background_organ_value
MAOB,thyroid,0.8758432534068921,THCA,1,background_organ_value
MAOB,colon,0.206927819780931,COAD,1,background_organ_value
MAOB,esophagus,-0.07916588545839676,ESCA,1,background_organ_value
MAOB,colon,0.9958520025799592,COAD,1,background_organ_value
MAOB,kidney,1.0193220192825692,KICH;KIRC;KIRP,3,background_organ_value
MAOB,liver,-1.3631991093220102,LIHC,1,background_organ_value
MAOB,lung,-1.2989209638026264,LUAD;LUSC,2,background_organ_value
MAOB,stomach,0.8564038799217978,STAD,1,background_organ_value
MAOB,thyroid,1.2057107493107788,THCA,1,background_organ_value
MAOB,breast,-1.043213930241924,BRCA,1,background_organ_value
MAOB,colon,0.7312098838856335,COAD,1,background_organ_value
MAOB,esophagus,-0.3564669960594162,ESCA,1,background_organ_value
MAOB,kidney,-0.04072481365578254,KICH;KIRC;KIRP,3,background_organ_value
MAOB,liver,-0.9979377699505068,LIHC,1,background_organ_value
MAOB,lung,-0.7757639500264156,LUAD;LUSC,2,background_organ_value
MAOB,lung,1.666654001361902,LUAD;LUSC,2,background_organ_value
MAOB,stomach,-0.17713278468519095,STAD,1,background_organ_value
MAOB,thyroid,1.5645489746018175,THCA,1,background_organ_value
MAOB,colon,-0.6664725804151919,COAD,1,background_organ_value
MAOB,kidney,-0.5004290691069089,KICH;KIRC;KIRP,3,background_organ_value
MAOB,stomach,-0.2406358052389972,STAD,1,background_organ_value
MAOB,colon,-0.4433310901415656,COAD,1,background_organ_value
MAOB,kidney,0.2723893054331179,KICH;KIRC;KIRP,3,background_organ_value
MAOB,lung,0.1408518279795486,LUAD;LUSC,2,background_organ_value
MAOB,prostate,0.505416206754644,PRAD,1,background_organ_value
MAOB,stomach,-0.15962844022645528,STAD,1,background_organ_value
MAOB,esophagus,-0.11369790770344348,ESCA,1,background_organ_value
MAOB,stomach,-0.37884341444949926,STAD,1,background_organ_value
MAOB,esophagus,0.7338786960511516,ESCA,1,background_organ_value
MAOB,liver,-2.829827041743109,LIHC,1,background_organ_value
MAOB,breast,0.1185107275974349,BRCA,1,background_organ_value
MAOB,colon,0.5863613813427928,COAD,1,background_organ_value
MAOB,lung,0.38984208838385126,LUAD;LUSC,2,background_organ_value
MAOB,prostate,0.04442849896651554,PRAD,1,background_organ_value
MAOB,stomach,0.5169834730380256,STAD,1,background_organ_value
MAOB,colon,0.01371589018432022,COAD,1,background_organ_value
MAOB,lung,0.12635558680584666,LUAD;LUSC,2,background_organ_value
MAOB,prostate,0.3166414928204754,PRAD,1,background_organ_value
MAOB,liver,-0.09675173785962436,LIHC,1,background_organ_value
MAOB,esophagus,0.0171105110949196,ESCA,1,background_organ_value
MAOB,prostate,-1.162881824858566,PRAD,1,background_organ_value
MAOB,stomach,-0.3307732672951211,STAD,1,background_organ_value
MAOB,breast,0.3543886746465048,BRCA,1,background_organ_value
MAOB,esophagus,0.10372688768035408,ESCA,1,background_organ_value
MAOB,kidney,-0.07888496589795553,KICH;KIRC;KIRP,3,background_organ_value
MAOB,liver,0.304683538695504,LIHC,1,background_organ_value
MAOB,prostate,0.29481020669360153,PRAD,1,background_organ_value
MAOB,colon,-0.3974080946285057,COAD,1,background_organ_value
MAOB,esophagus,-0.2939682747148037,ESCA,1,background_organ_value
MAOB,kidney,-0.5935305215142669,KICH;KIRC;KIRP,3,background_organ_value
MAOB,stomach,-0.27007504012607453,STAD,1,background_organ_value
MAOB,colon,0.2736043638565551,COAD,1,background_organ_value
MAOB,kidney,-0.23045210776483005,KICH;KIRC;KIRP,3,background_organ_value
MAOB,kidney,-0.27984692383946064,KIRC;KIRP,2,background_organ_value
MAOB,liver,-1.5335352051317903,LIHC,1,background_organ_value
MAOB,colon,0.4667560075842923,COAD,1,background_organ_value
MAOB,lung,0.418195330826156,LUAD;LUSC,2,background_organ_value
MAOB,stomach,-0.11605767418304348,STAD,1,background_organ_value
MAOB,esophagus,-0.11975415542758404,ESCA,1,background_organ_value
MAOB,kidney,-0.00905807856483256,KICH;KIRC;KIRP,3,background_organ_value
MAOB,liver,-0.13234037537034454,LIHC,1,background_organ_value
MAOB,kidney,-0.3229232937013481,KICH;KIRP,2,background_organ_value
MAOB,esophagus,0.17490572122121828,ESCA,1,background_organ_value
MAOB,kidney,0.9095302450128314,KIRC;KIRP,2,background_organ_value
MAOB,liver,0.6704852743586432,LIHC,1,background_organ_value
MAOB,breast,0.17124247615490867,BRCA,1,background_organ_value
MAOB,colon,0.7021075498397895,COAD,1,background_organ_value
MAOB,esophagus,0.05185836852523409,ESCA,1,background_organ_value
MAOB,liver,0.3887398974364864,LIHC,1,background_organ_value
MAOB,prostate,-0.01758205318267012,PRAD,1,background_organ_value
MAOB,liver,-0.3966351961446334,LIHC,1,background_organ_value
MAOB,breast,0.2797002301981927,BRCA,1,background_organ_value
MAOB,colon,-0.12654435494449814,COAD,1,background_organ_value
MAOB,esophagus,-0.06232448139464697,ESCA,1,background_organ_value
MAOB,lung,0.3962867751641481,LUAD;LUSC,2,background_organ_value
MAOB,prostate,-0.44537091244168026,PRAD,1,background_organ_value
MAOB,stomach,-0.410231083790257,STAD,1,background_organ_value
MAOB,breast,0.6454641942141982,BRCA,1,background_organ_value
MAOB,esophagus,0.36955919789493535,ESCA,1,background_organ_value
MAOB,kidney,0.19872464112478844,KICH;KIRC;KIRP,3,background_organ_value
MAOB,prostate,-0.00758611494755588,PRAD,1,background_organ_value
MAOB,stomach,0.10384983438370256,STAD,1,background_organ_value
MAOB,breast,0.6029854864270703,BRCA,1,background_organ_value
MAOB,colon,0.2992239748781805,COAD,1,background_organ_value
MAOB,esophagus,0.2737216835103424,ESCA,1,background_organ_value
MAOB,kidney,-0.1150526083965576,KICH;KIRC;KIRP,3,background_organ_value
MAOB,lung,0.2617205879966279,LUAD;LUSC,2,background_organ_value
MAOB,prostate,0.29913019009077463,PRAD,1,background_organ_value
MAOB,stomach,0.11040211005226595,STAD,1,background_organ_value
MAOB,colon,-0.7400035262720687,COAD,1,background_organ_value
MAOB,esophagus,-0.5518906913565577,ESCA,1,background_organ_value
MAOB,stomach,-0.5820917784286157,STAD,1,background_organ_value
MAOB,breast,-0.0913425401385917,BRCA,1,background_organ_value
MAOB,esophagus,0.1156141719910439,ESCA,1,background_organ_value
MAOB,kidney,0.5154603098317905,KICH;KIRC;KIRP,3,background_organ_value
MAOB,lung,0.47191736938117146,LUAD;LUSC,2,background_organ_value
MAOB,colon,0.5035799609069519,COAD,1,background_organ_value
MAOB,kidney,0.23229775997973065,KICH;KIRC;KIRP,3,background_organ_value
MAOB,lung,-0.36100264331096305,LUAD;LUSC,2,background_organ_value
MAOB,prostate,0.2115948397918147,PRAD,1,background_organ_value
MAOB,stomach,-0.00656031075464802,STAD,1,background_organ_value
MAOB,colon,0.646563771463102,COAD,1,background_organ_value
MAOB,esophagus,0.18104384650334823,ESCA,1,background_organ_value
MAOB,stomach,-0.2139006627921434,STAD,1,background_organ_value
MAOB,breast,0.3735758486610656,BRCA,1,background_organ_value
MAOB,kidney,0.5694060788144772,KICH;KIRC;KIRP,3,background_organ_value
MAOB,prostate,0.1118386912435775,PRAD,1,background_organ_value
MAOB,breast,-0.01564819725426428,BRCA,1,background_organ_value
MAOB,esophagus,-0.20036572392997953,ESCA,1,background_organ_value
MAOB,kidney,-0.1251147670798553,KICH;KIRC;KIRP,3,background_organ_value
MAOB,lung,-0.27107315560623624,LUAD;LUSC,2,background_organ_value
MAOB,colon,0.8743407229744169,COAD,1,background_organ_value
MAOB,kidney,-0.07503518559546064,KICH;KIRC;KIRP,3,background_organ_value
MAOB,lung,-0.5334405266890531,LUAD;LUSC,2,background_organ_value
MAOB,prostate,0.4949780556355226,PRAD,1,background_organ_value
MAOB,colon,-0.7300314479513401,COAD,1,background_organ_value
MAOB,esophagus,-0.3962592574966323,ESCA,1,background_organ_value
MAOB,kidney,0.1777558062925209,KICH,1,background_organ_value
MAOB,lung,0.06890284411639075,LUAD;LUSC,2,background_organ_value
MAOB,stomach,-1.243582911718389,STAD,1,background_organ_value
MAOB,thyroid,3.2294847191520115,THCA,1,background_organ_value
MAOB,colon,-1.48579841057881,COAD,1,background_organ_value
MAOB,liver,-1.1081359926848349,LIHC,1,background_organ_value
MAOB,lung,-0.553355194127282,LUAD,1,background_organ_value
MAOB,breast,-1.0468814925953214,BRCA,1,background_organ_value
MAOB,colon,0.5575878130430598,COAD,1,background_organ_value
MAOB,kidney,0.3514618205478993,KICH;KIRP,2,background_organ_value
MAOB,liver,0.24842204379177876,LIHC,1,background_organ_value
MAOB,colon,0.2287117087010994,COAD,1,background_organ_value
MAOB,lung,0.6734690894485923,LUAD;LUSC,2,background_organ_value
MAOB,stomach,0.5962556883032886,STAD,1,background_organ_value
MAOB,esophagus,-0.8298230136580521,ESCA,1,background_organ_value
MAOB,kidney,-0.2987465506132805,KIRC;KIRP,2,background_organ_value
MAOB,stomach,0.01261203361995861,STAD,1,background_organ_value
MAOB,liver,0.4039953328949846,LIHC,1,background_organ_value
MAOB,colon,-0.30891989189803065,COAD,1,background_organ_value
MAOB,esophagus,-0.6578302199551651,ESCA,1,background_organ_value
MAOB,breast,0.4674946349984595,BRCA,1,background_organ_value
MAOB,esophagus,-0.2710411792698175,ESCA,1,background_organ_value
MAOB,kidney,-0.2245581758634548,KICH;KIRC;KIRP,3,background_organ_value
MAOB,liver,0.1386365670555016,LIHC,1,background_organ_value
MAOB,lung,0.6342427277711579,LUAD;LUSC,2,background_organ_value
MAOB,prostate,0.3666354450031412,PRAD,1,background_organ_value
MAOB,lung,-1.4904253545536403,LUAD,1,background_organ_value
MAOB,stomach,-0.7911675866239539,STAD,1,background_organ_value
MAOB,breast,0.7358827421808136,BRCA,1,background_organ_value
MAOB,colon,0.1994157655509792,COAD,1,background_organ_value
MAOB,kidney,0.9351864073088976,KICH;KIRC;KIRP,3,background_organ_value
MAOB,lung,0.41256326676568955,LUAD;LUSC,2,background_organ_value
MAOB,prostate,0.5266577767259545,PRAD,1,background_organ_value
MAOB,esophagus,-0.19790221844956113,ESCA,1,background_organ_value
MAOB,lung,0.16724116770410938,LUAD;LUSC,2,background_organ_value
MAOB,stomach,-0.14229624875076505,STAD,1,background_organ_value
MAOB,breast,1.024630375194857,BRCA,1,background_organ_value
MAOB,colon,0.9387405997612336,COAD,1,background_organ_value
MAOB,kidney,0.3129838264967122,KICH;KIRC;KIRP,3,background_organ_value
MAOB,lung,1.3523885937076652,LUAD;LUSC,2,background_organ_value
MAOB,prostate,0.5341496759729288,PRAD,1,background_organ_value
MAOB,stomach,1.374331846278991,STAD,1,background_organ_value
MAOB,liver,0.5134258976721763,LIHC,1,background_organ_value
MAOB,kidney,-0.4409143648048019,KICH;KIRC;KIRP,3,background_organ_value
MAOB,liver,-1.11847774744746,LIHC,1,background_organ_value
MAOB,kidney,0.587798526085419,KICH,1,background_organ_value
MAOB,kidney,-0.4467389549565744,KICH;KIRC;KIRP,3,background_organ_value
MAOB,liver,-0.6418929465108358,LIHC,1,background_organ_value
MAOB,prostate,0.06751805752105754,PRAD,1,background_organ_value
MAOB,breast,0.3593021482299584,BRCA,1,background_organ_value
MAOB,kidney,-0.05677636318596786,KICH;KIRC;KIRP,3,background_organ_value
MAOB,lung,0.0059203394064352086,LUAD;LUSC,2,background_organ_value
MAOB,prostate,0.5339259510292078,PRAD,1,background_organ_value
MAOB,liver,0.3391900545388094,LIHC,1,background_organ_value
MAOB,breast,1.0153529658231657,BRCA,1,background_organ_value
MAOB,colon,0.04246648159147977,COAD,1,background_organ_value
MAOB,kidney,-0.10576833818710137,KICH;KIRC;KIRP,3,background_organ_value
MAOB,liver,0.118971935663679,LIHC,1,background_organ_value
MAOB,lung,0.9171422764974955,LUAD;LUSC,2,background_organ_value
MAOB,prostate,0.4110833233451624,PRAD,1,background_organ_value
MAOB,breast,0.2503832358889117,BRCA,1,background_organ_value
MAOB,esophagus,0.4742792555372604,ESCA,1,background_organ_value
MAOB,kidney,0.6026145831625562,KICH;KIRC;KIRP,3,background_organ_value
MAOB,liver,-0.01364045072010088,LIHC,1,background_organ_value
MAOB,lung,0.25970206741604807,LUAD;LUSC,2,background_organ_value
MAOB,prostate,0.0074033278389705,PRAD,1,background_organ_value
MAOB,breast,-0.24249509986043313,BRCA,1,background_organ_value
MAOB,colon,0.23604953835507703,COAD,1,background_organ_value
MAOB,kidney,0.42305066176409906,KIRP,1,background_organ_value
MAOB,lung,-0.12474127805680975,LUAD;LUSC,2,background_organ_value
MAOB,prostate,0.0342287203708802,PRAD,1,background_organ_value
MAOB,stomach,0.0661470565577374,STAD,1,background_organ_value
MAOB,kidney,-0.2727166997583277,KICH;KIRC;KIRP,3,background_organ_value
MAOB,liver,-0.10450061282439684,LIHC,1,background_organ_value
MAOB,breast,0.7435183380981895,BRCA,1,background_organ_value
MAOB,colon,0.387665652500367,COAD,1,background_organ_value
MAOB,esophagus,-0.09801219018307004,ESCA,1,background_organ_value
MAOB,kidney,0.4869856997097626,KICH;KIRC;KIRP,3,background_organ_value
MAOB,lung,0.3895691562732758,LUAD;LUSC,2,background_organ_value
MAOB,prostate,0.1241670099292596,PRAD,1,background_organ_value
MAOB,esophagus,-0.0911728425762494,ESCA,1,background_organ_value
MAOB,breast,-0.91258732665945,BRCA,1,background_organ_value
MAOB,prostate,-0.6398761392696121,PRAD,1,background_organ_value
MAOB,lung,0.12647194386049126,LUAD,1,background_organ_value
MAOB,breast,1.0452517160143755,BRCA,1,background_organ_value
MAOB,kidney,0.08623210674058758,KICH;KIRC;KIRP,3,background_organ_value
MAOB,liver,-0.5299835272966085,LIHC,1,background_organ_value
MAOB,lung,0.47867231159767,LUAD;LUSC,2,background_organ_value
MAOB,prostate,0.5793284910229437,PRAD,1,background_organ_value
MAOB,breast,1.1197285924189486,BRCA,1,background_organ_value
MAOB,liver,-0.37201407035436274,LIHC,1,background_organ_value
MAOB,lung,0.4648979863661286,LUAD;LUSC,2,background_organ_value
MAOB,prostate,0.2669731437480123,PRAD,1,background_organ_value
MAOB,colon,0.12089856954196744,COAD,1,background_organ_value
MAOB,kidney,0.2658361940894076,KICH,1,background_organ_value
MAOB,lung,0.24510397601930234,LUAD;LUSC,2,background_organ_value
MAOB,colon,0.495410135632762,COAD,1,background_organ_value
MAOB,kidney,-0.01175401743533937,KICH,1,background_organ_value
MAOB,stomach,-0.895411561425101,STAD,1,background_organ_value
MAOB,esophagus,-2.3757369746747226,ESCA,1,background_organ_value
MAOB,thyroid,0.767977857772437,THCA,1,background_organ_value
MAOB,esophagus,-2.4755179446382622,ESCA,1,background_organ_value
MAOB,breast,-0.24715842748100073,BRCA,1,background_organ_value
MAOB,colon,0.3806237752586535,COAD,1,background_organ_value
MAOB,esophagus,-0.09676477667803472,ESCA,1,background_organ_value
MAOB,kidney,0.4861680114169174,KICH;KIRC;KIRP,3,background_organ_value
MAOB,liver,-0.08366687312465469,LIHC,1,background_organ_value
MAOB,lung,-0.02952375679313894,LUAD;LUSC,2,background_organ_value
MAOB,prostate,-0.15042155716181366,PRAD,1,background_organ_value
MAOB,stomach,-0.26048000627707313,STAD,1,background_organ_value
MAOB,colon,-0.8166595389535427,COAD,1,background_organ_value
MAOB,kidney,-1.4413032922942075,KICH;KIRC,2,background_organ_value
MAOB,liver,0.4429459276037879,LIHC,1,background_organ_value
MAOB,lung,-0.5245014549004742,LUAD;LUSC,2,background_organ_value
MAOB,stomach,-0.2101359927726202,STAD,1,background_organ_value
MAOB,lung,0.015068047587001395,LUAD;LUSC,2,background_organ_value
MAOB,prostate,-0.07315835145335237,PRAD,1,background_organ_value
MAOB,breast,-0.07699551660029855,BRCA,1,background_organ_value
MAOB,kidney,0.07446110382172477,KICH;KIRC;KIRP,3,background_organ_value
MAOB,liver,0.00665912383106036,LIHC,1,background_organ_value
MAOB,prostate,0.1945278471077024,PRAD,1,background_organ_value
MAOB,breast,0.7191892669486697,BRCA,1,background_organ_value
MAOB,kidney,0.4969961532591268,KICH;KIRC;KIRP,3,background_organ_value
MAOB,liver,0.2037201352198892,LIHC,1,background_organ_value
MAOB,lung,0.7657391343580269,LUAD;LUSC,2,background_organ_value
MAOB,prostate,0.13211271252747722,PRAD,1,background_organ_value
MAOB,kidney,0.8264391923132972,KICH;KIRP,2,background_organ_value
MAOB,lung,0.9543477772153972,LUAD;LUSC,2,background_organ_value
MAOB,prostate,0.498098016725688,PRAD,1,background_organ_value
MAOB,colon,-0.5348483844842697,COAD,1,background_organ_value
MAOB,kidney,-0.256278936061864,KICH;KIRC;KIRP,3,background_organ_value
MAOB,prostate,-0.18768112992515157,PRAD,1,background_organ_value
MAOB,stomach,-0.30638101357072184,STAD,1,background_organ_value
MAOB,colon,0.5018523800504159,COAD,1,background_organ_value
MAOB,breast,-0.02533654819563198,BRCA,1,background_organ_value
MAOB,esophagus,0.01522690152515472,ESCA,1,background_organ_value
MAOB,liver,-0.39866976956323136,LIHC,1,background_organ_value
MAOB,lung,0.49295850544569425,LUAD;LUSC,2,background_organ_value
MAOB,prostate,-0.2013232302115507,PRAD,1,background_organ_value
MAOB,colon,0.31288657184268137,COAD,1,background_organ_value
MAOB,liver,0.1159038840367356,LIHC,1,background_organ_value
MAOB,liver,-0.7975007628421766,LIHC,1,background_organ_value
MAOB,liver,-0.6274181334469832,LIHC,1,background_organ_value
MAOB,liver,0.5118976246757496,LIHC,1,background_organ_value
MAOB,kidney,-0.4994732066859172,KIRC;KIRP,2,background_organ_value
MAOB,liver,-1.2059616204005676,LIHC,1,background_organ_value
MAOB,breast,0.12056551537842553,BRCA,1,background_organ_value
MAOB,kidney,-0.20745257941922468,KICH;KIRC;KIRP,3,background_organ_value
MAOB,prostate,0.06289169040475326,PRAD,1,background_organ_value
MAOB,liver,-1.000287787208182,LIHC,1,background_organ_value
MAOB,colon,0.13421859841053757,COAD,1,background_organ_value
MAOB,colon,0.288140816304332,COAD,1,background_organ_value
MAOB,esophagus,0.0669024160466899,ESCA,1,background_organ_value
MAOB,liver,-0.2765379177767527,LIHC,1,background_organ_value
MAOB,lung,1.0780787006034585,LUAD;LUSC,2,background_organ_value
MAOB,thyroid,0.2902320378348148,THCA,1,background_organ_value
MAOB,breast,0.9446059807267504,BRCA,1,background_organ_value
MAOB,kidney,0.3407763663428625,KICH;KIRC;KIRP,3,background_organ_value
MAOB,liver,0.3112175747373623,LIHC,1,background_organ_value
MAOB,prostate,0.620825322741889,PRAD,1,background_organ_value
MAOB,liver,-0.17908901396003443,LIHC,1,background_organ_value
MAOB,breast,1.0249937218305056,BRCA,1,background_organ_value
MAOB,colon,0.8096352947879065,COAD,1,background_organ_value
MAOB,kidney,0.2061906012465884,KICH;KIRC,2,background_organ_value
MAOB,lung,1.2020160489055924,LUAD;LUSC,2,background_organ_value
MAOB,prostate,0.16002293543364854,PRAD,1,background_organ_value
MAOB,stomach,-0.8791560506583633,STAD,1,background_organ_value
MAOB,esophagus,-1.1026434660804232,ESCA,1,background_organ_value
MAOB,liver,-0.702756372218222,LIHC,1,background_organ_value
MAOB,lung,1.0964585644923166,LUAD;LUSC,2,background_organ_value
MAOB,thyroid,0.5207765068984705,THCA,1,background_organ_value
MAOB,breast,0.4203221264333143,BRCA,1,background_organ_value
MAOB,liver,0.13040808391793968,LIHC,1,background_organ_value
MAOB,breast,-0.09794642537596404,BRCA,1,background_organ_value
MAOB,lung,0.2538341703155883,LUAD;LUSC,2,background_organ_value
MAOB,prostate,0.2646975481464124,PRAD,1,background_organ_value
MAOB,colon,0.6414582875591048,COAD,1,background_organ_value
MAOB,thyroid,-0.8779265810875939,THCA,1,background_organ_value
MAOB,breast,-0.33080412802609976,BRCA,1,background_organ_value
MAOB,colon,-0.41989940289624506,COAD,1,background_organ_value
MAOB,esophagus,-0.39753628513983974,ESCA,1,background_organ_value
MAOB,kidney,0.28827803124209306,KICH;KIRC;KIRP,3,background_organ_value
MAOB,kidney,-0.5857971479142443,KICH;KIRP,2,background_organ_value
MAOB,prostate,-0.3116815524759951,PRAD,1,background_organ_value
MAOB,stomach,-1.7615906637926304,STAD,1,background_organ_value
MAOB,colon,1.5823658917534458,COAD,1,background_organ_value
MAOB,kidney,1.098793784177558,KICH;KIRC;KIRP,3,background_organ_value
MAOB,liver,-0.5553463846381237,LIHC,1,background_organ_value
MAOB,lung,1.5959265669968925,LUAD;LUSC,2,background_organ_value
MAOB,esophagus,-0.4370235318723055,ESCA,1,background_organ_value
MAOB,lung,-0.4224378388255982,LUAD;LUSC,2,background_organ_value
MAOB,prostate,-0.3812853272467755,PRAD,1,background_organ_value
MAOB,stomach,-0.5483224140670616,STAD,1,background_organ_value
MAOB,breast,0.5322861611467633,BRCA,1,background_organ_value
MAOB,kidney,-0.35828126616960176,KIRC;KIRP,2,background_organ_value
MAOB,stomach,0.17301939021459245,STAD,1,background_organ_value
MAOB,colon,1.1922090780811627,COAD,1,background_organ_value
MAOB,kidney,0.7632327364210739,KICH;KIRC;KIRP,3,background_organ_value
MAOB,liver,-2.255282871601473,LIHC,1,background_organ_value
MAOB,breast,-1.0902488065733928,BRCA,1,background_organ_value
MAOB,esophagus,-0.6723534970186067,ESCA,1,background_organ_value
MAOB,lung,-0.38141347907554113,LUAD;LUSC,2,background_organ_value
MAOB,prostate,-1.1692896195374505,PRAD,1,background_organ_value
MAOB,stomach,-1.1041166907852036,STAD,1,background_organ_value
MAOB,breast,-0.05083105853861278,BRCA,1,background_organ_value
MAOB,kidney,0.03200188775411607,KICH;KIRC;KIRP,3,background_organ_value
MAOB,colon,-0.29374669717163826,COAD,1,background_organ_value
MAOB,lung,0.299115852677188,LUAD;LUSC,2,background_organ_value
MAOB,breast,-0.31626695284614,BRCA,1,background_organ_value
MAOB,colon,0.09647148664979582,COAD,1,background_organ_value
MAOB,esophagus,-0.5058465764153061,ESCA,1,background_organ_value
MAOB,kidney,-0.7957715448525595,KICH;KIRC;KIRP,3,background_organ_value
MAOB,liver,-1.219210400393374,LIHC,1,background_organ_value
MAOB,lung,-0.02948842195897565,LUAD;LUSC,2,background_organ_value
MAOB,colon,0.24274794415100945,COAD,1,background_organ_value
MAOB,stomach,0.1592542946189706,STAD,1,background_organ_value
MAOB,breast,-1.852910680433372,BRCA,1,background_organ_value
MAOB,colon,-1.6709887936333072,COAD,1,background_organ_value
MAOB,esophagus,-0.6595876239082065,ESCA,1,background_organ_value
MAOB,lung,-1.0465571558658813,LUAD;LUSC,2,background_organ_value
MAOB,prostate,-0.8186781627195159,PRAD,1,background_organ_value
MAOB,stomach,-1.4524720332863506,STAD,1,background_organ_value
MAOB,breast,0.10117647629052869,BRCA,1,background_organ_value
MAOB,kidney,-0.19412090701118612,KICH;KIRC;KIRP,3,background_organ_value
MAOB,lung,0.17274420026895693,LUSC,1,background_organ_value
MAOB,prostate,0.21100040462174516,PRAD,1,background_organ_value
MAOB,stomach,-0.4370145901841564,STAD,1,background_organ_value
MAOB,colon,-0.5970529038706437,COAD,1,background_organ_value
MAOB,stomach,-0.800139361954696,STAD,1,background_organ_value
MAOB,esophagus,0.03585912979431867,ESCA,1,background_organ_value
MAOB,kidney,0.7757525859589957,KIRP,1,background_organ_value
MAOB,liver,-1.472759895072277,LIHC,1,background_organ_value
MAOB,colon,0.2322643747677658,COAD,1,background_organ_value
MAOB,esophagus,-0.01599265905949563,ESCA,1,background_organ_value
MAOB,stomach,-0.00521783251328801,STAD,1,background_organ_value
MAOB,breast,0.43900419145968234,BRCA,1,background_organ_value
MAOB,colon,-0.03816661135241067,COAD,1,background_organ_value
MAOB,esophagus,-0.49150540466211534,ESCA,1,background_organ_value
MAOB,kidney,-0.2629411126711957,KICH;KIRC;KIRP,3,background_organ_value
MAOB,prostate,-0.7070936722710508,PRAD,1,background_organ_value
MAOB,stomach,-0.4129835630242094,STAD,1,background_organ_value
MAOB,breast,0.927511220013013,BRCA,1,background_organ_value
MAOB,colon,0.04097129741323193,COAD,1,background_organ_value
MAOB,lung,0.4553950756719183,LUAD;LUSC,2,background_organ_value
MAOB,prostate,0.22161254406311143,PRAD,1,background_organ_value
MAOB,breast,0.2243492552719447,BRCA,1,background_organ_value
MAOB,colon,0.7939053040271731,COAD,1,background_organ_value
MAOB,esophagus,0.6905339407668392,ESCA,1,background_organ_value
MAOB,liver,-1.1329419550572215,LIHC,1,background_organ_value
MAOB,lung,0.7896431117350365,LUAD;LUSC,2,background_organ_value
MAOB,prostate,-0.4398363240297699,PRAD,1,background_organ_value
MAOB,stomach,1.0864502137735843,STAD,1,background_organ_value
MAOB,liver,0.17042335602540587,LIHC,1,background_organ_value
MAOB,thyroid,-1.130185340502405,THCA,1,background_organ_value
MAOB,liver,-1.1833056570124303,LIHC,1,background_organ_value
MAOB,breast,0.06970954031538346,BRCA,1,background_organ_value
MAOB,esophagus,0.4966169961390291,ESCA,1,background_organ_value
MAOB,kidney,0.1425922001831768,KICH;KIRC;KIRP,3,background_organ_value
MAOB,lung,-0.0022291153060902402,LUAD;LUSC,2,background_organ_value
MAOB,prostate,-0.5448851636554579,PRAD,1,background_organ_value
MAOB,stomach,0.1415890551807501,STAD,1,background_organ_value
MAOB,colon,-0.00411754416883365,COAD,1,background_organ_value
MAOB,kidney,-0.8451125316705986,KICH,1,background_organ_value
MAOB,lung,-0.06141810635227619,LUAD,1,background_organ_value
MAOB,kidney,-1.1826288730116263,KICH;KIRC;KIRP,3,background_organ_value
MAOB,stomach,0.1970900669755072,STAD,1,background_organ_value
MAOB,breast,-0.08462385280258161,BRCA,1,background_organ_value
MAOB,colon,-0.12809001252278956,COAD,1,background_organ_value
MAOB,esophagus,-0.31217340009427047,ESCA,1,background_organ_value
MAOB,kidney,-0.3756686481316381,KICH;KIRC;KIRP,3,background_organ_value
MAOB,lung,-0.25948535734789274,LUAD;LUSC,2,background_organ_value
MAOB,prostate,0.2163191691054866,PRAD,1,background_organ_value
MAOB,stomach,0.05264638032469962,STAD,1,background_organ_value
MAOB,thyroid,0.22831824425889008,THCA,1,background_organ_value
MAOB,liver,-2.216610100360941,LIHC,1,background_organ_value
MAOB,liver,-0.4592867444649249,LIHC,1,background_organ_value
MAOB,breast,-1.029562575587218,BRCA,1,background_organ_value
MAOB,kidney,-1.3208077691103128,KIRP,1,background_organ_value
MAOB,thyroid,-0.9068454220395162,THCA,1,background_organ_value
MAOB,liver,-0.13135502622242862,LIHC,1,background_organ_value
MAOB,kidney,-0.035969209719201464,KIRC;KIRP,2,background_organ_value
MAOB,liver,-0.03400177040550636,LIHC,1,background_organ_value
MAOB,colon,0.424373016535313,COAD,1,background_organ_value
MAOB,esophagus,0.08537380194480018,ESCA,1,background_organ_value
MAOB,colon,1.054625479785373,COAD,1,background_organ_value
MAOB,kidney,-0.08425464424509387,KICH,1,background_organ_value
MAOB,lung,1.040733354414285,LUAD;LUSC,2,background_organ_value
MAOB,prostate,0.05207082497276895,PRAD,1,background_organ_value
MAOB,stomach,0.6249094842463098,STAD,1,background_organ_value
MAOB,colon,-0.3649929703096569,COAD,1,background_organ_value
MAOB,esophagus,-0.7620671946505286,ESCA,1,background_organ_value
MAOB,kidney,-1.1417847843073707,KICH;KIRC;KIRP,3,background_organ_value
MAOB,prostate,-0.22992581831535083,PRAD,1,background_organ_value
MAOB,stomach,-0.4357951891201752,STAD,1,background_organ_value
MAOB,lung,-0.3960240926437538,LUAD;LUSC,2,background_organ_value
MAOB,breast,0.30293889428375165,BRCA,1,background_organ_value
MAOB,esophagus,0.12368702383133964,ESCA,1,background_organ_value
MAOB,kidney,0.17716235596418023,KICH;KIRC;KIRP,3,background_organ_value
MAOB,prostate,0.147668807321934,PRAD,1,background_organ_value
MAOB,breast,0.8319982311578169,BRCA,1,background_organ_value
MAOB,esophagus,0.8740722741134405,ESCA,1,background_organ_value
MAOB,stomach,0.7621830329445831,STAD,1,background_organ_value
MAOB,esophagus,0.5903964936013466,ESCA,1,background_organ_value
MAOB,breast,-0.2569180264044333,BRCA,1,background_organ_value
MAOB,colon,-0.17783080800601575,COAD,1,background_organ_value
MAOB,esophagus,-0.486175197410832,ESCA,1,background_organ_value
MAOB,kidney,-0.3407120566066822,KICH;KIRC;KIRP,3,background_organ_value
MAOB,lung,-0.45540487925189976,LUAD;LUSC,2,background_organ_value
MAOB,prostate,0.02286283773333677,PRAD,1,background_organ_value
MAOB,breast,-0.6369321764116609,BRCA,1,background_organ_value
MAOB,lung,0.09450664566035083,LUAD;LUSC,2,background_organ_value
MAOB,liver,0.1048378279547172,LIHC,1,background_organ_value
MAOB,lung,0.2887130952914782,LUAD;LUSC,2,background_organ_value
MAOB,prostate,-0.04215186313982454,PRAD,1,background_organ_value
MAOB,breast,0.5819466767721947,BRCA,1,background_organ_value
MAOB,kidney,-0.22348774042321867,KICH;KIRC;KIRP,3,background_organ_value
MAOB,prostate,-0.3759152010270712,PRAD,1,background_organ_value
MAOB,esophagus,-0.3462935067179783,ESCA,1,background_organ_value
MAOB,stomach,-0.5320736687114662,STAD,1,background_organ_value
MAOB,colon,-2.0174388660267453,COAD,1,background_organ_value
MAOB,esophagus,-1.119876914867362,ESCA,1,background_organ_value
MAOB,stomach,-1.2698072125086008,STAD,1,background_organ_value
MAOB,liver,-0.7185293799516779,LIHC,1,background_organ_value
MAOB,prostate,0.23003548620856917,PRAD,1,background_organ_value
MAOB,colon,0.09649366881120326,COAD,1,background_organ_value
MAOB,lung,0.7895948097026821,LUAD;LUSC,2,background_organ_value
MAOB,prostate,0.4214622161156809,PRAD,1,background_organ_value
MAOB,thyroid,0.8119084484538205,THCA,1,background_organ_value
MAOB,colon,0.3088082740819743,COAD,1,background_organ_value
MAOB,esophagus,-1.214539199733751,ESCA,1,background_organ_value
MAOB,lung,-0.8488132841594114,LUAD;LUSC,2,background_organ_value
MAOB,breast,0.5923208141520625,BRCA,1,background_organ_value
MAOB,kidney,0.9743492165134546,KICH;KIRC;KIRP,3,background_organ_value
MAOB,lung,1.227588907633231,LUAD,1,background_organ_value
MAOB,prostate,0.5093994647432443,PRAD,1,background_organ_value
MAOB,breast,-0.9023248360179796,BRCA,1,background_organ_value
MAOB,esophagus,0.2829177279133141,ESCA,1,background_organ_value
MAOB,kidney,0.8044757665833477,KICH;KIRC;KIRP,3,background_organ_value
MAOB,liver,-0.9152565846649549,LIHC,1,background_organ_value
MAOB,stomach,0.21212299712163615,STAD,1,background_organ_value
MAOB,thyroid,2.6232026499147376,THCA,1,background_organ_value
MAOB,colon,0.2823799771145399,COAD,1,background_organ_value
MAOB,esophagus,0.01424140054431459,ESCA,1,background_organ_value
MAOB,lung,-0.03223786873612361,LUAD;LUSC,2,background_organ_value
MAOB,colon,-2.350986817763991,COAD,1,background_organ_value
MAOB,esophagus,-1.6754111596517636,ESCA,1,background_organ_value
MAOB,stomach,-1.128413390958884,STAD,1,background_organ_value
MAOB,colon,-1.0048866515910304,COAD,1,background_organ_value
MAOB,esophagus,-0.45245280978227226,ESCA,1,background_organ_value
MAOB,stomach,0.05801535480824673,STAD,1,background_organ_value
MAOB,breast,0.884171034038569,BRCA,1,background_organ_value
MAOB,kidney,0.1507997620297846,KICH;KIRC;KIRP,3,background_organ_value
MAOB,liver,0.1847956838366907,LIHC,1,background_organ_value
MAOB,lung,0.7366216975534121,LUAD;LUSC,2,background_organ_value
MAOB,prostate,0.3374125025383639,PRAD,1,background_organ_value
MAOB,colon,2.189336946873216,COAD,1,background_organ_value
MAOB,esophagus,-0.6573003614585062,ESCA,1,background_organ_value
MAOB,lung,-0.10504849884432721,LUAD;LUSC,2,background_organ_value
MAOB,esophagus,-0.49440799202719865,ESCA,1,background_organ_value
MAOB,liver,-1.42881061737172,LIHC,1,background_organ_value
MAOB,stomach,-0.4045817371910388,STAD,1,background_organ_value
MAOB,thyroid,0.5417331086057542,THCA,1,background_organ_value
MAOB,esophagus,0.15949075415860228,ESCA,1,background_organ_value
MAOB,liver,-2.214726986860197,LIHC,1,background_organ_value
MAOB,breast,0.653041250193451,BRCA,1,background_organ_value
MAOB,colon,1.299605051325737,COAD,1,background_organ_value
MAOB,lung,1.129960371417232,LUAD;LUSC,2,background_organ_value
MAOB,prostate,0.5556637233708926,PRAD,1,background_organ_value
MAOB,stomach,0.6370681901990956,STAD,1,background_organ_value
MAOB,breast,-0.06049835419845205,BRCA,1,background_organ_value
MAOB,colon,0.2647001167381946,COAD,1,background_organ_value
MAOB,esophagus,0.22241851097358156,ESCA,1,background_organ_value
MAOB,kidney,0.20068490429538516,KICH;KIRC;KIRP,3,background_organ_value
MAOB,stomach,0.5615684473402904,STAD,1,background_organ_value
MAOB,breast,-0.7135971008836857,BRCA,1,background_organ_value
MAOB,colon,-0.1357342331150529,COAD,1,background_organ_value
MAOB,esophagus,-0.6083141510385223,ESCA,1,background_organ_value
MAOB,lung,-0.25903785579697214,LUAD;LUSC,2,background_organ_value
MAOB,stomach,-0.27020056070474713,STAD,1,background_organ_value
MAOB,breast,0.6049152029746294,BRCA,1,background_organ_value
MAOB,esophagus,0.2519259794092498,ESCA,1,background_organ_value
MAOB,kidney,0.8232298836078578,KICH;KIRC;KIRP,3,background_organ_value
MAOB,liver,0.4348328097391326,LIHC,1,background_organ_value
MAOB,lung,0.4830412659958008,LUSC,1,background_organ_value
MAOB,prostate,-0.3248449995113184,PRAD,1,background_organ_value
MAOB,colon,0.1960879051235654,COAD,1,background_organ_value
MAOB,esophagus,0.6025409573050154,ESCA,1,background_organ_value
MAOB,colon,-0.17423900619040897,COAD,1,background_organ_value
MAOB,esophagus,-0.16317395312410185,ESCA,1,background_organ_value
MAOB,stomach,-0.20878483406547976,STAD,1,background_organ_value
MAOB,breast,0.1356763575805429,BRCA,1,background_organ_value
MAOB,colon,-0.3910777592872308,COAD,1,background_organ_value
MAOB,esophagus,-0.5158469076305834,ESCA,1,background_organ_value
MAOB,lung,-0.13398230985258092,LUAD;LUSC,2,background_organ_value
MAOB,prostate,-0.02867958203021298,PRAD,1,background_organ_value
MAOB,stomach,-0.14145353584421425,STAD,1,background_organ_value
MAOB,breast,0.8474700405828021,BRCA,1,background_organ_value
MAOB,kidney,0.6644991111743307,KICH;KIRC;KIRP,3,background_organ_value
MAOB,liver,0.3952362666741096,LIHC,1,background_organ_value
MAOB,prostate,0.3636333953486694,PRAD,1,background_organ_value
MAOB,colon,-0.5172538225557892,COAD,1,background_organ_value
MAOB,kidney,-0.4909415849972842,KICH;KIRC;KIRP,3,background_organ_value
MAOB,lung,0.0048642688080956405,LUAD;LUSC,2,background_organ_value
MAOB,prostate,-0.6725630147885829,PRAD,1,background_organ_value
MAOB,stomach,-1.3237781118510346,STAD,1,background_organ_value
MAOB,breast,-0.3526861130337307,BRCA,1,background_organ_value
MAOB,colon,-0.10521379364252804,COAD,1,background_organ_value
MAOB,esophagus,-0.05270032952278104,ESCA,1,background_organ_value
MAOB,lung,0.207908763319024,LUAD;LUSC,2,background_organ_value
MAOB,prostate,0.1913468904820129,PRAD,1,background_organ_value
MAOB,colon,0.994621244764715,COAD,1,background_organ_value
MAOB,esophagus,0.3286683169093038,ESCA,1,background_organ_value
MAOB,breast,-0.15209566889715023,BRCA,1,background_organ_value
MAOB,esophagus,0.6212790758993106,ESCA,1,background_organ_value
MAOB,kidney,-0.2783131828401167,KICH;KIRC;KIRP,3,background_organ_value
MAOB,liver,0.04382286502626249,LIHC,1,background_organ_value
MAOB,lung,0.4808056581888648,LUAD;LUSC,2,background_organ_value
MAOB,prostate,0.06071436910556777,PRAD,1,background_organ_value
MAOB,colon,0.21914804049456393,COAD,1,background_organ_value
MAOB,esophagus,-0.12340393617522998,ESCA,1,background_organ_value
MAOB,kidney,-0.254347676113329,KICH,1,background_organ_value
MAOB,prostate,-0.30034307383718867,PRAD,1,background_organ_value
MAOB,breast,0.782322631162832,BRCA,1,background_organ_value
MAOB,esophagus,0.8688227042590118,ESCA,1,background_organ_value
MAOB,kidney,0.5192659424805647,KICH;KIRC;KIRP,3,background_organ_value
MAOB,lung,1.6898173311730624,LUAD;LUSC,2,background_organ_value
MAOB,prostate,0.0912664990809984,PRAD,1,background_organ_value
MAOB,liver,-0.10531316598946812,LIHC,1,background_organ_value
MAOB,thyroid,-1.5411614857604783,THCA,1,background_organ_value
MAOB,esophagus,-0.13238349238154026,ESCA,1,background_organ_value
MAOB,kidney,0.4431236998221024,KICH;KIRC,2,background_organ_value
MAOB,lung,-0.6234771355651103,LUAD;LUSC,2,background_organ_value
MAOB,stomach,-0.02869722418286824,STAD,1,background_organ_value
MAOB,breast,0.4243977888560265,BRCA,1,background_organ_value
MAOB,colon,0.6896679497023273,COAD,1,background_organ_value
MAOB,esophagus,0.05274293209285653,ESCA,1,background_organ_value
MAOB,kidney,0.3802093792482639,KICH;KIRC;KIRP,3,background_organ_value
MAOB,lung,0.5264922592466315,LUAD;LUSC,2,background_organ_value
MAOB,prostate,0.1090307672446328,PRAD,1,background_organ_value
MAOB,colon,-0.09129808891484116,COAD,1,background_organ_value
MAOB,esophagus,-0.01008009739797076,ESCA,1,background_organ_value
MAOB,liver,-1.3396520208078126,LIHC,1,background_organ_value
MAOB,breast,-0.6616115671864135,BRCA,1,background_organ_value
MAOB,colon,0.5569348850851257,COAD,1,background_organ_value
MAOB,esophagus,-0.5260393982370408,ESCA,1,background_organ_value
MAOB,liver,0.2561087858047755,LIHC,1,background_organ_value
MAOB,lung,-0.4722401350788562,LUAD;LUSC,2,background_organ_value
MAOB,liver,-0.6491228135579563,LIHC,1,background_organ_value
MAOB,colon,0.03947359508159295,COAD,1,background_organ_value
MAOB,esophagus,1.2174165055372057,ESCA,1,background_organ_value
MAOB,kidney,0.946411647845492,KICH;KIRC;KIRP,3,background_organ_value
MAOB,stomach,1.2704508105117904,STAD,1,background_organ_value
MAOB,breast,-0.16469627019425942,BRCA,1,background_organ_value
MAOB,colon,-0.48042304420363097,COAD,1,background_organ_value
MAOB,esophagus,-0.38039653678551655,ESCA,1,background_organ_value
MAOB,kidney,-0.2792272639572726,KICH;KIRC;KIRP,3,background_organ_value
MAOB,prostate,-0.304014276269069,PRAD,1,background_organ_value
MAOB,liver,-0.1437623464412252,LIHC,1,background_organ_value
MAOB,colon,0.13937131702004535,COAD,1,background_organ_value
MAOB,kidney,0.21630375392799345,KICH,1,background_organ_value
MAOB,colon,0.8715280860614915,COAD,1,background_organ_value
MAOB,kidney,-0.4989463590396041,KICH,1,background_organ_value
MAOB,liver,-0.2553405641871655,LIHC,1,background_organ_value
MAOB,lung,-0.04184403869131964,LUAD;LUSC,2,background_organ_value
MAOB,colon,-0.4137101212428784,COAD,1,background_organ_value
MAOB,esophagus,-0.964518775103172,ESCA,1,background_organ_value
MAOB,lung,-0.0703563531765942,LUAD;LUSC,2,background_organ_value
MAOB,breast,-1.6966842625282426,BRCA,1,background_organ_value
MAOB,esophagus,-2.299689833451162,ESCA,1,background_organ_value
MAOB,kidney,-0.6889986691445096,KICH;KIRC;KIRP,3,background_organ_value
MAOB,liver,-0.9766298960955008,LIHC,1,background_organ_value
MAOB,prostate,-0.8700317722210987,PRAD,1,background_organ_value
MAOB,colon,-0.08055625588740328,COAD,1,background_organ_value
MAOB,kidney,-0.7791643529233696,KICH;KIRC;KIRP,3,background_organ_value
MAOB,prostate,-0.1263066421924346,PRAD,1,background_organ_value
MAOB,thyroid,-0.44326042621636297,THCA,1,background_organ_value
MAOB,thyroid,3.2636788680630566,THCA,1,background_organ_value
MAOB,liver,0.1568454100842115,LIHC,1,background_organ_value
MAOB,stomach,-1.3355807404873032,STAD,1,background_organ_value
MAOB,stomach,-0.17495890433436068,STAD,1,background_organ_value
MAOB,kidney,0.3490447513636305,KIRP,1,background_organ_value
MAOB,liver,-1.15751308878351,LIHC,1,background_organ_value
MAOB,breast,0.13069954374725778,BRCA,1,background_organ_value
MAOB,colon,0.4875190812191199,COAD,1,background_organ_value
MAOB,kidney,0.23780310100305002,KICH;KIRC,2,background_organ_value
MAOB,lung,0.6404697579779448,LUAD;LUSC,2,background_organ_value
MAOB,prostate,0.01718702848365737,PRAD,1,background_organ_value
MAOB,liver,0.03754635543744213,LIHC,1,background_organ_value
MAOB,colon,-0.3439021205648777,COAD,1,background_organ_value
MAOB,stomach,-0.21593677110344753,STAD,1,background_organ_value
MAOB,colon,2.1018141822168483,COAD,1,background_organ_value
MAOB,esophagus,1.579917016998943,ESCA,1,background_organ_value
MAOB,stomach,1.1641372579998093,STAD,1,background_organ_value
MAOB,liver,-0.21231997421343457,LIHC,1,background_organ_value
MAOB,breast,-0.6860453216459346,BRCA,1,background_organ_value
MAOB,esophagus,-0.7103206947766799,ESCA,1,background_organ_value
MAOB,lung,-0.09810162095330414,LUAD;LUSC,2,background_organ_value
MAOB,prostate,-0.24439920318606295,PRAD,1,background_organ_value
MAOB,stomach,-1.0529658603529517,STAD,1,background_organ_value
MAOB,stomach,-0.17796828581224722,STAD,1,background_organ_value
MAOB,colon,0.3102129860260243,COAD,1,background_organ_value
MAOB,esophagus,-0.0988073188159606,ESCA,1,background_organ_value
MAOB,lung,0.28790249944751234,LUAD;LUSC,2,background_organ_value
MAOB,stomach,-0.27745546849697345,STAD,1,background_organ_value
MAOB,esophagus,-0.602682352778446,ESCA,1,background_organ_value
MAOB,lung,-0.2827685335912911,LUAD;LUSC,2,background_organ_value
MAOB,prostate,-0.4038481836059887,PRAD,1,background_organ_value
MAOB,stomach,-0.3425390468510738,STAD,1,background_organ_value
MAOB,stomach,0.29278445143105947,STAD,1,background_organ_value
MAOB,breast,0.177759541377963,BRCA,1,background_organ_value
MAOB,lung,-0.46703577369466426,LUAD,1,background_organ_value
MAOB,stomach,-0.5039551621073586,STAD,1,background_organ_value
MAOB,breast,-0.3148946433320805,BRCA,1,background_organ_value
MAOB,liver,-0.42227868929474255,LIHC,1,background_organ_value
MAOB,stomach,-0.48712125401991896,STAD,1,background_organ_value
MAOB,kidney,0.00533441892782257,KICH;KIRC;KIRP,3,background_organ_value
MAOB,thyroid,-0.3118726023922276,THCA,1,background_organ_value
MAOB,breast,0.1850170373132865,BRCA,1,background_organ_value
MAOB,colon,0.9109747143171144,COAD,1,background_organ_value
MAOB,kidney,0.3855877170272207,KICH;KIRC,2,background_organ_value
MAOB,liver,-1.1561707130679493,LIHC,1,background_organ_value
MAOB,prostate,-0.4639535430631421,PRAD,1,background_organ_value
MAOB,esophagus,-0.35584552545309217,ESCA,1,background_organ_value
MAOB,stomach,-0.4716131933162481,STAD,1,background_organ_value
MAOB,breast,-0.11193457641590704,BRCA,1,background_organ_value
MAOB,colon,0.20014418194556355,COAD,1,background_organ_value
MAOB,lung,0.27634287798737717,LUAD;LUSC,2,background_organ_value
MAOB,prostate,-0.09324492601486394,PRAD,1,background_organ_value
MAOB,stomach,0.13355977435998315,STAD,1,background_organ_value
MAOB,breast,0.3278531093884418,BRCA,1,background_organ_value
MAOB,kidney,0.5699790996114917,KIRP,1,background_organ_value
MAOB,breast,-0.26285993828201404,BRCA,1,background_organ_value
MAOB,colon,0.01278558614454497,COAD,1,background_organ_value
MAOB,kidney,0.3345412198231482,KICH;KIRC;KIRP,3,background_organ_value
MAOB,prostate,-0.2140981850791993,PRAD,1,background_organ_value
MAOB,stomach,0.4867320133788089,STAD,1,background_organ_value
MAOB,breast,0.16032860559062134,BRCA,1,background_organ_value
MAOB,colon,-0.7907585573504203,COAD,1,background_organ_value
MAOB,esophagus,0.1531237585953729,ESCA,1,background_organ_value
MAOB,kidney,0.05776053002302286,KICH;KIRC;KIRP,3,background_organ_value
MAOB,lung,0.2523967337756061,LUAD;LUSC,2,background_organ_value
MAOB,prostate,-0.010218377612699,PRAD,1,background_organ_value
MAOB,stomach,0.04367912760713367,STAD,1,background_organ_value
MAOB,breast,-0.536713056920868,BRCA,1,background_organ_value
MAOB,colon,-0.2396325286723576,COAD,1,background_organ_value
MAOB,esophagus,0.0154656922845076,ESCA,1,background_organ_value
MAOB,kidney,0.03896434312352068,KICH;KIRC;KIRP,3,background_organ_value
MAOB,lung,-0.5156781997504689,LUAD;LUSC,2,background_organ_value
MAOB,prostate,-0.4130180132323951,PRAD,1,background_organ_value
MAOB,stomach,0.00947555974251112,STAD,1,background_organ_value
MAOB,thyroid,-0.3411812422691362,THCA,1,background_organ_value
MAOB,breast,-0.6951637482152897,BRCA,1,background_organ_value
MAOB,colon,-0.0713018470737131,COAD,1,background_organ_value
MAOB,esophagus,-0.29303831808495195,ESCA,1,background_organ_value
MAOB,kidney,0.3708346152241548,KICH;KIRC;KIRP,3,background_organ_value
MAOB,lung,-0.19740693964329972,LUAD;LUSC,2,background_organ_value
MAOB,prostate,-0.22379037615980077,PRAD,1,background_organ_value
MAOB,liver,-0.5432430221588488,LIHC,1,background_organ_value
MAOB,thyroid,0.1910957109092834,THCA,1,background_organ_value
MAOB,breast,-0.8378045792319737,BRCA,1,background_organ_value
MAOB,esophagus,-0.40745035330529833,ESCA,1,background_organ_value
MAOB,lung,-0.3247522409738168,LUAD;LUSC,2,background_organ_value
MAOB,prostate,-0.6532798311383659,PRAD,1,background_organ_value
MAOB,stomach,-0.5948339770026941,STAD,1,background_organ_value
MAOB,esophagus,-0.944399214994688,ESCA,1,background_organ_value
MAOB,lung,-0.716189979386022,LUAD;LUSC,2,background_organ_value
MAOB,stomach,-1.0202961936696244,STAD,1,background_organ_value
MAOB,liver,-1.2988365253676646,LIHC,1,background_organ_value
MAOB,breast,-0.03252946409307338,BRCA,1,background_organ_value
MAOB,esophagus,0.20372889125624125,ESCA,1,background_organ_value
MAOB,prostate,0.10009480259610308,PRAD,1,background_organ_value
MAOB,stomach,0.0568168687872607,STAD,1,background_organ_value
MAOB,liver,-0.20863666084292157,LIHC,1,background_organ_value
MAOB,prostate,-0.21060968005494823,PRAD,1,background_organ_value
MAOB,stomach,-0.7093077675217452,STAD,1,background_organ_value
MAOB,colon,-1.8545399040603796,COAD,1,background_organ_value
MAOB,esophagus,-2.2101351455750673,ESCA,1,background_organ_value
MAOB,lung,-0.6656635775528664,LUAD;LUSC,2,background_organ_value
MAOB,stomach,-1.3490313686355588,STAD,1,background_organ_value
MAOB,colon,-0.5067381172823994,COAD,1,background_organ_value
MAOB,esophagus,-0.09669202023126253,ESCA,1,background_organ_value
MAOB,liver,-0.8635455144588814,LIHC,1,background_organ_value
MAOB,kidney,0.6184624337843947,KICH;KIRC;KIRP,3,background_organ_value
MAOB,liver,0.31101879476291877,LIHC,1,background_organ_value
MAOB,colon,-0.02393567532096394,COAD,1,background_organ_value
MAOB,breast,0.534985610084052,BRCA,1,background_organ_value
MAOB,colon,0.05177660896163295,COAD,1,background_organ_value
MAOB,esophagus,0.3062429180319118,ESCA,1,background_organ_value
MAOB,kidney,0.31485021597950796,KICH;KIRC,2,background_organ_value
MAOB,lung,0.5840069783924708,LUAD;LUSC,2,background_organ_value
MAOB,prostate,0.07699088378163343,PRAD,1,background_organ_value
MAOB,liver,-1.885070328567336,LIHC,1,background_organ_value
MAOB,colon,-1.6425976548894976,COAD,1,background_organ_value
MAOB,kidney,-0.3120847373287125,KICH;KIRC;KIRP,3,background_organ_value
MAOB,liver,0.9050222404522844,LIHC,1,background_organ_value
MAOB,colon,1.4623756581100318,COAD,1,background_organ_value
MAOB,esophagus,0.6353094856690953,ESCA,1,background_organ_value
MAOB,liver,0.06224873347547821,LIHC,1,background_organ_value
MAOB,lung,1.8660128199945674,LUAD;LUSC,2,background_organ_value
MAOB,thyroid,0.9407600224932208,THCA,1,background_organ_value
MAOB,colon,0.5478166380464163,COAD,1,background_organ_value
MAOB,kidney,1.0657907819015178,KICH,1,background_organ_value
MAOB,stomach,-0.24116351091348864,STAD,1,background_organ_value
MAOB,stomach,0.29959677211627833,STAD,1,background_organ_value
MAOB,thyroid,-0.17938754755995245,THCA,1,background_organ_value
MAOB,breast,0.5656781160907919,BRCA,1,background_organ_value
MAOB,prostate,0.381488757381343,PRAD,1,background_organ_value
MAOB,kidney,0.3083824700614192,KICH;KIRC;KIRP,3,background_organ_value
MAOB,lung,0.02080058513605701,LUAD;LUSC,2,background_organ_value
MAOB,prostate,-0.06472178981610352,PRAD,1,background_organ_value
MAOB,liver,0.05419980126980917,LIHC,1,background_organ_value
MAOB,breast,-0.4416384059988313,BRCA,1,background_organ_value
MAOB,esophagus,-0.27133843168179383,ESCA,1,background_organ_value
MAOB,colon,1.070768795562477,COAD,1,background_organ_value
MAOB,lung,1.4740477230458573,LUAD;LUSC,2,background_organ_value
MAOB,stomach,1.159035105941713,STAD,1,background_organ_value
MAOB,stomach,-0.5507261020571673,STAD,1,background_organ_value
MAOB,liver,-0.15511061116445948,LIHC,1,background_organ_value
MAOB,kidney,0.36608984596490274,KICH;KIRC;KIRP,3,background_organ_value
MAOB,stomach,-1.9264240082464337,STAD,1,background_organ_value
MAOB,kidney,0.36655314224175783,KIRC;KIRP,2,background_organ_value
MAOB,liver,0.08861753311094785,LIHC,1,background_organ_value
MAOB,liver,0.23831416123602495,LIHC,1,background_organ_value
MAOB,liver,0.721002054972353,LIHC,1,background_organ_value
MAOB,breast,-0.06704400190252761,BRCA,1,background_organ_value
MAOB,kidney,-0.17300310163426097,KIRC;KIRP,2,background_organ_value
MAOB,liver,-0.20471249802559963,LIHC,1,background_organ_value
MAOB,breast,-0.22958668648974156,BRCA,1,background_organ_value
MAOB,colon,-0.8824576427177324,COAD,1,background_organ_value
MAOB,esophagus,-0.2555717640469914,ESCA,1,background_organ_value
MAOB,kidney,-0.03902724841731459,KICH;KIRC;KIRP,3,background_organ_value
MAOB,liver,-0.12207235418207137,LIHC,1,background_organ_value
MAOB,lung,0.1162915978615628,LUAD;LUSC,2,background_organ_value
MAOB,prostate,-0.05387399315730245,PRAD,1,background_organ_value
MAOB,breast,0.26491660326205496,BRCA,1,background_organ_value
MAOB,stomach,0.7167296967163277,STAD,1,background_organ_value
MAOB,thyroid,0.8935550165007504,THCA,1,background_organ_value
MAOB,kidney,-0.7771975850817614,KICH;KIRC;KIRP,3,background_organ_value
MAOB,liver,-0.6948517810199915,LIHC,1,background_organ_value
MAOB,breast,-0.1460065870099653,BRCA,1,background_organ_value
MAOB,colon,-0.4327374904588208,COAD,1,background_organ_value
MAOB,esophagus,-0.594327724509739,ESCA,1,background_organ_value
MAOB,kidney,-0.7240618637271169,KICH;KIRC;KIRP,3,background_organ_value
MAOB,liver,-0.9270397666607808,LIHC,1,background_organ_value
MAOB,lung,-0.5382912334199458,LUAD;LUSC,2,background_organ_value
MAOB,prostate,-0.11378129657019176,PRAD,1,background_organ_value
MAOB,stomach,0.2966241746705251,STAD,1,background_organ_value
MAOB,esophagus,-0.09839898826342618,ESCA,1,background_organ_value
MAOB,liver,1.3606608057630396,LIHC,1,background_organ_value
MAOB,esophagus,0.1082356358940464,ESCA,1,background_organ_value
MAOB,stomach,0.19999783552829953,STAD,1,background_organ_value
MAOB,kidney,-1.7109024783498832,KIRP,1,background_organ_value
MAOB,liver,-2.137745955713474,LIHC,1,background_organ_value
MAOB,esophagus,-0.28632896027560967,ESCA,1,background_organ_value
MAOB,kidney,-0.05198421536984497,KICH;KIRC;KIRP,3,background_organ_value
MAOB,prostate,-0.21503656998543955,PRAD,1,background_organ_value
MAOB,breast,0.04449023970731995,BRCA,1,background_organ_value
MAOB,kidney,-0.1287140637975965,KICH;KIRC;KIRP,3,background_organ_value
MAOB,lung,-0.18517944010116333,LUAD;LUSC,2,background_organ_value
MAOB,kidney,1.0260848811503052,KIRC;KIRP,2,background_organ_value
MAOB,liver,0.4045389523074054,LIHC,1,background_organ_value
MAOB,breast,0.32756642024058885,BRCA,1,background_organ_value
MAOB,kidney,0.24773493525639284,KICH;KIRC;KIRP,3,background_organ_value
MAOB,liver,0.3645572120830016,LIHC,1,background_organ_value
MAOB,prostate,0.15648512218535876,PRAD,1,background_organ_value
MAOB,liver,0.6299013933571002,LIHC,1,background_organ_value
MAOB,breast,0.6123219185139734,BRCA,1,background_organ_value
MAOB,colon,1.2066423039217613,COAD,1,background_organ_value
MAOB,kidney,0.2450945576100834,KICH;KIRC;KIRP,3,background_organ_value
MAOB,lung,0.9796353017158215,LUAD;LUSC,2,background_organ_value
MAOB,prostate,0.21381777192584037,PRAD,1,background_organ_value
MAOB,thyroid,-1.2469226845613397,THCA,1,background_organ_value
MAOB,breast,-0.01191487374768967,BRCA,1,background_organ_value
MAOB,stomach,0.7849572283567101,STAD,1,background_organ_value
MAOB,colon,0.769881144157701,COAD,1,background_organ_value
MAOB,esophagus,0.5387524982913955,ESCA,1,background_organ_value
MAOB,lung,0.7538656409057467,LUAD;LUSC,2,background_organ_value
MAOB,prostate,0.21740161796580904,PRAD,1,background_organ_value
MAOB,breast,0.4726450339150707,BRCA,1,background_organ_value
MAOB,colon,1.0470820401320622,COAD,1,background_organ_value
MAOB,esophagus,0.0438501493602282,ESCA,1,background_organ_value
MAOB,kidney,0.36522275063068743,KICH;KIRC;KIRP,3,background_organ_value
MAOB,liver,0.0994114849860001,LIHC,1,background_organ_value
MAOB,lung,0.49277876670994025,LUAD;LUSC,2,background_organ_value
MAOB,prostate,0.22968457536640335,PRAD,1,background_organ_value
MAOB,stomach,0.369924110861045,STAD,1,background_organ_value
MAOB,breast,0.7047459215622471,BRCA,1,background_organ_value
MAOB,colon,0.336232090503378,COAD,1,background_organ_value
MAOB,kidney,0.5722222172278971,KICH;KIRC;KIRP,3,background_organ_value
MAOB,prostate,0.11591665548519398,PRAD,1,background_organ_value
MAOB,stomach,0.27026465010379797,STAD,1,background_organ_value
MAOB,breast,0.9435526660603852,BRCA,1,background_organ_value
MAOB,lung,-0.8198420457704836,LUAD;LUSC,2,background_organ_value
MAOB,prostate,0.1736739384244233,PRAD,1,background_organ_value
MAOB,stomach,-0.3928203768735856,STAD,1,background_organ_value
MAOB,breast,0.1358181366871764,BRCA,1,background_organ_value
MAOB,colon,1.4888619559832954,COAD,1,background_organ_value
MAOB,esophagus,1.234040553840686,ESCA,1,background_organ_value
MAOB,kidney,-0.594659486054585,KICH;KIRC;KIRP,3,background_organ_value
MAOB,liver,0.02948121849314444,LIHC,1,background_organ_value
MAOB,kidney,-1.1120815150622188,KICH,1,background_organ_value
MAOB,liver,-1.5881371298386555,LIHC,1,background_organ_value
MAOB,breast,0.4804919669890138,BRCA,1,background_organ_value
MAOB,prostate,0.02404446490414401,PRAD,1,background_organ_value
MAOB,esophagus,-1.2977499183240406,ESCA,1,background_organ_value
MAOB,stomach,-1.0478062075916608,STAD,1,background_organ_value
MAOB,kidney,0.5096279934187066,KIRP,1,background_organ_value
MAOB,liver,0.09907516226407506,LIHC,1,background_organ_value
MAOB,liver,-0.271834552025273,LIHC,1,background_organ_value
MAOB,breast,-0.8404060780643724,BRCA,1,background_organ_value
MAOB,colon,0.4631642544302359,COAD,1,background_organ_value
MAOB,lung,-0.4234784071137545,LUAD;LUSC,2,background_organ_value
MAOB,breast,0.8518409515514059,BRCA,1,background_organ_value
MAOB,esophagus,1.7115220126281137,ESCA,1,background_organ_value
MAOB,kidney,1.1033441111054958,KICH;KIRC;KIRP,3,background_organ_value
MAOB,stomach,0.95220928738323,STAD,1,background_organ_value
MAOB,colon,-1.102829016818562,COAD,1,background_organ_value
MAOB,esophagus,-2.11835674534724,ESCA,1,background_organ_value
MAOB,liver,0.04054280236299705,LIHC,1,background_organ_value
MAOB,esophagus,0.02812542393697175,ESCA,1,background_organ_value
MAOB,kidney,0.0869176609185127,KICH;KIRC;KIRP,3,background_organ_value
MAOB,lung,0.14218207054451268,LUAD;LUSC,2,background_organ_value
MAOB,prostate,0.3203266832140843,PRAD,1,background_organ_value
MAOB,breast,0.5664111657190347,BRCA,1,background_organ_value
MAOB,colon,0.4283777202291013,COAD,1,background_organ_value
MAOB,esophagus,0.18769219589878847,ESCA,1,background_organ_value
MAOB,kidney,0.39114004704564653,KICH;KIRC;KIRP,3,background_organ_value
MAOB,lung,0.7106118505180246,LUAD;LUSC,2,background_organ_value
MAOB,prostate,-0.1593748238754166,PRAD,1,background_organ_value
MAOB,stomach,-0.22235539481154676,STAD,1,background_organ_value
MAOB,stomach,0.24854384348452868,STAD,1,background_organ_value
MAOB,breast,0.19199661608388385,BRCA,1,background_organ_value
MAOB,colon,0.14633639806342602,COAD,1,background_organ_value
MAOB,prostate,-0.10936983426349102,PRAD,1,background_organ_value
MAOB,stomach,-0.03052604614990336,STAD,1,background_organ_value
MAOB,thyroid,0.25921030749773505,THCA,1,background_organ_value
MAOB,breast,-0.17792242755508064,BRCA,1,background_organ_value
MAOB,prostate,-0.12842863283857825,PRAD,1,background_organ_value
MAOB,breast,-0.7209316643965913,BRCA,1,background_organ_value
MAOB,colon,-0.26023455004577495,COAD,1,background_organ_value
MAOB,esophagus,-0.3225257698930582,ESCA,1,background_organ_value
MAOB,liver,0.0925153123242852,LIHC,1,background_organ_value
MAOB,prostate,0.3202877600656946,PRAD,1,background_organ_value
MAOB,liver,0.30598955498048414,LIHC,1,background_organ_value
MAOB,colon,0.560501163503179,COAD,1,background_organ_value
MAOB,esophagus,-0.3473658812047179,ESCA,1,background_organ_value
MAOB,stomach,-0.07040814956131938,STAD,1,background_organ_value
MAOB,colon,-0.47365285762938353,COAD,1,background_organ_value
MAOB,esophagus,-0.03429514870136219,ESCA,1,background_organ_value
MAOB,lung,0.13185059119860318,LUAD;LUSC,2,background_organ_value
MAOB,stomach,-0.22582595128306884,STAD,1,background_organ_value
MAOB,breast,-0.06001976247962268,BRCA,1,background_organ_value
MAOB,kidney,-0.2041936806419852,KICH,1,background_organ_value
MAOB,colon,0.6962445061540325,COAD,1,background_organ_value
MAOB,breast,0.413604952796688,BRCA,1,background_organ_value
MAOB,lung,0.43433662785175486,LUAD;LUSC,2,background_organ_value
MAOB,prostate,-0.02669781193983132,PRAD,1,background_organ_value
MAOB,stomach,0.08947200813938307,STAD,1,background_organ_value
MAOB,breast,0.1650895693725957,BRCA,1,background_organ_value
MAOB,kidney,1.1748713876951906,KICH;KIRC;KIRP,3,background_organ_value
MAOB,liver,-0.291622293381995,LIHC,1,background_organ_value
MAOB,prostate,-0.3425854132390691,PRAD,1,background_organ_value
MAOB,breast,0.24073958600765205,BRCA,1,background_organ_value
MAOB,lung,0.5114734427598492,LUAD;LUSC,2,background_organ_value
MAOB,prostate,0.2932819432025516,PRAD,1,background_organ_value
MAOB,breast,-0.4480208853765877,BRCA,1,background_organ_value
MAOB,esophagus,-0.7776535009200363,ESCA,1,background_organ_value
MAOB,kidney,0.27456732015952506,KICH;KIRC;KIRP,3,background_organ_value
MAOB,liver,-0.5789165216779919,LIHC,1,background_organ_value
MAOB,prostate,-1.2386028508457878,PRAD,1,background_organ_value
MAOB,stomach,-0.5457433802157231,STAD,1,background_organ_value
MAOB,lung,-0.2801632120899201,LUSC,1,background_organ_value
MAOB,stomach,0.43054253714926266,STAD,1,background_organ_value
MAOB,breast,-0.0906080050439456,BRCA,1,background_organ_value
MAOB,stomach,0.3692691374334091,STAD,1,background_organ_value
MAOB,thyroid,0.7021168615920685,THCA,1,background_organ_value
MAOB,liver,-1.3537167677797592,LIHC,1,background_organ_value
MAOB,breast,0.39021059828333565,BRCA,1,background_organ_value
MAOB,kidney,0.7081872139907341,KICH;KIRC;KIRP,3,background_organ_value
MAOB,liver,0.3575371011247979,LIHC,1,background_organ_value
MAOB,lung,0.5618509166854981,LUAD;LUSC,2,background_organ_value
MAOB,prostate,0.6439291039427716,PRAD,1,background_organ_value
MAOB,breast,-0.8702577670853238,BRCA,1,background_organ_value
MAOB,kidney,-0.06848283100218672,KICH;KIRC;KIRP,3,background_organ_value
MAOB,stomach,-0.35488076925371764,STAD,1,background_organ_value
MAOB,breast,-0.7916667512760739,BRCA,1,background_organ_value
MAOB,breast,-0.02692417636331982,BRCA,1,background_organ_value
MAOB,kidney,-0.22978986866397907,KIRC;KIRP,2,background_organ_value
MAOB,thyroid,-0.25443729816292965,THCA,1,background_organ_value
MAOB,stomach,0.20238235933967924,STAD,1,background_organ_value
MAOB,liver,-0.12829879486908052,LIHC,1,background_organ_value
MAOB,breast,1.0206165831934504,BRCA,1,background_organ_value
MAOB,esophagus,0.31555624278220273,ESCA,1,background_organ_value
MAOB,kidney,0.4567936493624357,KICH;KIRC;KIRP,3,background_organ_value
MAOB,liver,0.20570336465668523,LIHC,1,background_organ_value
MAOB,prostate,0.3414823292241981,PRAD,1,background_organ_value
MAOB,colon,0.9715500699074822,COAD,1,background_organ_value
MAOB,lung,0.8023662284592603,LUAD;LUSC,2,background_organ_value
MAOB,prostate,-0.1434125241412121,PRAD,1,background_organ_value
MAOB,stomach,0.99649997247352,STAD,1,background_organ_value
MAOB,colon,-0.2597274793310775,COAD,1,background_organ_value
MAOB,esophagus,0.3374303491833167,ESCA,1,background_organ_value
MAOB,lung,-0.6926164544490483,LUAD,1,background_organ_value
MAOB,colon,0.16098959888094969,COAD,1,background_organ_value
MAOB,esophagus,-0.1148921032848187,ESCA,1,background_organ_value
MAOB,lung,0.22041176564411763,LUAD;LUSC,2,background_organ_value
MAOB,breast,0.7369906794597221,BRCA,1,background_organ_value
MAOB,colon,0.1525298849534028,COAD,1,background_organ_value
MAOB,esophagus,-0.01487265234547862,ESCA,1,background_organ_value
MAOB,kidney,-0.15112516652494232,KICH;KIRC;KIRP,3,background_organ_value
MAOB,prostate,0.268192727355514,PRAD,1,background_organ_value
MAOB,breast,-0.09045968020927742,BRCA,1,background_organ_value
MAOB,kidney,0.05283466238617251,KICH;KIRC;KIRP,3,background_organ_value
MAOB,prostate,-0.21107393645824804,PRAD,1,background_organ_value
MAOB,stomach,0.4198490180250752,STAD,1,background_organ_value
MAOB,kidney,-0.36593143501967146,KICH;KIRC;KIRP,3,background_organ_value
MAOB,breast,0.5013293824075332,BRCA,1,background_organ_value
MAOB,esophagus,-0.6290444983801619,ESCA,1,background_organ_value
MAOB,liver,-0.08899429245333952,LIHC,1,background_organ_value
MAOB,lung,0.64642723709013306,LUAD;LUSC,2,background_organ_value
MAOB,stomach,-0.48170238913558,STAD,1,background_organ_value
MAOB,liver,-0.02705174525370452,LIHC,1,background_organ_value
MAOB,esophagus,1.1670202648885006,ESCA,1,background_organ_value
MAOB,prostate,-0.38348836607777503,PRAD,1,background_organ_value
MAOB,liver,-0.01235214211552945,LIHC,1,background_organ_value
MAOB,kidney,0.2186555102177355,KICH;KIRC;KIRP,3,background_organ_value
MAOB,kidney,-1.120801423496684,KIRC;KIRP,2,background_organ_value
MAOB,breast,-0.7527235798872653,BRCA,1,background_organ_value
MAOB,kidney,-0.556442700134968,KICH;KIRC;KIRP,3,background_organ_value
MAOB,liver,-0.5294284273663117,LIHC,1,background_organ_value
MAOB,prostate,-0.3582627105314817,PRAD,1,background_organ_value
MAOB,colon,0.2377131393354168,COAD,1,background_organ_value
MAOB,liver,-0.13396264184538947,LIHC,1,background_organ_value
MAOB,breast,-0.00378008879962292,BRCA,1,background_organ_value
MAOB,esophagus,0.28137711778970076,ESCA,1,background_organ_value
MAOB,prostate,0.3168224435068854,PRAD,1,background_organ_value
MAOB,colon,0.6559469718823672,COAD,1,background_organ_value
MAOB,colon,0.1544979545717887,COAD,1,background_organ_value
MAOB,esophagus,-0.16505633101959122,ESCA,1,background_organ_value
MAOB,kidney,0.1916877718009055,KICH,1,background_organ_value
MAOB,liver,0.09749979709439302,LIHC,1,background_organ_value
MAOB,breast,-1.2822570679101442,BRCA,1,background_organ_value
MAOB,kidney,1.3773754950157664,KICH;KIRC;KIRP,3,background_organ_value
MAOB,liver,-0.6415879957629745,LIHC,1,background_organ_value
MAOB,lung,-0.9269643418823095,LUAD;LUSC,2,background_organ_value
MAOB,stomach,0.4557874012039416,STAD,1,background_organ_value
MAOB,thyroid,0.2481924573188383,THCA,1,background_organ_value
MAOB,kidney,-0.14897917003851885,KICH;KIRC;KIRP,3,background_organ_value
MAOB,breast,-0.716238943333845,BRCA,1,background_organ_value
MAOB,colon,-2.14098802138905,COAD,1,background_organ_value
MAOB,lung,0.10099618017947065,LUAD;LUSC,2,background_organ_value
MAOB,stomach,-1.3524954128398383,STAD,1,background_organ_value
MAOB,liver,-0.8655703310288647,LIHC,1,background_organ_value
MAOB,breast,0.5180429978842962,BRCA,1,background_organ_value
MAOB,colon,1.0093893371941476,COAD,1,background_organ_value
MAOB,kidney,-0.21982392526756775,KICH;KIRC;KIRP,3,background_organ_value
MAOB,lung,1.0126051658201458,LUAD;LUSC,2,background_organ_value
MAOB,prostate,0.08364041981229665,PRAD,1,background_organ_value
MAOB,stomach,0.5414291804569926,STAD,1,background_organ_value
MAOB,esophagus,0.4293586186195901,ESCA,1,background_organ_value
MAOB,liver,-0.442530894944339,LIHC,1,background_organ_value
MAOB,colon,1.4504129209647605,COAD,1,background_organ_value
MAOB,kidney,0.867337380541989,KICH,1,background_organ_value
MAOB,lung,0.43204790698557966,LUAD;LUSC,2,background_organ_value
MAOB,stomach,0.30489481613494607,STAD,1,background_organ_value
MAOB,liver,-0.9351368785456006,LIHC,1,background_organ_value
MAOB,breast,-0.19342984793879076,BRCA,1,background_organ_value
MAOB,kidney,-0.2604164852447587,KICH;KIRC;KIRP,3,background_organ_value
MAOB,lung,-0.9601849593006444,LUSC,1,background_organ_value
MAOB,prostate,0.31736970787731944,PRAD,1,background_organ_value
MAOB,esophagus,0.17865516566071432,ESCA,1,background_organ_value
MAOB,prostate,-0.27448818322362345,PRAD,1,background_organ_value
MAOB,kidney,-1.76058057352719,KICH,1,background_organ_value
MAOB,breast,-1.8831422936177895,BRCA,1,background_organ_value
MAOB,liver,-0.9813315105954442,LIHC,1,background_organ_value
MAOB,lung,-0.9840585735761069,LUAD;LUSC,2,background_organ_value
MAOB,prostate,-0.19891120437803583,PRAD,1,background_organ_value
MAOB,kidney,0.5273347314499165,KICH;KIRC,2,background_organ_value
MAOB,stomach,0.4093092750088536,STAD,1,background_organ_value
MAOB,thyroid,-0.24762336890866657,THCA,1,background_organ_value
MAOB,esophagus,0.4472287406743998,ESCA,1,background_organ_value
MAOB,kidney,0.10704298790746661,KICH;KIRP,2,background_organ_value
MAOB,colon,-1.0700730217877792,COAD,1,background_organ_value
MAOB,esophagus,-0.1752104738559283,ESCA,1,background_organ_value
MAOB,prostate,0.407294739047959,PRAD,1,background_organ_value
MAOB,stomach,-0.2356539756101842,STAD,1,background_organ_value
MAOB,breast,0.4108911851646342,BRCA,1,background_organ_value
MAOB,colon,0.4788378565975031,COAD,1,background_organ_value
MAOB,esophagus,0.1458233723164784,ESCA,1,background_organ_value
MAOB,kidney,0.04862132360502657,KICH;KIRC;KIRP,3,background_organ_value
MAOB,lung,0.4243975128225099,LUAD;LUSC,2,background_organ_value
MAOB,prostate,-0.19941217662381644,PRAD,1,background_organ_value
MAOB,stomach,0.05390810738247038,STAD,1,background_organ_value
MAOB,breast,-2.7595629491101987,BRCA,1,background_organ_value
MAOB,prostate,-1.2188660151626205,PRAD,1,background_organ_value
MAOB,stomach,-1.7966806687913304,STAD,1,background_organ_value
MAOB,thyroid,-0.2182675954111592,THCA,1,background_organ_value
MAOB,esophagus,-0.2702059927863692,ESCA,1,background_organ_value
MAOB,prostate,0.6992053233799903,PRAD,1,background_organ_value
MAOB,thyroid,0.5662479853688023,THCA,1,background_organ_value
MAOB,breast,-0.1024545921344884,BRCA,1,background_organ_value
MAOB,kidney,-0.5974501983719216,KIRP,1,background_organ_value
MAOB,liver,-0.5402098558306353,LIHC,1,background_organ_value
MAOB,liver,-1.0824255192447343,LIHC,1,background_organ_value
MAOB,lung,0.6989509815507402,LUAD;LUSC,2,background_organ_value
MAOB,liver,-0.5309391624244492,LIHC,1,background_organ_value
MAOB,breast,0.11740455635077553,BRCA,1,background_organ_value
MAOB,esophagus,-0.3837094008514733,ESCA,1,background_organ_value
MAOB,kidney,-0.07957996945284358,KICH;KIRC;KIRP,3,background_organ_value
MAOB,lung,0.07821541523373136,LUAD;LUSC,2,background_organ_value
MAOB,prostate,-0.2858902162533389,PRAD,1,background_organ_value
MAOB,liver,-1.171637830173952,LIHC,1,background_organ_value
MAOB,liver,-0.4670992303946646,LIHC,1,background_organ_value
MAOB,colon,0.3849414900972923,COAD,1,background_organ_value
MAOB,thyroid,0.2787694929582557,THCA,1,background_organ_value
MAOB,liver,0.182220951358976,LIHC,1,background_organ_value
MAOB,colon,0.7136551985722972,COAD,1,background_organ_value
MAOB,lung,0.00545459456178219,LUAD,1,background_organ_value
MAOB,breast,0.4963711462094055,BRCA,1,background_organ_value
MAOB,kidney,-0.07007354309908637,KICH;KIRC;KIRP,3,background_organ_value
MAOB,kidney,-0.12107910340329206,KICH;KIRC;KIRP,3,background_organ_value
MAOB,lung,-0.05850049154409957,LUAD;LUSC,2,background_organ_value
MAOB,breast,0.17093262833818945,BRCA,1,background_organ_value
MAOB,kidney,-0.06897437571397334,KICH;KIRC;KIRP,3,background_organ_value
MAOB,lung,0.016691180761646746,LUAD;LUSC,2,background_organ_value
MAOB,prostate,0.46902460105763616,PRAD,1,background_organ_value
MAOB,colon,0.554214671842775,COAD,1,background_organ_value
MAOB,stomach,0.669636221575171,STAD,1,background_organ_value
MAOB,thyroid,-1.4217513084871425,THCA,1,background_organ_value
MAOB,colon,0.1226609900686009,COAD,1,background_organ_value
MAOB,esophagus,-0.7326091623637102,ESCA,1,background_organ_value
MAOB,lung,-0.7762215332089586,LUAD;LUSC,2,background_organ_value
MAOB,stomach,-0.454432676904981,STAD,1,background_organ_value
MAOB,breast,0.7972132282035124,BRCA,1,background_organ_value
MAOB,colon,0.2926925545495801,COAD,1,background_organ_value
MAOB,kidney,0.3046267886840356,KICH;KIRC;KIRP,3,background_organ_value
MAOB,liver,-0.33249547257001666,LIHC,1,background_organ_value
MAOB,lung,0.791425706088813,LUAD;LUSC,2,background_organ_value
MAOB,prostate,0.2517187472063018,PRAD,1,background_organ_value
MAOB,colon,-0.21749817772228044,COAD,1,background_organ_value
MAOB,esophagus,-0.27228408059034065,ESCA,1,background_organ_value
MAOB,breast,0.4938773648858444,BRCA,1,background_organ_value
MAOB,lung,0.6638822537042222,LUAD;LUSC,2,background_organ_value
MAOB,prostate,0.3907670789643067,PRAD,1,background_organ_value
MAOB,stomach,0.4655217979828946,STAD,1,background_organ_value
MAOB,colon,-0.4405684493000232,COAD,1,background_organ_value
MAOB,lung,-0.06747479689802896,LUAD;LUSC,2,background_organ_value
MAOB,stomach,0.3333762639585203,STAD,1,background_organ_value
MAOB,colon,-1.238688367988308,COAD,1,background_organ_value
MAOB,esophagus,-0.6435239944397385,ESCA,1,background_organ_value
MAOB,prostate,-0.1136590119469229,PRAD,1,background_organ_value
MAOB,stomach,-0.8555472145222806,STAD,1,background_organ_value
MAOB,breast,0.7605281621441825,BRCA,1,background_organ_value
MAOB,colon,0.21703626861390163,COAD,1,background_organ_value
MAOB,kidney,-0.06069124047951031,KICH;KIRC;KIRP,3,background_organ_value
MAOB,prostate,0.3654319448438042,PRAD,1,background_organ_value
MAOB,kidney,-1.0640304623777,KICH;KIRC;KIRP,3,background_organ_value
MAOB,prostate,0.07288159517450439,PRAD,1,background_organ_value
MAOB,breast,-0.07395922836166009,BRCA,1,background_organ_value
MAOB,kidney,0.5542788995306198,KICH;KIRC;KIRP,3,background_organ_value
MAOB,lung,0.5192817741238813,LUAD;LUSC,2,background_organ_value
MAOB,prostate,0.4935738829356059,PRAD,1,background_organ_value
MAOB,colon,-0.1780165537644477,COAD,1,background_organ_value
MAOB,esophagus,0.08533517771560332,ESCA,1,background_organ_value
MAOB,lung,0.3179808622797365,LUAD;LUSC,2,background_organ_value
MAOB,prostate,0.10024906059509,PRAD,1,background_organ_value
MAOB,stomach,0.02189943544032887,STAD,1,background_organ_value
MAOB,liver,0.1894396353853269,LIHC,1,background_organ_value
MAOB,liver,-0.7032251267516327,LIHC,1,background_organ_value
MAOB,breast,-0.4290307655617563,BRCA,1,background_organ_value
MAOB,esophagus,-0.865665787354905,ESCA,1,background_organ_value
MAOB,stomach,-0.9356367681412175,STAD,1,background_organ_value
MAOB,breast,-0.09986992181150715,BRCA,1,background_organ_value
MAOB,kidney,0.6905129805600045,KICH;KIRC;KIRP,3,background_organ_value
MAOB,liver,-0.17413576612183454,LIHC,1,background_organ_value
MAOB,lung,-0.5151918027610896,LUAD;LUSC,2,background_organ_value
MAOB,prostate,-0.19057877533656511,PRAD,1,background_organ_value
MAOB,thyroid,-1.0626409955237073,THCA,1,background_organ_value
MAOB,breast,0.5802193522684643,BRCA,1,background_organ_value
MAOB,kidney,0.30443483629031254,KICH;KIRC;KIRP,3,background_organ_value
MAOB,prostate,0.1984688930357437,PRAD,1,background_organ_value
MAOB,stomach,0.23264245270462952,STAD,1,background_organ_value
MAOB,breast,-0.18724844979710137,BRCA,1,background_organ_value
MAOB,kidney,-0.337882306063836,KICH;KIRC;KIRP,3,background_organ_value
MAOB,esophagus,0.34010938404211977,ESCA,1,background_organ_value
MAOB,stomach,0.05298891068567443,STAD,1,background_organ_value
MAOB,liver,-0.5622535106931036,LIHC,1,background_organ_value
MAOB,kidney,-0.4895212154368862,KICH;KIRC;KIRP,3,background_organ_value
MAOB,liver,-0.6102074130792837,LIHC,1,background_organ_value
MAOB,liver,-0.5508598258649898,LIHC,1,background_organ_value
MAOB,colon,-0.4659173591503199,COAD,1,background_organ_value
MAOB,kidney,0.6187368776024937,KICH;KIRC,2,background_organ_value
MAOB,breast,0.4899963765492761,BRCA,1,background_organ_value
MAOB,kidney,1.42067898487051,KICH;KIRC;KIRP,3,background_organ_value
MAOB,liver,-0.15795404462656115,LIHC,1,background_organ_value
MAOB,prostate,-0.16558571910305847,PRAD,1,background_organ_value
MAOB,colon,0.28892353100313606,COAD,1,background_organ_value
MAOB,esophagus,0.06752681040502759,ESCA,1,background_organ_value
MAOB,breast,0.23680609406412664,BRCA,1,background_organ_value
MAOB,colon,0.3810443460081299,COAD,1,background_organ_value
MAOB,esophagus,0.13562892078235186,ESCA,1,background_organ_value
MAOB,kidney,0.41222733078910656,KICH;KIRC;KIRP,3,background_organ_value
MAOB,lung,0.4513876270994496,LUAD;LUSC,2,background_organ_value
MAOB,prostate,-0.01071604044462667,PRAD,1,background_organ_value
MAOB,esophagus,-0.2028354855523296,ESCA,1,background_organ_value
MAOB,liver,0.33563642121550896,LIHC,1,background_organ_value
MAOB,colon,0.8200386786439282,COAD,1,background_organ_value
MAOB,kidney,-0.9252742894096716,KICH,1,background_organ_value
MAOB,lung,0.8254590882629271,LUAD;LUSC,2,background_organ_value
MAOB,breast,0.5648209941223632,BRCA,1,background_organ_value
MAOB,colon,1.16227229801855,COAD,1,background_organ_value
MAOB,kidney,0.31127482613355084,KICH;KIRC;KIRP,3,background_organ_value
MAOB,lung,1.0895805267697474,LUAD;LUSC,2,background_organ_value
MAOB,prostate,0.6055006002611668,PRAD,1,background_organ_value
MAOB,stomach,0.9224681326990988,STAD,1,background_organ_value
MAOB,breast,0.24723324382887396,BRCA,1,background_organ_value
MAOB,kidney,0.14012183162045633,KICH;KIRC;KIRP,3,background_organ_value
MAOB,liver,0.3674142814463222,LIHC,1,background_organ_value
MAOB,prostate,0.27483452083031656,PRAD,1,background_organ_value
MAOB,breast,0.3634520152810696,BRCA,1,background_organ_value
MAOB,kidney,0.05306325988855277,KICH;KIRC;KIRP,3,background_organ_value
MAOB,liver,-0.04412442394205961,LIHC,1,background_organ_value
MAOB,colon,-0.9866799083909834,COAD,1,background_organ_value
MAOB,liver,0.05861472577762221,LIHC,1,background_organ_value
MAOB,breast,0.9798719401155978,BRCA,1,background_organ_value
MAOB,kidney,0.018473748774102294,KIRC;KIRP,2,background_organ_value
MAOB,liver,-0.1789043263918116,LIHC,1,background_organ_value
MAOB,liver,0.12408796666220988,LIHC,1,background_organ_value
MAOB,colon,0.0737696257626499,COAD,1,background_organ_value
MAOB,esophagus,-0.2236098772032714,ESCA,1,background_organ_value
MAOB,lung,-0.10393674083424512,LUAD;LUSC,2,background_organ_value
MAOB,stomach,-1.0693142369289943,STAD,1,background_organ_value
MAOB,colon,0.04760653833350092,COAD,1,background_organ_value
MAOB,colon,0.12689334432043525,COAD,1,background_organ_value
MAOB,colon,0.11959932029891245,COAD,1,background_organ_value
MAOB,thyroid,0.10836704928825672,THCA,1,background_organ_value
MAOB,breast,0.30634750302459757,BRCA,1,background_organ_value
MAOB,lung,1.2298977310423944,LUAD;LUSC,2,background_organ_value
MAOB,prostate,-0.19022605478417623,PRAD,1,background_organ_value
MAOB,breast,0.3662687843133108,BRCA,1,background_organ_value
MAOB,esophagus,0.13083926033949345,ESCA,1,background_organ_value
MAOB,kidney,0.11124810816867182,KICH;KIRC;KIRP,3,background_organ_value
MAOB,lung,0.34828748108932167,LUSC,1,background_organ_value
MAOB,prostate,0.11899828906456172,PRAD,1,background_organ_value
MAOB,esophagus,0.1842885356049038,ESCA,1,background_organ_value
MAOB,liver,-0.04861184597122254,LIHC,1,background_organ_value
MAOB,lung,-0.1794179294023896,LUAD;LUSC,2,background_organ_value
MAOB,prostate,-0.09325525700430856,PRAD,1,background_organ_value
MAOB,thyroid,-1.0938740750445937,THCA,1,background_organ_value
MAOB,colon,-4.6487221155906315,COAD,1,background_organ_value
MAOB,liver,-5.903509015905256,LIHC,1,background_organ_value
MAOB,breast,0.947054826526929,BRCA,1,background_organ_value
MAOB,esophagus,0.32995864513439604,ESCA,1,background_organ_value
MAOB,kidney,0.06263821550036465,KICH;KIRC;KIRP,3,background_organ_value
MAOB,lung,0.6152052080114849,LUAD;LUSC,2,background_organ_value
MAOB,prostate,-0.15887182096464614,PRAD,1,background_organ_value
MAOB,breast,1.2989988965818011,BRCA,1,background_organ_value
MAOB,colon,0.6248310706745364,COAD,1,background_organ_value
MAOB,esophagus,0.181868488058796,ESCA,1,background_organ_value
MAOB,kidney,0.551014071880173,KICH;KIRC;KIRP,3,background_organ_value
MAOB,liver,0.2187427545185958,LIHC,1,background_organ_value
MAOB,lung,1.1529112518356903,LUAD;LUSC,2,background_organ_value
MAOB,colon,-0.4591063490717149,COAD,1,background_organ_value
MAOB,esophagus,-0.01312235266008972,ESCA,1,background_organ_value
MAOB,lung,-0.11189983029106423,LUAD;LUSC,2,background_organ_value
MAOB,stomach,-0.5027988233063806,STAD,1,background_organ_value
MAOB,liver,0.3789304640042532,LIHC,1,background_organ_value
MAOB,liver,-0.7047278291363633,LIHC,1,background_organ_value
MAOB,colon,0.28220601632111225,COAD,1,background_organ_value
MAOB,esophagus,-0.6190275156672446,ESCA,1,background_organ_value
MAOB,kidney,-0.4674391933376033,KICH;KIRC;KIRP,3,background_organ_value
MAOB,lung,-0.4589361394090137,LUAD;LUSC,2,background_organ_value
MAOB,stomach,-0.5460600118838571,STAD,1,background_organ_value
MAOB,colon,0.64282572668758,COAD,1,background_organ_value
MAOB,lung,0.8276184305979484,LUAD;LUSC,2,background_organ_value
MAOB,prostate,0.17826847974895155,PRAD,1,background_organ_value
MAOB,stomach,0.8606470842001048,STAD,1,background_organ_value
MAOB,stomach,0.41089059642757914,STAD,1,background_organ_value
MAOB,colon,-2.232980800068632,COAD,1,background_organ_value
MAOB,esophagus,-1.857256893134154,ESCA,1,background_organ_value
MAOB,prostate,-0.33693669030694107,PRAD,1,background_organ_value
MAOB,stomach,-1.765862308822197,STAD,1,background_organ_value
MAOB,liver,-3.558398842157174,LIHC,1,background_organ_value
MAOB,colon,0.0586419748165843,COAD,1,background_organ_value
MAOB,esophagus,0.2381142457521859,ESCA,1,background_organ_value
MAOB,breast,0.7252170961803871,BRCA,1,background_organ_value
MAOB,kidney,0.46907047085048,KICH;KIRC;KIRP,3,background_organ_value
MAOB,liver,0.13635976421035564,LIHC,1,background_organ_value
MAOB,lung,0.7385258530132424,LUAD;LUSC,2,background_organ_value
MAOB,prostate,0.2446848979680714,PRAD,1,background_organ_value
MAOB,breast,-0.3980043217283302,BRCA,1,background_organ_value
MAOB,colon,0.783472251604707,COAD,1,background_organ_value
MAOB,esophagus,0.6180180291123676,ESCA,1,background_organ_value
MAOB,kidney,-0.3429805447675496,KICH;KIRC;KIRP,3,background_organ_value
MAOB,prostate,0.3758119722716756,PRAD,1,background_organ_value
MAOB,stomach,0.8113947394830596,STAD,1,background_organ_value
MAOB,breast,0.00650517153342404,BRCA,1,background_organ_value
MAOB,kidney,-0.129669473954425,KICH;KIRC;KIRP,3,background_organ_value
MAOB,breast,0.5967026333363112,BRCA,1,background_organ_value
MAOB,breast,-0.2133737455340173,BRCA,1,background_organ_value
MAOB,esophagus,0.43674265354768266,ESCA,1,background_organ_value
MAOB,kidney,-0.3030320097118031,KICH;KIRC;KIRP,3,background_organ_value
MAOB,lung,-0.7050034420379075,LUAD;LUSC,2,background_organ_value
MAOB,prostate,-0.00574637353535789,PRAD,1,background_organ_value
MAOB,stomach,0.4868174822155485,STAD,1,background_organ_value
MAOB,breast,-0.23256112836104365,BRCA,1,background_organ_value
MAOB,kidney,0.226465177365455,KICH;KIRC;KIRP,3,background_organ_value
MAOB,liver,-0.24200104756328272,LIHC,1,background_organ_value
MAOB,prostate,0.16678988916659976,PRAD,1,background_organ_value
MAOB,breast,0.7751974989390686,BRCA,1,background_organ_value
MAOB,esophagus,-0.2385797100707397,ESCA,1,background_organ_value
MAOB,kidney,-0.03239696721309088,KIRC;KIRP,2,background_organ_value
MAOB,liver,-0.3833966368051787,LIHC,1,background_organ_value
MAOB,colon,0.742833627993686,COAD,1,background_organ_value
MAOB,esophagus,-0.6756880151875012,ESCA,1,background_organ_value
MAOB,kidney,-0.4922016243657983,KICH;KIRP,2,background_organ_value
MAOB,liver,-0.499894808068759,LIHC,1,background_organ_value
MAOB,colon,-0.212752316685679,COAD,1,background_organ_value
MAOB,esophagus,-0.18780285014261583,ESCA,1,background_organ_value
MAOB,kidney,0.6533223390325613,KICH;KIRC;KIRP,3,background_organ_value
MAOB,stomach,-0.0970695927819498,STAD,1,background_organ_value
MAOB,colon,-0.06521824918177657,COAD,1,background_organ_value
MAOB,esophagus,-0.07971511034816645,ESCA,1,background_organ_value
MAOB,stomach,-0.149828181710605,STAD,1,background_organ_value
MAOB,stomach,0.47167031037531143,STAD,1,background_organ_value
MAOB,kidney,-0.6342871083154848,KICH;KIRC;KIRP,3,background_organ_value
MAOB,liver,-0.34495743517862115,LIHC,1,background_organ_value
MAOB,lung,0.059008701577095354,LUAD;LUSC,2,background_organ_value
MAOB,liver,-0.34510058419125983,LIHC,1,background_organ_value
MAOB,esophagus,0.2961973917272282,ESCA,1,background_organ_value
MAOB,colon,-0.19909994320959884,COAD,1,background_organ_value
MAOB,breast,-1.0198897018742958,BRCA,1,background_organ_value
MAOB,colon,-1.2799052308124448,COAD,1,background_organ_value
MAOB,kidney,-0.7324958683979219,KICH;KIRC;KIRP,3,background_organ_value
MAOB,lung,-1.3870382377706618,LUAD;LUSC,2,background_organ_value
MAOB,prostate,-0.1398949713384912,PRAD,1,background_organ_value
MAOB,stomach,-0.7508141034053277,STAD,1,background_organ_value
MAOB,breast,0.05712588910162064,BRCA,1,background_organ_value
MAOB,colon,0.18291728501247032,COAD,1,background_organ_value
MAOB,lung,0.345916632762951,LUAD;LUSC,2,background_organ_value
MAOB,prostate,-0.00522484512874412,PRAD,1,background_organ_value
MAOB,stomach,0.18116429474665,STAD,1,background_organ_value
MAOB,thyroid,1.621634115593284,THCA,1,background_organ_value
MAOB,esophagus,-0.4068014785733424,ESCA,1,background_organ_value
MAOB,kidney,-0.994160607433902,KICH,1,background_organ_value
MAOB,liver,-1.3867592225907082,LIHC,1,background_organ_value
MAOB,thyroid,1.5219101126363013,THCA,1,background_organ_value
MAOB,liver,-1.0087419757058464,LIHC,1,background_organ_value
MAOB,colon,1.1047597421653126,COAD,1,background_organ_value
MAOB,esophagus,0.40922460891990825,ESCA,1,background_organ_value
MAOB,stomach,0.5477941790386951,STAD,1,background_organ_value
MAOB,liver,0.21928831613527916,LIHC,1,background_organ_value
MAOB,esophagus,-0.5561958761177311,ESCA,1,background_organ_value
MAOB,kidney,0.8083097955895246,KICH;KIRC;KIRP,3,background_organ_value
MAOB,prostate,-0.24707100385219513,PRAD,1,background_organ_value
MAOB,stomach,0.5368079712629152,STAD,1,background_organ_value
MAOB,colon,-0.9627414250481812,COAD,1,background_organ_value
MAOB,kidney,-0.28251846785022094,KICH;KIRC;KIRP,3,background_organ_value
MAOB,liver,-0.6564544206595647,LIHC,1,background_organ_value
MAOB,lung,0.4092332637230389,LUAD;LUSC,2,background_organ_value
MAOB,stomach,-0.26920723935393126,STAD,1,background_organ_value
MAOB,esophagus,-1.700981980213952,ESCA,1,background_organ_value
MAOB,thyroid,-0.9289037174536996,THCA,1,background_organ_value
MAOB,liver,-0.01558049029988479,LIHC,1,background_organ_value
MAOB,breast,0.7789758219747615,BRCA,1,background_organ_value
MAOB,kidney,1.3637261123000486,KICH;KIRC;KIRP,3,background_organ_value
MAOB,liver,0.14514246339899542,LIHC,1,background_organ_value
MAOB,liver,0.1156271735248009,LIHC,1,background_organ_value
MAOB,liver,-0.0662332968186151,LIHC,1,background_organ_value
MAOB,thyroid,1.0623373208527926,THCA,1,background_organ_value
MAOB,thyroid,0.5784609756281772,THCA,1,background_organ_value
MAOB,esophagus,-0.04717154528846631,ESCA,1,background_organ_value
MAOB,kidney,-0.41635265721195264,KICH;KIRC;KIRP,3,background_organ_value
MAOB,breast,0.2929977910816101,BRCA,1,background_organ_value
MAOB,colon,0.9623002111224924,COAD,1,background_organ_value
MAOB,esophagus,-0.5167362002542086,ESCA,1,background_organ_value
MAOB,kidney,0.0946914016402482,KICH;KIRC;KIRP,3,background_organ_value
MAOB,lung,-0.2755828316992291,LUAD;LUSC,2,background_organ_value
MAOB,colon,-0.5816091799508001,COAD,1,background_organ_value
MAOB,esophagus,-0.2061932519178723,ESCA,1,background_organ_value
MAOB,thyroid,1.8584809497487147,THCA,1,background_organ_value
MAOB,thyroid,0.06644509635011574,THCA,1,background_organ_value
MAOB,stomach,-0.01410695722631723,STAD,1,background_organ_value
MAOB,breast,-0.26442001719347075,BRCA,1,background_organ_value
MAOB,colon,-0.18148844475326376,COAD,1,background_organ_value
MAOB,esophagus,-0.44728273885918246,ESCA,1,background_organ_value
MAOB,stomach,0.05137211297355627,STAD,1,background_organ_value
MAOB,breast,-0.45233372884941575,BRCA,1,background_organ_value
MAOB,colon,0.5300021535157772,COAD,1,background_organ_value
MAOB,kidney,0.899165753766519,KICH,1,background_organ_value
MAOB,lung,-0.08464670201453421,LUAD;LUSC,2,background_organ_value
MAOB,lung,-0.15315771794824232,LUAD;LUSC,2,background_organ_value
MAOB,prostate,0.21844962857888817,PRAD,1,background_organ_value
MAOB,stomach,-0.2097813074714762,STAD,1,background_organ_value
MAOB,thyroid,0.13746928554912247,THCA,1,background_organ_value
MAOB,esophagus,0.9932732341694523,ESCA,1,background_organ_value
MAOB,liver,0.2371833280305555,LIHC,1,background_organ_value
MAOB,lung,0.9549651319519036,LUAD;LUSC,2,background_organ_value
MAOB,liver,-0.3466606219163621,LIHC,1,background_organ_value
MAOB,colon,0.01382940820349232,COAD,1,background_organ_value
MAOB,esophagus,-0.07709947639380314,ESCA,1,background_organ_value
MAOB,kidney,-1.005595985656905,KICH;KIRC;KIRP,3,background_organ_value
MAOB,lung,0.19380994583941144,LUAD;LUSC,2,background_organ_value
MAOB,prostate,-0.07352962389879097,PRAD,1,background_organ_value
MAOB,esophagus,0.01218341301171596,ESCA,1,background_organ_value
MAOB,colon,-0.2597107763959522,COAD,1,background_organ_value
MAOB,kidney,-1.4097865631763835,KICH;KIRC;KIRP,3,background_organ_value
MAOB,lung,0.4543150901205231,LUAD;LUSC,2,background_organ_value
MAOB,stomach,-0.4089065353030301,STAD,1,background_organ_value
MAOB,breast,0.5592130802393163,BRCA,1,background_organ_value
MAOB,kidney,0.42251856986358527,KICH;KIRC;KIRP,3,background_organ_value
MAOB,liver,0.41143663041462897,LIHC,1,background_organ_value
MAOB,prostate,0.4113384825353026,PRAD,1,background_organ_value
MAOB,stomach,-0.26819100090713216,STAD,1,background_organ_value
MAOB,colon,-0.01138703016629099,COAD,1,background_organ_value
MAOB,esophagus,-0.29393908912053285,ESCA,1,background_organ_value
MAOB,kidney,0.7049393928709216,KICH;KIRC;KIRP,3,background_organ_value
MAOB,lung,-0.24096865870955897,LUAD;LUSC,2,background_organ_value
MAOB,esophagus,-0.72112278942111,ESCA,1,background_organ_value
MAOB,liver,-0.562511247822005,LIHC,1,background_organ_value
MAOB,kidney,-0.3494268209799142,KICH;KIRC;KIRP,3,background_organ_value
MAOB,liver,-0.9337395698828586,LIHC,1,background_organ_value
MAOB,prostate,-0.1765425561776488,PRAD,1,background_organ_value
MAOB,esophagus,0.08392736561388935,ESCA,1,background_organ_value
MAOB,kidney,-0.513019614389304,KICH;KIRC;KIRP,3,background_organ_value
MAOB,stomach,0.4275123442246938,STAD,1,background_organ_value
MAOB,esophagus,-0.8288589226304898,ESCA,1,background_organ_value
MAOB,thyroid,0.8056036526624047,THCA,1,background_organ_value
MAOB,kidney,-0.1891659838946865,KICH;KIRC;KIRP,3,background_organ_value
MAOB,lung,0.17709478385050453,LUAD;LUSC,2,background_organ_value
MAOB,prostate,0.11676298646423051,PRAD,1,background_organ_value
MAOB,breast,0.7700107198998657,BRCA,1,background_organ_value
MAOB,lung,1.3635219870470183,LUAD;LUSC,2,background_organ_value
MAOB,prostate,0.28645493689933976,PRAD,1,background_organ_value
MAOB,stomach,0.9606012549296604,STAD,1,background_organ_value
MAOB,colon,-0.7537152102909407,COAD,1,background_organ_value
MAOB,esophagus,-0.05706344793795333,ESCA,1,background_organ_value
MAOB,kidney,-0.18405081027549275,KICH;KIRC;KIRP,3,background_organ_value
MAOB,lung,-0.06190307724635729,LUAD;LUSC,2,background_organ_value
MAOB,prostate,-0.3821177263851357,PRAD,1,background_organ_value
MAOB,colon,0.9455241704696392,COAD,1,background_organ_value
MAOB,esophagus,0.6691578933181753,ESCA,1,background_organ_value
MAOB,kidney,-0.22219264467230826,KICH;KIRC,2,background_organ_value
MAOB,stomach,-0.5937806913210003,STAD,1,background_organ_value
MAOB,esophagus,-0.45196828136729617,ESCA,1,background_organ_value
MAOB,lung,-0.7260743041495188,LUAD;LUSC,2,background_organ_value
MAOB,colon,1.843393091211629,COAD,1,background_organ_value
MAOB,esophagus,-0.1296809249024234,ESCA,1,background_organ_value
MAOB,kidney,-0.6548524631388702,KICH;KIRC;KIRP,3,background_organ_value
MAOB,prostate,0.00816036367848965,PRAD,1,background_organ_value
MAOB,breast,-0.4878932392988577,BRCA,1,background_organ_value
MAOB,thyroid,0.3487766909825793,THCA,1,background_organ_value
MAOB,esophagus,-0.3202619400216213,ESCA,1,background_organ_value
MAOB,kidney,-0.2696026757205976,KICH;KIRC;KIRP,3,background_organ_value
MAOB,liver,-0.3732804421299941,LIHC,1,background_organ_value
MAOB,lung,0.08438844739161144,LUAD;LUSC,2,background_organ_value
MAOB,prostate,0.12325339856845666,PRAD,1,background_organ_value
MAOB,stomach,-0.25695405565198637,STAD,1,background_organ_value
MAOB,breast,0.6661579417250018,BRCA,1,background_organ_value
MAOB,colon,0.437446212748873,COAD,1,background_organ_value
MAOB,esophagus,0.10704159898297468,ESCA,1,background_organ_value
MAOB,kidney,0.05818823398957026,KICH;KIRC;KIRP,3,background_organ_value
MAOB,liver,-0.00501155890483113,LIHC,1,background_organ_value
MAOB,lung,0.6634743759741469,LUAD;LUSC,2,background_organ_value
MAOB,prostate,0.08584370251333394,PRAD,1,background_organ_value
MAOB,esophagus,-0.4956276773917947,ESCA,1,background_organ_value
MAOB,stomach,-0.0736715974038517,STAD,1,background_organ_value
MAOB,esophagus,1.0494323927314884,ESCA,1,background_organ_value
MAOB,thyroid,-1.1987614303924217,THCA,1,background_organ_value
MAOB,esophagus,-0.5321250358766086,ESCA,1,background_organ_value
MAOB,stomach,-0.6796482987636584,STAD,1,background_organ_value
MAOB,colon,0.5694555682045579,COAD,1,background_organ_value
MAOB,lung,0.49892623253381574,LUAD;LUSC,2,background_organ_value
MAOB,prostate,0.2218353884787523,PRAD,1,background_organ_value
MAOB,colon,0.5548255563578555,COAD,1,background_organ_value
MAOB,lung,0.36476226414786067,LUAD;LUSC,2,background_organ_value
MAOB,prostate,0.25765819766199494,PRAD,1,background_organ_value
MAOB,esophagus,0.44467214890515394,ESCA,1,background_organ_value
MAOB,esophagus,0.18008598819905328,ESCA,1,background_organ_value
MAOB,lung,-0.42145239547076757,LUAD;LUSC,2,background_organ_value
MAOB,thyroid,1.7304703449714705,THCA,1,background_organ_value
MAOB,prostate,0.0075665399587141096,PRAD,1,background_organ_value
MAOB,stomach,-0.02853367555435472,STAD,1,background_organ_value
MAOB,breast,-0.1286834075108857,BRCA,1,background_organ_value
MAOB,lung,0.7750334195031436,LUAD;LUSC,2,background_organ_value
MAOB,prostate,0.14947593603313503,PRAD,1,background_organ_value
MAOB,liver,0.18114954865653357,LIHC,1,background_organ_value
MAOB,liver,-0.22250907835255743,LIHC,1,background_organ_value
