tcga_code,gene_id,gene_symbol,baseline_tpm,organ_specificity_log2,logFC,p_value,q_value_project
BRCA,ENSG00000181092,ADIPOQ,203.306,9.845666102170766,-5.801774581472046,1.3341377042128542e-24,1.4369580875983513e-23
BRCA,ENSG00000110484,SCGB2A2,76.2597,8.94484019640137,-1.27676950033238,0.012577356629527402,0.01719804868916961
BRCA,ENSG00000187288,CIDEC,331.192,8.468483143035359,-6.128758727786392,6.829526944029461e-29,1.1957760060996802e-27
BRCA,ENSG00000128422,KRT17,400.909,8.295003447028915,-3.141043119608084,3.8257219038571997e-16,1.7856674757990634e-15
BRCA,ENSG00000170323,FABP4,4592.12,8.029309846715831,-5.701704180184377,3.3251388514365644e-30,6.874923447285972e-29
BRCA,ENSG00000184811,TRARG1,69.3629,7.7915160460345,-6.01897333075147,3.419352329434707e-27,4.8926176443553826e-26
BRCA,ENSG00000186847,KRT14,356.42,7.726602592345162,-3.996950858054967,9.157131151353133e-21,6.619236388629501e-20
BRCA,ENSG00000173432,SAA1,933.044,7.635178034458901,-4.425754567692201,1.2625350755758646e-30,2.772376397891644e-29
BRCA,ENSG00000174697,LEP,38.384,7.515614648914825,-6.949803107597585,1.1661014660823028e-31,2.960609668175586e-30
BRCA,ENSG00000176194,CIDEA,49.468,7.5086988781336075,-5.506013566363447,1.2136842069715941e-26,1.626728348376443e-25
BRCA,ENSG00000151365,THRSP,51.9017,7.327802181321256,-3.201814795555297,1.2566538625058386e-18,7.4042168948189665e-18
BRCA,ENSG00000134258,VTCN1,22.9734,7.312279852333288,-0.7467032280161862,0.015082123308990588,0.020445749542856734
BRCA,ENSG00000159763,PIP,39.8193,7.234133863990705,-2.0737471393966085,4.385972815237911e-5,7.709349873578776e-5
BRCA,ENSG00000156284,CLDN8,14.5235,7.192144838159966,-2.5505763463700966,1.4856073574005345e-15,6.555995815465778e-15
BRCA,ENSG00000171346,KRT15,51.3554,7.143244191865352,-2.8763580975025036,5.4707048323423974e-14,2.092036258541413e-13
BRCA,ENSG00000172551,MUCL1,22.062,6.83686772126084,-3.642528332646058,2.2498314384582623e-11,6.818608228268931e-11
BRCA,ENSG00000160862,AZGP1,490.613,6.801524005283886,-0.009162644974269803,0.966651797000514,0.9704697145110871
BRCA,ENSG00000166819,PLIN1,309.817,6.766211980471896,-5.600093426989948,8.099259059904937e-31,1.8285537225528324e-29
BRCA,ENSG00000163435,ELF3,51.571,6.731656650305172,0.6885885595325849,0.0013383859794533026,0.002034414483753205
BRCA,ENSG00000134339,SAA2,53.6186,6.599493484756746,-3.6753266284918396,2.9212886531180125e-25,3.397059345493422e-24
BRCA,ENSG00000094755,GABRP,21.2352,6.582754896473234,-3.4287645952640124,9.834248934723457e-17,4.837859346166553e-16
BRCA,ENSG00000124935,SCGB1D2,70.0181,6.574572566488757,-1.1238061920648477,0.014082481260727185,0.01915068543046775
BRCA,ENSG00000186081,KRT5,222.478,6.56262698910954,-3.7635116682714447,4.3641150673789744e-20,2.937416515445175e-19
BRCA,ENSG00000137673,MMP7,27.117,6.443903403182011,-1.2689162760644475,3.028875577627366e-6,5.907373689313673e-6
BRCA,ENSG00000131746,TNS4,22.1756,6.425151796790832,-1.977831269029027,4.616619977365994e-13,1.6338524362157192e-12
BRCA,ENSG00000133317,LGALS12,21.6495,6.325707350253442,-4.401979968770224,4.244566086526733e-25,4.849714165282739e-24
BRCA,ENSG00000165215,CLDN3,30.4027,6.292097954654593,1.179657956183587,3.9486606332475566e-7,8.330706146074281e-7
BRCA,ENSG00000129514,FOXA1,12.1119,6.2239199881968625,2.0235349476999693,2.0222653152316098e-10,5.639997986432705e-10
BRCA,ENSG00000135218,CD36,362.518,6.083208804855563,-4.058169177844807,4.431243900054899e-28,7.081468617203117e-27
BRCA,ENSG00000008196,TFAP2B,7.73656,6.069374936407116,-0.20047002929287852,0.5602958252238961,0.5964599723978862
BRCA,ENSG00000124664,SPDEF,30.1529,6.069175172782281,1.5546106072759558,2.2485092175966332e-8,5.281723217590005e-8
BRCA,ENSG00000124143,ARHGAP40,11.3382,6.037789251045774,-2.2905359716524374,6.392961581847146e-9,1.5724764109447795e-8
BRCA,ENSG00000161649,CD300LG,79.6847,6.021923507647752,-5.863364732511928,8.328159958618647e-38,5.419826026081761e-36
BRCA,ENSG00000148513,ANKRD30A,6.34942,6.011097518873195,0.5320735542122226,0.14301667294372003,0.1704461490221201
BRCA,ENSG00000143217,NECTIN4,16.7417,5.955911856500015,1.195724428729709,2.0913645567452297e-9,5.341768839465354e-9
BRCA,ENSG00000184292,TACSTD2,131.473,5.91966969004689,0.48282279032992004,0.021102984956526204,0.028134708933154704
BRCA,ENSG00000149968,MMP3,12.7934,5.897531983851537,2.591582551502999,5.4681547527633115e-22,4.485381609271227e-21
BRCA,ENSG00000132746,ALDH3B2,10.0513,5.8936258114605735,0.8472191365770962,0.005645459422619115,0.00803212144640515
BRCA,ENSG00000124939,SCGB2A1,5.84208,5.892896123626211,0.08753752044113283,0.7929016623471674,0.8155495247392602
BRCA,ENSG00000167588,GPD1,210.865,5.849158122153396,-5.59975029438244,6.111165890137924e-31,1.395748945267653e-29
BRCA,ENSG00000170549,IRX1,19.1047,5.846511038099119,-3.118616381897114,1.52684082357253e-27,2.278240527217409e-26
BRCA,ENSG00000043039,BARX2,17.6078,5.628243303168352,-1.0947736304266655,1.7715478413028017e-5,3.2303200826389005e-5
BRCA,ENSG00000142273,CBLC,9.25482,5.6212316360985435,1.3721801228871142,1.3354983440904641e-8,3.197913911384082e-8
BRCA,ENSG00000000005,TNMD,14.7001,5.617750190468309,-4.8509944093388935,1.5862697970695779e-34,6.220135251449237e-33
BRCA,ENSG00000162069,BICDL2,16.3744,5.5590951528750585,0.8416086010995313,3.103987787303696e-5,5.5361367122737044e-5
BRCA,ENSG00000135480,KRT7,90.6451,5.5409952422517526,-0.001599540936410118,0.9951614212686889,0.9958066722828497
BRCA,ENSG00000107485,GATA3,44.5288,5.540756287250707,1.6478671454766993,8.107042062566116e-11,2.3345428602399507e-10
BRCA,ENSG00000108244,KRT23,10.714,5.531000291983967,-0.8680609859732535,0.0028835225869792733,0.004238189728862189
BRCA,ENSG00000148735,PLEKHS1,6.86584,5.526589059709528,-0.7140962573106124,0.005588163905143715,0.00795427032970124
BRCA,ENSG00000167754,KLK5,11.6881,5.523888762926892,-2.858881691666861,4.9802094884001554e-12,1.6050478252740716e-11
BRCA,ENSG00000180806,HOXC9,11.7339,5.510105229483021,0.1999170811833059,0.06586217674382015,0.08224112528041254
BRCA,ENSG00000092607,TBX15,24.6182,5.4784948143370436,-1.6991197942549852,3.1138658921623994e-20,2.1358154433670096e-19
BRCA,ENSG00000124253,PCK1,26.239,5.447881098063794,-5.381681529681831,4.4329448733996903e-26,5.60434212607804e-25
BRCA,ENSG00000083307,GRHL2,7.73143,5.440545232552164,1.257455377263586,1.7729451764554546e-9,4.558097748988166e-9
BRCA,ENSG00000135374,ELF5,4.84828,5.438926329409703,-2.6962627519760978,1.6797324844439545e-13,6.179516441153768e-13
BRCA,ENSG00000171345,KRT19,435.529,5.432704716319174,2.1236743771381756,1.9958477280810577e-13,7.292793169781724e-13
BRCA,ENSG00000173467,AGR3,4.78765,5.419599910659148,2.1441903365558646,1.4525851506599534e-9,3.762233848616513e-9
BRCA,ENSG00000037965,HOXC8,10.5252,5.413437263360893,-0.3737488989052336,0.01001372047591468,0.013861894195451856
BRCA,ENSG00000065618,COL17A1,20.5014,5.352286307838163,-3.8024473578498577,7.944524845240154e-27,1.087765550103034e-25
BRCA,ENSG00000007314,SCN4A,20.9596,5.349490460365199,-3.2437798871435524,4.252751915477151e-29,7.612672567174757e-28
BRCA,ENSG00000089225,TBX5,6.44451,5.297717811430578,-0.40230768819711177,0.0057535493952314285,0.008176216011139848
BRCA,ENSG00000052344,PRSS8,20.1527,5.291485290478552,1.6642135890155143,9.001197367203706e-13,3.1027420280121775e-12
BRCA,ENSG00000133937,GSC,10.4964,5.278421118120067,-0.4565496078050271,0.011317826671269376,0.015571380734809357
BRCA,ENSG00000196917,HCAR1,10.0042,5.277605454693283,-0.8744353265786203,5.773609344407128e-8,1.307869610979874e-7
BRCA,ENSG00000167183,PRR15L,13.4857,5.265890742735551,1.7304144594758195,1.81306620796523e-14,7.252936213533931e-14
BRCA,ENSG00000184012,TMPRSS2,6.73421,5.2589459137080725,-1.0201017457660122,7.491035961982831e-5,1.287292794039617e-4
BRCA,ENSG00000167676,PLIN4,285.271,5.221359647710755,-5.619369148821546,8.461168789060842e-31,1.9042918005880058e-29
BRCA,ENSG00000167741,GGT6,5.75615,5.215557228247359,0.07808434189236738,0.7172647686293032,0.7458117614420677
BRCA,ENSG00000012223,LTF,40.1651,5.212850436854972,-2.1122446802353703,2.8007935288713064e-8,6.529342359170635e-8
BRCA,ENSG00000185479,KRT6B,9.26329,5.204981584883892,-1.600487989986094,4.4717901978920485e-6,8.594333660883793e-6
BRCA,ENSG00000189143,CLDN4,33.4201,5.194491383080422,0.9628210238786964,6.632818769053343e-6,1.2568732005276839e-5
BRCA,ENSG00000130876,SLC7A10,9.17251,5.191338060761654,-4.961071241769514,1.9293321835642443e-28,3.1942644565585492e-27
BRCA,ENSG00000129354,AP1M2,14.9678,5.149915619940074,1.8959112360778776,2.3103963659266036e-18,1.3247989353028183e-17
BRCA,ENSG00000081277,PKP1,18.3725,5.138833141702616,-2.192905037846665,3.316169431015373e-16,1.5569134447309464e-15
BRCA,ENSG00000181617,FDCSP,3.32706,5.098899545263475,-2.7304972275919086,6.575686720155996e-11,1.910370946291387e-10
BRCA,ENSG00000137203,TFAP2A,14.208,5.072137996291619,1.1077104435996465,1.1069403435145874e-8,2.6689602792072508e-8
BRCA,ENSG00000120332,TNN,6.95336,5.066994359810375,-1.1325706776888074,2.1659596044371858e-8,5.093352548266199e-8
BRCA,ENSG00000087510,TFAP2C,21.8321,5.063596947717893,-0.3130196271899883,0.09662184672010285,0.11791751131013004
BRCA,ENSG00000165269,AQP7,60.881,5.0337176637806555,-5.468694058488196,1.2173853575000809e-32,3.5544362208306417e-31
BRCA,ENSG00000132698,RAB25,18.7489,5.026544614360125,1.77369616090068,3.624704519500532e-17,1.8527410893855805e-16
BRCA,ENSG00000253313,C1orf210,7.1654,5.009938859305226,0.8420734901403888,2.227464800904845e-6,4.392716729495261e-6
BRCA,ENSG00000175445,LPL,252.551,4.978614592901724,-4.352175083436072,5.26462816656655e-31,1.2100803847535839e-29
BRCA,ENSG00000113430,IRX4,3.67508,4.974745831584748,-1.8972235425536716,8.617254599549758e-10,2.2772064931246583e-9
BRCA,ENSG00000106541,AGR2,6.23546,4.969325863481904,1.9704756995852424,1.8931432628161538e-08,4.472255995670875e-8
BRCA,ENSG00000206075,SERPINB5,5.63039,4.953607105988252,-1.7788534049128144,4.5501819865899815e-9,1.1323569684665186e-8
BRCA,ENSG00000135373,EHF,9.25057,4.950803387830499,-0.34715725279834003,0.22390056865248606,0.25825302617476054
BRCA,ENSG00000168779,SHOX2,11.0804,4.928766888321179,-0.4976250969491482,9.901231920697976e-5,1.681147480381929e-4
BRCA,ENSG00000136944,LMX1B,5.14906,4.92129380505382,0.7149222932195001,1.6336543605322346e-4,2.7159692300445876e-4
BRCA,ENSG00000104413,ESRP1,8.12356,4.882323487198946,2.0450869877309743,2.5307712377717402e-18,1.4457917335615076e-17
BRCA,ENSG00000125850,OVOL2,5.25331,4.858281500864414,1.125677581494073,1.0112508796381876e-7,2.2434630357801296e-7
BRCA,ENSG00000170561,IRX2,21.9777,4.849613118692989,-0.8064019476538877,8.891994125352077e-5,1.5159822068362423e-4
BRCA,ENSG00000138207,RBP4,162.842,4.836545538598061,-5.152919509446979,3.412863373224715e-29,6.217396799485092e-28
BRCA,ENSG00000148965,SAA4,7.42152,4.779268833245554,-2.7077936711646933,2.714578979757219e-24,2.8320228602913794e-23
BRCA,ENSG00000039068,CDH1,29.2679,4.768530543319772,1.303685241201523,1.4170351495616246e-6,2.843546154121711e-6
BRCA,ENSG00000079435,LIPE,146.144,4.750456697014473,-4.298888065211005,4.4769379877582716e-30,9.091045316118911e-29
BRCA,ENSG00000005001,PRSS22,8.62246,4.737341652548576,1.4742040718852294,1.5149723236884875e-11,4.6713988904828685e-11
BRCA,ENSG00000225950,NTF4,3.70761,4.704607318010716,-3.047837747445019,1.4930413104783007e-25,1.783231097523171e-24
BRCA,ENSG00000176842,IRX5,19.6022,4.677774231966032,0.9973688484431729,1.0035795015003289e-12,3.4456282710020826e-12
BRCA,ENSG00000137699,TRIM29,15.4066,4.650342669771816,-2.5112683234011586,2.7498379240085195e-18,1.565559899502716e-17
BRCA,ENSG00000184601,C14orf180,10.0787,4.596991526336273,-5.517427094947404,1.9781869073294637e-30,4.1943774602316376e-29
BRCA,ENSG00000150750,C11orf53,3.469,4.588064332710131,-1.8489578180232926,2.4361503727681223e-13,8.824051123894058e-13
BRCA,ENSG00000162896,PIGR,8.3791,4.57463486838006,-3.971206283017042,2.1582233908390884e-18,1.2434819888658491e-17
BRCA,ENSG00000197769,MAP1LC3C,15.8219,4.561740216702279,-3.5674227571604127,3.495599148775259e-30,7.199801259145686e-29
BRCA,ENSG00000116299,ELAPOR1,24.8413,4.559686364244564,0.6943971862047132,0.019269953945291532,0.025810341884692136
BRCA,ENSG00000101280,ANGPT4,10.1484,4.534032312985309,-3.382036247261594,1.691086902707234e-34,6.595238920558212e-33
BRCA,ENSG00000165810,BTNL9,250.064,4.533143272111758,-4.171875874773153,3.3217852530710286e-41,3.873968184525239e-39
BRCA,ENSG00000078399,HOXA9,9.76231,4.5090919001284755,-2.0913377468496934,6.0601450036969654e-24,6.112768111572205e-23
BRCA,ENSG00000236699,ARHGEF38,2.65147,4.47825995323578,0.23703674402882466,0.2812146280667018,0.31819446211097974
BRCA,ENSG00000253293,HOXA10,4.9962,4.464406758704258,-1.4184023424156502,2.60064672478576e-13,9.385263593739958e-13
BRCA,ENSG00000088882,CPXM1,44.9633,4.449703799728211,-0.5049504280925914,0.0016252102231651357,0.00244852465530339
BRCA,ENSG00000149124,GLYAT,2.27812,4.412370366828501,-5.859750600357664,2.0392048748907585e-31,4.9338253669529376e-30
BRCA,ENSG00000103067,ESRP2,11.0872,4.403797618548452,1.1120321059349347,1.0322267846613893e-11,3.235029287698575e-11
BRCA,ENSG00000123689,G0S2,356.063,4.387751864981423,-4.355732484287428,6.225336026503116e-29,1.0953144152168268e-27
BRCA,ENSG00000184709,LRRC26,4.04835,4.386744661959597,0.7460410899262757,0.009900643368687779,0.013713270121409587
BRCA,ENSG00000145423,SFRP2,219.105,4.384284645495554,0.9755659921279848,4.206231850446823e-7,8.846475748150888e-7
BRCA,ENSG00000114771,AADAC,3.6311,4.366258161782719,-4.020010548882386,2.8400819751957123e-19,1.7817308698048364e-18
BRCA,ENSG00000188959,C9orf152,3.78301,4.3601838135735935,0.6772261071590008,0.004656413298277176,0.006689704483182171
BRCA,ENSG00000159387,IRX6,6.64026,4.347548118085019,-2.8148575045305706,1.974996731359935e-18,1.1415671315613365e-17
BRCA,ENSG00000115221,ITGB6,4.15403,4.343563612865552,-0.04041365094337264,0.8646887656853817,0.8800445367845098
BRCA,ENSG00000103534,TMC5,3.87293,4.333637078941386,0.8535674736503268,0.001138990668733985,0.0017443317542292656
BRCA,ENSG00000158571,PFKFB1,8.21215,4.331221103856721,-3.1749221163731547,5.3903509900577985e-27,7.53324214043912e-26
BRCA,ENSG00000141750,STAC2,50.1591,4.325831530271892,-4.184967055417587,9.609621193111296e-22,7.667115047945446e-21
BRCA,ENSG00000186832,KRT16,7.59403,4.325200073373774,-0.3730930371530017,0.25458365333007127,0.2905262987297058
BRCA,ENSG00000135917,SLC19A3,25.3881,4.306882582345577,-4.881247676134538,3.8984080823097907e-28,6.271705512016779e-27
BRCA,ENSG00000163064,EN1,2.37839,4.304201602157908,0.6268315921597201,0.01011957963720653,0.014003050956928673
BRCA,ENSG00000259916,AL845331.1,2.66185,4.29766206572795,-4.358377248502349,4.74926215449985e-25,5.39781999527216e-24
BRCA,ENSG00000162078,ZG16B,6.4349,4.294092424280935,2.0029953724302456,3.0626077470753214e-15,1.3126503269849116e-14
BRCA,ENSG00000113739,STC2,44.2153,4.261649650003661,-0.3890739440551267,0.18097680600133806,0.21193413932059135
BRCA,ENSG00000197506,SLC28A3,4.78468,4.258659926253843,-1.844143527422631,2.874727857450069e-9,7.2560011785124055e-9
BRCA,ENSG00000008323,PLEKHG6,10.2594,4.227671086620104,-0.889558175180344,1.6408389656942537e-8,3.898819607697135e-8
BRCA,ENSG00000124343,XG,9.74178,4.214298447342592,-1.137686360412669,7.355388396540552e-8,1.6507792842594285e-7
BRCA,ENSG00000089356,FXYD3,24.9604,4.201187197088068,0.5309856088169254,4.5009349616296986e-4,7.17215139619229e-4
BRCA,ENSG00000106483,SFRP4,54.267,4.192766543156352,-0.28097553412974585,0.13353638212417213,0.15982644982134184
BRCA,ENSG00000165105,RASEF,5.64386,4.190480454450689,0.9633503967325847,9.595188337687048e-6,1.7918205637343678e-5
BRCA,ENSG00000081479,LRP2,2.128,4.1801049606561795,-0.5879814424246056,0.10210096686181191,0.12426032163669849
BRCA,ENSG00000176402,GJC3,13.683,4.177174770051351,-0.7223111298906904,2.2841226778708997e-6,4.4995217521953554e-6
BRCA,ENSG00000157765,SLC34A2,3.15223,4.169418408434632,-2.092481939074469,4.194277108309048e-9,1.0469218022426674e-8
BRCA,ENSG00000197757,HOXC6,13.5248,4.168849162849204,-0.04105874741724929,0.6813482880733718,0.7118574038739492
BRCA,ENSG00000073282,TP63,5.26804,4.14854208253643,-2.804108206076513,2.0461706343215876e-24,2.1618368080759032e-23
BRCA,ENSG00000164825,DEFB1,14.3968,4.121278501238941,-2.6372371536273027,1.9530816174216864e-19,1.2411259242944987e-18
BRCA,ENSG00000064218,DMRT3,1.99908,4.120761074734681,-1.4066043682516327,3.60411486248518e-12,1.1784277499826694e-11
BRCA,ENSG00000128710,HOXD10,3.41139,4.119394370410622,-1.0380832504016988,3.190537250973972e-10,8.754730485718014e-10
BRCA,ENSG00000115705,TPO,7.81269,4.117592542212963,-1.8537114617390824,5.05585774767627e-22,4.162990186596551e-21
BRCA,ENSG00000134757,DSG3,2.65752,4.110884442803189,-1.8441632106777266,3.325200732637447e-7,7.065724530818714e-7
BRCA,ENSG00000196549,MME,22.2898,4.098792096938928,-3.516386812890352,8.17940959319875e-43,1.289958566939067e-40
BRCA,ENSG00000203697,CAPN8,5.24476,4.094741261888557,0.5825798106860638,0.023751666816118476,0.03145632666599582
BRCA,ENSG00000180914,OXTR,12.3681,4.078728227538914,-4.429912265496544,2.6715546517597663e-36,1.3645770639697757e-34
BRCA,ENSG00000175707,KDF1,8.00319,4.067522949693814,0.9844691779275476,9.567740182832444e-8,2.127411694867529e-7
BRCA,ENSG00000139865,TTC6,1.71789,4.0301633341781775,0.6375475937024796,0.024309023736065628,0.03215112431693401
BRCA,ENSG00000180660,MAB21L1,12.4167,4.027967630432436,-2.7849937816009374,5.785570381213408e-37,3.2674906532160866e-35
BRCA,ENSG00000162444,RBP7,241.99,4.016834024787566,-2.359761947349266,4.504056534661994e-27,6.364842901524792e-26
BRCA,ENSG00000184363,PKP3,11.0355,4.005489705680606,1.2128737665395566,1.0386296418471442e-15,4.653801750673869e-15
BRCA,ENSG00000262179,MYMX,5.67883,3.9998537114896697,-3.080289466954088,2.1536983676629883e-22,1.848006629536399e-21
BRCA,ENSG00000070193,FGF10,15.6825,3.9762724569967007,-2.412887295806349,2.1451910479618474e-16,1.0249667797935355e-15
BRCA,ENSG00000115112,TFCP2L1,11.4149,3.9613074431156754,-1.261749629566436,7.747336751602546e-7,1.5911497894973822e-6
BRCA,ENSG00000129455,KLK8,2.16625,3.9086982396057666,-2.4541857682869397,1.5077569202916038e-11,4.650477661644596e-11
BRCA,ENSG00000186493,C5orf38,11.3006,3.9051424794589433,0.5263316262322385,0.006492458332898585,0.009169568227258913
BRCA,ENSG00000171954,CYP4F22,2.65654,3.8947232814536155,-1.0693447870095103,3.8975377893540886e-4,6.247974586495358e-4
BRCA,ENSG00000105289,TJP3,6.61484,3.8859375309986937,1.8358442562067685,8.528356439041629e-18,4.6355640055832314e-17
BRCA,ENSG00000141738,GRB7,17.3708,3.850931059322225,0.7510333171593234,8.825767092953969e-5,1.5051663415452163e-4
BRCA,ENSG00000101230,ISM1,31.2274,3.8353293868905665,-2.147594297849681,3.8584058383771336e-32,1.0552495765060297e-30
BRCA,ENSG00000120875,DUSP4,27.0042,3.8327907478633385,-0.32158475179305146,0.09561887923875513,0.11680564848942972
BRCA,ENSG00000163141,BNIPL,8.6669,3.8327201348909963,0.946780494776942,6.836772926373867e-6,1.2937056914278664e-5
BRCA,ENSG00000163083,INHBB,72.4925,3.8321610999999716,-1.2697002431427755,5.798209355302501e-17,2.9100142004800424e-16
BRCA,ENSG00000132170,PPARG,71.2587,3.8066913339285002,-2.9537994480197916,1.8627877579464062e-29,3.4846227098000045e-28
BRCA,ENSG00000198650,TAT,2.07957,3.799201144450938,-3.906801570870223,3.4296918802729376e-15,1.461864722138037e-14
BRCA,ENSG00000221818,EBF2,13.0034,3.793178526746325,-1.8532182601849985,1.1012490590001129e-20,7.910102117272752e-20
BRCA,ENSG00000052850,ALX4,2.50927,3.789041892529996,-2.8529987910674266,5.075108467026931e-24,5.157704305671866e-23
BRCA,ENSG00000157150,TIMP4,146.591,3.7855967913819955,-4.4708418628570294,1.577639695330529e-29,2.982194510700911e-28
BRCA,ENSG00000137558,PI15,8.95451,3.780204105718463,-3.3456022601717113,7.547733539592907e-22,6.0985912810936546e-21
BRCA,ENSG00000120068,HOXB8,2.72926,3.7715133801460485,-0.6328759394484802,0.02204368128013553,0.029316494998067724
BRCA,ENSG00000182782,HCAR2,6.43871,3.771286519943371,-3.218636554327486,4.504232526349813e-27,6.364842901524792e-26
BRCA,ENSG00000172901,LVRN,4.76776,3.763460527989234,-4.53754609867733,1.0489610118427703e-32,3.1088959700788606e-31
BRCA,ENSG00000241484,ARHGAP8,13.9213,3.76038726731752,0.3674992512107232,0.033425469175574145,0.04342436937090103
BRCA,ENSG00000062282,DGAT2,50.4964,3.7512454036156453,-2.858851284336142,1.728648788947483e-21,1.3439793355163484e-20
BRCA,ENSG00000139144,PIK3C2G,1.99296,3.726544217537179,-3.2789698289557703,1.6217417095046403e-23,1.5733880276406491e-22
BRCA,ENSG00000094963,FMO2,78.9417,3.715659568044644,-3.746930253147616,8.19662862989494e-40,7.37901492406292e-38
BRCA,ENSG00000134762,DSC3,3.06293,3.6969147519801626,-2.069197082294282,1.617696257680928e-11,4.971827218130033e-11
BRCA,ENSG00000172927,MYEOV,3.64552,3.695872379036689,-3.511501098383884,3.69149791452185e-31,8.659989570158425e-30
BRCA,ENSG00000106511,MEOX2,40.9029,3.676868369882823,-2.8916887390187576,2.9407240462072657e-30,6.10348546996678e-29
BRCA,ENSG00000128709,HOXD9,22.2142,3.6711509345359166,-1.092633208618472,2.849163526805329e-17,1.472351761783208e-16
BRCA,ENSG00000267795,SMIM22,6.56697,3.665031110523565,2.3282740405778637,3.317300954896479e-20,2.2681520389713077e-19
BRCA,ENSG00000149043,SYT8,2.68113,3.655479310443059,-2.4653327128621294,1.1285365226716806e-15,5.042009948065412e-15
BRCA,ENSG00000005102,MEOX1,34.8034,3.651750313472639,-3.2775561025576483,8.429254398455597e-25,9.354004649873221e-24
BRCA,ENSG00000185149,NPY2R,1.5909,3.641571393576964,-6.156563389486871,1.4159563307630676e-35,6.507436916090945e-34
BRCA,ENSG00000143196,DPT,391.122,3.62007470884743,-3.2012838435990423,5.361430600570945e-26,6.688167988218004e-25
BRCA,ENSG00000118513,MYB,4.17108,3.6198980393515194,1.2107556320107633,1.8853960838979075e-8,4.454928673304702e-8
BRCA,ENSG00000180818,HOXC10,1.99953,3.6121859641599947,2.176591795250636,3.3606496621059487e-19,2.093719625128637e-18
BRCA,ENSG00000126545,CSN1S1,1.11305,3.6005671121762752,-5.195296152299246,9.556197052233013e-27,1.296929607478307e-25
BRCA,ENSG00000168269,FOXI1,1.11153,3.5987582242456355,-0.9234946499547025,0.011329789744685287,0.015586847324015938
BRCA,ENSG00000166145,SPINT1,41.8003,3.596851699778922,1.2954544239834234,9.601172449687929e-13,3.3021797508430023e-12
BRCA,ENSG00000181885,CLDN7,26.1308,3.579179303326788,1.361424949490377,4.2637191928360917e-19,2.635066272323129e-18
BRCA,ENSG00000160339,FCN2,3.96165,3.5703520847019803,-1.7574707498466537,9.808679641492006e-9,2.3771882482790385e-8
BRCA,ENSG00000130701,RBBP8NL,1.31445,3.569179654810937,1.6363570417178332,1.4929999634394053e-13,5.512261997619923e-13
BRCA,ENSG00000102243,VGLL1,1.08476,3.566522933017212,-1.6887901417455138,3.0535255701301555e-5,5.4497334766423373e-5
BRCA,ENSG00000010319,SEMA3G,94.7301,3.55771457216261,-2.79667475895794,3.958027907108253e-31,9.235113494706363e-30
BRCA,ENSG00000104213,PDGFRL,57.1161,3.553931366867006,-1.0420183498890079,3.391262754698342e-10,9.284290810695943e-10
BRCA,ENSG00000046604,DSG2,34.084,3.5312199740378687,-0.09437997612327785,0.3276251080534617,0.366049647564541
BRCA,ENSG00000104892,KLC3,2.14038,3.529176949275429,0.09228516811482713,0.6521911224362855,0.6841072624215159
BRCA,ENSG00000196616,ADH1B,766.371,3.528101800511213,-5.733098707872197,7.781187421351021e-27,1.06743070111562e-25
COAD,ENSG00000233041,PHGR1,841.612605,11.485208444846176,-2.1335769107606772,1.9156317537774523e-14,3.215044004240375e-13
COAD,ENSG00000162896,PIGR,635.8210200000001,10.803427514777608,-2.990905050587402,1.660005009941256e-8,7.281715145511634e-8
COAD,ENSG00000181541,MAB21L2,225.1995,9.765283583769218,-2.7338504955290075,2.5879684834845807e-10,1.644111278544567e-9
COAD,ENSG00000188373,C10orf99,100.51335,9.756253238611544,-2.7135861948523856,3.095503016433974e-12,2.991046969900139e-11
COAD,ENSG00000016490,CLCA1,95.6161995,9.628204360129105,-4.281657072564951,4.019376393914368e-11,3.018539342454249e-10
COAD,ENSG00000113196,HAND1,75.18955,9.556305826127497,-3.815204062722861,1.4944458729895282e-6,4.558513762400389e-6
COAD,ENSG00000163586,FABP1,219.12559000000002,9.552385299100736,-4.206626466498591,6.903181559223153e-15,1.3152306811181388e-13
COAD,ENSG00000105388,CEACAM5,125.115511,9.510686110251772,-0.4514101763858518,0.09772772887157158,0.12809030633181978
COAD,ENSG00000171431,KRT20,97.874008,9.472690858017517,-3.320024848887928,3.9221900553739665e-15,8.120682798063516e-14
COAD,ENSG00000174992,ZG16,80.20437899999999,9.341091068046628,-6.057133630618059,9.252674965836284e-16,2.2910605800362764e-14
COAD,ENSG00000091138,SLC26A3,91.22361000000001,9.277281064511609,-6.062694351624431,1.0570439886608248e-15,2.565460168762195e-14
COAD,ENSG00000197273,GUCA2A,59.496375,9.219080769982757,-5.460821152201872,1.059181167293919e-21,2.4122235282114765e-19
COAD,ENSG00000197888,UGT2B17,64.90758600000001,9.095879039266563,-4.568439206938316,7.478417837780719e-15,1.4056841820611627e-13
COAD,ENSG00000119919,NKX2-3,50.75645,8.990286948968595,-2.5776474772114013,1.1746066315595053e-18,7.933050167491196e-17
COAD,ENSG00000198788,MUC2,58.1886875,8.90180247348849,-1.6163103714724674,9.265373842189682e-4,0.001750136098689624
COAD,ENSG00000106541,AGR2,95.35360299999999,8.882604239904866,-0.33994144340109017,0.20244724620291732,0.24754225022664123
COAD,ENSG00000134240,HMGCS2,109.28109,8.700153399898552,-3.4384501749461522,1.1036486852284186e-12,1.1995595532121978e-11
COAD,ENSG00000171747,LGALS4,664.3657949999999,8.573278877811253,-1.8215022924529818,8.995199630692019e-19,6.384080411066379e-17
COAD,ENSG00000163017,ACTG2,3751.1449999999995,8.535241490706337,-2.888285717822914,8.649562656236957e-8,3.3152707276919186e-7
COAD,ENSG00000198758,EPS8L3,48.996964999999996,8.527696653620302,-0.4094111889392148,0.013633483504513202,0.021063769655233537
COAD,ENSG00000079112,CDH17,70.96174299999998,8.527214450060445,-0.7454894515081124,1.3504935599304141e-5,3.476704372344518e-5
COAD,ENSG00000007306,CEACAM7,47.021972500000004,8.483950834640629,-5.5433900194002375,9.775947645736514e-16,2.402405402627294e-14
COAD,ENSG00000173702,MUC13,60.1187545,8.430582443479778,-0.9459229242892417,6.3008416077912e-6,1.719976079863393e-5
COAD,ENSG00000165215,CLDN3,132.37903599999999,8.410853178571942,0.01954909247035316,0.9191909193687657,0.9333440482532349
COAD,ENSG00000173467,AGR3,37.8982285,8.378319187543916,-1.8744087449868314,6.712103964245147e-7,2.176544176220289e-6
COAD,ENSG00000143167,GPA33,55.574845999999994,8.372372959533369,-1.9060574899661753,9.10604189428149e-14,1.285875533824061e-12
COAD,ENSG00000198643,FAM3D,72.06873900000001,8.355312220265722,-1.2514521537336518,5.365515642713263e-7,1.7736538291676282e-6
COAD,ENSG00000165556,CDX2,29.522625,8.210555680053144,-0.4902309478583784,0.006292308629784281,0.010329490975019272
COAD,ENSG00000137634,NXPE4,44.458058,8.194496783191692,-3.9282662958225547,6.25723902240749e-12,5.645061422978954e-11
COAD,ENSG00000134028,ADAMDEC1,48.218773,8.109313463343915,-3.3780255748871992,3.482129700384447e-16,9.91293492903049e-15
COAD,ENSG00000127831,VIL1,37.8130255,8.07958318209155,-0.18145558910111492,0.27992379903538456,0.33123414257534084
COAD,ENSG00000005073,HOXA11,35.6874,8.046384418820322,0.9261610149673172,2.5344106435938975e-4,5.257251309619792e-4
COAD,ENSG00000113722,CDX1,64.87785350000001,7.896275329778033,-0.35606186119187727,0.0023439270930964507,0.004156841365935086
COAD,ENSG00000133742,CA1,43.974416000000005,7.832667197092018,-7.818067669960928,1.1545118936768646e-18,7.824314861437741e-17
COAD,ENSG00000166920,C15orf48,140.20191,7.647449457319448,-2.5462286156353797,4.853571844917571e-15,9.650970371020869e-14
COAD,ENSG00000166143,PPP1R14D,27.4737875,7.6092878804745645,-1.8912971831103214,4.023172662368228e-12,3.793830513487921e-11
COAD,ENSG00000184012,TMPRSS2,32.051095000000004,7.492967302960933,-1.4088824188030509,9.399497093866298e-13,1.0383448961109155e-11
COAD,ENSG00000002726,AOC1,28.615979000000003,7.45066969999758,-1.8711981538469538,9.561196777480851e-15,1.7517829755260988e-13
COAD,ENSG00000128714,HOXD13,17.139946000000002,7.42961144531228,1.0991129991296362,0.09740005221513638,0.12770634774974302
COAD,ENSG00000095110,NXPE1,20.7412695,7.409193283422878,-3.010059196694898,3.6661073723402706e-13,4.462671161880456e-12
COAD,ENSG00000132465,JCHAIN,413.6817,7.3984493649900145,-4.258641024257197,1.0619114154263918e-15,2.574083784967984e-14
COAD,ENSG00000134398,ERN2,22.4678885,7.381795729883455,-0.5669192590375957,0.003931846944191267,0.006703443092699352
COAD,ENSG00000071203,MS4A12,16.240734500000002,7.352329022443869,-6.6142943853051115,1.7559664652041865e-16,5.5293181973455304e-15
COAD,ENSG00000099834,CDHR5,55.52291699999999,7.282888333784671,-2.18440087234727,7.329231053153892e-14,1.0594119513437056e-12
COAD,ENSG00000175084,DES,7863.33,7.2037781801862435,-3.845834220679418,1.1940669278673674e-8,5.3701480710012073e-8
COAD,ENSG00000166869,CHP2,52.263234,7.178167332806162,-4.378182063844551,2.057707399534633e-15,4.607284590851604e-14
COAD,ENSG00000172156,CCL11,38.35065,7.132683018131969,-1.2155937218582182,5.230397873072831e-8,2.0859819332519745e-7
COAD,ENSG00000101076,HNF4A,16.5611705,7.1159218143228715,-0.10668496090339388,0.5568355399150609,0.6089321048799925
COAD,ENSG00000099812,MISP,43.2884765,7.06662218043998,-1.0030779641705208,5.1625789858930876e-9,2.51117252585382e-8
COAD,ENSG00000075073,TACR2,149.85705000000002,7.064591252353088,-3.0349876820479853,2.727225140118762e-8,1.1492132442849845e-7
COAD,ENSG00000167741,GGT6,20.9503445,7.061376659658134,-2.097971620842185,3.3905020384546263e-12,3.2460323783801525e-11
COAD,ENSG00000109705,NKX3-2,23.56915,7.044942479553271,-1.3575976813182764,9.186128663090952e-6,2.4336306177105857e-5
COAD,ENSG00000183463,URAD,13.06483295,7.040545404760248,-1.6873529961392357,5.087080289555386e-5,1.1909580988672219e-4
COAD,ENSG00000106031,HOXA13,13.281949999999998,7.021557710117667,-0.6872831955457694,0.029035368141879268,0.04219370236139244
COAD,ENSG00000171124,FUT3,25.4849825,6.9829388367384535,-0.7484329380740518,0.0026602404869801245,0.004679251924381924
COAD,ENSG00000052344,PRSS8,64.272157000000007,6.959807847846431,-0.9164404189268637,1.240685248972692e-6,3.839478793866194e-6
COAD,ENSG00000180745,CLRN3,22.8197375,6.959283696230026,-0.8458212285812643,1.2084534064063045e-6,3.746243814161741e-6
COAD,ENSG00000135220,UGT2A3,12.20787645,6.943438056444184,-4.28829558428528,2.4748327457491993e-14,4.029266347318688e-13
COAD,ENSG00000170689,HOXB9,17.98346,6.90222814661603,0.14715019194810677,0.5773467577910473,0.6284268977489971
COAD,ENSG00000137648,TMPRSS4,16.143248999999997,6.867621193125033,-0.15520094166103685,0.25156632654317695,0.3010351422885501
COAD,ENSG00000167183,PRR15L,40.907183,6.859678481463976,-0.18343128608809223,0.18946529669461507,0.23324118799878887
COAD,ENSG00000175329,ISX,11.478511,6.85530592401398,-2.3086952672240177,4.607696398288197e-11,3.4145418712399785e-10
COAD,ENSG00000105523,FAM83E,22.0818285,6.828853597680182,-0.876359000830773,7.94646015791155e-9,3.719202351946829e-8
COAD,ENSG00000259823,LYPD8,14.609263,6.816495969899374,-3.710701236936625,3.548842107485537e-13,4.341512899263693e-12
COAD,ENSG00000176153,GPX2,64.5933145,6.798207283951036,1.0501337886534414,1.1135717660995314e-7,4.171847094649086e-7
COAD,ENSG00000168748,CA7,16.571553,6.795599476471141,-6.702687506952427,2.174166772826849e-26,2.838882027505778e-23
COAD,ENSG00000166866,MYO1A,26.1659215,6.763255028168274,-1.898009043633536,3.2352748106907324e-16,9.277612363424404e-15
COAD,ENSG00000089356,FXYD3,145.6614,6.741314570672091,-0.8919100050565281,9.439499350149176e-6,2.496044745133276e-5
COAD,ENSG00000204385,SLC44A4,73.88856,6.738307221685299,-1.616575838029759,4.745264474534071e-15,9.493437180615354e-14
COAD,ENSG00000115593,SMYD1,17.225495000000002,6.734468461139137,-3.1062113148015063,6.893423087510263e-6,1.8666470979120145e-5
COAD,ENSG00000101188,NTSR1,22.71726,6.715934715828952,-1.303257522610716,0.00874769004483366,0.014004598432083707
COAD,ENSG00000128710,HOXD10,20.86551,6.697298149315765,-1.0457129093676092,0.009688638374771064,0.01539067124138598
COAD,ENSG00000112818,MEP1A,12.350615000000001,6.645181230994544,-2.4300754389961714,1.7041735006632593e-12,1.7632299093497408e-11
COAD,ENSG00000142273,CBLC,18.617704000000003,6.621853314889845,-0.02826898929287328,0.7979396370007502,0.8289193661979788
COAD,ENSG00000166391,MOGAT2,11.9719342,6.589049896508978,-3.2229694432712117,6.565598703089129e-14,9.618086477090776e-13
COAD,ENSG00000253293,HOXA10,21.9944,6.580593709932197,0.20547976025535078,0.21155874259261576,0.25768591619520975
COAD,ENSG00000179914,ITLN1,30.29461,6.565849156068119,-3.0294385358765306,4.804834184829113e-8,1.928630324170625e-7
COAD,ENSG00000163515,RETNLB,9.120327999999999,6.526746168270449,-1.948086715635187,2.6025453741522825e-5,6.392720440251636e-5
COAD,ENSG00000242515,UGT1A10,8.8833,6.489173608793065,-4.062544341860573,1.9303785631332458e-21,3.618649290685432e-19
COAD,ENSG00000172238,ATOH1,8.584827749999999,6.440425330502924,-1.4313155419338048,1.2254949433898355e-4,2.689662030617808e-4
COAD,ENSG00000179674,ARL14,8.3186321,6.395513931163997,-2.454093291695399,6.827149078358724e-16,1.7828872246497866e-14
COAD,ENSG00000131096,PYY,16.443726,6.387651626768236,-6.732675798001561,4.562121657212508e-19,3.617559302759683e-17
COAD,ENSG00000139540,SLC39A5,37.50868199999999,6.366959458913464,-1.587902288026279,9.317942102974865e-8,3.545089627600344e-7
COAD,ENSG00000163435,ELF3,39.5199815,6.348530052065284,-0.10972026783725022,0.3943030862532211,0.4486099475664007
COAD,ENSG00000182271,TMIGD1,8.047001,6.348197180160883,-7.1431204169492934,1.080629717636356e-20,1.5677936036759755e-18
COAD,ENSG00000106384,MOGAT3,7.9127317999999995,6.324222282889975,-0.5236736789911923,0.02966969664123502,0.043010190098085196
COAD,ENSG00000181072,CHRM2,18.281325000000002,6.315738172929428,-4.300585926877305,8.111480329116575e-9,3.784455781945623e-8
COAD,ENSG00000044012,GUCA2B,7.7126535,6.287740725343144,-6.819695145545626,9.134638402727199e-22,2.1555545512748784e-19
COAD,ENSG00000163501,IHH,15.451669500000001,6.214936379397141,-0.1908574053892108,0.3583454505009579,0.412249867460309
COAD,ENSG00000039987,BEST2,10.493792,6.210589061772127,-4.139762373941205,2.18181813203118e-12,2.2038726113441304e-11
COAD,ENSG00000178828,RNF186,7.02880225,6.15558779664186,-0.8839046733279123,0.0026437429928333656,0.004652740610803693
COAD,ENSG00000168903,BTNL3,9.512844999999999,6.116713955689001,-2.888052980409566,4.9278419948266185e-17,1.847558435016339e-15
COAD,ENSG00000188175,HEPACAM2,10.998061,6.089132113434743,-2.5254433840964543,9.727153902377877e-9,4.4589659079747925e-8
COAD,ENSG00000172367,PDZD3,13.234223499999999,6.07954555547986,-1.458403509828684,6.951714680490437e-7,2.2456916333842273e-6
COAD,ENSG00000054938,CHRDL2,25.996605000000002,5.967843935175605,-0.14444694332311653,0.7444104240065711,0.781812567139938
COAD,ENSG00000253313,C1orf210,13.9015135,5.956407510275934,-1.5856258843806874,3.2041694608013993e-15,6.769075962956436e-14
COAD,ENSG00000133392,MYH11,4280.0599999999995,5.952717249362994,-4.15244657858778,2.2366051794433717e-13,2.8781963892626725e-12
COAD,ENSG00000006611,USH1C,14.35287,5.9457657814521845,-0.13191256177060048,0.2904834958650685,0.342405497713844
COAD,ENSG00000263429,TMEM238L,15.763575,5.94399915478638,-1.5355602399441808,1.3733748796040197e-10,9.199357179180688e-10
COAD,ENSG00000179913,B3GNT3,15.9515525,5.937415263362282,-0.042180816810247025,0.7239942799042738,0.7633587406441164
COAD,ENSG00000119888,EPCAM,174.22988499999997,5.932407711909585,-0.444818456856021,0.0015641855610957717,0.0028519957549452413
COAD,ENSG00000078399,HOXA9,26.2338,5.92601011261161,0.9297997776375584,2.1606392337229266e-5,5.371703482063625e-5
COAD,ENSG00000117983,MUC5B,8.804014500000001,5.924587997569153,-1.057780180646413,0.02077721978828794,0.03111547400549016
COAD,ENSG00000145113,MUC4,12.471950500000002,5.922111447302361,-2.0761123802213595,2.117540312229396e-7,7.506632498701349e-7
COAD,ENSG00000160180,TFF3,228.85174999999998,5.9031345547613165,-0.13659781380019093,0.582526229561037,0.6333606490608676
COAD,ENSG00000188959,C9orf152,11.1244025,5.891575134938928,-0.3939659323114875,0.006564572739708035,0.010744022869551397
COAD,ENSG00000122711,SPINK4,5.814878,5.886276506798132,0.44694502168139405,0.3409223445491456,0.3944299746198574
COAD,ENSG00000189143,CLDN4,53.9534625,5.883851965632286,0.08729910792009749,0.5455672398307427,0.5980902249706105
COAD,ENSG00000166126,AMN,30.646807499999998,5.848667983111899,-1.752024297815181,2.0534758569870392e-11,1.6466729652335818e-10
COAD,ENSG00000205277,MUC12,7.913133500000001,5.831996331909811,-1.940052218961304,4.7058746624378516e-6,1.3140755793913282e-5
COAD,ENSG00000204610,TRIM15,6.3809355,5.822203090993784,-0.3372891151672759,0.02248640804572873,0.03343958409598553
COAD,ENSG00000188833,ENTPD8,12.9812875,5.811767792446727,-2.2323732185862286,1.5379763621235916e-9,8.286878962462906e-9
COAD,ENSG00000104413,ESRP1,15.553101000000002,5.8109370010944,-0.29137338839244326,0.017600910499827215,0.02666755109844634
COAD,ENSG00000132698,RAB25,31.736646999999998,5.7827526832798295,0.28171534069146226,0.03582783316981621,0.05116470583040615
COAD,ENSG00000132437,DDC,9.661458149999998,5.775696644139656,-0.4840035518754506,0.04054932097164351,0.057289114949910534
COAD,ENSG00000275410,HNF1B,7.49960955,5.775506518717493,-0.6604137890851705,3.172441844333843e-4,6.463017054620621e-4
COAD,ENSG00000198074,AKR1B10,27.0120455,5.771263787066848,-4.143395158770256,7.477366783154748e-19,5.589759763926295e-17
COAD,ENSG00000114455,HHLA2,8.1145836,5.76883107661832,-3.3000241694789083,3.894008449122123e-17,1.5102584056337802e-15
COAD,ENSG00000086548,CEACAM6,12.063391,5.76157357570244,0.6651350090142636,0.02676682084631066,0.03919370163694981
COAD,ENSG00000091482,SMPX,19.336045,5.751893440657582,-1.251813509622502,0.04567687604854,0.06382317608571003
COAD,ENSG00000181885,CLDN7,115.72302,5.721767609550618,-0.8578112396568534,1.0812582430805433e-9,6.038643840597525e-9
COAD,ENSG00000159166,LAD1,27.3079045,5.709405994227973,0.17239839080188293,0.11897437722358704,0.1528374066444608
COAD,ENSG00000165553,NGB,5.109394999999999,5.703043927816973,-4.289059515693433,4.0438567148602115e-15,8.310910557948803e-14
COAD,ENSG00000189334,S100A14,80.71659,5.696828782344938,-1.0313338798074136,1.142434247979283e-7,4.264478212487562e-7
COAD,ENSG00000167117,ANKRD40CL,5.0707640000000005,5.692305554843183,-1.6132699187889163,2.142358865492996e-14,3.537962962862211e-13
COAD,ENSG00000102837,OLFM4,33.8463565,5.68926325335772,-0.13488814330250554,0.7991085328009802,0.8300015762549715
COAD,ENSG00000275718,CCL15,9.8584225,5.679669685825461,-1.7133212886670228,4.5160656185012756e-10,2.733364066871631e-9
COAD,ENSG00000162069,BICDL2,17.649041000000004,5.666610306184393,-0.2753017126674973,0.11403386675096618,0.14710316236477794
COAD,ENSG00000152785,BMP3,13.61946,5.655322721493257,-5.628154168976129,4.555881290586586e-21,7.498444618271335e-19
COAD,ENSG00000145384,FABP2,5.2397437,5.634481378038639,-3.594590073199985,9.773659274315721e-13,1.076036484242539e-11
COAD,ENSG00000129354,AP1M2,20.606071,5.608500657332872,0.17618790571465368,0.07618093363568734,0.10221824800908215
COAD,ENSG00000164326,CARTPT,9.213049999999999,5.607077520944479,-1.7044988838835156,0.005128417729568268,0.00856310227206514
COAD,ENSG00000070019,GUCY2C,10.846252999999999,5.565376557479246,-0.43834875508528715,0.01540425161802973,0.023574595420435246
COAD,ENSG00000142484,TM4SF5,4.623688,5.561841772637316,0.28624353571020633,0.23200862885424034,0.2799483122683065
COAD,ENSG00000016602,CLCA4,14.140856000000001,5.551466059062254,-6.657297846984943,5.8255641645368e-16,1.554489097092885e-14
COAD,ENSG00000105289,TJP3,21.1148495,5.545587046161789,-1.0210027168753975,2.244675703674702e-9,1.1695721822871167e-8
COAD,ENSG00000167281,RBFOX3,35.9643,5.531235580449916,-3.772222579925812,7.73944104404871e-9,3.6299016352667155e-8
COAD,ENSG00000175311,ANKS4B,5.4855913,5.5276030612892475,-0.5543894188312086,1.2481161584994733e-5,3.2309811102789695e-5
COAD,ENSG00000184434,LRRC19,7.2832305,5.520714620435365,-3.0682492012135696,1.4199049813985465e-17,6.306181171354179e-16
COAD,ENSG00000065325,GLP2R,13.85105,5.503244748596651,-3.778557709594547,1.9184144302598393e-22,5.855290884779438e-20
COAD,ENSG00000135373,EHF,13.4669335,5.487771838862381,-0.27743940855904253,0.1194239563751152,0.1533594026726335
COAD,ENSG00000140297,GCNT3,7.21431035,5.485320404798869,-2.860523664128783,5.983605305200937e-12,5.428202570989604e-11
COAD,ENSG00000156413,FUT6,5.57771395,5.469750440228971,-0.5277965874651425,0.017515308185028663,0.026546067175730978
COAD,ENSG00000128713,HOXD11,4.236615,5.438497462864586,-0.2348112799343193,0.5586378756084256,0.6105396703122942
COAD,ENSG00000127324,TSPAN8,169.910275,5.437842616044313,-1.1866865611543915,8.874784745583455e-6,2.356902156298272e-5
COAD,ENSG00000118322,ATP10B,9.8400995000000009,5.434536520913299,-0.7320872701019193,2.115914174890677e-4,4.445644178224501e-4
COAD,ENSG00000109182,CWH43,5.2033213,5.4077089110776155,-5.443347543239041,3.273264953059041e-18,1.8161520501590475e-16
COAD,ENSG00000117472,TSPAN1,120.985105,5.399608740175896,-2.415731851444036,8.608293222823225e-16,2.1755100782221377e-14
COAD,ENSG00000233670,PIRT,5.29476,5.389701275165543,-4.059312916317472,2.0048515971113242e-15,4.503099011585137e-14
COAD,ENSG00000198488,B3GNT6,4.32175805,5.363373526020469,-2.618263865357872,7.043756638853053e-7,2.2713042069241997e-6
COAD,ENSG00000130176,CNN1,1394.035,5.343891086829389,-3.0818824287100712,6.223929541471789e-9,2.9775741084334748e-8
COAD,ENSG00000185681,MORN5,28.63745,5.32206013379796,-3.686715140627554,1.9910775981582106e-7,7.092987602314789e-7
COAD,ENSG00000275395,FCGBP,92.03629,5.312708121704641,-3.1904892529041273,2.3743169548576428e-11,1.8774070196948646e-10
COAD,ENSG00000124253,PCK1,23.816260999999997,5.308672385869272,-3.2826495175075396,4.894359845446696e-15,9.71235379259564e-14
COAD,ENSG00000164107,HAND2,112.559,5.308107830914488,-3.6347684472795727,4.340884997429699e-12,4.067970026777898e-11
COAD,ENSG00000170608,FOXA3,6.2511,5.293885507876393,-0.04084744792327878,0.8176320756867322,0.8457429012094184
COAD,ENSG00000164266,SPINK1,18.997200499999998,5.2915710091460655,0.007155067365161558,0.9764461907037205,0.9803503737504136
COAD,ENSG00000171246,NPTX1,34.85145,5.283193685748785,-4.260367915200438,4.106192019960963e-13,4.952209168901195e-12
COAD,ENSG00000114248,LRRC31,4.5663022,5.277178494640632,-1.3576607709487045,5.360844370992658e-9,2.596377296000549e-8
COAD,ENSG00000001626,CFTR,8.693554599999999,5.272733151821535,-0.5897919811692843,0.07772702304647268,0.10410732909719031
COAD,ENSG00000167080,B4GALNT2,3.8650821000000004,5.254236551572869,-5.523460159914769,5.798855053086871e-14,8.669952295401485e-13
COAD,ENSG00000269404,SPIB,6.704561,5.236442935804974,-5.3578129892097275,6.071303278411226e-22,1.5855006134794967e-19
COAD,ENSG00000176387,HSD11B2,136.48032999999998,5.207633351058537,-2.406790353484383,5.964494693415549e-17,2.155361495668578e-15
COAD,ENSG00000167748,KLK1,16.766233,5.206360269803921,-1.4768564748024802,2.331866734769205e-6,6.856619406574035e-6
COAD,ENSG00000145936,KCNMB1,75.45245,5.167393471363124,-2.7275603220062856,1.0061483304218484e-10,6.97572431845746e-10
COAD,ENSG00000183034,OTOP2,3.4285726500000004,5.141012808921425,-9.216944263182151,1.6583918731107803e-27,2.3200902304819817e-24
COAD,ENSG00000204616,TRIM31,5.4787514999999996,5.140385272397266,-0.6452012679263043,0.009682488426084122,0.015382967092252078
COAD,ENSG00000129514,FOXA1,5.60695635,5.126425740966136,-1.2049755624275877,8.958202740973344e-6,2.376155997896857e-5
COAD,ENSG00000167332,OR51E2,8.36229,5.124245036098943,-1.4506575054013244,1.2441291333075585e-4,2.7278084859466966e-4
COAD,ENSG00000267795,SMIM22,18.0627025,5.110906852988577,0.01752381275710032,0.9144470765661314,0.9292497894378049
COAD,ENSG00000100604,CHGA,20.415274999999998,5.0752144407610444,-5.306336598658469,2.0528003644712542e-16,6.282210615395935e-15
COAD,ENSG00000103241,FOXF1,85.1043,5.0679718805199245,-1.2738757661205622,3.2689370825612907e-10,2.037079277729731e-9
COAD,ENSG00000144045,DQX1,8.8243265,5.067781496379802,-0.8313612324976342,1.2944678547654527e-5,3.341255588223004e-5
COAD,ENSG00000166959,MS4A8,3.9943294500000004,5.006384232725136,-1.9757873728677438,8.332131679095799e-8,3.204263323517972e-7
COAD,ENSG00000176532,PRR15,26.214168,4.9891925314900325,-0.9876914499136569,4.026429759935336e-6,1.1375356046046443e-5
COAD,ENSG00000007952,NOX1,13.4784035,4.974688204220615,0.3624440645000158,0.12514309910394403,0.16003217152323373
COAD,ENSG00000101447,FAM83D,55.7487,4.968740578316184,1.1421368901765423,7.035493575790814e-7,2.2690132912142085e-6
COAD,ENSG00000059915,PSD,127.68979999999999,4.965764386888754,-2.880360302500001,1.0935258754500336e-9,6.100198745817248e-9
COAD,ENSG00000146039,SLC17A4,3.0179646499999997,4.962532666425691,-3.7151687543785434,2.5673419907505794e-16,7.591910733731691e-15
COAD,ENSG00000151715,TMEM45B,23.994207000000003,4.928559345449815,-0.9966988338232003,5.829997240819044e-8,2.3044667196504904e-7
COAD,ENSG00000103534,TMC5,5.877846999999999,4.923059676910542,0.2128393140583775,0.22104149256684458,0.2681522869875638
COAD,ENSG00000137251,TINAG,2.9177670000000004,4.915409515423567,-1.8560999653344565,8.66535071064004e-9,4.014180676882588e-8
COAD,ENSG00000115263,GCG,2.872866,4.893782531058474,-5.691033808871399,1.3210846367942329e-17,5.934578829415561e-16
COAD,ENSG00000103067,ESRP2,15.554077500000002,4.888487115967046,0.213890770122625,0.14066224891561918,0.17786886224167583
COAD,ENSG00000243709,LEFTY1,30.79746,4.888005784350223,-0.5267590443744621,0.15706026060254655,0.1967623298043672
COAD,ENSG00000039068,CDH1,31.6193155,4.879652074398416,-0.2094790711117741,0.1382667538891438,0.17513371542862127
COAD,ENSG00000162460,TMEM82,2.8152652,4.865555225421793,-3.488281938166509,9.669062039036702e-17,3.287472680186055e-15
COAD,ENSG00000109132,PHOX2B,2.811025,4.863455324324389,-4.843450993731427,4.471560139118914e-19,3.574692934072777e-17
COAD,ENSG00000125798,FOXA2,2.80593265,4.86092936130031,1.8277770085960354,6.335463897053942e-12,5.7077459009980915e-11
COAD,ENSG00000080644,CHRNA3,7.384589999999999,4.841721429333603,-2.054770928256233,6.285898920923388e-10,3.690516075096087e-9
COAD,ENSG00000182687,GALR2,6.565424999999999,4.835526823300855,-0.3203234984088324,0.3314286550698502,0.3846049080577133
COAD,ENSG00000149418,ST14,76.1891,4.813085319995943,-0.2984828149988439,0.03243373306374812,0.046675025406801664
COAD,ENSG00000109205,ODAM,2.6958450000000003,4.805212475654417,2.074486192798773,2.8828148588541003e-5,7.031483415381868e-5
COAD,ENSG00000184363,PKP3,19.0573285,4.788219757496973,0.5069047272454716,3.4640643936524275e-5,8.342206469208956e-5
COAD,ENSG00000144852,NR1I2,5.6497595,4.786448305148567,-0.17032313381080721,0.30763017100320683,0.3600815471982794
COAD,ENSG00000124664,SPDEF,11.738424000000002,4.715578762847521,-1.3311509483940154,6.978202793878386e-5,1.598538946443299e-4
COAD,ENSG00000156284,CLDN8,2.5131397,4.7077123489405395,-6.266864864286858,1.0357529113505116e-17,4.864809717436719e-16
COAD,ENSG00000124429,POF1B,10.0705615,4.701922884608182,0.07321746822192089,0.6634125980390205,0.7087933201610438
COAD,ENSG00000248144,ADH1C,82.86498499999999,4.6877284665682435,-4.454579814229201,9.094484682144807e-16,2.2622296576969877e-14
COAD,ENSG00000171916,LGALS9C,3.4490333,4.680264796343598,-3.0862112929082337,1.7567522174570592e-12,1.814754690459597e-11
ESCA,ENSG00000163623,NKX6-1,118.3,9.312625861667923,-1.1739055491247317,0.23693893472680888,0.41187636468768574
ESCA,ENSG00000163017,ACTG2,3013.68,8.219446106721351,-3.1676029044400686,4.056675984442065e-5,0.0024502945453853775
ESCA,ENSG00000175084,DES,10253.3,7.586649909771647,-4.2660552410543,1.5452678754457554e-5,0.0017815663314817917
ESCA,ENSG00000197565,COL4A6,185.408,6.737863857596956,-1.917618946670872,0.01804904118348925,0.07582074095170147
ESCA,ENSG00000133392,MYH11,6634.58,6.585079405270939,-3.3101439773248926,7.62799420359548e-5,0.0031998284033093152
ESCA,ENSG00000089225,TBX5,15.3367,6.535725099061398,0.08431215948863616,0.921910202840892,0.9550165511228726
ESCA,ENSG00000101447,FAM83D,124.917,6.131269262042089,0.05478929379277801,0.9228919948977068,0.955663791568947
ESCA,ENSG00000069011,PITX1,53.0498,6.057991887319329,0.11548291538272336,0.8332914309648349,0.9010092356513372
ESCA,ENSG00000145936,KCNMB1,130.149,5.953115322778359,-2.8441967894549687,4.644314326445535e-4,0.008065056724092957
ESCA,ENSG00000075073,TACR2,67.7662,5.9208070428226804,-2.914987278804433,0.00207354251319249,0.01937138193594424
ESCA,ENSG00000130176,CNN1,1744.54,5.66745018895249,-3.508867413175371,3.667025929577368e-5,0.0023584480327059096
ESCA,ENSG00000034971,MYOC,159.99,5.6111079220606035,-6.669562213734202,8.423635312329235e-5,0.003378103174826586
ESCA,ENSG00000186297,GABRA5,5.39189,5.421721045372296,-3.905989999401839,1.7525993380124166e-4,0.004893232981060222
ESCA,ENSG00000137273,FOXF2,129.976,5.3168042111573515,-1.077358108810135,0.006009642024664536,0.03713493346323976
ESCA,ENSG00000164093,PITX2,4.51646,5.182741402597638,0.2873123736725521,0.7335872636609793,0.8351788978783793
ESCA,ENSG00000187848,P2RX2,8.58221,5.163466948247754,-3.3395059853353244,7.56269462822016e-4,0.010759527652691296
ESCA,ENSG00000103241,FOXF1,85.2837,5.07100632122797,-1.28912604593179,0.010196626777237209,0.052082277740360845
ESCA,ENSG00000182253,SYNM,874.788,5.0239164415998,-2.569330241456291,0.0048688018143914595,0.03246371893011945
ESCA,ENSG00000163431,LMOD1,1086.83,4.945569343317788,-3.333524295022063,7.598955290942024e-5,0.003193725786097806
ESCA,ENSG00000159307,SCUBE1,28.4326,4.82640672180811,-1.8960126139773144,0.00834853535305433,0.045735875535394134
ESCA,ENSG00000149596,JPH2,108.53,4.8263431389881575,-2.9991706230283306,4.411420858008062e-4,0.007882386567277806
ESCA,ENSG00000205002,AARD,14.1342,4.814540755323182,-0.5994485455650338,0.37235497289779973,0.5518265182559825
ESCA,ENSG00000159556,ISL2,3.84891,4.686193669597075,1.154518855300348,0.020913026203610494,0.08293707019457189
ESCA,ENSG00000135333,EPHA7,35.6144,4.666811732566561,-3.1771797046628225,0.003504958466364164,0.026412445469088212
ESCA,ENSG00000164107,HAND2,69.0435,4.60381079889139,-3.1431214762406183,1.1122117988129588e-4,0.0038424825400110146
ESCA,ENSG00000128591,FLNC,246.552,4.566282573744678,-2.7411224384464807,0.0016314864047596626,0.016767108103224085
ESCA,ENSG00000181856,SLC2A4,122.668,4.558723387459359,-3.4791074584641866,2.8789597293027312e-5,0.0021933029653852455
ESCA,ENSG00000198467,TPM2,3694.56,4.556651089096971,-1.3195356463539265,0.03396178625427879,0.11394007108963461
ESCA,ENSG00000101335,MYL9,5712.1,4.55470364649987,-1.4183310305786052,0.031018633640929667,0.10728867467748036
ESCA,ENSG00000144191,CNGA3,4.0086,4.5404850805194865,-3.5891742007667187,0.0011922021738060898,0.013987429711425255
ESCA,ENSG00000172156,CCL11,6.23966,4.532152406187088,-0.5353361581026563,0.2863241656766851,0.46504677971170805
ESCA,ENSG00000065325,GLP2R,6.90704,4.509748077735955,-3.5306263112148204,1.7600807897992792e-4,0.004893232981060222
ESCA,ENSG00000121871,SLITRK3,8.08434,4.493781732342413,-4.156774537803753,2.2813169388497078e-5,0.00200681020717476
ESCA,ENSG00000172403,SYNPO2,357.763,4.474830474581485,-3.479954596550925,3.067628357054883e-5,0.0022794705680318056
ESCA,ENSG00000172987,HPSE2,48.5578,4.439269265876785,-3.1781578796684973,0.0015883537214003895,0.016488857071785934
ESCA,ENSG00000152785,BMP3,5.76903,4.430293011251684,-3.627552796665797,8.489665040606843e-5,0.0033915019768726343
ESCA,ENSG00000100628,ASB2,54.5632,4.4145463316775935,-2.07815321926657,0.002669413038325889,0.022430715434507826
ESCA,ENSG00000065534,MYLK,364.553,4.390733773950378,-1.4719563863699412,0.03334763946942561,0.11260776556595302
ESCA,ENSG00000149591,TAGLN,3790.58,4.3370210457309515,-1.9068028406127155,0.0012247980928563873,0.014231400317751863
ESCA,ENSG00000172236,TPSAB1,69.4534,4.2822471429735325,-0.6873994990593144,0.1453885493997088,0.29875936406272713
ESCA,ENSG00000166831,RBPMS2,202.043,4.266921882447729,-3.5423042668434253,2.6247824320422198e-5,0.00211907133565761
ESCA,ENSG00000198523,PLN,209.937,4.256308004645477,-3.5728946273678566,1.4276062403311226e-4,0.0043782823688727395
ESCA,ENSG00000174808,BTC,37.5549,4.253420827291357,-1.8505846115487554,0.001035574313785706,0.012933452442452151
ESCA,ENSG00000118729,CASQ2,87.5248,4.251631911806739,-4.072547325961318,9.726168926051005e-5,0.003623074629756255
ESCA,ENSG00000154330,PGM5,317.322,4.216216529406589,-3.9444089146114987,3.664223328395153e-5,0.0023584480327059096
ESCA,ENSG00000197253,TPSB2,52.2591,4.1979796716352675,-0.9888440558332726,0.04419911627993796,0.13528389439907915
ESCA,ENSG00000141052,MYOCD,29.6483,4.171071919724598,-3.2202671545242856,3.663550829463904e-5,0.0023584480327059096
ESCA,ENSG00000196924,FLNA,3727.98,4.07772855567215,-0.4677941169300888,0.4772955867924389,0.644499135121614
ESCA,ENSG00000188153,COL4A5,150.105,4.065511370937263,-1.3775941663179843,0.01758092728045481,0.0745303822621614
ESCA,ENSG00000113396,SLC27A6,9.97028,4.037242367183315,-2.049912785828484,0.014185360495163264,0.06471295918929842
ESCA,ENSG00000127951,FGL2,156.812,4.0319757068991,-2.076075709170169,0.014782249595361117,0.06633334385210783
ESCA,ENSG00000107796,ACTA2,3350.08,4.023883087761235,-1.5339505593420257,0.009175667708653528,0.04870796679596997
ESCA,ENSG00000136546,SCN7A,42.8347,4.016613398310771,-3.9539583969168617,5.3412417477134984e-5,0.002804341962688951
ESCA,ENSG00000158246,TENT5B,145.436,4.016415347420025,-2.707643604585506,0.003275400862002308,0.025396961635349297
ESCA,ENSG00000183963,SMTN,888.12,4.016208509327022,-0.9782692983857094,0.04064920654772614,0.12783407336740057
ESCA,ENSG00000140416,TPM1,988.702,4.012315886033704,-0.858011558566537,0.12097990661208602,0.26422620988145723
ESCA,ENSG00000171119,NRTN,15.8278,3.9642307322811545,-1.6411630193511109,0.00332551228289579,0.02565783194549163
ESCA,ENSG00000154553,PDLIM3,379.041,3.956767754703287,-1.683876650568383,0.0062067991166156284,0.037926513515423366
ESCA,ENSG00000178343,SHISA3,18.2114,3.9480432083701222,-2.1555693825206745,0.017282744624818613,0.07363640263473592
ESCA,ENSG00000130822,PNCK,25.901,3.9078563775765986,-1.167835002629801,0.020588054694214316,0.08216605490249461
ESCA,ENSG00000133019,CHRM3,11.1697,3.89876470328016,-1.9929009079758953,6.688142941414528e-4,0.010007939587698673
ESCA,ENSG00000115705,TPO,6.58941,3.875303277234855,-1.8803517293365957,0.029708136228592648,0.10426765541843848
ESCA,ENSG00000136267,DGKB,3.33417,3.806786638608675,-2.577893076879612,0.02143113662802699,0.08430032540708086
ESCA,ENSG00000065320,NTN1,81.8106,3.798755669430936,-1.4741140077346395,0.008841636051644761,0.04763470173448938
ESCA,ENSG00000188257,PLA2G2A,155.218,3.7966730438911114,0.7783096913962317,0.4406934460180091,0.6145404531534789
ESCA,ENSG00000095917,TPSD1,11.3012,3.789067503610877,-1.3355534741079875,0.017104181770613194,0.07309979386112411
ESCA,ENSG00000120057,SFRP5,25.1679,3.788754718442763,-1.879869064120039,0.05537745459445177,0.1574963084245144
ESCA,ENSG00000149534,MS4A2,4.27164,3.7853377160959285,-1.4915927272200435,0.024633568773078183,0.09224710236753952
ESCA,ENSG00000075213,SEMA3A,13.2252,3.773133581860801,-0.7963196954927958,0.20950868410972856,0.38090581929326095
ESCA,ENSG00000134198,TSPAN2,41.9858,3.758820300483653,-1.9793119287451262,3.565476580803164e-4,0.007154278709331209
ESCA,ENSG00000197361,FBXL22,19.0973,3.7471140151834503,-1.304845188729778,0.018915228546393235,0.07779838975816868
ESCA,ENSG00000167281,RBFOX3,10.2906,3.7359431231047666,-1.9683681661444665,0.018995517857461723,0.0779661357733183
ESCA,ENSG00000092009,CMA1,5.00792,3.7305158594343784,-3.6784848770399394,2.826553852527704e-4,0.006306674461867051
ESCA,ENSG00000173198,CYSLTR1,8.94068,3.7250571544627027,-1.617607502442089,0.030792578989117823,0.10667864720346129
ESCA,ENSG00000118257,NRP2,72.3314,3.7166010106720497,-0.484859685900842,0.30086737190894025,0.4801044832423396
ESCA,ENSG00000108823,SGCA,83.4414,3.7113413309924415,-2.942461754851106,4.468874819043992e-4,0.00793740350097618
ESCA,ENSG00000167676,PLIN4,99.446,3.701956166379555,-3.589959970289494,7.507516215301371e-5,0.0031848263038687123
ESCA,ENSG00000187140,FOXD3,3.93681,3.6923336348911424,-0.7386137509535201,0.3817170404594886,0.5604160995251967
ESCA,ENSG00000197321,SVIL,244.994,3.6637687155094802,-0.41335072138503487,0.4236396230895333,0.5990554357922945
ESCA,ENSG00000181072,CHRM2,2.82405,3.6635372933600423,-4.024973188336209,1.4589586602952335e-4,0.004445964732928068
ESCA,ENSG00000165966,PDZRN4,21.2288,3.6576265515345905,-3.5779770013092604,5.188407197874787e-4,0.008735133918370396
ESCA,ENSG00000105877,DNAH11,2.75325,3.6540521810083737,-0.6370095807620267,0.2368326774583432,0.4118193293120151
ESCA,ENSG00000146374,RSPO3,49.7919,3.6360615380185695,-2.6437423829822198,0.0037388162952839993,0.027481987066829198
ESCA,ENSG00000138735,PDE5A,55.829,3.6238591088934755,-1.0592021092853332,0.05943286387452494,0.1652706246397643
ESCA,ENSG00000124882,EREG,2.36819,3.595218183142316,1.8872155912012782,0.04615111805368815,0.13907757497434645
ESCA,ENSG00000173641,HSPB7,239.502,3.565355191495573,-4.411682898982537,1.363035467630191e-5,0.001773472707051228
ESCA,ENSG00000163751,CPA3,34.1766,3.520633586339317,-1.1509513834067768,0.022640847934191903,0.08722374888892691
ESCA,ENSG00000181778,TMEM252,9.45051,3.5157218978568703,-3.4666284557112403,9.23312386545202e-5,0.0035522493242696367
ESCA,ENSG00000164220,F2RL2,5.86027,3.512149503367175,1.1535700668459012,0.03688203248196621,0.12003213578766404
ESCA,ENSG00000168621,GDNF,4.9197,3.4961097545145767,-1.3663391202908368,0.01534463922409722,0.06800419301097843
ESCA,ENSG00000072195,SPEG,101.263,3.4833819197324116,-1.590807971857915,0.027566351666127153,0.09936424409324252
ESCA,ENSG00000122786,CALD1,966.409,3.4820386486953936,-0.9541914834671534,0.07371845830190962,0.19067648761888148
ESCA,ENSG00000169071,ROR2,26.1302,3.477635081687027,-1.2163524037307587,0.03985212937578102,0.12596195656689244
ESCA,ENSG00000115414,FN1,582.359,3.459958056779112,0.5363481851052201,0.35300946112541887,0.5338770775742199
ESCA,ENSG00000077522,ACTN2,16.8064,3.430461618458567,-2.702224157963931,0.005687106742762427,0.03574823515967888
ESCA,ENSG00000106772,PRUNE2,106.992,3.430044631922481,-2.235731339181662,0.026936199416963496,0.09788463173263993
ESCA,ENSG00000095303,PTGS1,56.3837,3.4174579960038325,-1.4767086644822813,0.021905589967353853,0.08545495841740931
ESCA,ENSG00000022267,FHL1,862.034,3.390335930655401,-3.081510276414622,5.009522257507895e-5,0.0027197675208175624
ESCA,ENSG00000213694,S1PR3,59.9025,3.387563546583693,-1.4979355501586775,0.013392534192585272,0.0622621023673792
ESCA,ENSG00000163297,ANTXR2,89.2055,3.3792892569857123,-0.1933752562044489,0.7477845768325677,0.8449965718208015
ESCA,ENSG00000075035,WSCD2,14.8912,3.3705135155968518,-3.0956228398086756,5.686261607345202e-4,0.00924619028615568
ESCA,ENSG00000118526,TCF21,18.4877,3.3624802698708405,-1.5972025385026904,0.0070577687567463625,0.04105500609065981
ESCA,ENSG00000146469,VIP,24.7015,3.361943146593636,-4.18086925989737,0.0013289378821806626,0.014872070887256152
ESCA,ENSG00000196557,CACNA1H,158.569,3.350945667058,-1.81246454368245,0.01120724686439557,0.05535537864157427
ESCA,ENSG00000059915,PSD,40.9623,3.3278780435790223,-1.9771241515862834,0.0015720918755529369,0.016413834582198812
ESCA,ENSG00000164120,HPGD,19.4499,3.325197247818304,-2.2998164604056397,7.63351687624337e-4,0.01080331173733345
ESCA,ENSG00000166923,GREM1,11.1889,3.3245663324778816,-0.5735433109573879,0.46393630266720864,0.6336858353612104
ESCA,ENSG00000275385,CCL18,2.39919,3.3234702164780643,0.7350397360651331,0.3925352354141356,0.5710196892377973
ESCA,ENSG00000072163,LIMS2,266.276,3.318114851848228,-1.949044047026055,0.0016161063474779633,0.016661131294380162
ESCA,ENSG00000140682,TGFB1I1,363.367,3.3118083187506113,-0.8242178448877926,0.07832640573137009,0.19858665852472007
ESCA,ENSG00000114200,BCHE,30.9051,3.310192011071235,-3.3595106851772623,7.257866566456574e-4,0.010456331837855286
ESCA,ENSG00000146013,GFRA3,14.604,3.302621117408878,-2.8488629414030884,8.172457655108961e-4,0.01127388624069558
ESCA,ENSG00000071991,CDH19,19.0991,3.299285512604155,-3.542597681861195,7.571171291830843e-4,0.010761984012351462
ESCA,ENSG00000095637,SORBS1,367.82,3.29828385634291,-2.6828041600191095,1.09659914185123e-4,0.0038385280573282783
ESCA,ENSG00000116254,CHD5,7.35707,3.2980993359373594,-2.7705525291812236,0.001343889519465125,0.014978121180371807
ESCA,ENSG00000129116,PALLD,429.844,3.2909426086740643,-0.7196601740473751,0.11996900060291725,0.2629764142601723
ESCA,ENSG00000116741,RGS2,407.197,3.2886055470573496,-1.2194881781116533,0.05148202559380238,0.1496247844510006
ESCA,ENSG00000174099,MSRB3,130.077,3.279157981230857,-1.8594610584415283,0.002371440732070111,0.02098811019948147
ESCA,ENSG00000172935,MRGPRF,162.003,3.2740448656769203,-2.2080854866426605,0.0014198409064346787,0.015418476941253652
ESCA,ENSG00000100302,RASD2,51.5523,3.2619054339565112,-0.4012582300003216,0.6419739138018739,0.7724029712292452
ESCA,ENSG00000104371,DKK4,1.53476,3.2431298695872486,-0.47344214118568395,0.4487735587451295,0.6212593866872053
ESCA,ENSG00000069482,GAL,5.04643,3.239102253291551,0.377451043074295,0.6968187857777512,0.811357751008882
ESCA,ENSG00000058866,DGKG,34.1445,3.2383336874645265,-2.5610752343927254,0.002374744369074492,0.02098964736692825
ESCA,ENSG00000162614,NEXN,152.791,3.2363331452799597,-2.248009538246385,3.8785167523654526e-4,0.007399135797272911
ESCA,ENSG00000077157,PPP1R12B,162.945,3.2279700422645243,-1.9461381646504083,0.001835773042836071,0.018023547141039948
ESCA,ENSG00000135842,NIBAN1,155.523,3.2029729498247206,-1.7294435830463717,0.010454732940051288,0.05291672264148977
ESCA,ENSG00000091436,MAP3K20,104.381,3.1902999846559785,-0.15554423941985066,0.7731290113443663,0.8612539437694444
ESCA,ENSG00000171819,ANGPTL7,11.8002,3.18520949173172,-2.7723055038443754,9.800789848999375e-4,0.012503332036946736
ESCA,ENSG00000159176,CSRP1,2253.9,3.1838195504655853,-1.1449364792092616,0.018327440465514187,0.07650964206742362
ESCA,ENSG00000135914,HTR2B,5.09914,3.1821179743999135,-0.6213516936933348,0.20997610992435167,0.3814619836987241
ESCA,ENSG00000126562,WNK4,3.29652,3.178877498947008,-0.9858961987832221,0.06692271486216914,0.17866987982137109
ESCA,ENSG00000188487,INSC,3.00838,3.1771006428242874,-0.48044467170118665,0.425564801930707,0.6008171219308986
ESCA,ENSG00000197576,HOXA4,44.5652,3.1605007728721466,-0.6830097294399805,0.13676669584560225,0.286781413103577
ESCA,ENSG00000173546,CSPG4,98.1873,3.1599737218778117,-0.7402833955320809,0.29608137893423436,0.47519904358068726
ESCA,ENSG00000174576,NPAS4,4.08663,3.159733138951666,-3.127869746730637,1.761124627980348e-4,0.004893232981060222
ESCA,ENSG00000131471,AOC3,189.839,3.1389498374316327,-2.465979826026088,7.167523414518221e-4,0.010416947721887804
ESCA,ENSG00000072110,ACTN1,537.37,3.1341729088838743,0.15113901050996648,0.696465895688811,0.8111068128843952
ESCA,ENSG00000079308,TNS1,540.514,3.121076700537625,-1.9328782605970891,6.733901883216111e-4,0.010040554643828636
ESCA,ENSG00000103710,RASL12,137.83,3.116111907138008,-1.189032684449213,0.10682594494358437,0.24380637241328104
ESCA,ENSG00000172572,PDE3A,34.5142,3.08409013951945,-0.5308750763971796,0.45616794583894105,0.627267243423053
ESCA,ENSG00000145012,LPP,116.14,3.0827489638346206,-0.8862784284372051,0.0313835790956721,0.10812341174361603
ESCA,ENSG00000197614,MFAP5,55.8444,3.080173030640063,-3.375098288820866,0.0037587658371632787,0.0275685629740016
ESCA,ENSG00000162520,SYNC,26.8489,3.078053192188373,-2.473899440231477,4.484087179513879e-4,0.00793740350097618
ESCA,ENSG00000143867,OSR1,64.262,3.075881390745583,-1.4619294481217129,0.05878576365520876,0.16429017078013924
ESCA,ENSG00000197256,KANK2,370.189,3.0687415817532786,-1.3328694359818605,0.011534683234777049,0.05622001113824468
ESCA,ENSG00000156113,KCNMA1,29.2898,3.057914709888927,-3.2556183401147387,9.155729620319636e-4,0.012039580536920313
ESCA,ENSG00000261150,EPPK1,2.87382,3.0534015473117417,0.4525955658669702,0.3542232231882282,0.5349248584971152
ESCA,ENSG00000100448,CTSG,16.1277,3.0527199930460305,-3.2966950259934413,0.0010323357714830447,0.012906656387038149
ESCA,ENSG00000196923,PDLIM7,432.605,3.046926696132446,0.11633261925032225,0.7902559391788457,0.8726923957200508
ESCA,ENSG00000112175,BMP5,2.00522,3.0416528929874183,-1.067753821718358,0.11844883056318331,0.2607574600494687
ESCA,ENSG00000185567,AHNAK2,39.2995,3.035171210444852,-0.16924060887709644,0.8325618302868685,0.9005501853020506
ESCA,ENSG00000143341,HMCN1,8.64169,3.029328941108056,-0.7360161238194546,0.13879463691166907,0.2894985991144895
ESCA,ENSG00000157110,RBPMS,232.531,3.018197039233506,-0.7804124443361915,0.08016387909046362,0.2018046870845203
ESCA,ENSG00000118407,FILIP1,14.1323,3.0132813171981536,-1.8855214331438903,0.010715340825893606,0.053866369579635864
ESCA,ENSG00000115665,SLC5A7,1.52337,3.0057114364898703,-5.835048220065783,2.582634606304856e-6,0.0012637199076569342
ESCA,ENSG00000175785,PRIMA1,57.7872,3.003879167435249,-3.4079083155002015,1.4271593107123716e-4,0.0043782823688727395
ESCA,ENSG00000137124,ALDH1B1,102.599,2.98913709686866,-0.7852884584429243,0.10782756869117842,0.24528642744938942
ESCA,ENSG00000145423,SFRP2,82.7645,2.9808300132483225,-1.1162181188000266,0.22956031327461307,0.4039885185250773
ESCA,ENSG00000263155,MYZAP,73.3242,2.9795234440497897,-2.287181273733404,2.7228867808575257e-4,0.006171441180759327
ESCA,ENSG00000124212,PTGIS,72.1213,2.977143655938418,-2.188351077419941,0.007369776447701906,0.042369038550480985
ESCA,ENSG00000170381,SEMA3E,5.22536,2.9733867645388843,-2.2045488285641675,0.02364946155282632,0.0896204530831164
ESCA,ENSG00000121898,CPXM2,69.9289,2.9717717810541924,-1.7775389545551443,0.022552256486689955,0.08702886298139816
ESCA,ENSG00000184564,SLITRK6,2.65997,2.9634753785064945,0.5505428281721678,0.2812128555089868,0.4593901921944899
ESCA,ENSG00000112769,LAMA4,106.615,2.9508973591132426,0.031771027805449256,0.9461117588830701,0.9694033810752565
ESCA,ENSG00000021645,NRXN3,13.1729,2.949362607724184,-2.703159416573031,8.137752519457151e-4,0.01124210946843156
ESCA,ENSG00000143995,MEIS1,58.3231,2.9372037720988518,-0.4586521168558325,0.33249400770971627,0.5126998550587861
ESCA,ENSG00000122641,INHBA,7.2045,2.9370374227816796,2.14410229743392,0.004092672351526227,0.029118434850727216
ESCA,ENSG00000121577,POPDC2,40.3389,2.929727727858367,-1.3854852967662257,0.005474896584878999,0.03505032058690359
ESCA,ENSG00000116194,ANGPTL1,58.4541,2.9118168749405475,-3.4843344503277773,7.000324061480498e-5,0.0031305561632713795
ESCA,ENSG00000117013,KCNQ4,26.6644,2.9080843782814707,-1.664058886036812,0.00723052898913344,0.04185426484026281
ESCA,ENSG00000111186,WNT5B,20.4642,2.9009405281172302,-0.4747285365991218,0.22745078378239325,0.40175477160790124
ESCA,ENSG00000243244,STON1,56.951,2.897141022604975,-1.484289042287394,0.020425286501366678,0.08177385850191166
ESCA,ENSG00000072952,IRAG1,160.049,2.8803971326398345,-1.8757193397758372,0.0015947651576446978,0.01654814091744061
ESCA,ENSG00000111696,NT5DC3,37.5804,2.8563570760680745,-0.6086280436278841,0.2548960433533401,0.43139880211780207
ESCA,ENSG00000135424,ITGA7,207.626,2.8546219642614363,-1.1538652880105609,0.06687111699874704,0.17859269141234974
ESCA,ENSG00000241644,INMT,61.364,2.8517767462081416,-2.1644734704871023,0.001216678626576337,0.014168786550223545
ESCA,ENSG00000156804,FBXO32,125.515,2.8369853619107723,-0.15970942205685137,0.7666777694550947,0.8569552561876367
ESCA,ENSG00000165072,MAMDC2,80.5393,2.831589944855474,-3.6595911300747526,5.901577110346802e-5,0.0029280997188037903
ESCA,ENSG00000104537,ANXA13,1.27206,2.8284689494540043,3.931027518751049,0.004877422560695602,0.03249367802988661
ESCA,ENSG00000165995,CACNB2,35.8946,2.8142482403083466,-1.9130259015193685,0.00302904305233425,0.02420876811065245
ESCA,ENSG00000168079,SCARA5,77.6122,2.8128347222195176,-3.7622580927447427,0.002516207606536374,0.02172770568320642
ESCA,ENSG00000105492,SIGLEC6,1.56813,2.811585516283286,-1.4223369543538735,0.009515896309545035,0.049900638228349975
ESCA,ENSG00000116176,TPSG1,7.71568,2.802459883902098,-1.4281576821406858,0.05331270077544673,0.15307514457128066
ESCA,ENSG00000125868,DSTN,1284.91,2.8001533323322088,-0.8599394832882225,0.027490843074535504,0.09916847763939327
ESCA,ENSG00000080854,IGSF9B,12.1388,2.7982779886827087,-0.938257699202928,0.25987799719840926,0.4372089086646838
ESCA,ENSG00000197769,MAP1LC3C,4.53118,2.780179446603071,-2.574455799224792,0.007754322004204884,0.043665670666024496
ESCA,ENSG00000132840,BHMT2,45.0261,2.7799430259732323,-1.889177735213279,0.005383224673797762,0.03468674055012699
ESCA,ENSG00000173175,ADCY5,122.921,2.7781876903601845,-2.9480835536352075,9.345719813916817e-4,0.012145212093236863
ESCA,ENSG00000143196,DPT,217.722,2.7752368811490373,-4.316816606816031,3.0889921935783087e-6,0.0012637199076569342
ESCA,ENSG00000138615,CILP,32.0475,2.774567969522846,-3.413922523507183,0.0022830614735010932,0.020501544798355635
ESCA,ENSG00000130226,DPP6,9.24236,2.7629448923202293,-5.168349012929886,1.5324563743241248e-5,0.0017815663314817917
ESCA,ENSG00000166250,CLMP,65.4969,2.752407356682793,-1.1035672511304968,0.05306042770425707,0.15265295664410272
ESCA,ENSG00000137672,TRPC6,9.48724,2.7522255098315447,0.17161948744775835,0.8072641423196081,0.8846216736361032
ESCA,ENSG00000109610,SOD3,555.19,2.7511522894221545,-1.634007938606437,0.010354935984967882,0.05262270094690727
ESCA,ENSG00000146267,FAXC,5.93296,2.7401192504680214,-1.0981946455206975,0.10041049135597953,0.23386534263847816
ESCA,ENSG00000137094,DNAJB5,85.2109,2.738390770149836,-1.60059331053467,0.0053312033509401975,0.034457315144815176
ESCA,ENSG00000213949,ITGA1,76.5018,2.7364471328976303,-0.359275395564101,0.42528114798150796,0.6005816164341252
ESCA,ENSG00000146242,TPBG,43.9583,2.7322307850561725,0.32103454729423087,0.3716918881123764,0.5511897100056508
ESCA,ENSG00000152137,HSPB8,499.095,2.7307068330630386,-2.4816269622591194,0.0016908977501893302,0.017124327687058925
ESCA,ENSG00000197381,ADARB1,63.5137,2.7218942641447303,-1.3145783135927953,0.012831948597851908,0.0606104260070937
KICH,ENSG00000166589,CDH16,334.725,11.31337631832086,-2.094364018716422,0.0012661407835070366,0.0026107932449221847
KICH,ENSG00000136872,ALDOB,1455.53,11.086981145201309,-9.410406427628287,7.313989666560876e-15,6.315615027713863e-13
KICH,ENSG00000169344,UMOD,190.478,10.896165871261495,-15.090576206871514,2.0303070391546384e-18,1.0390715268922383e-15
KICH,ENSG00000116218,NPHS2,174.964,10.773666724451566,-9.122581895062794,7.011999342100828e-15,6.156183355451952e-13
KICH,ENSG00000167580,AQP2,182.646,10.673603612114148,-12.619409441596076,1.124595666405677e-16,2.458061548769825e-14
KICH,ENSG00000164825,DEFB1,956.675,10.165651812102205,1.2283512742726181,0.003746758422532372,0.006964761869241386
KICH,ENSG00000171234,UGT2B7,112.895,10.14204321982645,-6.940410999875598,1.0369093484566976e-9,1.161637419042546e-8
KICH,ENSG00000197901,SLC22A6,103.031,10.010262340199345,-9.35511915075911,4.05171124382227e-14,2.5227613361757473e-12
KICH,ENSG00000149452,SLC22A8,96.6803,9.918569601068807,-8.534037102700328,2.1664467035157903e-12,6.411643325792923e-11
KICH,ENSG00000100253,MIOX,104.029,9.65328609329385,-7.33049578296272,2.027685451573507e-10,2.9081971175917223e-9
KICH,ENSG00000250799,PRODH2,68.2568,9.416941051209657,-9.405907838782381,5.575874538213389e-16,8.386170531294927e-14
KICH,ENSG00000150201,FXYD4,83.9905,9.304731858740116,-3.9738040059852615,4.925256036585835e-5,1.4022611589644584e-4
KICH,ENSG00000144035,NAT8,199.803,9.258633423971993,-9.60862556775134,8.338604724164078e-18,3.0178913210375335e-15
KICH,ENSG00000066813,ACSM2B,73.2398,9.127897636926827,-9.443885129325892,3.7434292330867825e-18,1.6364244916220825e-15
KICH,ENSG00000100557,CCDC198,54.5555,9.094222871828714,-1.908602443982748,2.971340511739287e-5,8.937448101752502e-5
KICH,ENSG00000183747,ACSM2A,69.2634,9.061265346114872,-9.430704827022378,9.76776681976464e-20,9.759859579958163e-17
KICH,ENSG00000070915,SLC12A3,67.6717,9.024524578294773,-6.911103921757729,1.0246178525791793e-10,1.6262901967223086e-9
KICH,ENSG00000214128,TMEM213,63.196,8.985877546682925,1.2169444905518025,0.0047243424465530344,0.008593920897791272
KICH,ENSG00000113889,KNG1,60.9294,8.956320648998622,-6.667707131595579,4.889385357290493e-10,6.0886630832063154e-9
KICH,ENSG00000075891,PAX2,52.7587,8.926278884019435,-2.357087800912711,3.573401841038798e-5,1.0521841504267778e-4
KICH,ENSG00000162366,PDZK1IP1,457.14,8.923628477155066,-7.204477237229757,2.5993962999240124e-12,7.47166199469939e-11
KICH,ENSG00000197891,SLC22A12,53.3548,8.922018738492273,-9.78038306099325,1.7587779718041276e-16,3.481550771921322e-14
KICH,ENSG00000149124,GLYAT,49.4594,8.793635667695582,-9.201356257408198,6.094849669037837e-18,2.414502176607457e-15
KICH,ENSG00000241119,UGT1A9,43.3151,8.762053096644074,-8.719174622490115,7.18926118147406e-15,6.259430181363909e-13
KICH,ENSG00000113492,AGXT2,42.7628,8.743582286503383,-7.838205139009346,2.844567175036486e-14,1.876967076534295e-12
KICH,ENSG00000244067,GSTA2,42.4242,8.732140284760643,-8.43018452363866,1.6456441378709616e-14,1.2158644698924784e-12
KICH,ENSG00000204511,MCCD1,40.982,8.682362608038567,-1.2467178230404823,0.05018581973722115,0.07263409129163412
KICH,ENSG00000124568,SLC17A1,40.8232,8.67677515117339,-9.137425470117321,4.034844354633621e-15,4.109861121032877e-13
KICH,ENSG00000275410,HNF1B,53.4655,8.59281341676235,-2.1925227287942444,9.929690208841305e-10,1.1226006985566654e-8
KICH,ENSG00000137731,FXYD2,299.041,8.53918567431365,0.606636771138322,0.10679081554190449,0.14308100903619064
KICH,ENSG00000165685,TMEM52B,60.0158,8.481885091211934,-1.139309196216721,0.18403536970127918,0.23252930465718918
KICH,ENSG00000131183,SLC34A1,35.5047,8.475923886559976,-8.911121199641455,2.770702657974988e-12,7.867070889349008e-11
KICH,ENSG00000153086,ACMSD,48.66,8.470324163851268,-7.87336867263328,1.2524239068630743e-19,1.142591775552517e-16
KICH,ENSG00000015413,DPEP1,145.626,8.387543051785121,-7.52430316643405,4.972187466885806e-13,1.9073383842351893e-11
KICH,ENSG00000095932,SMIM24,150.874,8.385002177865424,0.9596231145902812,0.04216737200353245,0.06213032559161023
KICH,ENSG00000243955,GSTA1,101.195,8.377050079634003,-7.089227085340725,1.2954400188904595e-11,2.8403571490468664e-10
KICH,ENSG00000168269,FOXI1,32.327,8.341051748094378,3.325984841930376,1.3830420591637515e-9,1.4859381222443933e-8
KICH,ENSG00000105929,ATP6V0A4,41.9888,8.313311582548863,2.2487906592210187,1.8615917009295834e-6,7.681765714966656e-6
KICH,ENSG00000104327,CALB1,82.9785,8.293313827291456,-7.688882182151664,8.722683812455851e-13,3.0053871007678344e-11
KICH,ENSG00000147614,ATP6V0D2,31.8615,8.272079374693943,3.176789443349681,1.2480889072356923e-9,1.3590373399339145e-8
KICH,ENSG00000161270,NPHS1,36.7847,8.25176016721096,-6.539439323440761,4.864354579153915e-10,6.067665573782079e-9
KICH,ENSG00000124564,SLC17A3,33.6126,8.182728904945465,-8.047523692300349,5.342556614228291e-13,2.038233917024586e-11
KICH,ENSG00000184908,CLCNKB,137.293,8.141461722865907,1.023874106757814,0.044801833729555825,0.06561117233021146
KICH,ENSG00000151418,ATP6V1G3,28.0977,8.139433680983261,2.129751747429191,3.226347670211999e-5,9.610796871672114e-5
KICH,ENSG00000137673,MMP7,85.5247,8.097422377218582,-3.611352288203663,7.5180850911291e-8,4.628792867712253e-7
KICH,ENSG00000148942,SLC5A12,41.9997,8.063485433110086,-7.552124949097622,7.965408783500201e-11,1.317085677731952e-9
KICH,ENSG00000145692,BHMT,105.675,8.008048306729869,-8.117592846759862,7.537533713737992e-15,6.429271134770906e-13
KICH,ENSG00000143839,REN,48.2006,7.967264684067101,-2.484857499920328,0.0022219860742812955,0.0043565626795593745
KICH,ENSG00000124253,PCK1,147.634,7.9356105114257,-5.072272711541314,3.889294109486818e-10,5.028284553257049e-9
KICH,ENSG00000186335,SLC36A2,30.4297,7.930504689335576,-8.219711843837649,6.191775842616989e-13,2.2964678463788182e-11
KICH,ENSG00000187783,TMEM72,33.7284,7.910325241804368,-0.4481885357589843,0.2515297147420289,0.3064240597092425
KICH,ENSG00000162896,PIGR,84.7911,7.898265132091897,-2.976059634057211,1.825247513802687e-5,5.800267845240313e-5
KICH,ENSG00000132677,RHBG,32.6976,7.897622983847958,2.769735871273602,6.119429313603643e-9,5.284114620878405e-8
KICH,ENSG00000156284,CLDN8,22.6281,7.8283332740559075,0.819738325843658,0.015678154038662486,0.025511803504711512
KICH,ENSG00000074803,SLC12A1,28.8841,7.794032024679016,-13.07663028794542,7.449395717704669e-19,5.04227968853539e-16
KICH,ENSG00000205358,MT1H,152.006,7.785895734292036,-8.029048826705578,2.1965786965630162e-17,6.584401541425967e-15
KICH,ENSG00000168065,SLC22A11,28.4202,7.780457154373892,-8.072913483903355,4.599884036562535e-15,4.5102507822052183e-13
KICH,ENSG00000132437,DDC,38.1714,7.746794744781789,-8.746334066743504,4.8768698530657875e-14,2.9490305512068997e-12
KICH,ENSG00000002726,AOC1,34.8925,7.735861692322539,-8.187420044001195,1.206188093463961e-15,1.5720152028046144e-13
KICH,ENSG00000271824,SMIM32,33.5009,7.696939446231234,-6.333285627550523,1.2852530722195881e-9,1.3958832926699596e-8
KICH,ENSG00000174358,SLC6A19,20.2439,7.668452465396572,-9.382173239121135,7.925083697871271e-16,1.138986515290636e-13
KICH,ENSG00000151704,KCNJ1,40.6043,7.664517669364337,-7.602183259796632,3.341381592324256e-12,9.14109647349933e-11
KICH,ENSG00000166840,GLYATL1,29.3977,7.643023514447565,-7.130157860346878,1.6833273955245784e-13,7.762914008855435e-12
KICH,ENSG00000163586,FABP1,54.3161,7.542074554019035,-8.219215439449284,1.1218098479485571e-13,5.783522368428642e-12
KICH,ENSG00000137251,TINAG,18.3533,7.527735026001573,-4.248968856804834,2.878623815932085e-6,1.1307031735249521e-5
KICH,ENSG00000135220,UGT2A3,18.0084,7.500515269798867,-9.862747297441363,4.369265588172428e-22,1.6756535697230382e-18
KICH,ENSG00000116882,HAO2,27.0596,7.497487810822933,-8.697723383935477,2.0561892288691783e-17,6.439555013337607e-15
KICH,ENSG00000165376,CLDN2,40.896,7.4797078249329845,-6.501912591519607,6.248068421612082e-14,3.611658944647006e-12
KICH,ENSG00000198203,SULT1C2,56.0678,7.475431427408881,1.7668032377434313,3.838381468516486e-6,1.4566966604066091e-5
KICH,ENSG00000187048,CYP4A11,43.3648,7.474527296977935,-9.408869896590627,1.9830559286243375e-16,3.817473628470135e-14
KICH,ENSG00000171759,PAH,28.5943,7.451843246086097,-4.956367032369638,6.97636327250076e-6,2.469383106391421e-5
KICH,ENSG00000174827,PDZK1,95.274,7.448535410239406,-5.805259402692088,8.788493690858753e-15,7.231724043736832e-13
KICH,ENSG00000164325,TMEM174,16.9692,7.4152516334316,-6.7152879561791385,1.0436157369332474e-11,2.37765352964933e-10
KICH,ENSG00000166415,WDR72,20.9719,7.413249835878065,0.5339218598083663,0.06097591850183147,0.0866313019110251
KICH,ENSG00000081479,LRP2,20.6905,7.402208277495086,-7.5023019461134615,1.548870114108065e-11,3.333327344033798e-10
KICH,ENSG00000184012,TMPRSS2,28.7704,7.337690525635261,1.2026421740688646,2.933047281145916e-4,6.959643910469835e-4
KICH,ENSG00000113073,SLC4A9,32.4888,7.301985845150582,-0.9773046247098179,0.07482968284001473,0.10403864531089511
KICH,ENSG00000122194,PLG,19.1513,7.3002946191836875,-9.316358992938188,3.4713582370122e-18,1.5497768061112126e-15
KICH,ENSG00000156222,SLC28A1,24.4928,7.272875347389285,-5.993519233041988,4.370809993865262e-13,1.714256188808875e-11
KICH,ENSG00000004939,SLC4A1,26.1723,7.2673604424481075,1.1843778973289925,0.02297863826538617,0.035982146770343136
KICH,ENSG00000147647,DPYS,39.0948,7.246434604209321,-8.340058172322717,4.935282186160343e-15,4.728631329324314e-13
KICH,ENSG00000156413,FUT6,19.1085,7.228113231647647,-8.509897669826664,2.9094148464658634e-20,4.069883448226214e-17
KICH,ENSG00000135638,EMX1,18.7951,7.181018121614126,-1.639857941818744,0.00025984446652818117,6.23193101058501e-4
KICH,ENSG00000178828,RNF186,13.9735,7.13683735308324,-5.220811192113039,2.33284869179648e-9,2.30278356162972e-8
KICH,ENSG00000125618,PAX8,170.038,7.081954872542358,-0.9459054735894309,3.71634331958221e-7,1.876775737058809e-6
KICH,ENSG00000129151,BBOX1,79.4822,7.021802953177947,-7.556998943827364,5.573675061669131e-16,8.386170531294927e-14
KICH,ENSG00000162391,FAM151A,45.0986,7.018050687841141,-3.559132204048175,2.6935487953195133e-7,1.4168647373323978e-6
KICH,ENSG00000118785,SPP1,1846.97,6.994310966682743,-0.34744054114823814,0.49998894035359764,0.5590572277224523
KICH,ENSG00000153292,ADGRF1,13.7537,6.962311563930173,-1.3535926601847454,0.00135998921388594,0.0027889614615880256
KICH,ENSG00000158104,HPD,168.716,6.950861431499183,-4.910654560402048,1.8115625800737225e-7,1.0056089316848391e-6
KICH,ENSG00000180638,SLC47A2,35.7057,6.947495166285593,-5.824106081719596,3.586396660779535e-11,6.719050101172945e-10
KICH,ENSG00000134240,HMGCS2,32.25,6.942627673260413,-3.3477054953234533,7.856197475229154e-6,2.7437848139602754e-5
KICH,ENSG00000010379,SLC6A13,38.8632,6.908216775817703,-6.394975099425655,5.518446403347941e-15,5.101037924292945e-13
KICH,ENSG00000180818,HOXC10,20.478,6.905150428003388,-2.132153595068628,5.926236332995796e-6,2.1390237983083083e-5
KICH,ENSG00000153822,KCNJ16,53.4062,6.897198698026279,-9.931212354999353,1.0001911394452491e-15,1.3540006889664298e-13
KICH,ENSG00000167741,GGT6,18.3253,6.869220925122049,-0.26653036185093204,0.5540845038070439,0.610884570375326
KICH,ENSG00000136883,KIF12,166.005,6.861864788269679,-3.4720539044696896,1.6610364429135717e-13,7.676988476135567e-12
KICH,ENSG00000139540,SLC39A5,51.6075,6.82626726485054,-7.174772219225812,4.9837758749902585e-14,3.0050163558885226e-12
KICH,ENSG00000113924,HGD,44.2492,6.810458791366913,-1.5604507178976352,2.090311789643881e-4,5.120360994874803e-4
KICH,ENSG00000166126,AMN,57.1196,6.744740775052725,-4.971220739114019,8.659414635089233e-9,7.117136595694375e-8
KICH,ENSG00000170689,HOXB9,16.1076,6.74422787859685,-0.48722915148571055,0.008654738098646808,0.014885440124910327
KICH,ENSG00000110195,FOLR1,49.3982,6.724279884679394,-4.018034408041557,4.746658085312379e-8,3.1018102337000823e-7
KICH,ENSG00000052344,PRSS8,53.5725,6.697554124627858,0.042087671983198044,0.9013181606609805,0.9195934535227731
KICH,ENSG00000099834,CDHR5,36.8721,6.693645919041135,-6.84655020997387,1.0812831806700005e-14,8.512113478520382e-13
KICH,ENSG00000138079,SLC3A1,29.4032,6.686285653839362,-1.8724578069305144,6.915854595672168e-5,1.8984219908554304e-4
KICH,ENSG00000131910,NR0B2,14.7192,6.654553481546401,1.8858815890761669,6.365357663491106e-6,2.2747786031819986e-5
KICH,ENSG00000006611,USH1C,23.4371,6.649346352223283,-6.48637641953127,1.0077816960797112e-10,1.6068604353222325e-9
KICH,ENSG00000140675,SLC5A2,36.0052,6.643031290969959,-6.429871251142301,2.9500980581912624e-12,8.310423303620635e-11
KICH,ENSG00000215644,GCGR,25.7848,6.636054882226567,1.047881001243996,0.013483870070003342,0.022262337373426717
KICH,ENSG00000137204,SLC22A7,16.7694,6.61518542158716,-8.257010559574876,2.9760685209762784e-11,5.73959979555563e-10
KICH,ENSG00000101076,HNF4A,11.3798,6.578529563897547,-5.622025374009357,2.3895390203004365e-12,6.992984276564025e-11
KICH,ENSG00000172367,PDZD3,18.6139,6.568521990838513,-6.897267642796462,1.397126496918617e-17,4.653318299181483e-15
KICH,ENSG00000162460,TMEM82,9.11938,6.526597828079817,-7.306090537320391,9.271902659888338e-14,4.950441056296107e-12
KICH,ENSG00000142484,TM4SF5,9.02127,6.511162806902516,-7.087315777022651,2.873826109738915e-13,1.2108733586476233e-11
KICH,ENSG00000100079,LGALS2,59.3634,6.503832513147123,-4.1737490816763945,1.115667044736278e-8,8.817341468814056e-8
KICH,ENSG00000273706,LHX1,8.92517,6.495882202050281,-6.648812219253893,6.96699142314202e-8,4.3405101256469417e-7
KICH,ENSG00000079557,AFM,8.77087,6.471003696948668,-7.601167206805821,1.7682967637146455e-13,8.06612412891835e-12
KICH,ENSG00000007216,SLC13A2,9.85643,6.4656324811042305,-9.113108250252816,2.4976772165152273e-17,7.278994588074863e-15
KICH,ENSG00000130829,DUSP9,19.4641,6.4489784589746755,-6.203001954007606,1.518292352707968e-9,1.6033381196211018e-8
KICH,ENSG00000112499,SLC22A2,9.73384,6.445090560685599,-8.354489853777286,1.2663125009290412e-11,2.785223816246758e-10
KICH,ENSG00000253313,C1orf210,19.1059,6.412374296905163,-1.2045768364087026,2.2401728089946864e-4,5.448023418073193e-4
KICH,ENSG00000100362,PVALB,25.8323,6.391851848604117,4.730077700476357,2.2650471454029938e-13,9.901559219164795e-12
KICH,ENSG00000086159,AQP6,28.558,6.385738477060449,-3.4333558490287697,4.0810231927794206e-4,9.357677811615188e-4
KICH,ENSG00000198914,POU3F3,24.8283,6.363859256341911,-1.007297870212909,3.1992736507575375e-6,1.2445376161261663e-5
KICH,ENSG00000120068,HOXB8,16.9032,6.3588230000513954,-0.9630896928932585,6.372856548284177e-5,1.763207396527517e-4
KICH,ENSG00000170927,PKHD1,8.80413,6.35858598193669,-6.497937496687215,8.124772526669326e-13,2.850871269683988e-11
KICH,ENSG00000129354,AP1M2,34.4731,6.348096799569448,-0.058007442452942974,0.8449870285102037,0.8713137166066934
KICH,ENSG00000166828,SCNN1G,25.7038,6.347020606024286,-8.716128341397496,1.3113434605164046e-15,1.6575855320491397e-13
KICH,ENSG00000165215,CLDN3,30.8445,6.312844014769225,-3.161042905341065,1.2449857137351222e-7,7.210470668314675e-7
KICH,ENSG00000019186,CYP24A1,12.7822,6.299511364864105,-5.349802270650988,2.3035152433056013e-9,2.2777879524166555e-8
KICH,ENSG00000012504,NR1H4,10.2099,6.297441702814294,-6.8033247691431145,2.503274702586876e-13,1.0852523364541408e-11
KICH,ENSG00000162897,FCAMR,7.74302,6.293337374238505,-6.981568413638566,1.966109693004728e-12,5.893554241188315e-11
KICH,ENSG00000176387,HSD11B2,284.079,6.264683573810652,0.8507124989583856,0.07503435023097083,0.1043024690888679
KICH,ENSG00000116039,ATP6V1B1,88.8299,6.253598141292646,2.1921540077928983,1.0618604675479327e-6,4.722555784348934e-6
KICH,ENSG00000147003,CLTRN,59.5757,6.241435332181727,-4.773129354448624,1.2211228021176448e-11,2.7028290882736856e-10
KICH,ENSG00000115112,TFCP2L1,54.9775,6.219268637057347,1.0727583031089782,0.005826818306976552,0.010390424792664995
KICH,ENSG00000158014,SLC30A2,13.0766,6.219134784505082,-1.5386075663373726,0.045349201669058495,0.06634332417359369
KICH,ENSG00000132744,ACY3,39.6761,6.21490242592587,-6.913235073314453,3.417122135847418e-13,1.3868757016728504e-11
KICH,ENSG00000162399,BSND,8.48823,6.213403243709347,1.35673212299679,2.0011669467734437e-4,4.930775721482758e-4
KICH,ENSG00000105707,HPN,170.718,6.194055685423566,-0.3805678621213024,0.17394670026318015,0.22116727938085856
KICH,ENSG00000145626,UGT3A1,7.10839,6.1716051631760145,-10.177830234905151,2.7080085029115734e-20,4.05872445832811e-17
KICH,ENSG00000167183,PRR15L,24.8862,6.144933348083998,-0.789965379829429,0.015845653431273803,0.025750414029462376
KICH,ENSG00000081800,SLC13A1,6.93614,6.136712283680225,-9.33688474424183,4.8886136707713383e-17,1.2358768753469276e-14
KICH,ENSG00000115221,ITGB6,14.5529,6.127847721405232,-2.301225229059703,9.068432567806627e-7,4.117786638612561e-6
KICH,ENSG00000128710,HOXD10,13.8217,6.106615615819895,-1.8503872454947066,8.65017532513434e-7,3.949230392673931e-6
KICH,ENSG00000161992,PRR35,8.78712,6.100884152001668,-5.210922406508946,4.718797541081119e-10,5.921921579216813e-9
KICH,ENSG00000148702,HABP2,8.56807,6.055174716777281,-3.6917220821192407,1.3222217657553549e-5,4.348617446840849e-5
KICH,ENSG00000168907,PLA2G4F,11.8052,6.047717262044792,2.6640387775266516,5.122843090597828e-9,4.518394979824053e-8
KICH,ENSG00000163581,SLC2A2,6.25856,5.990628175478613,-6.538263991087355,4.971509913812515e-9,4.405286846348311e-8
KICH,ENSG00000205279,CTXN3,7.35864,5.983461144217151,-7.386683852767216,2.762534946772451e-16,4.7513336711578976e-14
KICH,ENSG00000117472,TSPAN1,179.104,5.965190174023849,-2.3025863214186373,8.070802055440604e-7,3.7162527875644105e-6
KICH,ENSG00000179023,KLHDC7A,7.81949,5.963626499172864,-1.4672953608362953,1.1023630322823064e-4,2.8888327096764874e-4
KICH,ENSG00000180745,CLRN3,11.3718,5.960784952588427,-6.649377688795326,7.878818417464838e-15,6.663568914938085e-13
KICH,ENSG00000184937,WT1,10.1536,5.926945331495787,-7.933762275441673,8.134105268239328e-16,1.1493003165091882e-13
KICH,ENSG00000146038,DCDC2,18.9737,5.925935823592726,-4.042972928647209,3.5124472993895334e-9,3.2873185407266096e-8
KICH,ENSG00000197444,OGDHL,86.232,5.903402215000195,1.869030267484852,8.203202217054512e-5,2.2118708830693245e-4
KICH,ENSG00000154025,SLC5A10,15.9965,5.900379505124596,-6.009098564067092,1.2319984411997617e-12,3.9832085195215104e-11
KICH,ENSG00000157551,KCNJ15,21.068,5.893464797879975,-2.7772925232674517,1.8191102033184823e-7,1.0084914419093269e-6
KICH,ENSG00000167941,SOST,7.05525,5.875560604214323,-7.058019556366213,1.1251168770725441e-11,2.530250913566355e-10
KICH,ENSG00000186510,CLCNKA,40.9531,5.864291056633326,-0.715356675521143,0.1449417691012752,0.18778174494023572
KICH,ENSG00000116771,AGMAT,34.5568,5.8544181654897915,-5.483139380139057,3.9328624676398294e-11,7.251603968232561e-10
KICH,ENSG00000197408,CYP2B6,5.55738,5.822062173364776,-7.1241962870156526,3.352915449712943e-13,1.3741059547134118e-11
KICH,ENSG00000140519,RHCG,81.3723,5.818576677006552,2.887553783078612,2.5883072504815317e-7,1.36836611329942e-6
KICH,ENSG00000178772,CPN2,5.9549,5.809652147926537,-6.74791458619583,8.651606462162509e-12,2.0466365095327612e-10
KICH,ENSG00000211452,DIO1,14.5985,5.800914806913626,-7.409053229885684,1.8680661225319398e-13,8.429598161094128e-12
KICH,ENSG00000157765,SLC34A2,9.78701,5.773523410425041,-6.886376186461287,3.3767335030804226e-13,1.3805807740328984e-11
KICH,ENSG00000119125,GDA,10.9348,5.76113248243973,-1.9114551551244976,0.02998405670130332,0.04573347835745058
KICH,ENSG00000101198,NKAIN4,22.4924,5.759976782289604,-1.9545912269250785,0.0075465518778849725,0.013132302044589516
KICH,ENSG00000078399,HOXA9,23.3656,5.759641743125674,0.16620475819231037,0.5745096820215774,0.629895321238309
KICH,ENSG00000143627,PKLR,8.20922,5.745930489573734,-7.835559319280091,2.895384648991473e-16,4.8995045233700064e-14
KICH,ENSG00000198796,ALPK2,9.05895,5.735950803275435,-7.318652758261037,5.828497685439844e-17,1.4057398498113132e-14
KICH,ENSG00000163435,ELF3,25.5391,5.720647465930431,-1.3111267517751095,5.469897066169604e-4,0.001220749310140787
KICH,ENSG00000164266,SPINK1,25.1785,5.696120701203172,3.00329747702378,0.0038040648863870126,0.0070650286343652575
KICH,ENSG00000170099,SERPINA6,4.91732,5.648845049670969,-8.208777452691674,9.949174273257759e-17,2.197510776587027e-14
KICH,ENSG00000162365,CYP4A22,10.1272,5.6402142726485645,-7.631167955916842,2.159113885007408e-13,9.492521680061583e-12
KICH,ENSG00000131482,G6PC,5.55175,5.635833853435653,-7.245477484983686,1.5866843368271788e-13,7.455043894429421e-12
KICH,ENSG00000173253,DMRT2,18.3885,5.584580818562699,2.830648423462773,1.1171023111469386e-9,1.2376007283419332e-8
KICH,ENSG00000164283,ESM1,11.6026,5.583780484531876,1.9251133122663757,4.08614312494037e-7,2.0423902141644544e-6
KICH,ENSG00000159166,LAD1,24.3193,5.5428358094437575,-4.95832784912416,2.403401794172388e-9,2.3665218135673026e-8
KICH,ENSG00000153303,FRMD1,7.8283,5.523203724201602,-7.784205952388708,4.734845691059428e-17,1.2131989067050204e-14
KICH,ENSG00000188175,HEPACAM2,7.38302,5.5205170117523394,3.1002063353510625,1.669894809088084e-9,1.7252290880893782e-8
KICH,ENSG00000135100,HNF1A,5.28446,5.5179290389184565,-2.157136471965983,0.00121945363236021,0.0025239490597567856
KICH,ENSG00000131400,NAPSA,62.2918,5.507372126481483,-5.434905252893161,2.0990024237163956e-16,3.932443558646529e-14
KICH,ENSG00000184434,LRRC19,7.1895,5.502282282028181,-7.117897425420689,1.451527688208422e-15,1.7856072065530294e-13
KICH,ENSG00000110887,DAO,5.00652,5.473212510418742,-7.818108297267137,4.919584971278539e-15,4.728631329324314e-13
KICH,ENSG00000125144,MT1G,523.273,5.447803584772839,-7.347423713981065,4.025388880073001e-16,6.401152262024755e-14
KICH,ENSG00000126562,WNK4,16.2105,5.442549253174322,-5.507252255017678,7.899902367510527e-15,6.663568914938085e-13
KICH,ENSG00000204610,TRIM15,4.85285,5.434259943710985,-7.128086741285223,1.5243499148629644e-14,1.1423369379846279e-12
KICH,ENSG00000139194,RBP5,232.798,5.417884672629205,-4.499023433651025,9.991705633656622e-12,2.30644619704089e-10
KICH,ENSG00000113905,HRG,4.94447,5.4175321998889014,-9.773862733345778,2.805683150647372e-17,7.645668772731662e-15
KICH,ENSG00000167748,KLK1,19.3233,5.410010813964097,5.9569127095916725,8.181933210961474e-11,1.3475785287724066e-9
KICH,ENSG00000181418,DDN,16.5354,5.408050582971027,-6.160901979635538,1.6487665420484784e-10,2.4346283146941044e-9
KICH,ENSG00000134873,CLDN10,28.3429,5.380638137905361,-8.293550592550016,2.3735189809496617e-12,6.955802901852898e-11
KICH,ENSG00000189143,CLDN4,37.118,5.345465460810219,-0.330899401242854,0.20289538722444966,0.2537310870809123
KICH,ENSG00000204653,ASPDH,18.2062,5.316731337038148,-3.3833856026320674,7.016929287471028e-6,2.4816488663240278e-5
KICH,ENSG00000137648,TMPRSS4,5.43833,5.315303885625431,-3.928627637729971,1.8618508082875217e-8,1.3702986850332188e-7
KICH,ENSG00000127831,VIL1,5.46319,5.310873876386949,-8.175937230142779,2.3805230005174962e-17,7.035283678853327e-15
KICH,ENSG00000134258,VTCN1,5.57615,5.289033863320636,-6.668166880361204,2.675183382950132e-16,4.6391217292927783e-14
KICH,ENSG00000160282,FTCD,55.6175,5.255222125128773,-6.164950331328237,1.636858867311955e-12,5.0213756743869525e-11
KICH,ENSG00000109684,CLNK,5.04842,5.242600775845996,4.373270052476215,1.029076372817793e-12,3.4329267934556045e-11
KIRC,ENSG00000166589,CDH16,334.725,11.31337631832086,-2.630307394169638,1.9438173064908303e-24,4.3155599759426006e-23
KIRC,ENSG00000136872,ALDOB,1455.53,11.086981145201309,-4.960880124628981,1.6422491144082775e-12,6.101265454372315e-12
KIRC,ENSG00000169344,UMOD,190.478,10.896165871261495,-12.473774551098138,1.460643184551999e-32,2.249622613232864e-30
KIRC,ENSG00000116218,NPHS2,174.964,10.773666724451566,-8.045554876887172,4.239941840088982e-21,4.7844634374721434e-20
KIRC,ENSG00000167580,AQP2,182.646,10.673603612114148,-12.153251564137406,1.0486901569169187e-33,2.3355985621103332e-31
KIRC,ENSG00000164825,DEFB1,956.675,10.165651812102205,-3.28561800740235,1.5415993972060407e-24,3.499695283914744e-23
KIRC,ENSG00000171234,UGT2B7,112.895,10.14204321982645,-0.18213529668029355,0.5577210550328733,0.5925313624095171
KIRC,ENSG00000197901,SLC22A6,103.031,10.010262340199345,-3.365398742479135,1.209429201602278e-7,2.7239837180648283e-7
KIRC,ENSG00000149452,SLC22A8,96.6803,9.918569601068807,-7.091618277818618,7.792848371578467e-18,5.465067479146742e-17
KIRC,ENSG00000100253,MIOX,104.029,9.65328609329385,-1.7604355648754364,1.377215571775944e-4,2.3076840950055771e-4
KIRC,ENSG00000250799,PRODH2,68.2568,9.416941051209657,-1.7908074165318628,9.784585037035619e-5,1.6602955346346908e-4
KIRC,ENSG00000150201,FXYD4,83.9905,9.304731858740116,-10.4369675606195,3.158768991887746e-33,5.862564414943941e-31
KIRC,ENSG00000144035,NAT8,199.803,9.258633423971993,0.6613681894247635,0.12428843411587562,0.14821861622273116
KIRC,ENSG00000066813,ACSM2B,73.2398,9.127897636926827,0.4890236329117091,0.29579817153524457,0.33113744515040766
KIRC,ENSG00000100557,CCDC198,54.5555,9.094222871828714,-0.7635173125451776,3.393162864235255e-10,9.891504530378826e-10
KIRC,ENSG00000183747,ACSM2A,69.2634,9.061265346114872,0.46137146191441614,0.27999958436584826,0.31498464515167046
KIRC,ENSG00000070915,SLC12A3,67.6717,9.024524578294773,-7.765461043618276,1.9505589970256066e-28,9.77960361589284e-27
KIRC,ENSG00000214128,TMEM213,63.196,8.985877546682925,-9.577014628325156,1.701613393253872e-29,1.1321615149202964e-27
KIRC,ENSG00000113889,KNG1,60.9294,8.956320648998622,-10.856872658783317,3.1650426169975533e-34,8.476705277270155e-32
KIRC,ENSG00000075891,PAX2,52.7587,8.926278884019435,-0.5954312300156821,4.801093623622005e-4,7.593178269441949e-4
KIRC,ENSG00000162366,PDZK1IP1,457.14,8.923628477155066,0.805501064181996,0.008261338456381329,0.011408746104047787
KIRC,ENSG00000197891,SLC22A12,53.3548,8.922018738492273,-2.704457329839426,3.662683235819777e-7,7.889143021833945e-7
KIRC,ENSG00000149124,GLYAT,49.4594,8.793635667695582,-0.3308644970449643,0.39748204037729984,0.4348012103351727
KIRC,ENSG00000241119,UGT1A9,43.3151,8.762053096644074,0.0033220952685847327,0.9945725399591554,0.9952116568335077
KIRC,ENSG00000113492,AGXT2,42.7628,8.743582286503383,-0.4990787988863836,0.21391522483886707,0.24564549943776115
KIRC,ENSG00000244067,GSTA2,42.4242,8.732140284760643,0.7728358504974336,0.10164338840802402,0.12253964740381608
KIRC,ENSG00000204511,MCCD1,40.982,8.682362608038567,-6.690960311996426,4.812076896396255e-28,2.2181682565131143e-26
KIRC,ENSG00000124568,SLC17A1,40.8232,8.67677515117339,-0.9813111121520675,0.011748137072888746,0.015931744916560703
KIRC,ENSG00000275410,HNF1B,53.4655,8.59281341676235,-0.3095654688678848,0.0018324010567524398,0.0027227994633589525
KIRC,ENSG00000137731,FXYD2,299.041,8.53918567431365,-0.3761047811810657,0.002640790852412432,0.003862158903389938
KIRC,ENSG00000165685,TMEM52B,60.0158,8.481885091211934,-6.005296122194748,3.9684822591200095e-29,2.3786160804096643e-27
KIRC,ENSG00000131183,SLC34A1,35.5047,8.475923886559976,-5.510421269355131,1.3820487286310935e-14,6.522727414761694e-14
KIRC,ENSG00000153086,ACMSD,48.66,8.470324163851268,0.4878447475711671,0.08573225017972619,0.1043684090507852
KIRC,ENSG00000015413,DPEP1,145.626,8.387543051785121,-4.655668758990452,2.2908879256304848e-18,1.724932623860847e-17
KIRC,ENSG00000095932,SMIM24,150.874,8.385002177865424,-1.0744043736219413,4.613534698529094e-5,8.100005572274382e-5
KIRC,ENSG00000243955,GSTA1,101.195,8.377050079634003,1.3673566202410874,0.004825011666100881,0.006857039013390814
KIRC,ENSG00000168269,FOXI1,32.327,8.341051748094378,-9.527603648273335,1.5561345985586596e-29,1.051907215217384e-27
KIRC,ENSG00000105929,ATP6V0A4,41.9888,8.313311582548863,-8.642727126022937,1.1543962277209077e-27,4.94427436965971e-26
KIRC,ENSG00000104327,CALB1,82.9785,8.293313827291456,-8.496934755018433,1.247964848938775e-28,6.65099251230393e-27
KIRC,ENSG00000147614,ATP6V0D2,31.8615,8.272079374693943,-6.957678605064587,4.925009475463646e-27,1.8499623064329559e-25
KIRC,ENSG00000161270,NPHS1,36.7847,8.25176016721096,-6.273126645980768,2.8971217721738296e-20,2.8378380766506433e-19
KIRC,ENSG00000124564,SLC17A3,33.6126,8.182728904945465,2.569414772170311,1.782080597487248e-6,3.5906352996510043e-6
KIRC,ENSG00000184908,CLCNKB,137.293,8.141461722865907,-7.969907783318422,4.630721115432389e-34,1.1663904447656961e-31
KIRC,ENSG00000151418,ATP6V1G3,28.0977,8.139433680983261,-8.542459450933217,8.814406179923602e-31,7.868996031849096e-29
KIRC,ENSG00000137673,MMP7,85.5247,8.097422377218582,-1.6496023858284663,5.8116799239153215e-6,1.1118864619784824e-5
KIRC,ENSG00000148942,SLC5A12,41.9997,8.063485433110086,-0.7026677496368658,0.17838750532248301,0.20759709793812745
KIRC,ENSG00000145692,BHMT,105.675,8.008048306729869,0.1513392549714896,0.6661034785732605,0.6959368623600338
KIRC,ENSG00000143839,REN,48.2006,7.967264684067101,-0.6611849543592645,0.15292469760267094,0.17973451571366025
KIRC,ENSG00000124253,PCK1,147.634,7.9356105114257,-2.814332351023433,3.05152656970778e-9,8.035818303734079e-9
KIRC,ENSG00000186335,SLC36A2,30.4297,7.930504689335576,-6.287325937983351,1.2236168679859643e-16,7.300982992906665e-16
KIRC,ENSG00000187783,TMEM72,33.7284,7.910325241804368,-3.4934690531625505,1.6900369136851458e-18,1.2946343598751019e-17
KIRC,ENSG00000162896,PIGR,84.7911,7.898265132091897,-3.497659268117254,2.6130803576457037e-12,9.486539843354118e-12
KIRC,ENSG00000132677,RHBG,32.6976,7.897622983847958,-7.268658508536304,2.8029010426571785e-29,1.7391137906316887e-27
KIRC,ENSG00000156284,CLDN8,22.6281,7.8283332740559075,-10.605364132895861,6.573946562232022e-33,1.0952091445961034e-30
KIRC,ENSG00000074803,SLC12A1,28.8841,7.794032024679016,-10.26736502266544,4.4819234679706683e-32,5.747184044565054e-30
KIRC,ENSG00000205358,MT1H,152.006,7.785895734292036,-6.037729419101012,2.747158908904627e-20,2.705360120756879e-19
KIRC,ENSG00000168065,SLC22A11,28.4202,7.780457154373892,0.7885259860159101,0.04297435510755098,0.054423379742955864
KIRC,ENSG00000132437,DDC,38.1714,7.746794744781789,-0.5728596546732305,0.15883869214856797,0.1861785523505291
KIRC,ENSG00000002726,AOC1,34.8925,7.735861692322539,-1.116628835800352,3.017255105400816e-4,4.876190308590778e-4
KIRC,ENSG00000271824,SMIM32,33.5009,7.696939446231234,-0.8998065861924502,0.021227505300658242,0.02790850414163469
KIRC,ENSG00000174358,SLC6A19,20.2439,7.668452465396572,-3.2587260606247255,3.4870288926858996e-7,7.526120301076023e-7
KIRC,ENSG00000151704,KCNJ1,40.6043,7.664517669364337,-8.815398340196436,1.1776646047316892e-34,3.609178908503912e-32
KIRC,ENSG00000166840,GLYATL1,29.3977,7.643023514447565,-0.6803699817583115,0.055278296259628476,0.06903017129559223
KIRC,ENSG00000163586,FABP1,54.3161,7.542074554019035,-4.912803212102111,9.717291682000865e-15,4.6557621695601073e-14
KIRC,ENSG00000137251,TINAG,18.3533,7.527735026001573,0.125988534520733,0.7004727388055494,0.7281777726943357
KIRC,ENSG00000135220,UGT2A3,18.0084,7.500515269798867,1.346558820524836,1.0548481789271463e-6,2.1742306643682964e-6
KIRC,ENSG00000116882,HAO2,27.0596,7.497487810822933,-2.090216878601123,5.742971988669884e-7,1.2121887603379629e-6
KIRC,ENSG00000165376,CLDN2,40.896,7.4797078249329845,1.26763411316053,0.0010030820964431369,0.001533690634234997
KIRC,ENSG00000198203,SULT1C2,56.0678,7.475431427408881,-1.1329845296771028,3.618311132405469e-10,1.051452093660691e-9
KIRC,ENSG00000187048,CYP4A11,43.3648,7.474527296977935,-1.5493088271352031,0.0028494658734875586,0.004152134913997917
KIRC,ENSG00000171759,PAH,28.5943,7.451843246086097,-3.8326311816329004,2.482598389771214e-10,7.335123129560026e-10
KIRC,ENSG00000174827,PDZK1,95.274,7.448535410239406,-0.5846661516042814,0.004216632357309588,0.006035823517756326
KIRC,ENSG00000164325,TMEM174,16.9692,7.4152516334316,-2.2873830180503307,5.028640239666573e-7,1.0680181709582952e-6
KIRC,ENSG00000166415,WDR72,20.9719,7.413249835878065,-2.129687631006959,5.601434959377603e-17,3.505328626752775e-16
KIRC,ENSG00000081479,LRP2,20.6905,7.402208277495086,1.1461747031146972,0.0029603833869004475,0.004303977990795003
KIRC,ENSG00000184012,TMPRSS2,28.7704,7.337690525635261,-6.615671029040307,4.016041718094012e-28,1.8716169751416985e-26
KIRC,ENSG00000113073,SLC4A9,32.4888,7.301985845150582,-6.644233228714097,1.7321559834563956e-30,1.4205021820918766e-28
KIRC,ENSG00000122194,PLG,19.1513,7.3002946191836875,-4.481450836870558,8.306743453854085e-11,2.570255601003871e-10
KIRC,ENSG00000156222,SLC28A1,24.4928,7.272875347389285,2.5289073986070543,3.169464548142275e-12,1.1418275312377703e-11
KIRC,ENSG00000004939,SLC4A1,26.1723,7.2673604424481075,-8.006460027444799,9.070367129024918e-28,3.973309062441185e-26
KIRC,ENSG00000147647,DPYS,39.0948,7.246434604209321,-0.30770378985303976,0.45358772990614893,0.49049418324411215
KIRC,ENSG00000156413,FUT6,19.1085,7.228113231647647,-0.6199765933565606,0.057300080767788225,0.07134858220838414
KIRC,ENSG00000135638,EMX1,18.7951,7.181018121614126,-2.8427033994914166,4.361502432576943e-26,1.3432411713022266e-24
KIRC,ENSG00000178828,RNF186,13.9735,7.13683735308324,0.6685149761396507,0.06852858930417868,0.08449463242994246
KIRC,ENSG00000125618,PAX8,170.038,7.081954872542358,-1.2155936465709825,9.570563166571809e-16,5.1617123496896846e-15
KIRC,ENSG00000129151,BBOX1,79.4822,7.021802953177947,0.27731617010261983,0.4608670390049282,0.4977806325624724
KIRC,ENSG00000162391,FAM151A,45.0986,7.018050687841141,-3.444664411718968,3.016702756783077e-13,1.2222787615476128e-12
KIRC,ENSG00000118785,SPP1,1846.97,6.994310966682743,-0.353976126030348,0.05788119409253156,0.07203825321234016
KIRC,ENSG00000153292,ADGRF1,13.7537,6.962311563930173,-7.641452980114219,5.684478529663432e-26,1.7035721916518258e-24
KIRC,ENSG00000158104,HPD,168.716,6.950861431499183,-4.620304357024604,9.152107251632393e-15,4.398916066107183e-14
KIRC,ENSG00000180638,SLC47A2,35.7057,6.947495166285593,-3.9759293076724216,1.648861582989175e-16,9.67191942691571e-16
KIRC,ENSG00000134240,HMGCS2,32.25,6.942627673260413,-3.3966662687935703,1.906241036637742e-13,7.906733552868328e-13
KIRC,ENSG00000010379,SLC6A13,38.8632,6.908216775817703,1.2822658940312506,3.558687627870608e-6,6.95755986236244e-6
KIRC,ENSG00000180818,HOXC10,20.478,6.905150428003388,0.019498137256056803,0.8430068436558804,0.8598715457449503
KIRC,ENSG00000153822,KCNJ16,53.4062,6.897198698026279,-1.5891070209646638,1.1958253670944847e-22,1.7969654202404196e-21
KIRC,ENSG00000167741,GGT6,18.3253,6.869220925122049,-8.06251021218921,2.2333280044127777e-29,1.4406327413830959e-27
KIRC,ENSG00000136883,KIF12,166.005,6.861864788269679,-0.9459113822994638,1.9453947539580157e-9,5.230736078821159e-9
KIRC,ENSG00000139540,SLC39A5,51.6075,6.82626726485054,0.03215659478418698,0.9346435240966886,0.9423487101662015
KIRC,ENSG00000113924,HGD,44.2492,6.810458791366913,-0.5196360573937016,0.003705121398216928,0.005337574626776998
KIRC,ENSG00000166126,AMN,57.1196,6.744740775052725,0.21896201053816025,0.4477300137756062,0.48470485220345244
KIRC,ENSG00000170689,HOXB9,16.1076,6.74422787859685,-4.596309063639476,7.231347288394538e-26,2.133903011546048e-24
KIRC,ENSG00000110195,FOLR1,49.3982,6.724279884679394,-0.8414504825478426,4.559570714622286e-6,8.816614620725491e-6
KIRC,ENSG00000052344,PRSS8,53.5725,6.697554124627858,-1.9888570625288655,1.250568930383528e-15,6.65313991175627e-15
KIRC,ENSG00000099834,CDHR5,36.8721,6.693645919041135,1.8087606278943902,1.6071219940373598e-5,2.9412236960334278e-5
KIRC,ENSG00000138079,SLC3A1,29.4032,6.686285653839362,0.3372699966015738,0.05712418242167344,0.07113374443398073
KIRC,ENSG00000165828,PRAP1,67.8362,6.669275360579526,-0.2952744268814578,0.3732175669218625,0.4105509660462081
KIRC,ENSG00000131910,NR0B2,14.7192,6.654553481546401,-7.635762468783013,4.9640954837811514e-27,1.8589439335547187e-25
KIRC,ENSG00000006611,USH1C,23.4371,6.649346352223283,1.8305950451643866,1.2725021650292998e-8,3.146015518542875e-8
KIRC,ENSG00000140675,SLC5A2,36.0052,6.643031290969959,-4.701898393005953,3.53529060840385e-15,1.7822177434502898e-14
KIRC,ENSG00000215644,GCGR,25.7848,6.636054882226567,-7.76048602820468,4.7569445539140846e-27,1.7908795884646655e-25
KIRC,ENSG00000137204,SLC22A7,16.7694,6.61518542158716,-3.3671323620066547,7.048818863750013e-11,2.198391944564015e-10
KIRC,ENSG00000101076,HNF4A,11.3798,6.578529563897547,0.3820703816569438,0.3185225498634373,0.3546253478220694
KIRC,ENSG00000172367,PDZD3,18.6139,6.568521990838513,-0.22455110805198814,0.4483818072066569,0.48533597364702746
KIRC,ENSG00000162460,TMEM82,9.11938,6.526597828079817,-0.9086802116350406,0.015060756187451374,0.02015786180504151
KIRC,ENSG00000142484,TM4SF5,9.02127,6.511162806902516,1.4139657284050196,5.416185958423505e-4,8.521390727864703e-4
KIRC,ENSG00000100079,LGALS2,59.3634,6.503832513147123,1.1759792907835909,2.082945489930655e-4,3.41873870731152e-4
KIRC,ENSG00000273706,LHX1,8.92517,6.495882202050281,-5.537797953570642,1.6872459413358224e-21,2.062319446954554e-20
KIRC,ENSG00000079557,AFM,8.77087,6.471003696948668,-4.402364512365761,9.272263094051431e-15,4.4546444719332466e-14
KIRC,ENSG00000007216,SLC13A2,9.85643,6.4656324811042305,-6.675975415352753,3.787069839677469e-26,1.174880112432491e-24
KIRC,ENSG00000130829,DUSP9,19.4641,6.4489784589746755,-7.822918586130866,1.4467524553717181e-31,1.6282121516358941e-29
KIRC,ENSG00000112499,SLC22A2,9.73384,6.445090560685599,-0.2434959381601373,0.28018406955520025,0.3151419139678341
KIRC,ENSG00000253313,C1orf210,19.1059,6.412374296905163,-1.7131237351385573,2.3577283462034835e-12,8.600830404995398e-12
KIRC,ENSG00000100362,PVALB,25.8323,6.391851848604117,-6.472480085954198,4.8551729976607064e-23,7.938620578400713e-22
KIRC,ENSG00000086159,AQP6,28.558,6.385738477060449,-7.995892991546135,1.5019195131163645e-24,3.4169476407006494e-23
KIRC,ENSG00000198914,POU3F3,24.8283,6.363859256341911,-0.18913139946894789,0.17426186682707442,0.2031646781092815
KIRC,ENSG00000120068,HOXB8,16.9032,6.3588230000513954,-3.011597087611751,1.5282206842253806e-21,1.8864698504574447e-20
KIRC,ENSG00000170927,PKHD1,8.80413,6.35858598193669,-1.59245987374448,2.3010145808704486e-12,8.402554458974348e-12
KIRC,ENSG00000129354,AP1M2,34.4731,6.348096799569448,-2.91905681929956,1.8695726873841677e-27,7.680858042655188e-26
KIRC,ENSG00000166828,SCNN1G,25.7038,6.347020606024286,-7.605445496955927,1.8043484276946807e-26,6.002579250497493e-25
KIRC,ENSG00000165215,CLDN3,30.8445,6.312844014769225,-0.9095812688042405,3.830796071980336e-6,7.459915627331795e-6
KIRC,ENSG00000019186,CYP24A1,12.7822,6.299511364864105,-2.621279352037147,4.112465671820542e-9,1.0672335175319394e-8
KIRC,ENSG00000012504,NR1H4,10.2099,6.297441702814294,0.9709405370263151,1.5013780112572363e-12,5.603484911303688e-12
KIRC,ENSG00000162897,FCAMR,7.74302,6.293337374238505,-1.409530025542949,7.230261074934407e-4,0.001122443787684072
KIRC,ENSG00000176387,HSD11B2,284.079,6.264683573810652,-4.317733788498407,6.429208494196719e-33,1.0795967723826522e-30
KIRC,ENSG00000116039,ATP6V1B1,88.8299,6.253598141292646,-5.900406678438078,2.362878022421078e-31,2.5122499094665914e-29
KIRC,ENSG00000147003,CLTRN,59.5757,6.241435332181727,0.24858922672551487,0.35519817453549585,0.39213581929673996
KIRC,ENSG00000115112,TFCP2L1,54.9775,6.219268637057347,-5.839850999998563,9.423946485708142e-31,8.307994156025536e-29
KIRC,ENSG00000158014,SLC30A2,13.0766,6.219134784505082,-4.4037062523025625,4.580635785391422e-19,3.793232561538619e-18
KIRC,ENSG00000132744,ACY3,39.6761,6.21490242592587,0.20616049862370633,0.4717228018944497,0.5084417240184803
KIRC,ENSG00000162399,BSND,8.48823,6.213403243709347,-9.883084114161383,2.1359819807383842e-32,3.1167659826526024e-30
KIRC,ENSG00000105707,HPN,170.718,6.194055685423566,0.13717810739196004,0.3693535858429803,0.40661757475757204
KIRC,ENSG00000145626,UGT3A1,7.10839,6.1716051631760145,-1.8079323174390871,2.338653983340364e-6,4.6592505630428835e-6
KIRC,ENSG00000167183,PRR15L,24.8862,6.144933348083998,-3.7062776479546087,6.770007345496575e-18,4.7986537827811234e-17
KIRC,ENSG00000081800,SLC13A1,6.93614,6.136712283680225,-1.073534003453231,0.014384952951115155,0.01930463240769342
KIRC,ENSG00000115221,ITGB6,14.5529,6.127847721405232,-2.5860623422491686,2.281816978920765e-13,9.374501677670979e-13
KIRC,ENSG00000128710,HOXD10,13.8217,6.106615615819895,-1.6137093082909597,1.5337225794576624e-14,7.179314676142748e-14
KIRC,ENSG00000161992,PRR35,8.78712,6.100884152001668,-8.615556495519067,2.0077433584714446e-36,1.9309015444790374e-33
KIRC,ENSG00000148702,HABP2,8.56807,6.055174716777281,1.1778056622484312,0.006695434388860846,0.009343842807170885
KIRC,ENSG00000168907,PLA2G4F,11.8052,6.047717262044792,-8.816795861635313,9.079073567392946e-31,8.037449311251044e-29
KIRC,ENSG00000163581,SLC2A2,6.25856,5.990628175478613,1.351022629564928,0.0023586701723955837,0.0034682565506668817
KIRC,ENSG00000205279,CTXN3,7.35864,5.983461144217151,-4.276591518649519,4.652930707040963e-11,1.4821847018905855e-10
KIRC,ENSG00000117472,TSPAN1,179.104,5.965190174023849,-1.5363891873073825,5.4241164697885105e-8,1.2646110883502515e-7
KIRC,ENSG00000179023,KLHDC7A,7.81949,5.963626499172864,-0.9852797639465614,8.447009964519057e-11,2.6117468483018295e-10
KIRC,ENSG00000180745,CLRN3,11.3718,5.960784952588427,2.362351831759558,3.7829905127901617e-10,1.096595605831131e-9
KIRC,ENSG00000184937,WT1,10.1536,5.926945331495787,-2.4577464794157993,1.0644416130725924e-8,2.6498947699011545e-8
KIRC,ENSG00000146038,DCDC2,18.9737,5.925935823592726,-1.630916431451699,4.758641459935054e-10,1.3642728456545512e-9
KIRC,ENSG00000197444,OGDHL,86.232,5.903402215000195,-2.7296998092072235,5.73264176465207e-20,5.388326719525034e-19
KIRC,ENSG00000154025,SLC5A10,15.9965,5.900379505124596,0.9228206357463571,0.007053745932549805,0.009819274718132034
KIRC,ENSG00000157551,KCNJ15,21.068,5.893464797879975,-1.500921230110168,9.512147877578836e-10,2.64673888471611e-9
KIRC,ENSG00000167941,SOST,7.05525,5.875560604214323,-6.861839202724573,1.227447229283392e-23,2.288134667592776e-22
KIRC,ENSG00000186510,CLCNKA,40.9531,5.864291056633326,-8.082263184919666,3.0046475397493954e-30,2.363283741487647e-28
KIRC,ENSG00000116771,AGMAT,34.5568,5.8544181654897915,-1.591313663243112,5.8017640747131795e-5,1.0071687257366381e-4
KIRC,ENSG00000197408,CYP2B6,5.55738,5.822062173364776,-5.723984151044549,1.2492606025596654e-23,2.3267478722673766e-22
KIRC,ENSG00000140519,RHCG,81.3723,5.818576677006552,-8.994828426562014,3.3276612405173313e-32,4.513247213260622e-30
KIRC,ENSG00000178772,CPN2,5.9549,5.809652147926537,-3.136479964559155,5.118265742664564e-7,1.0863991430908592e-6
KIRC,ENSG00000211452,DIO1,14.5985,5.800914806913626,-5.569714991191458,1.1366375273979508e-21,1.425546935666025e-20
KIRC,ENSG00000157765,SLC34A2,9.78701,5.773523410425041,-0.7654220957910923,0.07317107678277165,0.0898626446813259
KIRC,ENSG00000119125,GDA,10.9348,5.76113248243973,-0.012961031836126869,0.9733898477215954,0.9768525541001526
KIRC,ENSG00000101198,NKAIN4,22.4924,5.759976782289604,-0.28096884583131304,0.502697128688359,0.5389443044736915
KIRC,ENSG00000078399,HOXA9,23.3656,5.759641743125674,-0.5257280658373861,1.7753691780448682e-4,2.937153887643547e-4
KIRC,ENSG00000143627,PKLR,8.20922,5.745930489573734,-0.13877340460265686,0.7115965666138162,0.7389428297627054
KIRC,ENSG00000198796,ALPK2,9.05895,5.735950803275435,2.207887194403554,1.400812941512754e-19,1.2442653323478945e-18
KIRC,ENSG00000163435,ELF3,25.5391,5.720647465930431,-1.0941868349771398,9.541590368371661e-9,2.387428678027526e-8
KIRC,ENSG00000164266,SPINK1,25.1785,5.696120701203172,-2.29336229960917,6.455483826316416e-8,1.4932232075784706e-7
KIRC,ENSG00000170099,SERPINA6,4.91732,5.648845049670969,-0.8758469245530396,0.00262702685021102,0.0038428259193006606
KIRC,ENSG00000162365,CYP4A22,10.1272,5.6402142726485645,-1.7784124189687252,3.5128024899398514e-4,5.639140749783564e-4
KIRC,ENSG00000131482,G6PC,5.55175,5.635833853435653,-3.241390016940874,3.204203954072948e-10,9.363887743131966e-10
KIRC,ENSG00000186115,CYP4F2,6.93224,5.596625523754722,-5.0037818890071595,1.6497535079929856e-15,8.678638667855691e-15
KIRC,ENSG00000173253,DMRT2,18.3885,5.584580818562699,-8.377410704826547,4.032063265490273e-29,2.406444099440115e-27
KIRC,ENSG00000164283,ESM1,11.6026,5.583780484531876,4.124116008734471,3.78318975847322e-29,2.2804766071161364e-27
KIRC,ENSG00000159166,LAD1,24.3193,5.5428358094437575,-3.478639250186888,8.38438289604875e-20,7.669553537163832e-19
KIRC,ENSG00000153303,FRMD1,7.8283,5.523203724201602,-2.4600704674023053,6.069738183965228e-8,1.408461510159424e-7
KIRC,ENSG00000188175,HEPACAM2,7.38302,5.5205170117523394,-8.285674847461733,1.6940360550816534e-31,1.847547157392661e-29
KIRC,ENSG00000135100,HNF1A,5.28446,5.5179290389184565,0.948348651781529,1.8951425464049976e-5,3.4456841107533676e-5
KIRC,ENSG00000131400,NAPSA,62.2918,5.507372126481483,-1.1883730150890646,7.790249675834022e-5,1.3365723535622466e-4
KIRC,ENSG00000184434,LRRC19,7.1895,5.502282282028181,-2.1344320622358444,9.721474448511793e-14,4.1536138203071996e-13
KIRC,ENSG00000110887,DAO,5.00652,5.473212510418742,-2.7211379651677574,4.467676772518186e-9,1.155446829885586e-8
KIRC,ENSG00000125144,MT1G,523.273,5.447803584772839,-5.139770850721972,9.390478033985805e-20,8.512585014698872e-19
KIRC,ENSG00000126562,WNK4,16.2105,5.442549253174322,-4.391474280260337,2.1035364526073803e-29,1.3616815096796632e-27
KIRC,ENSG00000204610,TRIM15,4.85285,5.434259943710985,1.6995990752774057,1.1488563658176792e-6,2.3583489849588097e-6
KIRC,ENSG00000139194,RBP5,232.798,5.417884672629205,0.7946866782420636,0.0054712689381785865,0.0077194657371287365
KIRC,ENSG00000113905,HRG,4.94447,5.4175321998889014,-8.494195939781209,1.4584018422056472e-33,3.14865981401909e-31
KIRC,ENSG00000167748,KLK1,19.3233,5.410010813964097,-6.534315608881056,6.47177393871702e-25,1.5775321773660682e-23
KIRC,ENSG00000181418,DDN,16.5354,5.408050582971027,-6.047287285519193,1.6649588348024463e-21,2.0386110547887823e-20
KIRC,ENSG00000134873,CLDN10,28.3429,5.380638137905361,-2.301374647338291,3.3892198386754616e-26,1.0592188086661065e-24
KIRC,ENSG00000189143,CLDN4,37.118,5.345465460810219,-1.0288439187831446,2.056228340689796e-8,4.9834684114908014e-8
KIRC,ENSG00000204653,ASPDH,18.2062,5.316731337038148,-2.3062123329875353,1.5836694864994896e-8,3.88310105404522e-8
KIRC,ENSG00000137648,TMPRSS4,5.43833,5.315303885625431,-6.519550229516849,1.1701897974148596e-26,4.0654968364045317e-25
KIRC,ENSG00000127831,VIL1,5.46319,5.310873876386949,-0.18373965507523524,0.5865403964775231,0.6205010854335717
KIRC,ENSG00000134258,VTCN1,5.57615,5.289033863320636,-6.221214166439287,9.015766759511224e-28,3.963977784270141e-26
KIRP,ENSG00000166589,CDH16,334.725,11.31337631832086,-2.3451574657599896,6.831162029518975e-11,1.376427200947849e-9
KIRP,ENSG00000136872,ALDOB,1455.53,11.086981145201309,-8.904546781408094,7.890955070672912e-16,9.140140690330804e-14
KIRP,ENSG00000169344,UMOD,190.478,10.896165871261495,-12.2381339239277,1.4979288408753527e-24,5.8335302996930466e-21
KIRP,ENSG00000116218,NPHS2,174.964,10.773666724451566,-8.573571159163333,2.085653755717374e-15,2.1152919932986208e-13
KIRP,ENSG00000167580,AQP2,182.646,10.673603612114148,-12.102527744218728,1.0682200706869887e-22,1.5095373892234734e-19
KIRP,ENSG00000164825,DEFB1,956.675,10.165651812102205,-2.1344490838806176,1.1167647632430134e-6,6.370307504430074e-6
KIRP,ENSG00000171234,UGT2B7,112.895,10.14204321982645,-1.0949826490932537,0.023398991569088704,0.04132203818128578
KIRP,ENSG00000197901,SLC22A6,103.031,10.010262340199345,-4.3192998188483305,2.857541022833366e-4,8.451415803125276e-4
KIRP,ENSG00000149452,SLC22A8,96.6803,9.918569601068807,-7.404491211482968,1.0796702878170051e-9,1.4717537679007754e-8
KIRP,ENSG00000100253,MIOX,104.029,9.65328609329385,-3.840197992192488,3.2953450327948793e-7,2.182175215874822e-6
KIRP,ENSG00000250799,PRODH2,68.2568,9.416941051209657,-4.596608187097196,1.2813042688547433e-7,9.56668072804297e-7
KIRP,ENSG00000150201,FXYD4,83.9905,9.304731858740116,-10.966532672470821,1.6027895979741077e-24,5.8335302996930466e-21
KIRP,ENSG00000144035,NAT8,199.803,9.258633423971993,-2.0486493046538365,0.004430721718857203,0.009537728066884953
KIRP,ENSG00000066813,ACSM2B,73.2398,9.127897636926827,-1.331845527784823,0.049220084942812416,0.07926744723695447
KIRP,ENSG00000100557,CCDC198,54.5555,9.094222871828714,-0.024981444175851776,0.8775630184127952,0.906206620611683
KIRP,ENSG00000183747,ACSM2A,69.2634,9.061265346114872,-0.19287041223267964,0.7797234556749617,0.8260271648479554
KIRP,ENSG00000070915,SLC12A3,67.6717,9.024524578294773,-9.751767053833204,3.666856614124823e-22,3.8863179824801934e-19
KIRP,ENSG00000214128,TMEM213,63.196,8.985877546682925,-7.85397371196008,1.7910011465322196e-14,1.2869102136624902e-12
KIRP,ENSG00000113889,KNG1,60.9294,8.956320648998622,-10.655909350456026,5.361394634703373e-24,1.2627275785756377e-20
KIRP,ENSG00000075891,PAX2,52.7587,8.926278884019435,-0.3983436282017901,0.09948491359792935,0.14647368990312623
KIRP,ENSG00000162366,PDZK1IP1,457.14,8.923628477155066,0.4658764932607107,0.29674309397572496,0.3727224083315621
KIRP,ENSG00000197891,SLC22A12,53.3548,8.922018738492273,-5.046707234805205,5.541183901625805e-8,4.536750682223337e-7
KIRP,ENSG00000149124,GLYAT,49.4594,8.793635667695582,-1.692742419945016,0.008847247399430628,0.017498843251444532
KIRP,ENSG00000241119,UGT1A9,43.3151,8.762053096644074,-2.9730080003228316,0.0022045848053133606,0.005164171081691602
KIRP,ENSG00000113492,AGXT2,42.7628,8.743582286503383,-2.5416306323579714,9.802262049961865e-5,3.2651263820675745e-4
KIRP,ENSG00000244067,GSTA2,42.4242,8.732140284760643,-6.506832440208192,9.770545982388625e-15,7.699117590657683e-13
KIRP,ENSG00000204511,MCCD1,40.982,8.682362608038567,-5.271577606149741,3.782310691083602e-8,3.2577667500568513e-7
KIRP,ENSG00000124568,SLC17A1,40.8232,8.67677515117339,-0.9324430840332149,0.09023315130507052,0.13464780768839
KIRP,ENSG00000275410,HNF1B,53.4655,8.59281341676235,0.6034016374562147,2.704064151133209e-5,1.0432844523402008e-4
KIRP,ENSG00000137731,FXYD2,299.041,8.53918567431365,-0.7313846390437739,0.004382745878955215,0.009446925401282663
KIRP,ENSG00000165685,TMEM52B,60.0158,8.481885091211934,-6.6316783275523346,1.318107540714784e-19,5.2716840642511836e-17
KIRP,ENSG00000131183,SLC34A1,35.5047,8.475923886559976,-5.322482230529264,8.359602173993785e-9,8.7332916353941e-8
KIRP,ENSG00000153086,ACMSD,48.66,8.470324163851268,-0.5130641237696272,0.1927769029996868,0.258626076764833
KIRP,ENSG00000015413,DPEP1,145.626,8.387543051785121,-3.917736909498229,3.3173423941221656e-8,2.890164682622587e-7
KIRP,ENSG00000095932,SMIM24,150.874,8.385002177865424,-2.735009748788431,6.441833497573764e-6,2.949828141025515e-5
KIRP,ENSG00000243955,GSTA1,101.195,8.377050079634003,-5.133845815724342,2.7031731030270458e-14,1.7962119205286612e-12
KIRP,ENSG00000168269,FOXI1,32.327,8.341051748094378,-9.752870167499045,3.728483483309239e-16,4.7898584482246025e-14
KIRP,ENSG00000105929,ATP6V0A4,41.9888,8.313311582548863,-6.2457445786713945,4.487874761347009e-11,9.609038516795208e-10
KIRP,ENSG00000104327,CALB1,82.9785,8.293313827291456,-9.075205611784234,2.995282117449509e-17,5.4265807729553204e-15
KIRP,ENSG00000147614,ATP6V0D2,31.8615,8.272079374693943,-6.260826917686679,1.4664424369355991e-13,7.461270476369265e-12
KIRP,ENSG00000161270,NPHS1,36.7847,8.25176016721096,-6.920310731496625,4.825709086346946e-12,1.422678101575747e-10
KIRP,ENSG00000124564,SLC17A3,33.6126,8.182728904945465,-0.24629358035477975,0.7233174486277798,0.778496132419474
KIRP,ENSG00000184908,CLCNKB,137.293,8.141461722865907,-7.152957528471036,9.564313682610168e-17,1.5129459487334905e-14
KIRP,ENSG00000151418,ATP6V1G3,28.0977,8.139433680983261,-8.8980764903675,2.8967124858446285e-18,6.747430171697647e-16
KIRP,ENSG00000137673,MMP7,85.5247,8.097422377218582,1.3071828263878604,0.0020308537243945686,0.004803392813656737
KIRP,ENSG00000148942,SLC5A12,41.9997,8.063485433110086,-6.48446157571804,7.959091035958127e-10,1.1172771701271815e-8
KIRP,ENSG00000145692,BHMT,105.675,8.008048306729869,-4.060045208889548,7.343569426013502e-7,4.410927773397796e-6
KIRP,ENSG00000143839,REN,48.2006,7.967264684067101,-4.58698901477742,2.685621867156512e-8,2.4183146439301863e-7
KIRP,ENSG00000124253,PCK1,147.634,7.9356105114257,-5.058457532035257,1.8814913847721006e-10,3.191680970323892e-9
KIRP,ENSG00000186335,SLC36A2,30.4297,7.930504689335576,-7.249906760785954,5.878762754708156e-12,1.6816752241774464e-10
KIRP,ENSG00000187783,TMEM72,33.7284,7.910325241804368,-5.4063022757798125,1.398585050294963e-14,1.0587788325393688e-12
KIRP,ENSG00000162896,PIGR,84.7911,7.898265132091897,0.08928714096907897,0.8786508207908001,0.907064795612068
KIRP,ENSG00000132677,RHBG,32.6976,7.897622983847958,-4.832833703569978,6.267166648322269e-10,9.111463062036155e-9
KIRP,ENSG00000156284,CLDN8,22.6281,7.8283332740559075,-10.804758905525455,1.4100994944874294e-21,1.2995599558543495e-18
KIRP,ENSG00000074803,SLC12A1,28.8841,7.794032024679016,-9.584411925737388,5.225497087812571e-21,3.1647103362960873e-18
KIRP,ENSG00000205358,MT1H,152.006,7.785895734292036,-8.172578618677726,1.4633230001558042e-19,5.744084747093071e-17
KIRP,ENSG00000168065,SLC22A11,28.4202,7.780457154373892,-1.4610059935250868,0.027764119962332547,0.04794428112762224
KIRP,ENSG00000132437,DDC,38.1714,7.746794744781789,-2.4086243036263806,2.4482982878459104e-4,7.368533126149334e-4
KIRP,ENSG00000002726,AOC1,34.8925,7.735861692322539,-3.5642094263117925,2.0283520272827227e-6,1.0743372794180878e-5
KIRP,ENSG00000271824,SMIM32,33.5009,7.696939446231234,-0.8017502763647014,0.1076816298478317,0.15671318282763394
KIRP,ENSG00000174358,SLC6A19,20.2439,7.668452465396572,-5.765022249000325,8.752298829609339e-9,9.08978335576821e-8
KIRP,ENSG00000151704,KCNJ1,40.6043,7.664517669364337,-9.465657264922697,3.811347265085066e-21,2.6061009025163918e-18
KIRP,ENSG00000166840,GLYATL1,29.3977,7.643023514447565,-2.595482588628003,3.6147859442203534e-6,1.773261227948133e-5
KIRP,ENSG00000163586,FABP1,54.3161,7.542074554019035,-7.481843037672514,1.009043611147603e-13,5.4286034074862286e-12
KIRP,ENSG00000137251,TINAG,18.3533,7.527735026001573,-0.7300558396332729,0.15597845901052315,0.2160655392749378
KIRP,ENSG00000135220,UGT2A3,18.0084,7.500515269798867,0.2781486504562916,0.6162712803709757,0.684039499922688
KIRP,ENSG00000116882,HAO2,27.0596,7.497487810822933,-5.115262800181312,9.104071343110124e-10,1.2637786526516393e-8
KIRP,ENSG00000165376,CLDN2,40.896,7.4797078249329845,0.6403663973614487,0.2065887183023083,0.27417111581855924
KIRP,ENSG00000198203,SULT1C2,56.0678,7.475431427408881,-0.12608062843657375,0.5617769018683265,0.6343144403613123
KIRP,ENSG00000187048,CYP4A11,43.3648,7.474527296977935,-7.940481964833344,2.5492201895764065e-13,1.1849960604923485e-11
KIRP,ENSG00000171759,PAH,28.5943,7.451843246086097,-4.405855386276637,3.450714725145223e-5,1.2989664363151002e-4
KIRP,ENSG00000174827,PDZK1,95.274,7.448535410239406,-0.7363574541285054,0.012203699715556323,0.02323767739010449
KIRP,ENSG00000164325,TMEM174,16.9692,7.4152516334316,-6.176548129126884,6.740243799011541e-13,2.752850632131939e-11
KIRP,ENSG00000166415,WDR72,20.9719,7.413249835878065,-1.9536936394259217,6.660006883776107e-6,3.036613592501659e-5
KIRP,ENSG00000081479,LRP2,20.6905,7.402208277495086,0.09699412794602266,0.8835552856754323,0.9107528394506
KIRP,ENSG00000184012,TMPRSS2,28.7704,7.337690525635261,-5.682499962095122,2.4696260323820516e-14,1.6461843713334073e-12
KIRP,ENSG00000113073,SLC4A9,32.4888,7.301985845150582,-7.494632045966026,1.7957898830351088e-17,3.4293115451076758e-15
KIRP,ENSG00000122194,PLG,19.1513,7.3002946191836875,-9.463272970191785,5.572081904660279e-14,3.345932581673766e-12
KIRP,ENSG00000156222,SLC28A1,24.4928,7.272875347389285,-0.24656715479160768,0.6327690025301291,0.699129765266153
KIRP,ENSG00000004939,SLC4A1,26.1723,7.2673604424481075,-9.282756327359868,2.7387797350108352e-19,9.839646447970285e-17
KIRP,ENSG00000147647,DPYS,39.0948,7.246434604209321,-3.077671465215055,6.559121563331881e-6,2.9957703033386313e-5
KIRP,ENSG00000156413,FUT6,19.1085,7.228113231647647,-1.6189741108060842,0.007844310238034781,0.015763731903263488
KIRP,ENSG00000135638,EMX1,18.7951,7.181018121614126,-2.3943808196586875,2.049272517431324e-8,1.910221176428838e-7
KIRP,ENSG00000178828,RNF186,13.9735,7.13683735308324,-3.189020186115651,1.3884160129147658e-5,5.8185556001886695e-5
KIRP,ENSG00000125618,PAX8,170.038,7.081954872542358,0.1570588821571071,0.24064446953628252,0.3121368755819716
KIRP,ENSG00000129151,BBOX1,79.4822,7.021802953177947,-1.3656796180078923,0.010300752045825388,0.020051293053957312
KIRP,ENSG00000162391,FAM151A,45.0986,7.018050687841141,-5.259869176913283,3.8398436871847527e-10,6.002445917201711e-9
KIRP,ENSG00000118785,SPP1,1846.97,6.994310966682743,1.4830931847968702,2.3372478060447054e-6,1.215770349563917e-5
KIRP,ENSG00000153292,ADGRF1,13.7537,6.962311563930173,-1.9711879992153205,2.286062356886975e-4,6.939376167683403e-4
KIRP,ENSG00000158104,HPD,168.716,6.950861431499183,-5.477183230826464,7.048769060424483e-11,1.4108853425289684e-9
KIRP,ENSG00000180638,SLC47A2,35.7057,6.947495166285593,-1.8879204361190538,0.004124279010475709,0.008971788638745088
KIRP,ENSG00000134240,HMGCS2,32.25,6.942627673260413,-8.610096009123996,2.839213041021526e-17,5.188172312977008e-15
KIRP,ENSG00000010379,SLC6A13,38.8632,6.908216775817703,-0.8191466183935047,0.07657732838744781,0.11666855673317986
KIRP,ENSG00000180818,HOXC10,20.478,6.905150428003388,-0.19624541355429148,0.2914712022558885,0.3670140830591701
KIRP,ENSG00000153822,KCNJ16,53.4062,6.897198698026279,-0.843003119677356,1.8735774005251864e-4,5.799389626012321e-4
KIRP,ENSG00000167741,GGT6,18.3253,6.869220925122049,-7.5027042033015015,2.447879211263325e-18,5.964102947258471e-16
KIRP,ENSG00000136883,KIF12,166.005,6.861864788269679,-0.9330344841002486,8.84872958430847e-6,3.912526512277569e-5
KIRP,ENSG00000139540,SLC39A5,51.6075,6.82626726485054,-2.0265063784666637,0.0029266561842770464,0.00663419218673089
KIRP,ENSG00000113924,HGD,44.2492,6.810458791366913,-0.37160269828032855,0.1737866706395932,0.2368365730710722
KIRP,ENSG00000166126,AMN,57.1196,6.744740775052725,-0.3177619735239614,0.5198322330957356,0.5949721298558481
KIRP,ENSG00000170689,HOXB9,16.1076,6.74422787859685,-0.8812436278015627,0.00630843838990598,0.013029753529015264
KIRP,ENSG00000110195,FOLR1,49.3982,6.724279884679394,-1.634930271971706,2.098164437255081e-6,1.1066133758769831e-5
KIRP,ENSG00000052344,PRSS8,53.5725,6.697554124627858,-1.2454887534258807,3.143402311965478e-5,1.1947408787292853e-4
KIRP,ENSG00000099834,CDHR5,36.8721,6.693645919041135,-1.6341878398198781,0.019909134822564914,0.03588119054574827
KIRP,ENSG00000138079,SLC3A1,29.4032,6.686285653839362,-0.11967479117244362,0.6233516839541018,0.6905244653658268
KIRP,ENSG00000165828,PRAP1,67.8362,6.669275360579526,-2.194738985963806,3.7551834062085556e-4,0.0010726131607789078
KIRP,ENSG00000131910,NR0B2,14.7192,6.654553481546401,-7.026124365907109,3.4898086345342207e-15,3.2162379837487774e-13
KIRP,ENSG00000006611,USH1C,23.4371,6.649346352223283,0.41459613301942577,0.42197602174865256,0.501015276592516
KIRP,ENSG00000140675,SLC5A2,36.0052,6.643031290969959,-4.382780063393905,2.324232273232457e-7,1.6142448065435252e-6
KIRP,ENSG00000215644,GCGR,25.7848,6.636054882226567,-6.891342653275479,1.458447435967572e-13,7.449327783181837e-12
KIRP,ENSG00000137204,SLC22A7,16.7694,6.61518542158716,-4.990312990722013,1.2658180345721154e-7,9.487816435228122e-7
KIRP,ENSG00000101076,HNF4A,11.3798,6.578529563897547,-1.4903865956125721,0.013837607047333297,0.025937081576935334
KIRP,ENSG00000172367,PDZD3,18.6139,6.568521990838513,-0.6964270692787875,0.11643081189790569,0.16773031941007932
KIRP,ENSG00000162460,TMEM82,9.11938,6.526597828079817,-1.5262598349688146,0.021198322845894124,0.037926657089997665
KIRP,ENSG00000142484,TM4SF5,9.02127,6.511162806902516,-2.458604685494851,1.6125939665301734e-4,5.064773197294427e-4
KIRP,ENSG00000100079,LGALS2,59.3634,6.503832513147123,-0.8481389997701758,0.08620059174937555,0.12937718213633884
KIRP,ENSG00000273706,LHX1,8.92517,6.495882202050281,-5.051548609392419,2.439067750133474e-9,2.962803386795372e-8
KIRP,ENSG00000079557,AFM,8.77087,6.471003696948668,-7.822273313169557,6.096281806626367e-15,5.168915418202364e-13
KIRP,ENSG00000007216,SLC13A2,9.85643,6.4656324811042305,-4.699684477533073,2.6262910119895805e-10,4.285565094776223e-9
KIRP,ENSG00000130829,DUSP9,19.4641,6.4489784589746755,-8.366979794237675,1.0462128095038907e-22,1.5095373892234734e-19
KIRP,ENSG00000112499,SLC22A2,9.73384,6.445090560685599,-2.132047909616531,0.0015753453702922796,0.003836024791968461
KIRP,ENSG00000253313,C1orf210,19.1059,6.412374296905163,-1.3701831536783629,1.2677832329915134e-4,4.0778757495783173e-4
KIRP,ENSG00000100362,PVALB,25.8323,6.391851848604117,-5.562990623053684,1.1392308831699583e-10,2.08331365343097e-9
KIRP,ENSG00000086159,AQP6,28.558,6.385738477060449,-6.628934910932114,7.63554160936526e-12,2.088394522499554e-10
KIRP,ENSG00000198914,POU3F3,24.8283,6.363859256341911,-0.3220927257329106,0.2654922930897814,0.33891238401831353
KIRP,ENSG00000120068,HOXB8,16.9032,6.3588230000513954,-0.6307501718979373,0.04070099379823314,0.0671131050595992
KIRP,ENSG00000170927,PKHD1,8.80413,6.35858598193669,-0.920300361191636,0.0035431093124634284,0.007856814321193357
KIRP,ENSG00000129354,AP1M2,34.4731,6.348096799569448,-1.8438605124266305,1.1758463297533004e-7,8.888878263830495e-7
KIRP,ENSG00000166828,SCNN1G,25.7038,6.347020606024286,-10.233744885034683,1.4375338699917508e-20,7.255096533860748e-18
KIRP,ENSG00000165215,CLDN3,30.8445,6.312844014769225,1.0866284408570994,0.0029323183947620036,0.006644927394458044
KIRP,ENSG00000019186,CYP24A1,12.7822,6.299511364864105,0.18804055869474584,0.7645174336876402,0.8132421358898435
KIRP,ENSG00000012504,NR1H4,10.2099,6.297441702814294,0.9548836215421111,4.182189118051667e-6,2.0175207723109058e-5
KIRP,ENSG00000162897,FCAMR,7.74302,6.293337374238505,-0.8893127401858096,0.18338711357406381,0.24773798014335802
KIRP,ENSG00000176387,HSD11B2,284.079,6.264683573810652,-6.985992137326431,4.186211177408052e-19,1.3186499679220646e-16
KIRP,ENSG00000116039,ATP6V1B1,88.8299,6.253598141292646,-5.671706943330661,3.835550988933292e-15,3.474451893693119e-13
KIRP,ENSG00000147003,CLTRN,59.5757,6.241435332181727,-0.23915288780959018,0.5800139080534432,0.6515397355065625
KIRP,ENSG00000115112,TFCP2L1,54.9775,6.219268637057347,-3.0467116113120007,9.855001232334849e-15,7.736905967474141e-13
KIRP,ENSG00000158014,SLC30A2,13.0766,6.219134784505082,-2.8680125027513084,1.2562286040217272e-6,7.042654779013105e-6
KIRP,ENSG00000132744,ACY3,39.6761,6.21490242592587,-1.997495727752928,1.0671519967083093e-4,3.521236126124849e-4
KIRP,ENSG00000162399,BSND,8.48823,6.213403243709347,-9.265243509367059,3.1805484027727925e-20,1.5322291930357928e-17
KIRP,ENSG00000105707,HPN,170.718,6.194055685423566,-0.9236620254975112,0.015713537124763862,0.028993719222982207
KIRP,ENSG00000145626,UGT3A1,7.10839,6.1716051631760145,-2.18061645889187,2.546446735763527e-4,7.61956965809987e-4
KIRP,ENSG00000167183,PRR15L,24.8862,6.144933348083998,-0.5389666501960684,0.18586176090981366,0.25058591438782085
KIRP,ENSG00000081800,SLC13A1,6.93614,6.136712283680225,-1.8436802947248134,0.021856154583494245,0.03896752533487489
KIRP,ENSG00000115221,ITGB6,14.5529,6.127847721405232,-0.07273884212821127,0.8666065560107414,0.8970776562855733
KIRP,ENSG00000128710,HOXD10,13.8217,6.106615615819895,-3.676359908110181,2.079110436545007e-9,2.575739563030071e-8
KIRP,ENSG00000161992,PRR35,8.78712,6.100884152001668,-9.491750105013141,1.1315608712174466e-29,2.3985695787196217e-25
KIRP,ENSG00000148702,HABP2,8.56807,6.055174716777281,1.3531250563345592,0.017453549580027615,0.031854907047343325
KIRP,ENSG00000168907,PLA2G4F,11.8052,6.047717262044792,-6.703534491238563,3.9810990805869643e-16,5.053135162347418e-14
KIRP,ENSG00000163581,SLC2A2,6.25856,5.990628175478613,-0.40983865160964694,0.5303296763332541,0.6046363032076155
KIRP,ENSG00000205279,CTXN3,7.35864,5.983461144217151,-7.165068843241983,9.624138136281376e-11,1.8102316407282944e-9
KIRP,ENSG00000117472,TSPAN1,179.104,5.965190174023849,-0.017934940067548002,0.9509573238703553,0.9612514255641355
KIRP,ENSG00000179023,KLHDC7A,7.81949,5.963626499172864,-0.9896692301336606,7.205498439308635e-6,3.253140583983496e-5
KIRP,ENSG00000180745,CLRN3,11.3718,5.960784952588427,0.36807032478320745,0.42604882082215845,0.5049176369768139
KIRP,ENSG00000184937,WT1,10.1536,5.926945331495787,-5.5356774090186684,3.644216532392337e-14,2.3127681987161783e-12
KIRP,ENSG00000146038,DCDC2,18.9737,5.925935823592726,-0.2107388197109439,0.23743106823882176,0.30857304435673233
KIRP,ENSG00000197444,OGDHL,86.232,5.903402215000195,-0.8826148816768954,0.01942891484278014,0.03509755479141048
KIRP,ENSG00000154025,SLC5A10,15.9965,5.900379505124596,-2.748369164033213,6.050397676151769e-5,2.1321742234644897e-4
KIRP,ENSG00000157551,KCNJ15,21.068,5.893464797879975,-0.9759445962055245,7.247533705950736e-4,0.00192417299555408
KIRP,ENSG00000167941,SOST,7.05525,5.875560604214323,-8.019842964877029,3.76114298099272e-17,6.377995821448214e-15
KIRP,ENSG00000186510,CLCNKA,40.9531,5.864291056633326,-7.362365421116264,2.7465608262096723e-18,6.541443801479373e-16
KIRP,ENSG00000116771,AGMAT,34.5568,5.8544181654897915,-3.6585728562688216,7.75671117123929e-9,8.200449211808441e-8
KIRP,ENSG00000197408,CYP2B6,5.55738,5.822062173364776,-6.381979964182072,7.0171530649772294e-12,1.9779600201904566e-10
KIRP,ENSG00000140519,RHCG,81.3723,5.818576677006552,-7.965104979312876,3.0001228392443734e-13,1.3705518065401505e-11
KIRP,ENSG00000178772,CPN2,5.9549,5.809652147926537,-5.0424175649742615,3.165606256076646e-7,2.1054708443695216e-6
KIRP,ENSG00000211452,DIO1,14.5985,5.800914806913626,-4.69589012110266,1.5288135953821519e-9,1.9652069000191312e-8
KIRP,ENSG00000157765,SLC34A2,9.78701,5.773523410425041,1.8395720806959912,0.00887151347712552,0.017540292059941204
KIRP,ENSG00000119125,GDA,10.9348,5.76113248243973,1.3379839950213244,0.03638113041451267,0.060846679927128375
KIRP,ENSG00000101198,NKAIN4,22.4924,5.759976782289604,0.7218834680000873,0.18695821399142357,0.2518559429282622
KIRP,ENSG00000078399,HOXA9,23.3656,5.759641743125674,0.4206293766441888,0.11709346470330081,0.16857037295000457
KIRP,ENSG00000143627,PKLR,8.20922,5.745930489573734,-2.7782867685043415,4.972737794596644e-5,1.7944692378628715e-4
KIRP,ENSG00000198796,ALPK2,9.05895,5.735950803275435,0.20718375695574512,0.6799121027660819,0.7410199415050974
KIRP,ENSG00000163435,ELF3,25.5391,5.720647465930431,1.048772275892219,3.101148117658859e-4,9.07954328851096e-4
KIRP,ENSG00000164266,SPINK1,25.1785,5.696120701203172,-3.4118229072873927,3.2331302462760254e-5,1.224891185528381e-4
KIRP,ENSG00000170099,SERPINA6,4.91732,5.648845049670969,-0.20017403925561195,0.529281587649675,0.6037336174681247
KIRP,ENSG00000162365,CYP4A22,10.1272,5.6402142726485645,-8.022119620976627,8.115730876902151e-15,6.616505669142112e-13
KIRP,ENSG00000131482,G6PC,5.55175,5.635833853435653,-7.050602885528505,5.7078636360445114e-11,1.1780874926313097e-9
KIRP,ENSG00000186115,CYP4F2,6.93224,5.596625523754722,-7.488406050453256,8.615533112435716e-13,3.37566460969131e-11
KIRP,ENSG00000173253,DMRT2,18.3885,5.584580818562699,-8.153450573431016,3.320612346441926e-15,3.1007497756620926e-13
KIRP,ENSG00000164283,ESM1,11.6026,5.583780484531876,-0.18843762432097108,0.6048152077522864,0.6740945736074214
KIRP,ENSG00000159166,LAD1,24.3193,5.5428358094437575,-2.163964963100985,1.2858127685444184e-7,9.590208745543995e-7
KIRP,ENSG00000153303,FRMD1,7.8283,5.523203724201602,-4.130939325939702,3.6068315745110446e-9,4.18926076081702e-8
KIRP,ENSG00000188175,HEPACAM2,7.38302,5.5205170117523394,-8.492945206800485,4.014896511245617e-21,2.6327397890430363e-18
KIRP,ENSG00000135100,HNF1A,5.28446,5.5179290389184565,0.3874862266384846,0.2794631492379174,0.35395001635349765
KIRP,ENSG00000131400,NAPSA,62.2918,5.507372126481483,-0.8806480388496789,0.03188146847833387,0.05416732024168347
KIRP,ENSG00000184434,LRRC19,7.1895,5.502282282028181,-1.2607672377832715,6.305550036080814e-4,0.0016991958316146074
KIRP,ENSG00000110887,DAO,5.00652,5.473212510418742,-3.805521319284959,2.620979365172898e-8,2.3701748977632217e-7
KIRP,ENSG00000125144,MT1G,523.273,5.447803584772839,-7.682846688837198,4.966543586751487e-19,1.4827580902587502e-16
KIRP,ENSG00000126562,WNK4,16.2105,5.442549253174322,-4.3247972837530115,1.2792911865399494e-16,1.8963031665096018e-14
KIRP,ENSG00000204610,TRIM15,4.85285,5.434259943710985,0.07940508031396429,0.8735980348376454,0.9031651987197404
KIRP,ENSG00000139194,RBP5,232.798,5.417884672629205,-2.4801981247302565,1.6764649826019103e-5,6.865538685512499e-5
KIRP,ENSG00000113905,HRG,4.94447,5.4175321998889014,-9.557473017118436,8.47657354263591e-23,1.3821379183327182e-19
KIRP,ENSG00000167748,KLK1,19.3233,5.410010813964097,-4.658766721628532,3.116060356451013e-7,2.076975258796305e-6
KIRP,ENSG00000181418,DDN,16.5354,5.408050582971027,-6.686006303054426,1.930149929175668e-14,1.3683407374159408e-12
KIRP,ENSG00000134873,CLDN10,28.3429,5.380638137905361,-2.2916817167758063,2.5030677664756836e-10,4.103443731321351e-9
KIRP,ENSG00000189143,CLDN4,37.118,5.345465460810219,1.020026385546825,5.787955340060355e-4,0.0015752796994098941
KIRP,ENSG00000204653,ASPDH,18.2062,5.316731337038148,-4.266307357221966,2.050925156732814e-9,2.54528457536683e-8
KIRP,ENSG00000137648,TMPRSS4,5.43833,5.315303885625431,-4.944776124596986,1.5384194023589005e-9,1.9738033369623253e-8
KIRP,ENSG00000127831,VIL1,5.46319,5.310873876386949,-3.6963024663389885,6.363450890337803e-8,5.124850627754195e-7
KIRP,ENSG00000134258,VTCN1,5.57615,5.289033863320636,-2.0377887310344445,5.459482783373327e-6,2.5563211080000974e-5
LIHC,ENSG00000171564,FGB,7351.9,14.84629479368758,-3.4112288136206192,4.995353500723781e-10,4.836348020959126e-9
LIHC,ENSG00000171560,FGA,5497.68,14.751364700748132,-2.8191615545048916,1.689879329882002e-8,1.1281449916054562e-7
LIHC,ENSG00000110245,APOC3,7599.74,14.64545227104738,-3.0198802984658415,1.9127266152094285e-6,7.839196746672852e-6
LIHC,ENSG00000171557,FGG,5968.07,14.38482896814055,-2.935853318223166,7.730493579629975e-9,5.600235394112032e-8
LIHC,ENSG00000158874,APOA2,5517.31,14.197053329352842,-2.310645427118826,4.3323311568012156e-4,0.0010387567597335086
LIHC,ENSG00000132703,APCS,1626,13.989128360866411,-3.325671273381095,4.179789807317591e-9,3.234195004247368e-8
LIHC,ENSG00000132693,CRP,5683.19,13.98072318183374,-3.8144098874110335,5.6626191623576436e-8,3.320825376899116e-7
LIHC,ENSG00000163631,ALB,25201.3,13.92958830139225,-3.170803882966528,4.926632069773261e-9,3.734951243253418e-8
LIHC,ENSG00000091583,APOH,2969.16,13.898968306734847,-3.221647442056579,2.1822250855784052e-6,8.818532809114568e-6
LIHC,ENSG00000229314,ORM1,8805.7,13.749499609589114,-2.8886512603343704,4.050685653527588e-9,3.152303360330285e-8
LIHC,ENSG00000228278,ORM2,3515.37,13.743154680476783,-2.5615294355900575,2.752330202263431e-8,1.7410663502895575e-7
LIHC,ENSG00000106927,AMBP,3209.13,13.350946866997493,-2.338372157854719,2.7315087682697347e-6,1.0761655686353087e-5
LIHC,ENSG00000172482,AGXT,1731.68,13.313254165989612,-3.0911290947095194,4.664674228106675e-8,2.7885124857836613e-7
LIHC,ENSG00000257017,HP,12259.2,13.264082303910785,-4.1027708191056815,6.779433612939e-10,6.4051826908513275e-9
LIHC,ENSG00000145192,AHSG,1346.28,13.028873776074223,-4.0436027098094,4.495581158661495e-8,2.696583098950531e-7
LIHC,ENSG00000145321,GC,968.142,12.93036397621608,-2.277478519394486,2.1270098067966638e-7,1.0905027571323448e-6
LIHC,ENSG00000118137,APOA1,5952.22,12.864934824675025,-3.7888790856274834,1.0950148507716554e-8,7.646433995614442e-8
LIHC,ENSG00000113905,HRG,596.191,12.302702251808233,-5.119903879926937,1.1835593315949627e-9,1.0585913351304667e-8
LIHC,ENSG00000104760,FGL1,1215.91,12.113668486683931,-2.7671475407363424,6.758401375533938e-9,4.9462371578600125e-8
LIHC,ENSG00000118271,TTR,2734.31,12.094099301910376,-3.868855413943031,3.908359723082434e-10,3.8887075188251264e-9
LIHC,ENSG00000136872,ALDOB,2547.15,11.894278015137393,-4.1669635133691525,3.864988668501068e-10,3.8499047195120086e-9
LIHC,ENSG00000148965,SAA4,1024.18,11.868639025238968,-2.3815230981559012,5.5550318364262015e-12,9.281751961224082e-11
LIHC,ENSG00000134339,SAA2,1946.79,11.779099341975453,-3.013532131789431,1.0101881315678366e-6,4.393781967162551e-6
LIHC,ENSG00000113889,KNG1,414.391,11.720085113289471,-1.9932987714223387,1.484215589198921e-5,4.9169527353992095e-5
LIHC,ENSG00000138109,CYP2C9,433.761,11.713584769483484,-3.831179436075239,1.2749571674501555e-14,4.536014277972664e-13
LIHC,ENSG00000151224,MAT1A,749.275,11.636235244099133,-3.0547902846450476,1.3213965815091461e-8,9.061960746478805e-8
LIHC,ENSG00000117601,SERPINC1,1054.38,11.601402078690787,-3.2098315246591893,6.389944587930372e-6,2.3188401841755982e-5
LIHC,ENSG00000113600,C9,404.884,11.575783638379876,-6.698881064480063,2.3545922281576977e-15,1.0089227184935575e-13
LIHC,ENSG00000180210,F2,599.629,11.571155533212753,-2.1022447905391966,2.9493310054318123e-6,1.154750296501993e-5
LIHC,ENSG00000198650,TAT,473.997,11.56419605956037,-3.96414282968724,9.469541671869605e-11,1.1321663162477638e-9
LIHC,ENSG00000080910,CFHR2,298.707,11.544998230469943,-1.5791583578380133,4.6595200160156404e-4,0.0011108542981190122
LIHC,ENSG00000055957,ITIH1,523.609,11.53778820664318,-2.493647226153263,1.522069334286356e-7,8.070980138978073e-7
LIHC,ENSG00000021852,C8B,295.259,11.528253858219262,-2.469806769212816,9.811645806780378e-9,6.931122916293993e-8
LIHC,ENSG00000129988,LBP,742.103,11.50191085684669,-1.2939673187764584,1.0234058462396961e-4,2.8108547033885357e-4
LIHC,ENSG00000134240,HMGCS2,748.497,11.474979322583849,-2.756232107497889,1.3350011114575238e-7,7.167897735938552e-7
LIHC,ENSG00000105398,SULT2A1,365.799,11.46696390584153,-3.062574868563849,9.654904815399987e-8,5.355355234771942e-7
LIHC,ENSG00000157131,C8A,274.073,11.420870789097842,-2.825739192644738,9.168320807195965e-10,8.396427339341036e-9
LIHC,ENSG00000079557,AFM,270.537,11.402143374780145,-3.441489089385034,7.718139813904854e-11,9.452305998795435e-10
LIHC,ENSG00000110243,APOA5,309.171,11.393870286473936,-2.36739723641217,5.558344962154997e-7,2.580754366688944e-6
LIHC,ENSG00000122194,PLG,323.038,11.369417259720326,-3.3132772500676713,9.809727026208603e-9,6.931122916293993e-8
LIHC,ENSG00000163586,FABP1,739.532,11.306776730462476,-4.557300612314953,3.255758018099416e-10,3.321967233878842e-9
LIHC,ENSG00000080618,CPB2,401.589,11.23718309640433,-1.8609139692381342,7.338383214780102e-6,2.6134735449037893e-5
LIHC,ENSG00000101981,F9,235.26,11.200653436367467,-3.8049472469467944,4.132860851703752e-10,4.098187638477183e-9
LIHC,ENSG00000146678,IGFBP1,380.045,11.125536699804108,-3.0467072066581924,6.720042921084255e-10,6.352478576662095e-9
LIHC,ENSG00000123838,C4BPA,398.358,10.969628061856755,-2.569833078169949,2.6312229311737732e-6,1.04131386608767e-5
LIHC,ENSG00000060566,CREB3L3,304.814,10.96457069700778,-1.601555192233536,1.3634212547753254e-4,3.650784813417706e-4
LIHC,ENSG00000140107,SLC25A47,313.331,10.95685288172283,-5.701021790575366,4.755929060522078e-16,2.5152152157613907e-14
LIHC,ENSG00000173432,SAA1,8842,10.879395449279897,-3.7581602006645087,2.4663677940599943e-8,1.5811868664430492e-7
LIHC,ENSG00000170099,SERPINA6,180.708,10.820242797066683,-1.5394399847082514,4.584493649223429e-6,1.709454110871772e-5
LIHC,ENSG00000197249,SERPINA1,5944.31,10.791740654042629,-1.768995076951213,3.062264286658151e-6,1.1939237625046868e-5
LIHC,ENSG00000156096,UGT2B4,169.87,10.731064415315801,-1.421001798666859,0.0011886678676854888,0.002588873338833681
LIHC,ENSG00000101323,HAO1,167.567,10.711383052149879,-2.13775505375256,1.66114024684787e-7,8.714429814488483e-7
LIHC,ENSG00000255974,CYP2A6,511.146,10.657427788994337,-5.490224034580489,3.93644411220958e-12,6.857044239379121e-11
LIHC,ENSG00000186910,SERPINA11,154.968,10.598685285643192,-3.6749074660299055,1.7860291841279097e-12,3.401207608978482e-11
LIHC,ENSG00000171759,PAH,252.492,10.589816108160377,-1.9797794990867428,6.879710039056706e-6,2.470607126790939e-5
LIHC,ENSG00000234906,APOC2,1789.45,10.557745230143015,0.3152804042018041,0.18480248526289064,0.23956986146225742
LIHC,ENSG00000131482,G6PC,168.928,10.538254645530735,-2.358094293736068,2.352073491324876e-6,9.424884244760499e-6
LIHC,ENSG00000198099,ADH4,542.596,10.52806654367456,-5.712215264130509,3.702388622479083e-13,8.590614760273931e-12
LIHC,ENSG00000084674,APOB,347.037,10.493013746945858,-2.0284075155887855,2.268264922716534e-5,7.205341550137243e-5
LIHC,ENSG00000243955,GSTA1,423.979,10.44282016006553,-2.8622613979426643,2.5169010980631166e-6,1.0001160929149267e-5
LIHC,ENSG00000136881,BAAT,210.565,10.378441001031534,-1.2358094614054331,2.1011277220183738e-5,6.721700329239887e-5
LIHC,ENSG00000244414,CFHR1,233.393,10.371735154623464,-1.6921368806416772,2.065836573155107e-4,5.307286344250123e-4
LIHC,ENSG00000198610,AKR1C4,154.889,10.365091074725944,-1.746124056330708,6.7488087394243255e-6,2.428054559959179e-5
LIHC,ENSG00000163581,SLC2A2,130.68,10.352926213059257,-3.0596873488164125,5.9472444933038615e-8,3.4692587867364787e-7
LIHC,ENSG00000175336,APOF,164.744,10.327455575860766,-4.703593205739427,1.7036510812199901e-16,9.869407628738568e-15
LIHC,ENSG00000183747,ACSM2A,165.649,10.318018990099757,-2.2100915269086525,1.8876944092880137e-6,7.747421636441672e-6
LIHC,ENSG00000171234,UGT2B7,127.374,10.315987305109832,-3.400197810318877,6.373061550109893e-12,1.0489344575606104e-10
LIHC,ENSG00000197408,CYP2B6,124.628,10.284569654614334,-3.8449628252588353,1.6130776560238358e-14,5.570178549065837e-13
LIHC,ENSG00000110169,HPX,2000.55,10.278157790221748,-3.4248560475420473,8.893197893030195e-9,6.358835082994509e-8
LIHC,ENSG00000100665,SERPINA4,123.504,10.271509716308802,-2.563045437615534,5.630650524671319e-8,3.305379546332886e-7
LIHC,ENSG00000142484,TM4SF5,123.196,10.267910280884825,-0.05744776274957737,0.8292898327810716,0.8623928695073784
LIHC,ENSG00000178772,CPN2,128.881,10.222563764517348,-1.9289587233016234,4.012713949932498e-6,1.5190865299282292e-5
LIHC,ENSG00000066813,ACSM2B,153.412,10.193580835199482,-1.8402419459308217,2.3496175369514873e-5,7.434264183121208e-5
LIHC,ENSG00000137204,SLC22A7,197.432,10.16479124226385,-2.663115757913976,1.5583031470148043e-7,8.231336749273461e-7
LIHC,ENSG00000109072,VTN,2575.54,10.158387753495237,-1.5084911953795161,6.278927714707475e-5,1.8032973904715156e-4
LIHC,ENSG00000109181,UGT2B10,110.925,10.116668855967113,-2.6415744028496015,1.9360598416143447e-8,1.270814382060016e-7
LIHC,ENSG00000105697,HAMP,597.343,9.942336353669145,-7.598385705861202,3.656336284367741e-19,4.154305697032276e-17
LIHC,ENSG00000187048,CYP4A11,234.467,9.906607948138701,-3.5352068732149524,1.2241469426170368e-12,2.4222979557784985e-11
LIHC,ENSG00000148702,HABP2,120.611,9.854877252603385,-2.4790370937986674,1.672565954373688e-8,1.1182824230248679e-7
LIHC,ENSG00000123843,C4BPB,264.999,9.845818464583743,-0.8808197846336417,0.009181478023556218,0.01646588691169537
LIHC,ENSG00000250799,PRODH2,91.8438,9.84460848316312,-2.124094010973622,1.3079755070231288e-7,7.037811382274465e-7
LIHC,ENSG00000151790,TDO2,174.632,9.829390201045332,-3.8378076308441615,1.2901979309829607e-12,2.5359013127835848e-11
LIHC,ENSG00000141485,SLC13A5,261.798,9.78394998441988,-2.556159175333492,6.80047353478228e-8,3.915107532561318e-7
LIHC,ENSG00000124253,PCK1,529.977,9.778810563960324,-4.269486414370769,1.1941918675563246e-13,3.2455112622738322e-12
LIHC,ENSG00000180432,CYP8B1,214.687,9.760673820140392,-4.481856693599439,1.8010773799134364e-10,1.977479659454833e-9
LIHC,ENSG00000118520,ARG1,400.933,9.685959745169024,-3.136703135403823,1.9077759431072242e-8,1.2541187806667162e-7
LIHC,ENSG00000187758,ADH1A,306.119,9.681491584877108,-3.5826648271320027,7.990257526259979e-11,9.7470064593109e-10
LIHC,ENSG00000149124,GLYAT,88.762,9.636043558538514,-3.4672618920386573,2.1410911070287182e-10,2.2963919297127134e-9
LIHC,ENSG00000116882,HAO2,118.924,9.629206181535768,-4.4790360892336,4.0331406410476855e-13,9.272537836748145e-12
LIHC,ENSG00000151655,ITIH2,262.708,9.577672221834282,-1.306905397049348,5.431835182569812e-4,0.001274957342399533
LIHC,ENSG00000145692,BHMT,307.294,9.547138626484836,-3.781766157276002,2.7013998060984503e-10,2.8150504133254324e-9
LIHC,ENSG00000158104,HPD,1002.3,9.520796200249304,-3.4805932358991005,2.0263798282305858e-8,1.325160607314105e-7
LIHC,ENSG00000196620,UGT2B15,72.9765,9.513263727495428,-1.7254077166363564,2.3433843251108826e-5,7.418540598512988e-5
LIHC,ENSG00000138207,RBP4,4153.46,9.508463506933442,-2.3258030887529264,1.3121367484692658e-5,4.401531481388998e-5
LIHC,ENSG00000132855,ANGPTL3,133.778,9.46213692593705,-2.039600630118541,3.091864399406614e-6,1.2043977867274913e-5
LIHC,ENSG00000161944,ASGR2,394.885,9.427048011534913,-1.437613161914208,1.3457297682494077e-5,4.506493049750964e-5
LIHC,ENSG00000116785,CFHR3,109.597,9.421078213987176,-2.9954569493887173,5.5315902323455326e-9,4.145397258801582e-8
LIHC,ENSG00000186115,CYP4F2,98.2635,9.402692380523836,-2.3605807460363497,1.5598681923705784e-8,1.0521420978318467e-7
LIHC,ENSG00000072080,SPP2,65.9137,9.366621651684977,-3.4701257871219227,3.2865926043214726e-11,4.479890275132001e-10
LIHC,ENSG00000140505,CYP1A2,71.5396,9.360929399042815,-7.295180215845983,2.29705997957164e-15,9.91507924025396e-14
LIHC,ENSG00000140093,SERPINA10,104.088,9.338750352570521,-1.7070686818234952,1.0731170793575186e-6,4.64340660554429e-6
LIHC,ENSG00000244067,GSTA2,63.484,9.312519967474946,-2.845432990242972,1.3723770306076831e-6,5.787579474624499e-6
LIHC,ENSG00000175003,SLC22A1,384.488,9.281574070261328,-5.4329973871090065,1.765525235940963e-15,7.812227369386004e-14
LIHC,ENSG00000099937,SERPIND1,195.671,9.281359313950913,-2.35536087118744,7.408048584989781e-5,2.0964670356782105e-4
LIHC,ENSG00000165471,MBL2,60.9467,9.25376949936394,-2.9649190336247986,1.9870353251922007e-10,2.152132786713398e-9
LIHC,ENSG00000114771,AADAC,109.421,9.241720848675886,-1.546135938875063,1.7446482871669625e-4,4.567415041667515e-4
LIHC,ENSG00000130649,CYP2E1,2550.87,9.239312038541888,-6.7749545384989815,1.3718377778333385e-13,3.649461496287451e-12
LIHC,ENSG00000106327,TFR2,425.576,9.155715726003963,-2.152765919258825,7.01182536676607e-6,2.5129274833967697e-5
LIHC,ENSG00000134538,SLCO1B1,56.7405,9.150775435142677,-2.408242270751538,3.288319745527556e-8,2.0460762751938768e-7
LIHC,ENSG00000115718,PROC,241.554,9.146606001944438,-1.4176684320972126,3.7988382738875895e-7,1.8384539939937987e-6
LIHC,ENSG00000162267,ITIH3,662.691,9.12164261750816,-1.5082420178145464,1.9455804219462505e-4,5.028414559861376e-4
LIHC,ENSG00000113492,AGXT2,54.107,9.08233535525058,-2.4555462917315345,8.78331352407123e-11,1.057299620453988e-9
LIHC,ENSG00000100652,SLC10A1,94.2899,9.047748348608012,-3.6417186445256884,2.3142779554340816e-10,2.4581875194903263e-9
LIHC,ENSG00000138115,CYP2C8,662.587,9.040541069483982,-4.470297366103289,8.769379338811599e-16,4.3575091929674756e-14
LIHC,ENSG00000122787,AKR1D1,51.6622,9.015755125915804,-3.832854677103987,4.482272524463823e-12,7.671263501295665e-11
LIHC,ENSG00000147647,DPYS,132.841,9.008486546558645,-2.5833595550381467,6.289696339796309e-7,2.882327406717481e-6
LIHC,ENSG00000123561,SERPINA7,51.3389,9.006715981322522,-2.6563914175237393,5.804719372798668e-7,2.6782004944814602e-6
LIHC,ENSG00000159650,UROC1,75.5752,8.989049642778047,-4.53526893097642,3.658961968452386e-11,4.930220292763196e-10
LIHC,ENSG00000131910,NR0B2,74.5643,8.987504511723564,-1.6408776292532103,4.342810768680519e-8,2.6192205632613913e-7
LIHC,ENSG00000166840,GLYATL1,73.9743,8.971394133490872,-2.857671721059713,1.3362300366887788e-12,2.608907669193579e-11
LIHC,ENSG00000153086,ACMSD,68.4379,8.96152802627781,-1.0476815642767698,1.8748141277198692e-4,4.8734098307416407e-4
LIHC,ENSG00000169903,TM4SF4,86.8302,8.887338945355305,-0.18655412636008037,0.48051720095550965,0.5462072178420887
LIHC,ENSG00000113924,HGD,186.225,8.88130006543335,-0.8229050020554061,0.004813700164174406,0.00916972131868853
LIHC,ENSG00000110244,APOA4,46.9917,8.879328994325526,-1.5129181390381377,0.0036495220646655985,0.007146067720794513
LIHC,ENSG00000166391,MOGAT2,57.922,8.853993074784453,-3.377864392158878,8.608097408153295e-11,1.0397613405691885e-9
LIHC,ENSG00000101076,HNF4A,55.4097,8.852171952294542,-0.3429241844901637,0.13059535052684337,0.1765633899990971
LIHC,ENSG00000090512,FETUB,48.2739,8.849199170346349,-2.6204509217039664,3.3442695023225024e-8,2.075261811324933e-7
LIHC,ENSG00000005421,PON1,137.432,8.77243426193262,-2.5104975080824414,4.602506238874929e-7,2.1824108070227886e-6
LIHC,ENSG00000091513,TF,1605.96,8.763089668935208,-2.4876343824120597,5.480280671187733e-6,2.018682763026295e-5
LIHC,ENSG00000135094,SDS,385.529,8.759373250967704,-3.7864765932793145,8.807956600487163e-10,8.117055138209284e-9
LIHC,ENSG00000108242,CYP2C18,60.8164,8.738824184960514,-1.7932405481841718,3.290266317272761e-8,2.0460762751938768e-7
LIHC,ENSG00000215644,GCGR,110.889,8.736294505628164,-3.082967424509437,5.145661817429675e-7,2.4087475579202475e-6
LIHC,ENSG00000165828,PRAP1,281.371,8.720009220771562,-0.09036056214813303,0.7756699880610283,0.8161264284707115
LIHC,ENSG00000111700,SLCO1B3,41.3091,8.693804036779861,-5.021794899057242,5.883809517838518e-10,5.613205277283539e-9
LIHC,ENSG00000120054,CPN1,40.6474,8.670564196927632,-1.444070739069015,2.2035967294312514e-6,8.89061672440178e-6
LIHC,ENSG00000161031,PGLYRP2,45.6275,8.668531005429383,-3.412871474192185,5.097741523293265e-11,6.581842079671385e-10
LIHC,ENSG00000088926,F11,59.9616,8.658367502754169,-1.522659262264715,4.193466191792145e-7,2.0020015607622786e-6
LIHC,ENSG00000139209,SLC38A4,144.737,8.62577749963826,-2.7246576978066215,3.948217415254756e-9,3.088940777434541e-8
LIHC,ENSG00000134389,CFHR5,39.2459,8.620069498751633,-1.3401203005745421,0.0077426138278681046,0.014108139898870688
LIHC,ENSG00000131187,F12,376.048,8.609712211031294,-2.2953942372143503,2.2937660455695546e-6,9.21010347207602e-6
LIHC,ENSG00000151365,THRSP,126.209,8.608128929030686,-3.3482176182486545,3.605914622705401e-8,2.220197399663486e-7
LIHC,ENSG00000143921,ABCG8,48.0676,8.587241673390388,-1.330400820174361,4.551765306526919e-5,1.349968656336234e-4
LIHC,ENSG00000171236,LRG1,609.378,8.568659298985136,-2.279623775492702,9.470859673362287e-10,8.62862440287549e-9
LIHC,ENSG00000176153,GPX2,215.445,8.534507845784395,-0.859509923051808,0.034409661442294445,0.05388480772365708
LIHC,ENSG00000162365,CYP4A22,75.0458,8.517495526382866,-3.1005677001193277,3.3179612644797254e-13,7.81184703592947e-12
LIHC,ENSG00000168509,HJV,66.0674,8.49804129150107,-0.2555728056226903,0.4984469695880285,0.563171205582522
LIHC,ENSG00000162460,TMEM82,35.9642,8.494423611124207,-2.6816686368979537,9.221074931420676e-10,8.435966265831144e-9
LIHC,ENSG00000112337,SLC17A2,34.5006,8.434653245252889,-1.6382874602259148,6.520107089758918e-7,2.9755274930744832e-6
LIHC,ENSG00000176919,C8G,372.925,8.394741011439304,-0.7391298666597358,0.0037672381484323324,0.0073561183093515696
LIHC,ENSG00000138308,PLA2G12B,32.8993,8.366291611299157,-0.45753399073266826,0.03704707359232601,0.057620419768122697
LIHC,ENSG00000156222,SLC28A1,51.7329,8.348507459192495,-1.820904393862805,8.848076236233501e-8,4.957794164693229e-7
LIHC,ENSG00000148584,A1CF,36.4873,8.347610634839139,-1.0964987743509143,1.0563016761422303e-4,2.892184206862689e-4
LIHC,ENSG00000138075,ABCG5,59.5805,8.307569953731523,-1.2505347708668069,5.732559793281529e-7,2.6476818914104647e-6
LIHC,ENSG00000130208,APOC1,2897.34,8.292589811616194,-1.7463632441985588,1.0565416676919539e-5,3.632712867966224e-5
LIHC,ENSG00000139547,RDH16,247.567,8.276421139313253,-4.101440364478939,4.444485892936495e-13,1.0165174163701898e-11
LIHC,ENSG00000145826,LECT2,30.8882,8.2755751458446,-2.2565081409867944,2.04596891723269e-6,8.323298360218272e-6
LIHC,ENSG00000244474,UGT1A4,30.1301,8.239841941127558,-2.224174976278471,1.3379815532950136e-6,5.661507240528228e-6
LIHC,ENSG00000261701,HPR,364.585,8.234993360362717,-2.1891784083088766,1.284198514659286e-5,4.3168581869945954e-5
LIHC,ENSG00000012504,NR1H4,39.0665,8.223031575154096,-0.7140210680047634,3.855753549584053e-6,1.4666020682877918e-5
LIHC,ENSG00000143278,F13B,29.7508,8.221625785940413,-1.0056266563533556,0.0020749579528780864,0.004285456140276297
LIHC,ENSG00000141505,ASGR1,408.772,8.108291031690582,-1.5415411387442781,6.013748274240861e-6,2.194532135467381e-5
LIHC,ENSG00000186529,CYP4F3,144.927,8.039625448832522,-1.5564163998135672,1.1051829667760243e-6,4.7669304991164745e-6
LIHC,ENSG00000172497,ACOT12,40.4541,8.028390228281898,-1.9682092449578386,4.317590902096028e-9,3.326207059353156e-8
LIHC,ENSG00000205358,MT1H,178.778,8.01979463419741,-7.861519591697544,1.6074909141191867e-20,2.7220694700531724e-18
LIHC,ENSG00000084110,HAL,86.9082,7.979268708958037,-2.5736319225595823,1.8399576076692454e-6,7.567373523741962e-6
LIHC,ENSG00000134365,CFHR4,24.5723,7.946748402531721,-1.2782950758082752,2.0877667650836412e-4,5.358155129683474e-4
LIHC,ENSG00000163825,RTP3,24.2343,7.926847464450574,-0.8557572693876435,0.016863560213566366,0.028405945377438287
LIHC,ENSG00000109511,ANXA10,27.9387,7.911572444705112,-2.3858246915269143,2.313309108941403e-11,3.282811177886144e-10
LIHC,ENSG00000021826,CPS1,347.112,7.893714511828713,-4.517889679784197,2.4904594801982486e-9,2.0495085002696893e-8
LIHC,ENSG00000099834,CDHR5,84.3209,7.884809138464368,-1.1206095611675868,0.005905178329003001,0.011049308919684642
LIHC,ENSG00000139540,SLC39A5,106.995,7.876712931734119,-3.178071620941535,9.110120126878773e-10,8.3561627892949e-9
LIHC,ENSG00000175189,INHBC,37.686,7.8568267358889985,-2.0679198024551084,3.041904322961759e-8,1.9064404637608377e-7
LIHC,ENSG00000125798,FOXA2,23.0216,7.853097424646046,-0.2835464360758207,0.06457169929100198,0.09467756191939355
LIHC,ENSG00000139269,INHBE,72.5712,7.851778572108228,-1.0544380909582884,0.003029593251103556,0.006034174026824783
LIHC,ENSG00000057593,F7,83.6402,7.850985886472739,-1.2941612876307163,2.250093071516334e-6,9.053321700359644e-6
LIHC,ENSG00000169562,GJB1,187.225,7.832018229787973,-0.5861030949462691,0.03174715575266907,0.05012993454319511
LIHC,ENSG00000241635,UGT1A1,22.5555,7.823717520818497,-1.648320557449961,8.054679126429637e-6,2.8471672311171144e-5
LIHC,ENSG00000143627,PKLR,34.3493,7.797620197313687,-0.7793073966116386,0.021729651030981793,0.03564132293067154
LIHC,ENSG00000105707,HPN,492.49,7.721983018201061,-1.025774122562736,1.6620897255870682e-4,4.3688152473602776e-4
LIHC,ENSG00000109758,HGFAC,204.627,7.700293036885867,-4.437230485124666,2.2817018435968373e-9,1.8954269418671652e-8
LIHC,ENSG00000110887,DAO,23.7389,7.696117816537223,-1.555395955414445,2.3662019853814784e-6,9.475030278434111e-6
LIHC,ENSG00000144852,NR1I2,42.5814,7.678482286557709,-1.953447937425816,1.0457104747334131e-7,5.762204997036965e-7
LIHC,ENSG00000146039,SLC17A4,19.896,7.643567621908798,0.012890659711648647,0.9549119799777638,0.9650490013130171
LIHC,ENSG00000156006,NAT2,45.1547,7.63899003745154,-4.20558663838737,3.987376950729173e-14,1.2428618668901144e-12
LIHC,ENSG00000187045,TMPRSS6,64.1135,7.6260645139772345,-1.1116974473445846,0.0012590854165701402,0.002727063494184816
LIHC,ENSG00000036473,OTC,51.2965,7.612565998552682,-1.7766578165591775,6.739445585701889e-6,2.4256770122582458e-5
LIHC,ENSG00000160282,FTCD,281.446,7.5923903474839,-2.9920088536055087,1.1892896990639515e-9,1.0631766949347844e-8
LIHC,ENSG00000172955,ADH6,79.8783,7.575297908553262,-2.565516993357249,2.132663300775306e-10,2.288746702617545e-9
LIHC,ENSG00000084734,GCKR,97.0148,7.558232765499364,-1.7944389847681756,1.7741091130193913e-8,1.1794577421436202e-7
LIHC,ENSG00000170608,FOXA3,30.3829,7.556807277439953,-1.1827550110331722,6.130187532337045e-6,2.233320906743643e-5
LIHC,ENSG00000130173,ANGPTL8,134.336,7.555509346811911,-0.06925195552677789,0.8437193856101236,0.8744416371560799
LIHC,ENSG00000160862,AZGP1,826.578,7.553970006929113,-2.6068065769407918,2.0110467818648834e-9,1.6925436506532933e-8
LIHC,ENSG00000105550,FGF21,18.6794,7.553007159536776,0.6890749877723628,0.12861876187922963,0.174238847342701
LIHC,ENSG00000126231,PROZ,65.0792,7.522531043832344,-1.9511450242263773,6.945215228463402e-10,6.54425818022841e-9
LIHC,ENSG00000256162,SMLR1,25.4866,7.518105376791124,-0.9322568280977108,4.3972385674461705e-5,1.3083251970146057e-4
LIHC,ENSG00000211452,DIO1,48.0334,7.512284207725571,-1.4895312764691326,1.906662607285073e-5,6.150986476808468e-5
LIHC,ENSG00000167711,SERPINF2,1119.21,7.5086522810853324,-2.7588119963132045,8.516649597725057e-9,6.116913379507992e-8
LIHC,ENSG00000158125,XDH,26.0548,7.449171914748978,-1.8176938736145658,8.07853189139865e-8,4.567288126466184e-7
LIHC,ENSG00000111713,GYS2,45.8603,7.427353331951806,-3.060131992813942,2.2248648538890042e-10,2.3775543047232555e-9
LIHC,ENSG00000143257,NR1I3,98.7381,7.422281198120897,-1.37926816301163,3.220193468117016e-5,9.873054868908212e-5
LUAD,ENSG00000168878,SFTPB,3425.73,13.28152253873021,-2.9553349794503077,2.0713547164376836e-9,7.766984741628923e-9
LUAD,ENSG00000122852,SFTPA1,1828.43,12.824294691738622,-5.453772841519677,3.5587553279268085e-16,4.201149677102918e-15
LUAD,ENSG00000168484,SFTPC,1746.94,12.28631333739946,-7.974159407793296,2.885364541805286e-20,7.517315928756621e-19
LUAD,ENSG00000185303,SFTPA2,1834.72,12.28518864139185,-5.2015905098842365,2.2210148476722092e-15,2.25864742773152e-14
LUAD,ENSG00000157765,SLC34A2,324.655,10.811197046674334,-1.5493114231485945,1.7001392652848876e-7,4.913578266553045e-7
LUAD,ENSG00000086548,CEACAM6,258.63,10.172403526193518,0.49711102168773486,0.11952771399452516,0.14969463304210967
LUAD,ENSG00000164265,SCGB3A2,114.601,10.163662253947402,-3.1444835125908512,4.970751193240081e-10,2.0380913211847324e-9
LUAD,ENSG00000149021,SCGB1A1,189.552,10.111793645741708,-5.051586675893882,3.1375179429977102e-15,3.1126664995684707e-14
LUAD,ENSG00000136352,NKX2-1,89.6663,9.444316310069755,-0.5948472181470651,0.009400463199031893,0.014261414511301699
LUAD,ENSG00000196260,SFTA2,208.454,9.407064622204334,-1.0331911082117928,2.0691084116008585e-4,3.9748821974847716e-4
LUAD,ENSG00000189377,CXCL17,106.152,9.076985807956559,-1.1529822616560568,2.4051386614401497e-4,4.5732694897704536e-4
LUAD,ENSG00000173467,AGR3,55.8613,8.936816503907894,-1.426270550099736,1.5778559848115658e-4,3.090323343225535e-4
LUAD,ENSG00000166961,MS4A15,44.754,8.809092837635916,-4.546764134100194,3.854314112687622e-16,4.51577903765545e-15
LUAD,ENSG00000121075,TBX4,54.0705,8.738362344958405,-2.1829977047434244,1.224713451473619e-21,4.421170367441482e-20
LUAD,ENSG00000275385,CCL18,104.061,8.704681024607751,-0.7989410783802572,0.004996115604422983,0.007904422892871358
LUAD,ENSG00000149435,GGTLC1,40.68,8.671717965129234,-3.015266618205042,3.2695159769226017e-12,1.9033427433641066e-11
LUAD,ENSG00000131400,NAPSA,536.106,8.610731152442154,-2.1331176779347825,2.514662250181373e-7,7.113182244766335e-7
LUAD,ENSG00000142748,FCN3,1136.08,8.530309151653817,-4.876947323433191,3.1947859190654205e-25,3.3607086716362373e-23
LUAD,ENSG00000196188,CTSE,39.6426,8.198078346136901,-0.14444248447619779,0.6657718749163407,0.7070009500468452
LUAD,ENSG00000066405,CLDN18,140.504,8.142819646276305,-6.080591830610771,6.00715101193168e-21,1.8222622744101588e-19
LUAD,ENSG00000123838,C4BPA,51.3235,8.015700110554539,-2.7145557332976322,7.163163623316383e-12,3.9391360161272724e-11
LUAD,ENSG00000136155,SCEL,61.9032,7.988578820920175,-1.8774672844726292,9.084742668383493e-10,3.575781030971463e-9
LUAD,ENSG00000184012,TMPRSS2,43.2252,7.923305838596034,-1.5152020333596115,1.102702999182692e-8,3.748259572904779e-8
LUAD,ENSG00000183607,GKN2,24.1441,7.921489888151704,-4.628379877843411,4.59795556713038e-14,3.667492809884754e-13
LUAD,ENSG00000110195,FOLR1,102.795,7.780004795695055,-2.2125204463886967,6.484442161857632e-9,2.2700768534425914e-8
LUAD,ENSG00000078081,LAMP3,60.0924,7.7737357602272805,-3.367285164314959,1.81496150790046e-23,1.1097355269868876e-21
LUAD,ENSG00000089225,TBX5,35.0219,7.721731620337579,-1.2548691200483755,6.652282038925208e-14,5.152753379794561e-13
LUAD,ENSG00000182795,C1orf116,54.9952,7.720953840350806,-1.6519438418229488,1.1222211155975225e-8,3.812044852045334e-8
LUAD,ENSG00000161055,SCGB3A1,222.525,7.670219978818842,-2.712671757356133,3.838682071419592e-8,1.2100475819138994e-7
LUAD,ENSG00000162896,PIGR,65.6787,7.53027231895563,-2.417943736119849,1.2338653654136991e-7,3.6347199246739594e-7
LUAD,ENSG00000052344,PRSS8,83.2325,7.332250297996345,0.17425224673086673,0.15094109904293487,0.18543975536067211
LUAD,ENSG00000198759,EGFL6,43.3646,7.307805693432315,-0.5680386351914423,1.0576990799924008e-4,2.1227756897252347e-4
LUAD,ENSG00000102854,MSLN,78.276,7.204985829566305,-1.2699232659437392,0.005373796182843146,0.008456824267152658
LUAD,ENSG00000183019,MCEMP1,60.4172,7.191703088130252,-4.463893509950894,1.8600128875886154e-24,1.5100834920563839e-22
LUAD,ENSG00000125798,FOXA2,14.2302,7.162914934545381,-1.3303639520084343,2.9965701812738127e-7,8.368668593605968e-7
LUAD,ENSG00000135480,KRT7,274.973,7.14091813148934,0.2166024676365473,0.2451310141249831,0.288773160477417
LUAD,ENSG00000108576,SLC6A4,35.7413,7.014957908919692,-7.561943651435239,9.943961769116392e-31,1.0809086443029517e-27
LUAD,ENSG00000133661,SFTPD,233.415,6.966317250136801,-4.0441882266777665,1.0041361052574577e-17,1.584429599634469e-16
LUAD,ENSG00000106541,AGR2,24.3727,6.918977863594579,1.4103370877164008,1.7696639049474435e-5,3.9378191702719984e-5
LUAD,ENSG00000115221,ITGB6,23.7384,6.82994890771641,-0.7248278524552415,1.0669191535595724e-4,2.1399631121011374e-4
LUAD,ENSG00000259803,SLC22A31,63.127,6.8062597229358754,-0.5823521385664242,0.052667288229580465,0.07057171356663275
LUAD,ENSG00000167183,PRR15L,39.1964,6.798198991897278,0.3284329186153195,0.09696684657979267,0.12363983839558315
LUAD,ENSG00000171885,AQP4,29.849,6.7519279786141,-4.218437183096532,7.927071124778823e-18,1.2753289217301402e-16
LUAD,ENSG00000047936,ROS1,11.0866,6.691588407743923,-1.5026915608122704,7.732373881805153e-7,2.0511337767272183e-6
LUAD,ENSG00000124237,C20orf85,10.1038,6.672962716501608,-3.3575930573333106,2.293479795194208e-10,9.862467180828545e-10
LUAD,ENSG00000103534,TMC5,19.9981,6.672420920166533,0.6451330726070231,3.807413929463009e-4,7.048525020708983e-4
LUAD,ENSG00000019169,MARCO,132.256,6.636192005522414,-3.4926074242143534,5.460306549689323e-21,1.6667138525931558e-19
LUAD,ENSG00000206384,COL6A6,17.4001,6.576610827797641,-2.9391960398698007,3.256631390559116e-20,8.395158074793106e-19
LUAD,ENSG00000204305,AGER,1044.49,6.563366914291843,-6.599078027809859,1.9797273888164966e-30,1.5494138435833429e-27
LUAD,ENSG00000170786,SDR16C5,28.5826,6.54814021523304,-0.9422194307782265,1.3847111419850402e-4,2.732001432295986e-4
LUAD,ENSG00000268104,SLC6A14,8.79776,6.475370279995865,-0.388320160421146,0.25282508754552513,0.2970322843110211
LUAD,ENSG00000163736,PPBP,18.2993,6.470906850862641,-2.230395665731013,4.896369302262384e-7,1.3320684339275e-6
LUAD,ENSG00000158764,ITLN2,11.5491,6.4544849786657394,-6.926606946685864,8.606469593217005e-28,2.1176539735990015e-25
LUAD,ENSG00000105523,FAM83E,16.3341,6.396167753123979,0.09409376173928467,0.5944312052045337,0.640594897611363
LUAD,ENSG00000132698,RAB25,45.5229,6.301822436277265,0.8094498416374105,1.3635475504676335e-10,6.093917627329766e-10
LUAD,ENSG00000096088,PGC,83.84,6.293242343926574,-3.6370251608899804,5.943021203510296e-10,2.4064808126631306e-9
LUAD,ENSG00000140254,DUOXA1,42.4007,6.174182711436779,-2.6814118133682654,8.009899084087496e-17,1.0532371335971502e-15
LUAD,ENSG00000124731,TREM1,29.3713,6.139852062485056,-1.3734970624551788,7.456247264326367e-9,2.5903574924327008e-8
LUAD,ENSG00000275410,HNF1B,9.66463,6.137146599271166,-0.3717918083096854,0.028132182957181208,0.039505798588976355
LUAD,ENSG00000163435,ELF3,33.4175,6.107216390938215,0.599137287773292,3.8853532834017766e-4,7.183296073234353e-4
LUAD,ENSG00000125872,LRRN4,13.735900000000001,6.0873289623929026,-1.5876005214556559,6.556398834619074e-7,1.7529721180398576e-6
LUAD,ENSG00000187908,DMBT1,10.8453,6.079610159925665,-2.358919145907452,1.908101355211802e-7,5.479000750818039e-7
LUAD,ENSG00000154342,WNT3A,7.42953,6.076188370986977,-5.1457291220998105,2.882571442423958e-27,5.697009378026986e-25
LUAD,ENSG00000137857,DUOX1,102.289,6.060270501608634,-3.4684180545921306,5.28397354461125e-22,2.1314498460734553e-20
LUAD,ENSG00000168907,PLA2G4F,11.8857,6.057439573913477,-3.5297418127072118,1.871293841426194e-21,6.412212837363382e-20
LUAD,ENSG00000104918,RETN,32.0016,6.04323298300422,-3.718478892489104,2.455507265002453e-19,5.279610455718461e-18
LUAD,ENSG00000148677,ANKRD1,39.0615,6.015017538509976,-4.975801256217237,1.941648041360406e-21,6.630067290969931e-20
LUAD,ENSG00000167757,KLK11,16.4667,5.985535640550562,-2.232901767745479,2.7512072151189184e-6,6.7813202785357465e-6
LUAD,ENSG00000140379,BCL2A1,79.2527,5.966975845822757,-1.0224244787369614,8.239525811721332e-8,2.479427432025028e-7
LUAD,ENSG00000173391,OLR1,62.8312,5.9352255792070405,-2.8061494995192047,3.522731620761365e-20,9.021697237148804e-19
LUAD,ENSG00000125999,BPIFB1,7.08314,5.921821254435761,-1.2608281612932446,0.04274094285943454,0.058179302072331726
LUAD,ENSG00000112175,BMP5,15.3709,5.91916710816627,-1.5246123179225597,1.929432176159618e-10,8.398382566903683e-10
LUAD,ENSG00000018280,SLC11A1,253.365,5.885995737363902,-2.003166297002756,6.820944323861849e-22,2.674520974763145e-20
LUAD,ENSG00000172478,MAB21L4,11.1931,5.866752833180953,-1.4794482759919134,2.843631771496528e-9,1.0472143655392633e-8
LUAD,ENSG00000197249,SERPINA1,194.881,5.86161248060212,-1.397801959657613,1.1539926891316187e-6,2.991787591831092e-6
LUAD,ENSG00000203697,CAPN8,17.7211,5.832130579216851,0.3086938344023448,0.26392909815947085,0.3085932705000513
LUAD,ENSG00000148346,LCN2,43.9464,5.8225252110026,1.8357413997415415,4.425064194506815e-6,1.0643000126579023e-5
LUAD,ENSG00000253313,C1orf210,12.6469,5.820971157419036,0.21332244149200147,0.0940488662496204,0.1202169018775771
LUAD,ENSG00000105989,WNT2,20.503,5.820192284455609,-0.5705336770853603,0.002580685263497154,0.0042406725342727224
LUAD,ENSG00000115602,IL1RL1,134.567,5.809659211178275,-3.1214301029275084,1.5868383756351058e-13,1.1537747921841873e-12
LUAD,ENSG00000099812,MISP,17.8679,5.794732054343213,0.22336057864322986,0.23930546763662236,0.28257397584659943
LUAD,ENSG00000132465,JCHAIN,134.952,5.7830945283632005,0.19497160587239493,0.4780236445846362,0.5279116458736237
LUAD,ENSG00000184292,TACSTD2,118.689,5.7722074720851335,0.21976176051842922,0.17138361583297623,0.2082014049042601
LUAD,ENSG00000172752,COL6A5,5.40954,5.737200723296324,-1.5282149750187148,2.0265595978926435e-12,1.2178029819523177e-11
LUAD,ENSG00000243566,UPK3B,41.2222,5.69718493256078,-5.735152114805452,9.227140534228702e-29,3.610764633854376e-26
LUAD,ENSG00000163221,S100A12,109.848,5.681550698944597,-1.842379282819276,1.2106125751916943e-11,6.431399849633638e-11
LUAD,ENSG00000182010,RTKN2,13.8708,5.66640121808702,-4.478837478498074,1.6723689345838842e-34,1.451175120779959e-30
LUAD,ENSG00000013588,GPRC5A,224.643,5.6598304903292505,-1.9615002193925688,5.750491548524527e-13,3.801152622919962e-12
LUAD,ENSG00000168685,IL7R,89.7068,5.645279396800495,-1.7892155429700012,1.0471157990393443e-12,6.630377904208353e-12
LUAD,ENSG00000189143,CLDN4,45.0649,5.624666944570337,1.122722312722656,3.593216682948186e-12,2.0763401541218016e-11
LUAD,ENSG00000104413,ESRP1,13.3556,5.5926952303818656,0.963590747473131,5.377463526456401e-17,7.291438070592234e-16
LUAD,ENSG00000163283,ALPP,4.60556,5.556294520529186,-3.074440296982283,8.483533934634745e-13,5.479987618523057e-12
LUAD,ENSG00000103569,AQP9,37.9685,5.549070801785209,-1.3380818161040797,5.323963425244323e-11,2.5295936954427007e-10
LUAD,ENSG00000129354,AP1M2,19.5592,5.533651445477532,0.6595572030158846,7.336289914271367e-11,3.411165600347756e-10
LUAD,ENSG00000189334,S100A14,71.5094,5.522326282211859,0.12811047117617713,0.5176715113863609,0.5662638112475842
LUAD,ENSG00000103067,ESRP2,24.0985,5.516866244966703,0.28598685182225164,0.0031054125550239132,0.00504948907600747
LUAD,ENSG00000166828,SCNN1G,13.8056,5.455103061610191,-1.9069552959067109,5.5599867086845235e-11,2.6334228986231275e-10
LUAD,ENSG00000186407,CD300E,25.5704,5.454524433719928,-0.8863879431867804,3.7382380552975954e-5,7.97452745202276e-5
LUAD,ENSG00000204175,GPRIN2,20.1179,5.390097065497437,-2.2726975927889432,4.274322666446891e-16,4.969185816500289e-15
LUAD,ENSG00000118526,TCF21,73.6159,5.350107836429824,-3.2212324393125042,4.892151701853931e-28,1.4076447088010884e-25
LUAD,ENSG00000163737,PF4,9.00893,5.349599877611346,-2.4601399925941414,2.4999895739068747e-11,1.2558355841607678e-10
LUAD,ENSG00000177494,ZBED2,7.05362,5.346289471472496,-2.4086587331460776,2.0815738822635758e-14,1.7646479454232725e-13
LUAD,ENSG00000129514,FOXA1,6.49704,5.335523064919646,1.0764418812565937,2.995325683541533e-10,1.269639131806188e-9
LUAD,ENSG00000128383,APOBEC3A,16.1656,5.324079691608372,-1.1160529975491897,1.744916354210711e-5,3.8854026842479544e-5
LUAD,ENSG00000174502,SLC26A9,13.3685,5.305621107288667,-0.9500742631172,0.007146274033351207,0.011041061097327047
LUAD,ENSG00000127249,ATP13A4,25.0121,5.305222160904726,-2.6408093412592493,6.210328306771059e-14,4.842025307663436e-13
LUAD,ENSG00000169442,CD52,138.142,5.295630460091438,-2.4637822812433536,4.618203827567118e-21,1.4365624179678573e-19
LUAD,ENSG00000119535,CSF3R,177.396,5.258038791732928,-2.010214878466219,2.3235431005206345e-15,2.3531285872042824e-14
LUAD,ENSG00000166959,MS4A8,4.77075,5.256900975475997,-2.739266949352656,1.118808631039952e-7,3.313244993934872e-7
LUAD,ENSG00000171557,FGG,10.5403,5.253222975579697,-1.1790762435970288,0.029378782701421805,0.04111180534515942
LUAD,ENSG00000164283,ESM1,9.18005,5.249155875027973,0.46366995832467023,0.09465978712822413,0.12094991773234226
LUAD,ENSG00000197415,VEPH1,9.5818,5.236423359714585,-3.193315982997644,2.704033005912251e-21,8.877031844577031e-20
LUAD,ENSG00000175793,SFN,71.57,5.2318223974478775,1.188797502078767,1.3311603172156535e-6,3.4184909786903107e-6
LUAD,ENSG00000114812,VIPR1,184.573,5.230701672843017,-3.6009548172387222,6.725823089687299e-24,4.6500867340219675e-22
LUAD,ENSG00000241644,INMT,319.11,5.228469030391686,-3.770048859840118,3.2437856418837983e-28,9.764293826015139e-26
LUAD,ENSG00000163898,LIPH,15.8035,5.2281362172931445,-0.27098568746492663,0.17742562514276217,0.21494085700843815
LUAD,ENSG00000169429,CXCL8,52.5226,5.209313825533358,0.6743175106200571,0.022702300773689964,0.03236380451278818
LUAD,ENSG00000160867,FGFR4,106.981,5.200741582350141,-3.0850997764924286,4.555557344450121e-20,1.1340208015459424e-18
LUAD,ENSG00000225950,NTF4,5.26536,5.1993965767953805,-0.8171721600269135,4.6647285726523775e-6,1.1185058731926033e-5
LUAD,ENSG00000131203,IDO1,16.2123,5.198283885346326,0.02208777091237875,0.924855256490136,0.9367768260333386
LUAD,ENSG00000165215,CLDN3,14.1036,5.189417640691412,1.4764415778480848,1.8247826571649883e-8,6.008700348382727e-8
LUAD,ENSG00000175315,CST6,30.5318,5.174947971778564,-0.8812059947241295,0.0017537296787480548,0.002958823393496977
LUAD,ENSG00000005001,PRSS22,11.6879,5.171841397849207,1.2909717635192892,2.360134261703603e-10,1.0131282791683348e-9
LUAD,ENSG00000143546,S100A8,497.947,5.149602436364554,-1.064957571145931,3.521789535166654e-5,7.539920565168043e-5
LUAD,ENSG00000089356,FXYD3,48.2505,5.14930856367012,-0.5838771462139707,0.02446329736329859,0.0346922429666087
LUAD,ENSG00000134917,ADAMTS8,84.0977,5.142276271533347,-3.9665522238780553,1.4845463673791028e-22,6.899438057990387e-21
LUAD,ENSG00000171345,KRT19,351.292,5.122686064734665,0.706874008791812,5.315127333441048e-5,1.1088152404958687e-4
LUAD,ENSG00000162069,BICDL2,12.0158,5.115758898185163,0.34808428022109034,0.03398755965870414,0.04701644459008804
LUAD,ENSG00000186074,CD300LF,20.9866,5.114742872749329,-1.8679988577523026,1.081207298627626e-17,1.689688658542183e-16
LUAD,ENSG00000156076,WIF1,27.9527,5.091091121576121,-4.484264744129314,5.672165752214149e-16,6.422546013184146e-15
LUAD,ENSG00000083307,GRHL2,6.04665,5.091069806454515,0.7296998253253376,8.553765553256561e-13,5.52170824199993e-12
LUAD,ENSG00000090382,LYZ,296.485,5.088632317169345,-1.3961206921322988,2.0651525345385157e-7,5.897077421304816e-7
LUAD,ENSG00000149043,SYT8,7.34952,5.076955597853573,-0.5107809430743264,0.13621783937417842,0.1686539419853936
LUAD,ENSG00000163421,PROK2,13.5988,5.071675760568171,-1.660119305270625,1.9710312229316005e-8,6.470670622127466e-8
LUAD,ENSG00000116690,PRG4,24.4819,5.068107930254263,-3.214106291531047,3.289801859245347e-13,2.273693506817183e-12
LUAD,ENSG00000163464,CXCR1,14.0125,5.059481620809367,-2.2525334212718704,1.267449881883231e-13,9.351027295975602e-13
LUAD,ENSG00000085265,FCN1,22.91,5.0477254719800895,-1.531067516611058,1.088003020211671e-12,6.864839436782185e-12
LUAD,ENSG00000169550,MUC15,4.16276,5.042886541086181,-0.9385895682208542,0.0010876702079408444,0.0018874816220461697
LUAD,ENSG00000166292,TMEM100,192.914,5.041128109370477,-4.569111373715907,4.7143506378563095e-24,3.4037263682766255e-22
LUAD,ENSG00000111319,SCNN1A,77.1478,5.027771137394016,-0.1872314328106827,0.2836777533857033,0.3298139475158756
LUAD,ENSG00000108342,CSF3,23.6043,4.987092566881589,-4.350190888639398,1.3147461319087573e-15,1.3912559663021496e-14
LUAD,ENSG00000170561,IRX2,23.8292,4.965795400701191,-2.1577045744769037,1.934307425026647e-11,9.923088379148236e-11
LUAD,ENSG00000165140,FBP1,138.909,4.949050170589329,-1.867407122199192,2.811241003135921e-16,3.380746248761981e-15
LUAD,ENSG00000181885,CLDN7,66.6399,4.926467019875046,0.4660106785657897,2.348567207385501e-4,4.4726558282757165e-4
LUAD,ENSG00000162747,FCGR3B,19.8246,4.916208724514842,-1.8855959991639482,1.6857899067200598e-13,1.2184767386363018e-12
LUAD,ENSG00000130545,CRB3,18.0258,4.9148515692293895,-0.08083125408883561,0.45937831886461344,0.5093039543803846
LUAD,ENSG00000124780,KCNK17,12.669,4.892878211224938,-1.7317006321736306,2.0798110960588043e-12,1.2463578531542593e-11
LUAD,ENSG00000039068,CDH1,31.9114,4.892876209944484,1.0818986415437635,3.278701939523167e-13,2.2676239713223855e-12
LUAD,ENSG00000169174,PCSK9,6.73579,4.891703440411026,-2.8081595658350724,3.555421029761941e-15,3.4817501435596666e-14
LUAD,ENSG00000140678,ITGAX,114.076,4.884917848460586,-1.0205135366422786,1.5774537715180333e-8,5.2571044955751726e-8
LUAD,ENSG00000159339,PADI4,9.84431,4.881303047506865,-2.31715124404825,3.56001879131991e-15,3.4845086378672015e-14
LUAD,ENSG00000168631,MUCL3,4.02545,4.875794973214925,-1.9459186612532955,4.8172945637415214e-5,1.0102377860039292e-4
LUAD,ENSG00000163735,CXCL5,8.03798,4.872567810343092,-0.29807704370073423,0.4080610526883397,0.45767397861278614
LUAD,ENSG00000186431,FCAR,8.79916,4.863105570957999,-0.8772575835016142,1.0180176925271732e-4,2.0483889522816403e-4
LUAD,ENSG00000171049,FPR2,7.55589,4.86199342249388,-2.541725454112881,2.1383340144005714e-19,4.669491442607319e-18
LUAD,ENSG00000178084,HTR3C,2.80729,4.861603081289115,-5.307333657745076,5.350338227637252e-28,1.4954959680278641e-25
LUAD,ENSG00000160883,HK3,68.7424,4.852385997332994,-1.8688651609857725,5.1816750628511956e-17,7.065132702421358e-16
LUAD,ENSG00000188959,C9orf152,5.34639,4.848308684156029,-0.0630553049446466,0.7887214507717564,0.819236334760806
LUAD,ENSG00000064886,CHI3L2,28.3159,4.835184731672492,-1.9763538999253394,1.8093956428971524e-12,1.0977561286488585e-11
LUAD,ENSG00000163734,CXCL3,19.0871,4.827169175868937,-1.7101325037857615,5.877772205442942e-9,2.0673106412312888e-8
LUAD,ENSG00000136542,GALNT5,5.55985,4.818686426134462,-1.3366507401057144,2.9503422754565155e-8,9.447855476527361e-8
LUAD,ENSG00000115363,EVA1A,12.1986,4.814895291620372,-0.6433287533366235,6.072106738037992e-4,0.0010922758153576477
LUAD,ENSG00000124107,SLPI,879.622,4.811983702586593,-2.6221588359841816,4.47171800212825e-11,2.1502490643804704e-10
LUAD,ENSG00000093134,VNN3,5.42836,4.7968861738666595,-1.3204780251921773,1.5497436733266214e-5,3.472547493393115e-5
LUAD,ENSG00000127533,F2RL3,49.2166,4.792671387315297,-1.5646943913394413,5.673533148380486e-13,3.752817768127538e-12
LUAD,ENSG00000123405,NFE2,14.31,4.788299386384952,-0.5287346617558346,0.012788566932237419,0.018993555533335156
LUAD,ENSG00000163993,S100P,25.9989,4.77317632551168,3.6849091491441004,2.0136889649235062e-11,1.0295228191192402e-10
LUAD,ENSG00000169583,CLIC3,64.1662,4.762063322893923,-2.5101607209059553,6.0323802029054296e-18,9.918449668071229e-17
LUAD,ENSG00000094963,FMO2,161.564,4.747972136068725,-3.228478542677392,7.58326507552897e-29,3.0280441728122413e-26
LUAD,ENSG00000103241,FOXF1,68.1509,4.747893710289527,-2.5316024347383914,2.1211746836620795e-25,2.344796828278658e-23
LUAD,ENSG00000135373,EHF,7.98492,4.740982573470794,0.4212770954956156,0.008723795998466375,0.013301885326215172
LUAD,ENSG00000187848,P2RX2,6.3492,4.734524840725414,-2.5478480486110713,1.1527951006823625e-14,1.0271215364276459e-13
LUAD,ENSG00000115607,IL18RAP,24.6743,4.7342881729121515,-1.19039589971703,1.0507328149864396e-9,4.104339839893128e-9
LUAD,ENSG00000164120,HPGD,51.4776,4.724780663270606,-1.6018265544325154,9.717268008122308e-8,2.8982936866908703e-7
LUAD,ENSG00000145506,NKD2,90.3738,4.710172584992651,-1.2365684049749905,6.934772494678204e-11,3.236006645143662e-10
LUAD,ENSG00000187116,LILRA5,32.246,4.708669909975884,-1.8525802410352528,2.219859980936308e-19,4.825975598555534e-18
LUAD,ENSG00000105388,CEACAM5,4.3877,4.708392870000486,3.5262266850401294,4.16649428850734e-11,2.0123828005167765e-10
LUAD,ENSG00000101282,RSPO4,21.5706,4.706347510391867,-2.4725427430210067,5.8753200387085756e-12,3.2769815244404784e-11
LUAD,ENSG00000172236,TPSAB1,92.6011,4.696712560889774,-1.8437358265182904,5.9017082987018226e-15,5.5333515644021797e-14
LUAD,ENSG00000147206,NXF3,12.3344,4.690203425553913,-3.2357926863552864,3.735397564590641e-18,6.405502957824758e-17
LUAD,ENSG00000203985,LDLRAD1,2.45617,4.675911881876977,-2.1446158421020733,2.528193164799305e-6,6.263977138465646e-6
LUAD,ENSG00000163220,S100A9,1650.01,4.672937008853819,0.10939433913496853,0.671723147619264,0.7123542063045268
LUAD,ENSG00000162366,PDZK1IP1,23.8347,4.667852487480323,0.4124772272120113,0.06863475092321972,0.09015222452763944
LUAD,ENSG00000204385,SLC44A4,17.1916,4.641076369457593,0.1608511187774743,0.5128286418522257,0.5616571624114551
LUAD,ENSG00000155511,GRIA1,13.7471,4.640646879297172,-4.56855042747119,1.2259539494451218e-25,1.4363482020864222e-23
LUAD,ENSG00000115884,SDC1,78.8277,4.6387280884653,0.6427534482953087,7.430899364879746e-7,1.975448056701591e-6
LUAD,ENSG00000100985,MMP9,21.7655,4.635907690430131,2.60843672481319,4.3980285780591514e-14,3.520942191420023e-13
LUAD,ENSG00000145287,PLAC8,13.3864,4.630865355250509,-1.5558795632323217,3.5006822054555e-8,1.1098208537912964e-7
LUAD,ENSG00000197253,TPSB2,70.1839,4.622733620223144,-1.9058513745189514,2.9818992786098e-15,2.973692216375094e-14
LUAD,ENSG00000126262,FFAR2,8.09228,4.6225415933726905,-0.3605009687686676,0.13520701357118697,0.16749781103797926
LUAD,ENSG00000170476,MZB1,13.5239,4.603049931197826,2.117131208685279,2.5825091941896233e-12,1.526567217326712e-11
LUAD,ENSG00000134020,PEBP4,80.2179,4.597137933159848,-4.177795287527927,2.0026844373430374e-18,3.594910431289346e-17
LUAD,ENSG00000171476,HOPX,243.955,4.592256600936534,-1.5745365807911895,3.832382272608796e-8,1.20825638971743e-7
LUAD,ENSG00000182885,ADGRG3,28.3001,4.573532418198274,-0.3431927730242577,0.0854064071333689,0.11011213507982974
LUAD,ENSG00000147257,GPC3,201.35,4.570553178022147,-2.5620000215180236,1.7099654809927062e-18,3.0978874630651194e-17
LUAD,ENSG00000112303,VNN2,30.1378,4.563343969668773,-1.006947091083652,8.124749145318639e-8,2.4479341203773405e-7
LUAD,ENSG00000179178,TMEM125,89.0282,4.560576920555456,-1.340924495554077,1.301196557335943e-12,8.087424345881532e-12
LUAD,ENSG00000157551,KCNJ15,8.29947,4.559950034095867,-2.0412686891511207,1.4059089188806243e-15,1.4773369445122606e-14
LUAD,ENSG00000125850,OVOL2,4.25064,4.559077945995901,0.6159754262290852,2.947050144668927e-5,6.365159855457802e-5
LUAD,ENSG00000038945,MSR1,32.8215,4.558992803238397,-2.3067401858236503,3.474751290355759e-18,5.995324845423349e-17
LUSC,ENSG00000168878,SFTPB,3425.73,13.28152253873021,-6.361050099359504,8.238391022823141e-16,6.52018378764418e-15
LUSC,ENSG00000122852,SFTPA1,1828.43,12.824294691738622,-7.5669979390942235,7.362730035856846e-19,1.0021588608824631e-17
LUSC,ENSG00000168484,SFTPC,1746.94,12.28631333739946,-9.33502804938934,8.790390577086475e-22,2.2072188304722542e-20
LUSC,ENSG00000185303,SFTPA2,1834.72,12.28518864139185,-7.391864855677207,1.555507500643862e-18,1.978536326199526e-17
LUSC,ENSG00000157765,SLC34A2,324.655,10.811197046674334,-5.570397851976802,1.2898498478945992e-19,2.0424189464657554e-18
LUSC,ENSG00000086548,CEACAM6,258.63,10.172403526193518,-3.4738090873908414,1.3321806643472051e-14,8.552489637394512e-14
LUSC,ENSG00000164265,SCGB3A2,114.601,10.163662253947402,-4.325495482760794,3.426676912471287e-14,2.0508142127669066e-13
LUSC,ENSG00000149021,SCGB1A1,189.552,10.111793645741708,-6.150776079868367,3.916609939317385e-15,2.7368398498446505e-14
LUSC,ENSG00000136352,NKX2-1,89.6663,9.444316310069755,-4.671122536130206,3.810615873793729e-16,3.1914275195901603e-15
LUSC,ENSG00000196260,SFTA2,208.454,9.407064622204334,-6.083552366790248,2.1719949056072203e-17,2.252343165838514e-16
LUSC,ENSG00000189377,CXCL17,106.152,9.076985807956559,-2.8933799268467157,4.836747453547078e-14,2.8262059824720353e-13
LUSC,ENSG00000173467,AGR3,55.8613,8.936816503907894,-4.299069881780546,2.5287151895131343e-15,1.8324328716535305e-14
LUSC,ENSG00000166961,MS4A15,44.754,8.809092837635916,-6.239144355895716,4.191231220677772e-25,2.557710625540017e-23
LUSC,ENSG00000121075,TBX4,54.0705,8.738362344958405,-3.4917037493152545,1.1395774975858184e-22,3.711742299108231e-21
LUSC,ENSG00000275385,CCL18,104.061,8.704681024607751,-1.7018194213022961,2.0335155345159956e-7,4.959933197188728e-7
LUSC,ENSG00000149435,GGTLC1,40.68,8.671717965129234,-7.287895248176259,2.3258396882584858e-23,8.91161679495866e-22
LUSC,ENSG00000131400,NAPSA,536.106,8.610731152442154,-5.76158017438911,1.8351784738666397e-17,1.9269817469672668e-16
LUSC,ENSG00000142748,FCN3,1136.08,8.530309151653817,-5.336756051125719,3.258016840261091e-26,2.734429805590244e-24
LUSC,ENSG00000196188,CTSE,39.6426,8.198078346136901,-2.996851353996751,4.052478918752833e-8,1.0706567494820053e-7
LUSC,ENSG00000066405,CLDN18,140.504,8.142819646276305,-7.779668832148342,1.5528707646648217e-25,1.0575585380044906e-23
LUSC,ENSG00000123838,C4BPA,51.3235,8.015700110554539,-5.441997854093564,1.2507815173701376e-15,9.528364118416087e-15
LUSC,ENSG00000136155,SCEL,61.9032,7.988578820920175,-3.2265048841596884,2.2823662813172514e-12,1.038416910190938e-11
LUSC,ENSG00000184012,TMPRSS2,43.2252,7.923305838596034,-3.1846220204192863,1.1143772999297707e-16,1.0202211058143392e-15
LUSC,ENSG00000183607,GKN2,24.1441,7.921489888151704,-7.36859857611216,7.235213960432411e-22,1.853596972764082e-20
LUSC,ENSG00000110195,FOLR1,102.795,7.780004795695055,-5.297570574975791,1.67672776151827e-19,2.5835882473640904e-18
LUSC,ENSG00000078081,LAMP3,60.0924,7.7737357602272805,-3.3158270990615533,1.1163134566763948e-21,2.7279988578509197e-20
LUSC,ENSG00000089225,TBX5,35.0219,7.721731620337579,-2.0929249667764465,1.2598343348157111e-18,1.630131085400317e-17
LUSC,ENSG00000182795,C1orf116,54.9952,7.720953840350806,-3.1885081396900925,6.642079706839888e-21,1.3676573953909417e-19
LUSC,ENSG00000161055,SCGB3A1,222.525,7.670219978818842,-5.200082474153341,2.3523390543965636e-17,2.4226278896869094e-16
LUSC,ENSG00000162896,PIGR,65.6787,7.53027231895563,-5.1622656017925515,1.9307645876880132e-19,2.94150495564671e-18
LUSC,ENSG00000052344,PRSS8,83.2325,7.332250297996345,-0.6338955357320544,6.908401077963834e-5,1.2688959538279023e-4
LUSC,ENSG00000198759,EGFL6,43.3646,7.307805693432315,-0.05145899841719733,0.7866413252965668,0.810249516028253
LUSC,ENSG00000102854,MSLN,78.276,7.204985829566305,-3.611858725493467,3.6465754696914235e-11,1.4019085485585945e-10
LUSC,ENSG00000183019,MCEMP1,60.4172,7.191703088130252,-5.975361391351137,1.3355134138534656e-24,7.146312540878458e-23
LUSC,ENSG00000125798,FOXA2,14.2302,7.162914934545381,-4.113284188283403,9.096833873722232e-18,1.0072819363232186e-16
LUSC,ENSG00000135480,KRT7,274.973,7.14091813148934,-2.9915580372512713,1.1276021610428774e-10,4.079459941491509e-10
LUSC,ENSG00000108576,SLC6A4,35.7413,7.014957908919692,-6.465337735753385,1.4809993222670553e-24,7.809395698119363e-23
LUSC,ENSG00000133661,SFTPD,233.415,6.966317250136801,-5.61208342778549,3.656674691149728e-18,4.3363131913333975e-17
LUSC,ENSG00000106541,AGR2,24.3727,6.918977863594579,-1.427884014563912,1.784388703531327e-5,3.500301994060323e-5
LUSC,ENSG00000115221,ITGB6,23.7384,6.82994890771641,-1.4929960553292174,1.3099815470048933e-9,4.14980301963857e-9
LUSC,ENSG00000259803,SLC22A31,63.127,6.8062597229358754,-4.062484308905582,4.7279766997847015e-15,3.2649489447813934e-14
LUSC,ENSG00000167183,PRR15L,39.1964,6.798198991897278,-2.6665644948423606,2.6076215094198617e-14,1.5859624101944706e-13
LUSC,ENSG00000171885,AQP4,29.849,6.7519279786141,-5.991589009798989,2.9367385838339477e-19,4.299234887721867e-18
LUSC,ENSG00000047936,ROS1,11.0866,6.691588407743923,-3.478484537172661,1.5380786329932396e-13,8.322474997346918e-13
LUSC,ENSG00000124237,C20orf85,10.1038,6.672962716501608,-5.247607551468387,1.6660555309160738e-12,7.762182373826227e-12
LUSC,ENSG00000103534,TMC5,19.9981,6.672420920166533,-2.692875510218267,1.8054374811863896e-13,9.65611257478442e-13
LUSC,ENSG00000019169,MARCO,132.256,6.636192005522414,-4.540845194064475,1.447390717620977e-20,2.7728891834493585e-19
LUSC,ENSG00000206384,COL6A6,17.4001,6.576610827797641,-3.6994113094488816,1.2838258881577362e-16,1.1655293531227256e-15
LUSC,ENSG00000204305,AGER,1044.49,6.563366914291843,-7.396916337168589,4.17932240269458e-29,8.9896811087663125e-27
LUSC,ENSG00000170786,SDR16C5,28.5826,6.54814021523304,-2.346902894699322,3.109890416396107e-13,1.6055696125524102e-12
LUSC,ENSG00000268104,SLC6A14,8.79776,6.475370279995865,-2.364902398986619,1.2039438592236004e-8,3.395518673456149e-8
LUSC,ENSG00000163736,PPBP,18.2993,6.470906850862641,-4.8960376732024695,9.589434237707472e-20,1.5558660105615747e-18
LUSC,ENSG00000158764,ITLN2,11.5491,6.4544849786657394,-5.561915817925727,1.7357912836726075e-21,4.063584659244332e-20
LUSC,ENSG00000105523,FAM83E,16.3341,6.396167753123979,-1.071992085200069,9.472367783993009e-6,1.9167957349780933e-5
LUSC,ENSG00000132698,RAB25,45.5229,6.301822436277265,0.6353830846382877,1.0196233863315657e-5,2.055616004830481e-5
LUSC,ENSG00000096088,PGC,83.84,6.293242343926574,-6.691382346994381,1.4303421783537408e-17,1.5337701789109092e-16
LUSC,ENSG00000140254,DUOXA1,42.4007,6.174182711436779,-1.3743334399159841,1.1923391321035668e-7,2.981190890200252e-7
LUSC,ENSG00000124731,TREM1,29.3713,6.139852062485056,-3.136325920895368,1.911043425295716e-16,1.6822292712540288e-15
LUSC,ENSG00000275410,HNF1B,9.66463,6.137146599271166,-4.756442970250983,1.548899708346064e-17,1.6486680418854862e-16
LUSC,ENSG00000163435,ELF3,33.4175,6.107216390938215,-0.39173203805234286,0.0990475952187741,0.12168800577548308
LUSC,ENSG00000125872,LRRN4,13.735900000000001,6.0873289623929026,-5.069335786571145,1.4038885169873343e-21,3.3775723180010896e-20
LUSC,ENSG00000187908,DMBT1,10.8453,6.079610159925665,-4.587654593946758,1.9306214691725547e-12,8.897486512043647e-12
LUSC,ENSG00000154342,WNT3A,7.42953,6.076188370986977,-1.9587309044107406,5.638984161922249e-7,1.305765624789606e-6
LUSC,ENSG00000137857,DUOX1,102.289,6.060270501608634,-2.2284517815518488,1.392045410079445e-14,8.913111268486869e-14
LUSC,ENSG00000168907,PLA2G4F,11.8857,6.057439573913477,-3.079295063227535,5.4158983869745905e-17,5.262092685913371e-16
LUSC,ENSG00000104918,RETN,32.0016,6.04323298300422,-5.308716702109443,7.382496868872524e-22,1.8846620972532972e-20
LUSC,ENSG00000148677,ANKRD1,39.0615,6.015017538509976,-6.1026982074167195,8.329518072679869e-23,2.8055624826196923e-21
LUSC,ENSG00000167757,KLK11,16.4667,5.985535640550562,-1.1581190399775423,0.010539926490774926,0.014898815994019472
LUSC,ENSG00000140379,BCL2A1,79.2527,5.966975845822757,-1.450508106574475,1.048454813251739e-6,2.3579655260478284e-6
LUSC,ENSG00000173391,OLR1,62.8312,5.9352255792070405,-3.381562002481548,6.629189177612989e-18,7.536323123162855e-17
LUSC,ENSG00000125999,BPIFB1,7.08314,5.921821254435761,-3.6444482994728458,6.346616728766578e-7,1.4610601720086247e-6
LUSC,ENSG00000112175,BMP5,15.3709,5.91916710816627,-3.731070572656503,7.361534943140596e-18,8.308018007258673e-17
LUSC,ENSG00000018280,SLC11A1,253.365,5.885995737363902,-2.5699284740436306,8.308809183802198e-18,9.29021510643864e-17
LUSC,ENSG00000172478,MAB21L4,11.1931,5.866752833180953,-2.1511966567826026,1.8106980344051433e-11,7.268554101524712e-11
LUSC,ENSG00000197249,SERPINA1,194.881,5.86161248060212,-3.4059558025904804,5.0319358204267704e-17,4.910997560591716e-16
LUSC,ENSG00000203697,CAPN8,17.7211,5.832130579216851,-3.9050366929817053,7.117953652991881e-15,4.789022703971775e-14
LUSC,ENSG00000148346,LCN2,43.9464,5.8225252110026,0.27565801635169956,0.49491760648427296,0.5362368460860221
LUSC,ENSG00000253313,C1orf210,12.6469,5.820971157419036,-1.0253395845310351,9.535483250148539e-10,3.0735663740278484e-9
LUSC,ENSG00000105989,WNT2,20.503,5.820192284455609,-1.4943194392258226,7.721254073482848e-9,2.2330171025880573e-8
LUSC,ENSG00000115602,IL1RL1,134.567,5.809659211178275,-4.601000489232366,6.858240119413766e-21,1.4055851974591187e-19
LUSC,ENSG00000099812,MISP,17.8679,5.794732054343213,-1.427257674888307,8.337353907426859e-8,2.1189636597899918e-7
LUSC,ENSG00000132465,JCHAIN,134.952,5.7830945283632005,-1.9342417040455844,5.833416234549919e-8,1.5124832043871225e-7
LUSC,ENSG00000184292,TACSTD2,118.689,5.7722074720851335,0.4715430570932463,0.07018953894377457,0.08818852197984516
LUSC,ENSG00000172752,COL6A5,5.40954,5.737200723296324,-2.731613254768433,3.544202340788275e-14,2.1141624342016827e-13
LUSC,ENSG00000243566,UPK3B,41.2222,5.69718493256078,-4.666102464395135,1.3958642634309545e-19,2.191123636057622e-18
LUSC,ENSG00000163221,S100A12,109.848,5.681550698944597,-0.8651714022517514,0.04043193167281436,0.052632495391688655
LUSC,ENSG00000182010,RTKN2,13.8708,5.66640121808702,-4.09468132213796,1.6394133831251936e-26,1.4778529356180428e-24
LUSC,ENSG00000013588,GPRC5A,224.643,5.6598304903292505,-3.6367136327421052,4.234436507830804e-18,4.977983394622522e-17
LUSC,ENSG00000168685,IL7R,89.7068,5.645279396800495,-2.3344801038941783,2.0432383686076467e-14,1.269718351201405e-13
LUSC,ENSG00000189143,CLDN4,45.0649,5.624666944570337,-0.0031428599126862374,0.9875744641451076,0.9891781579263066
LUSC,ENSG00000104413,ESRP1,13.3556,5.5926952303818656,1.6348547906350657,3.1230713955553396e-23,1.1607521291140862e-21
LUSC,ENSG00000163283,ALPP,4.60556,5.556294520529186,-4.395566081834587,6.985876653840117e-12,2.975263091642355e-11
LUSC,ENSG00000103569,AQP9,37.9685,5.549070801785209,-2.19942197346949,3.0600980503042845e-14,1.8425895272411469e-13
LUSC,ENSG00000129354,AP1M2,19.5592,5.533651445477532,0.21827859842496766,0.09606560389064166,0.11827186016798086
LUSC,ENSG00000189334,S100A14,71.5094,5.522326282211859,0.5993378823472191,0.04564564191011251,0.058897165201472604
LUSC,ENSG00000103067,ESRP2,24.0985,5.516866244966703,0.10179658497893708,0.41024677705911117,0.45237072369307757
LUSC,ENSG00000166828,SCNN1G,13.8056,5.455103061610191,-2.0379239591896208,2.767291747592637e-9,8.4318952617742e-9
LUSC,ENSG00000186407,CD300E,25.5704,5.454524433719928,-2.1486503407417743,6.3201248649607066e-15,4.289431824157181e-14
LUSC,ENSG00000204175,GPRIN2,20.1179,5.390097065497437,-2.7081332769365227,6.1292658573990225e-15,4.1624976790245006e-14
LUSC,ENSG00000118526,TCF21,73.6159,5.350107836429824,-4.762121451462156,1.3712453159002155e-26,1.2676725314013693e-24
LUSC,ENSG00000163737,PF4,9.00893,5.349599877611346,-3.9997114673949157,4.79808461896786e-16,3.951417298979407e-15
LUSC,ENSG00000177494,ZBED2,7.05362,5.346289471472496,-1.558632335640079,2.0978849572516526e-7,5.113491607347936e-7
LUSC,ENSG00000129514,FOXA1,6.49704,5.335523064919646,-0.17482573706793197,0.5689666984679418,0.6079481371343712
LUSC,ENSG00000128383,APOBEC3A,16.1656,5.324079691608372,-0.42129879749062515,0.16278420016091433,0.19333516009708415
LUSC,ENSG00000174502,SLC26A9,13.3685,5.305621107288667,-3.717001604276877,8.83921083024661e-17,8.241710527343675e-16
LUSC,ENSG00000127249,ATP13A4,25.0121,5.305222160904726,-4.051044402866947,6.907880635045067e-19,9.444537872646575e-18
LUSC,ENSG00000169442,CD52,138.142,5.295630460091438,-3.4666499525187744,1.9542855634266142e-22,5.946338076392604e-21
LUSC,ENSG00000119535,CSF3R,177.396,5.258038791732928,-2.8883323015130045,7.401709589888904e-19,1.006271219276198e-17
LUSC,ENSG00000166959,MS4A8,4.77075,5.256900975475997,-4.699210146912629,2.5279239649024526e-11,9.950923742979848e-11
LUSC,ENSG00000171557,FGG,10.5403,5.253222975579697,-4.45218684344444,1.124079447427298e-11,4.644000782869728e-11
LUSC,ENSG00000164283,ESM1,9.18005,5.249155875027973,-0.30556784219917693,0.25207458056066956,0.2894461026786758
LUSC,ENSG00000197415,VEPH1,9.5818,5.236423359714585,-4.793436471956703,4.4695497816241273e-26,3.6504123686385025e-24
LUSC,ENSG00000175793,SFN,71.57,5.2318223974478775,2.698649813587405,4.980963318238037e-13,2.498532165521158e-12
LUSC,ENSG00000114812,VIPR1,184.573,5.230701672843017,-3.585381650469725,4.509284766870171e-20,7.848912110511886e-19
LUSC,ENSG00000241644,INMT,319.11,5.228469030391686,-5.429302311211815,1.5864329155391042e-27,1.9391653977082905e-25
LUSC,ENSG00000163898,LIPH,15.8035,5.2281362172931445,-2.1483237088279608,1.055663895651177e-11,4.380954753203786e-11
LUSC,ENSG00000169429,CXCL8,52.5226,5.209313825533358,0.19929653413553977,0.5995827301478449,0.6371831342005543
LUSC,ENSG00000160867,FGFR4,106.981,5.200741582350141,-3.703409737656768,9.57636161531113e-24,4.0713592190339395e-22
LUSC,ENSG00000225950,NTF4,5.26536,5.1993965767953805,0.9126305576657782,5.327422168664259e-4,8.838354075160826e-4
LUSC,ENSG00000131203,IDO1,16.2123,5.198283885346326,-1.0396615264373008,8.839890063146391e-4,0.0014303017175977906
LUSC,ENSG00000165215,CLDN3,14.1036,5.189417640691412,-1.4053348937988916,1.3150139974600058e-4,2.342078955141714e-4
LUSC,ENSG00000175315,CST6,30.5318,5.174947971778564,-2.5766427490101025,1.8847206805156365e-14,1.1776116417659535e-13
LUSC,ENSG00000005001,PRSS22,11.6879,5.171841397849207,1.4744841836751732,3.6034840802769455e-7,8.545539967690935e-7
LUSC,ENSG00000143546,S100A8,497.947,5.149602436364554,0.6994234747503942,0.11054413211738318,0.13493489550793064
LUSC,ENSG00000089356,FXYD3,48.2505,5.14930856367012,2.1385318164927116,3.8272835550369195e-12,1.6869088097621645e-11
LUSC,ENSG00000134917,ADAMTS8,84.0977,5.142276271533347,-5.626329610203127,5.893296361765324e-25,3.432489636979937e-23
LUSC,ENSG00000171345,KRT19,351.292,5.122686064734665,1.5891535929167417,2.5640940914391286e-9,7.846871973026492e-9
LUSC,ENSG00000162069,BICDL2,12.0158,5.115758898185163,-0.31884895875758174,0.09335031509312978,0.11512463643268873
LUSC,ENSG00000186074,CD300LF,20.9866,5.114742872749329,-2.8520362463021915,6.176276639380003e-19,8.557373086130775e-18
LUSC,ENSG00000156076,WIF1,27.9527,5.091091121576121,-5.505502482890103,9.414413363385704e-15,6.175366253609735e-14
LUSC,ENSG00000083307,GRHL2,6.04665,5.091069806454515,1.659669387985419,5.445125545588192e-20,9.29264355678739e-19
LUSC,ENSG00000090382,LYZ,296.485,5.088632317169345,-2.7756400963731003,6.569856302412659e-16,5.292181244713201e-15
LUSC,ENSG00000149043,SYT8,7.34952,5.076955597853573,-0.30826430619347256,0.3842935991751354,0.42587117129564456
LUSC,ENSG00000163421,PROK2,13.5988,5.071675760568171,-2.5077497017918877,8.601777776378886e-10,2.785416935338073e-9
LUSC,ENSG00000116690,PRG4,24.4819,5.068107930254263,-5.098788564170514,3.538679891783406e-16,2.989028796617204e-15
LUSC,ENSG00000163464,CXCR1,14.0125,5.059481620809367,-3.3008441449274337,2.5102743455073198e-14,1.5331939880839617e-13
LUSC,ENSG00000085265,FCN1,22.91,5.0477254719800895,-3.377109149131866,2.964229706639798e-22,8.64401213110733e-21
LUSC,ENSG00000169550,MUC15,4.16276,5.042886541086181,-1.683189077519869,6.561054308182291e-7,1.507550553625175e-6
LUSC,ENSG00000166292,TMEM100,192.914,5.041128109370477,-5.83368526393272,1.594940465803355e-26,1.4437534008157451e-24
LUSC,ENSG00000111319,SCNN1A,77.1478,5.027771137394016,-1.343287832637664,2.2457211242817286e-6,4.872008330838881e-6
LUSC,ENSG00000108342,CSF3,23.6043,4.987092566881589,-4.560131871869476,2.257719081765714e-14,1.3909041959226228e-13
LUSC,ENSG00000170561,IRX2,23.8292,4.965795400701191,-1.6002026807770837,7.670020771432138e-9,2.2190864463891758e-8
LUSC,ENSG00000165140,FBP1,138.909,4.949050170589329,-3.708620552321202,2.0955015385869455e-22,6.296648814080414e-21
LUSC,ENSG00000181885,CLDN7,66.6399,4.926467019875046,-0.42145563598272306,0.02358827159152997,0.03180383543263133
LUSC,ENSG00000162747,FCGR3B,19.8246,4.916208724514842,-2.7162577601300195,8.256360623881604e-12,3.481549583731131e-11
LUSC,ENSG00000130545,CRB3,18.0258,4.9148515692293895,-0.4385965284405748,3.309347419140234e-4,5.62739297752204e-4
LUSC,ENSG00000124780,KCNK17,12.669,4.892878211224938,-2.643109688099006,9.895957728879614e-17,9.13295164230712e-16
LUSC,ENSG00000039068,CDH1,31.9114,4.892876209944484,1.1528915048301995,1.165017077133093e-14,7.546212284053801e-14
LUSC,ENSG00000169174,PCSK9,6.73579,4.891703440411026,-0.3703709183385253,0.24095383459608907,0.2776304458552127
LUSC,ENSG00000140678,ITGAX,114.076,4.884917848460586,-1.6727600967708178,3.6834294514006875e-13,1.88019937375339e-12
LUSC,ENSG00000159339,PADI4,9.84431,4.881303047506865,-3.4525813893797204,2.447922313180827e-18,3.018224304986008e-17
LUSC,ENSG00000168631,MUCL3,4.02545,4.875794973214925,-5.827729547341703,6.087326872627524e-21,1.262252558946078e-19
LUSC,ENSG00000163735,CXCL5,8.03798,4.872567810343092,-2.6843874354820123,4.678642528559903e-9,1.3897116343035808e-8
LUSC,ENSG00000186431,FCAR,8.79916,4.863105570957999,-1.829672669937916,4.4465959366895166e-8,1.1685290519484668e-7
LUSC,ENSG00000171049,FPR2,7.55589,4.86199342249388,-3.6067467610235218,1.152893273749771e-19,1.8389578834224502e-18
LUSC,ENSG00000178084,HTR3C,2.80729,4.861603081289115,-4.945219429791656,8.84426109050041e-19,1.1816824858002548e-17
LUSC,ENSG00000160883,HK3,68.7424,4.852385997332994,-2.493365055503991,9.958384005826656e-17,9.186662103039663e-16
LUSC,ENSG00000188959,C9orf152,5.34639,4.848308684156029,-3.2572183608445733,6.385058721708307e-13,3.146901105469895e-12
LUSC,ENSG00000064886,CHI3L2,28.3159,4.835184731672492,-3.4607287695788918,6.8422242660257375e-16,5.495279932695347e-15
LUSC,ENSG00000163734,CXCL3,19.0871,4.827169175868937,-2.6906435917935583,1.6516314207153273e-12,7.699934037562337e-12
LUSC,ENSG00000136542,GALNT5,5.55985,4.818686426134462,-2.1170788015344617,2.0801366584314693e-13,1.100072271285873e-12
LUSC,ENSG00000115363,EVA1A,12.1986,4.814895291620372,-1.6998201221061922,6.325023730164126e-11,2.3529304886612265e-10
LUSC,ENSG00000124107,SLPI,879.622,4.811983702586593,-2.599049228858642,1.545097296607389e-11,6.26722157744502e-11
LUSC,ENSG00000093134,VNN3,5.42836,4.7968861738666595,-2.234883329422225,9.233738599560377e-8,2.3342212133517477e-7
LUSC,ENSG00000127533,F2RL3,49.2166,4.792671387315297,-2.321123299609606,2.301386966861133e-18,2.8521181891077074e-17
LUSC,ENSG00000123405,NFE2,14.31,4.788299386384952,-2.8832543445716903,1.7039428229892321e-15,1.2782513062652302e-14
LUSC,ENSG00000163993,S100P,25.9989,4.77317632551168,1.0013543922157038,0.022829247984336328,0.030816789639599024
LUSC,ENSG00000169583,CLIC3,64.1662,4.762063322893923,-2.889270950292187,1.8063672129892312e-16,1.5946090086221474e-15
LUSC,ENSG00000094963,FMO2,161.564,4.747972136068725,-3.801664318998765,3.1256156296052495e-23,1.1607521291140862e-21
LUSC,ENSG00000103241,FOXF1,68.1509,4.747893710289527,-3.065141567397121,1.080294599353416e-23,4.513346186721723e-22
LUSC,ENSG00000135373,EHF,7.98492,4.740982573470794,0.5414075012377428,0.015522904277490285,0.021441702405167625
LUSC,ENSG00000187848,P2RX2,6.3492,4.734524840725414,-3.0062911458691146,4.058528301620083e-11,1.5517692247922618e-10
LUSC,ENSG00000115607,IL18RAP,24.6743,4.7342881729121515,-2.0953513757785327,6.889938812262353e-14,3.941124820863602e-13
LUSC,ENSG00000164120,HPGD,51.4776,4.724780663270606,-3.1101361845724913,1.0615329285921387e-15,8.215818622609267e-15
LUSC,ENSG00000145506,NKD2,90.3738,4.710172584992651,-0.9485976265827222,3.9096647517357175e-7,9.23434080576848e-7
LUSC,ENSG00000187116,LILRA5,32.246,4.708669909975884,-2.8332485328816817,1.2538646460656129e-21,3.034084844049455e-20
LUSC,ENSG00000105388,CEACAM5,4.3877,4.708392870000486,0.7934093918734554,0.14144849358856712,0.16977726647578015
LUSC,ENSG00000101282,RSPO4,21.5706,4.706347510391867,-3.0964369986349234,1.0066388616131689e-12,4.822321779172237e-12
LUSC,ENSG00000172236,TPSAB1,92.6011,4.696712560889774,-2.492418239582307,9.698326373612083e-15,6.346269291166341e-14
LUSC,ENSG00000147206,NXF3,12.3344,4.690203425553913,-4.091409364320116,8.014295260015796e-24,3.489189669816496e-22
LUSC,ENSG00000203985,LDLRAD1,2.45617,4.675911881876977,-4.387050572374035,1.6926026801933024e-12,7.865624219721818e-12
LUSC,ENSG00000163220,S100A9,1650.01,4.672937008853819,0.5911396802821272,0.1428867277451129,0.1713615324461815
LUSC,ENSG00000162366,PDZK1IP1,23.8347,4.667852487480323,-0.8630170659887004,0.00971123987024421,0.013801955134178692
LUSC,ENSG00000204385,SLC44A4,17.1916,4.641076369457593,-3.082692668331973,3.616344017372602e-15,2.54255902192297e-14
LUSC,ENSG00000155511,GRIA1,13.7471,4.640646879297172,-5.266312332312707,3.763655367432834e-21,8.103608806489428e-20
LUSC,ENSG00000115884,SDC1,78.8277,4.6387280884653,1.4695474470599827,5.102171426240546e-10,1.6933191908810857e-9
LUSC,ENSG00000100985,MMP9,21.7655,4.635907690430131,2.607405130414324,4.910850194593075e-13,2.4656394841121922e-12
LUSC,ENSG00000145287,PLAC8,13.3864,4.630865355250509,-1.9761370007756194,2.5554341717654494e-9,7.821471876810987e-9
LUSC,ENSG00000197253,TPSB2,70.1839,4.622733620223144,-2.5027405852383415,1.0943856372914783e-14,7.112033493914856e-14
LUSC,ENSG00000126262,FFAR2,8.09228,4.6225415933726905,-1.4398896376001589,2.4924617592736633e-5,4.805105308387642e-5
LUSC,ENSG00000170476,MZB1,13.5239,4.603049931197826,0.5412693292159235,0.13355024767967424,0.16097309869290516
LUSC,ENSG00000134020,PEBP4,80.2179,4.597137933159848,-6.167894340206347,9.071650999330876e-20,1.4829316626069472e-18
LUSC,ENSG00000171476,HOPX,243.955,4.592256600936534,-3.315151190921692,1.7106533401554899e-19,2.6264271247263617e-18
LUSC,ENSG00000182885,ADGRG3,28.3001,4.573532418198274,-1.0439295964574133,4.3211543811930045e-4,7.244719781711531e-4
LUSC,ENSG00000147257,GPC3,201.35,4.570553178022147,-1.6406334218328609,4.2161351911602e-6,8.883283583353248e-6
LUSC,ENSG00000112303,VNN2,30.1378,4.563343969668773,-2.148405972799958,2.4084126325473343e-14,1.473880688509601e-13
LUSC,ENSG00000179178,TMEM125,89.0282,4.560576920555456,-3.7576451858286686,1.2803802066645911e-23,5.189600744363477e-22
LUSC,ENSG00000157551,KCNJ15,8.29947,4.559950034095867,-2.011486843911901,6.925487150231159e-12,2.9524373692851634e-11
LUSC,ENSG00000125850,OVOL2,4.25064,4.559077945995901,0.6426244949672045,7.599595105543027e-5,1.390091804899573e-4
LUSC,ENSG00000038945,MSR1,32.8215,4.558992803238397,-3.1307260732828115,1.8929632510929855e-20,3.5544188962830693e-19
PRAD,ENSG00000142515,KLK3,4285.71,14.275864960886677,2.2733676402596723,1.6950304746020365e-5,5.791491928912617e-5
PRAD,ENSG00000263639,MSMB,4353.44,14.181839992926514,0.692611640128731,0.2816257306539078,0.3530986423443457
PRAD,ENSG00000167751,KLK2,1878.28,13.559681039811494,2.53062804557335,8.738225698460682e-6,3.173458980327589e-5
PRAD,ENSG00000014257,ACP3,1281.35,11.351165842469175,1.9042027735718348,0.004202774792175089,0.00851701289497301
PRAD,ENSG00000167749,KLK4,394.476,11.047155554230626,1.7540136820826335,1.9841599749247592e-05,6.681595120688136e-5
PRAD,ENSG00000159184,HOXB13,118.762,10.215071846053975,1.7484497009131734,7.530706694631874e-5,2.2268891046200336e-4
PRAD,ENSG00000184012,TMPRSS2,178.073,9.963306254380672,1.1615318101189418,2.8425526192826307e-5,9.221948153309544e-5
PRAD,ENSG00000159182,PRAC1,96.5832,9.917121413682212,1.3892826426101859,1.7116247010183866e-5,5.842490227826406e-5
PRAD,ENSG00000140506,LMAN1L,107.988,8.92920293452345,0.09909986708005902,0.7678794152327221,0.8154159163273291
PRAD,ENSG00000124664,SPDEF,211.829,8.87761084108467,2.0574207252271957,4.510840948516478e-6,1.7472129189157007e-5
PRAD,ENSG00000171346,KRT15,166.737,8.840289073266474,-1.5081973516875615,6.156811106130675e-4,0.0014894436077955778
PRAD,ENSG00000129514,FOXA1,71.4145,8.77386809408418,1.8965018575458845,4.928042835972251e-7,2.37239234584459e-6
PRAD,ENSG00000101951,PAGE4,38.9817,8.610349413688668,-1.3648954507911346,4.0750868611729196e-7,2.000228923471772e-6
PRAD,ENSG00000106541,AGR2,62.165,8.266226017818074,0.5386518826137031,0.05034643840299238,0.07824345167976325
PRAD,ENSG00000184709,LRRC26,56.0346,8.14502542316907,0.9395042388280982,7.571518512032496e-5,2.2367540910071533e-4
PRAD,ENSG00000106031,HOXA13,26.0182,7.986324824645191,-0.3231537706693781,0.003687657250918849,0.0075724364129344055
PRAD,ENSG00000005073,HOXA11,29.9067,7.792217351523078,0.06042881510916515,0.5961765431858725,0.6625480062388798
PRAD,ENSG00000204385,SLC44A4,148.572,7.745066060299654,1.138539622491263,2.428248938216613e-9,2.1041152552060078e-8
PRAD,ENSG00000131746,TNS4,54.6469,7.722464780653148,-1.6396564493816685,3.4942840356934383e-9,2.901042688345564e-8
PRAD,ENSG00000277893,SRD5A2,25.7462,7.696167987930954,-1.574849609461461,1.2576035374262923e-12,3.214844663252881e-11
PRAD,ENSG00000128714,HOXD13,19.2648,7.597292791037799,-1.8347813413335998,2.8639350549845366e-12,6.262213039582733e-11
PRAD,ENSG00000083307,GRHL2,34.7329,7.593648152234939,0.6732342718895448,4.3824204851515425e-10,4.691176854533335e-9
PRAD,ENSG00000167034,NKX3-1,250.549,7.59159578933565,1.9697474286542695,4.141056559878696e-6,1.6170975932490437e-5
PRAD,ENSG00000165215,CLDN3,73.2516,7.55798943903034,1.0733909515035467,4.6128296263061715e-9,3.7251878915285005e-8
PRAD,ENSG00000163810,TGM4,27.9571,7.55270834369201,-1.1110946921648124,0.17229396946838557,0.231469418863192
PRAD,ENSG00000225950,NTF4,26.1616,7.490604512589966,-1.6334695282082727,5.758283759056693e-11,8.168665485423058e-10
PRAD,ENSG00000122585,NPY,107.653,7.447790621831844,1.9577456601836525,0.0010548596425864166,0.0024347276474294536
PRAD,ENSG00000167757,KLK11,44.4154,7.411553906133108,-0.43629744684589633,0.19359298982551526,0.2563146301558536
PRAD,ENSG00000229637,PRAC2,16.2134,7.349913686229322,1.0144646206537549,3.0175193363698213e-4,7.804040700751353e-4
PRAD,ENSG00000128710,HOXD10,32.8269,7.348546915738573,-0.9678369787735234,1.9194379193958954e-5,6.47922072293429e-5
PRAD,ENSG00000128422,KRT17,205.156,7.328793226198806,-1.4605760214198407,1.498309461883748e-6,6.45560318280976e-6
PRAD,ENSG00000135373,EHF,48.0712,7.3158480335708935,0.009233362852796327,0.9424925580664463,0.9548985594334732
PRAD,ENSG00000016082,ISL1,20.8151,7.2510558003215,-0.8192560615866221,4.4894055770417255e-8,2.8051108947480754e-7
PRAD,ENSG00000160862,AZGP1,647.475,7.201691804058301,0.4527412618852954,0.14722568597833546,0.20166978984557654
PRAD,ENSG00000162078,ZG16B,48.0557,7.175561934041221,0.3402079785453326,0.07955812571149586,0.11756363541319707
PRAD,ENSG00000089356,FXYD3,179.095,7.03923623271168,0.460667606535018,0.008958446755373108,0.016816494699897724
PRAD,ENSG00000206072,SERPINB11,13.0344,7.037206487178466,-2.6673672448740273,1.5126415095044003e-6,6.513347549019665e-6
PRAD,ENSG00000142273,CBLC,24.4415,7.012673267350076,1.1021615534236258,2.828882249324264e-11,4.4130143062398486e-10
PRAD,ENSG00000109182,CWH43,16.0209,7.011673138734921,-0.3241827580028081,0.04466059428991102,0.07027505375272579
PRAD,ENSG00000144481,TRPM8,14.0981,6.953139020278596,2.0008009041158954,8.275161628355585e-6,3.0199022455129543e-5
PRAD,ENSG00000162069,BICDL2,42.8381,6.941127583564883,0.21873017688158927,0.05043938617571084,0.07837630863789188
PRAD,ENSG00000146205,ANO7,93.6592,6.935642516674411,1.0285128355440916,0.004016213684591412,0.008180757866839795
PRAD,ENSG00000163017,ACTG2,1148.82,6.828150345582531,-1.5844583121101967,1.6371439822862614e-9,1.4840943269966009e-8
PRAD,ENSG00000100373,UPK3A,25.4071,6.825243702934017,-0.23776126057085303,0.3793072444529717,0.45454138167609326
PRAD,ENSG00000167653,PSCA,63.0901,6.792344798426316,-0.9939613205004625,0.017659285085534854,0.030758832684212853
PRAD,ENSG00000052344,PRSS8,56.5663,6.775862041378744,1.0231884187519955,5.836231836755143e-10,6.044196135324584e-9
PRAD,ENSG00000100285,NEFH,158.946,6.7494392800234335,-0.6645165610652087,0.2843667467128625,0.356038756400964
PRAD,ENSG00000120903,CHRNA2,13.2,6.678009842357764,1.4501618059192958,9.599280169001262e-5,2.774930171842393e-4
PRAD,ENSG00000113430,IRX4,12.0269,6.658377510077603,1.0552553843242816,1.172639683315642e-4,3.321741394649715e-4
PRAD,ENSG00000188959,C9orf152,18.8278,6.645443220485265,1.1403778997827057,5.28709494082435e-11,7.614648799968614e-10
PRAD,ENSG00000168539,CHRM1,25.6421,6.62612394500178,0.29176143436869745,0.3828418736221001,0.4580978469575303
PRAD,ENSG00000196353,CPNE4,26.0536,6.623755039227538,0.9599181429058399,3.2992169109972448e-6,1.3192472873603256e-5
PRAD,ENSG00000108244,KRT23,21.8818,6.554409557991879,-1.7645976232972416,7.365705303436842e-10,7.415071160829319e-9
PRAD,ENSG00000005001,PRSS22,30.2588,6.536649437108838,-0.374037919162105,0.01876069778599355,0.032451312362288647
PRAD,ENSG00000182795,C1orf116,24.0239,6.529490366418953,1.4131160264613656,3.578639243847211e-7,1.783267979571862e-6
PRAD,ENSG00000167183,PRR15L,31.3031,6.474708824500113,0.6370455460896561,2.687221214021673e-7,1.382967900324208e-6
PRAD,ENSG00000160182,TFF1,11.8208,6.465137859764455,-0.6579191296989066,0.08831913249126018,0.1289859557296949
PRAD,ENSG00000163435,ELF3,40.876,6.397081003532155,0.04290799579179621,0.8249036789824384,0.8619675651809219
PRAD,ENSG00000132698,RAB25,48.6242,6.396702780569168,0.2862549375954726,0.003538813412251531,0.007288158995554388
PRAD,ENSG00000196104,SPOCK3,19.9929,6.390465135282848,-1.2858128700533604,7.218786527281164e-9,5.5307175667509575e-8
PRAD,ENSG00000129354,AP1M2,35.4956,6.39014575034227,0.5388190627391828,2.9899561435419724e-7,1.5205215015548759e-6
PRAD,ENSG00000137699,TRIM29,51.353,6.380715472994021,-1.7710765402841215,6.1093437717783245e-9,4.779435617139908e-8
PRAD,ENSG00000253293,HOXA10,18.9784,6.368853141978323,0.3656228303038443,0.003137528102655824,0.006536672419304663
PRAD,ENSG00000081277,PKP1,41.3541,6.304968811057295,-0.5042600230426066,0.04567677119392052,0.07169151427381625
PRAD,ENSG00000186081,KRT5,184.776,6.294873938819153,-2.051510719351103,1.7086127058452246e-9,1.5422284702717226e-8
PRAD,ENSG00000168907,PLA2G4F,13.8992,6.281469789946286,0.5802841794450988,8.61490653880015e-4,0.0020230781303062985
PRAD,ENSG00000113924,HGD,30.3183,6.266490237712925,0.3833531553311994,0.1045884077608184,0.14976940249952822
PRAD,ENSG00000134240,HMGCS2,20.0774,6.261602246053413,0.31944449438890793,0.40533051741320436,0.47989689894093207
PRAD,ENSG00000137673,MMP7,23.7008,6.250405415634031,0.08962012424788218,0.7852173617625055,0.8301391283272598
PRAD,ENSG00000111249,CUX2,12.1891,6.228258085286351,0.6233189150408267,6.916735269509584e-5,2.0609144582465835e-4
PRAD,ENSG00000139865,TTC6,8.04421,6.193673191124821,1.1339464072115881,8.04910186444777e-6,2.9476433858076158e-5
PRAD,ENSG00000103534,TMC5,14.114,6.172674403778312,1.3518977532022012,2.9920826962747894e-6,1.2067684010906363e-5
PRAD,ENSG00000187848,P2RX2,17.2802,6.164777408935511,-1.5723494619718723,2.760926594053762e-7,1.4163903935754808e-6
PRAD,ENSG00000104413,ESRP1,19.7242,6.151751154163351,0.7259547608151016,2.2360839534287174e-9,1.9569692675300975e-8
PRAD,ENSG00000184292,TACSTD2,154.071,6.148337640771453,0.4711105027721747,1.821932174684699e-4,4.952045115334313e-4
PRAD,ENSG00000128713,HOXD11,6.30082,6.000184833461473,-1.2845848844378136,4.291691631813896e-6,1.670333696227179e-5
PRAD,ENSG00000103067,ESRP2,33.1289,5.9743871587411554,1.3811280247340272,8.821573123427095e-15,6.3307199316948015e-13
PRAD,ENSG00000156284,CLDN8,6.18465,5.973760496283422,1.1812734043845527,1.4259154373282756e-6,6.166445993945061e-6
PRAD,ENSG00000143217,NECTIN4,16.9122,5.970443806097734,0.11895657780065663,0.30706928324703225,0.3805181841640555
PRAD,ENSG00000149021,SCGB1A1,10.6432,5.969934747581846,-2.9869324266230644,2.407702183316798e-8,1.6097055672299037e-7
PRAD,ENSG00000130701,RBBP8NL,7.34935,5.966053022983179,0.5277276965770912,2.8300307946537682e-5,9.189837287600005e-5
PRAD,ENSG00000260802,SERTM2,7.27083,5.947178642414481,-0.8587345578107928,0.0022592742452710265,0.004860168889832113
PRAD,ENSG00000175793,SFN,116.257,5.93093914324731,-0.3470282959721486,0.2729751281237243,0.34381682173404904
PRAD,ENSG00000167332,OR51E2,14.651,5.925937764734744,3.521483367209776,4.526240108105298e-13,1.432377761921937e-11
PRAD,ENSG00000125850,OVOL2,11.0312,5.9143875278844105,0.15776377129430605,0.09698079867406037,0.14011671634612421
PRAD,ENSG00000167741,GGT6,9.20102,5.8829936594330885,-1.409660483164979,3.153107159975536e-9,2.6470731423318397e-8
PRAD,ENSG00000196091,MYBPC1,54.5036,5.87608855667514,1.533462542513712,1.062134701397439e-4,3.038687771590494e-4
PRAD,ENSG00000073282,TP63,17.4629,5.858605839084243,-1.7172191081688672,5.097511778850988e-10,5.371816199046932e-9
PRAD,ENSG00000117472,TSPAN1,162.254,5.822730263463917,1.4844791139360953,2.8355273676953748e-11,4.420099152624845e-10
PRAD,ENSG00000158715,SLC45A3,242.22,5.806410977740736,2.365644867340288,2.6972067673390134e-5,8.792492367684563e-5
PRAD,ENSG00000175084,DES,2984.69,5.806248863790498,-1.6662463216094365,7.494343906719503e-12,1.4487456164847923e-10
PRAD,ENSG00000126562,WNK4,20.8819,5.805893570469694,0.3540307344774843,0.15384925746459555,0.20973982811563005
PRAD,ENSG00000165125,TRPV6,57.7705,5.780703650310134,0.9301208438727373,2.3962699433055126e-5,7.898328260746157e-5
PRAD,ENSG00000078399,HOXA9,23.3394,5.758030033755567,0.7003832500794719,8.626495275797128e-8,5.053486067196127e-7
PRAD,ENSG00000039068,CDH1,57.7253,5.745991281892161,0.4413392036584954,3.883555746960233e-6,1.5259004657979688e-5
PRAD,ENSG00000189143,CLDN4,48.5375,5.73153400526489,0.3584829467708995,0.02041620489482035,0.03498660197805089
PRAD,ENSG00000253313,C1orf210,11.6053,5.697986636251445,0.12586997996826804,0.2239859048392576,0.2904781903417641
PRAD,ENSG00000106038,EVX1,4.99284,5.67039848818162,-1.01210497181169,5.691832461165156e-5,1.7268621932784207e-4
PRAD,ENSG00000100290,BIK,21.607,5.660938010932964,0.9711485063036991,8.842021175017533e-9,6.630884759123605e-8
PRAD,ENSG00000164651,SP8,4.88413,5.639269793247145,0.11011285669491429,0.742883719867522,0.7943725818317765
PRAD,ENSG00000189377,CXCL17,9.60947,5.625032167584593,-1.4703787610552292,2.1133300623272044e-4,5.652673701588792e-4
PRAD,ENSG00000128253,RFPL2,6.66942,5.55531286154856,-0.19896247641442305,0.5436594185783902,0.6134000888215025
PRAD,ENSG00000166828,SCNN1G,14.7143,5.5464275242555745,-0.8025033439013093,8.166545642786199e-4,0.0019266152867617199
PRAD,ENSG00000183844,FAM3B,15.665,5.529910860391576,0.45480955904785747,0.0934234893904049,0.13561120354798137
PRAD,ENSG00000086205,FOLH1,50.9607,5.526287047922689,2.393073422758551,4.042267952196873e-9,3.31150785495177e-8
PRAD,ENSG00000126778,SIX1,12.3602,5.513215497083495,0.7323324921819544,0.001999116908395392,0.0043445489291666535
PRAD,ENSG00000142765,SYTL1,137.478,5.505666924510916,0.31437210271032756,0.03193133020773738,0.05219549137729953
PRAD,ENSG00000124939,SCGB2A1,4.40351,5.492977959821815,-1.5653083035189956,1.3028129273027178e-8,9.321078665785499e-8
PRAD,ENSG00000186526,CYP4F8,4.37572,5.484047879359212,-3.1144721432943383,7.260415729345195e-6,2.689758739787211e-5
PRAD,ENSG00000088002,SULT2B1,23.9363,5.481338821350894,-0.4123326907196713,0.03931069274081498,0.06273529175687288
PRAD,ENSG00000179593,ALOX15B,65.9105,5.470696554867409,0.9054653572157167,0.07758691479049788,0.1150654363870323
PRAD,ENSG00000171517,LPAR3,14.1124,5.449685785067774,0.7559776070421537,0.006502677319592735,0.01259013715254788
PRAD,ENSG00000121075,TBX4,5.32928,5.419687731723871,-2.1784900273558545,5.103948674444449e-6,1.9585331171676626e-5
PRAD,ENSG00000137558,PI15,28.0777,5.4180494878950265,-0.14584751659961948,0.6420527245631583,0.7049931494615481
PRAD,ENSG00000165905,LARGE2,25.3211,5.398133826898469,0.44861314466669944,5.618384054058647e-4,0.0013700719986994819
PRAD,ENSG00000184363,PKP3,29.0895,5.395772865497037,0.7784128829551656,3.718086089496444e-11,5.568648823848095e-10
PRAD,ENSG00000165105,RASEF,12.8346,5.361623403433338,0.8068230306546197,8.04414541508585e-10,7.995819659753972e-9
PRAD,ENSG00000165078,CPA6,5.0176,5.3564025577902195,-1.7199637957263618,1.1178121630963819e-6,4.958536411894505e-6
PRAD,ENSG00000256463,SALL3,4.86858,5.3351612378553614,-0.28957674054752575,0.3647062965189609,0.4395006829588189
PRAD,ENSG00000204936,CD177,17.2402,5.213476421373888,-1.3506102460341989,0.004583013712809833,0.009195392402796652
PRAD,ENSG00000173826,KCNH6,4.60777,5.211650505290319,0.7199059769320445,0.06351130296209782,0.09612929547954775
PRAD,ENSG00000102837,OLFM4,24.2417,5.209436444583226,-1.3884258671234555,0.02480535347037807,0.041732177139555994
PRAD,ENSG00000164825,DEFB1,30.0908,5.179653010098506,-1.7851116070471866,2.3374355316550998e-8,1.5657166983318014e-7
PRAD,ENSG00000169894,MUC3A,14.5353,5.159212553333607,0.4067205581643062,0.20976177776297925,0.2747615157794217
PRAD,ENSG00000124233,SEMG1,3.4659,5.156194340327282,-7.750579650860744,2.561943153645976e-9,2.2045090699247706e-8
PRAD,ENSG00000187094,CCK,15.9162,5.144842338670369,-1.8825230148248588,9.72745093581186e-5,2.809662220126661e-4
PRAD,ENSG00000128709,HOXD9,60.9902,5.124129813548695,-0.8291923100644265,5.4750905183103885e-6,2.0830721901368133e-5
PRAD,ENSG00000159166,LAD1,18.0646,5.115943561332562,0.31687778341129763,0.04237825658307832,0.06712099989298445
PRAD,ENSG00000275410,HNF1B,4.69254,5.110371693639317,0.17332419680054875,0.3728031805534229,0.4478710898730247
PRAD,ENSG00000116299,ELAPOR1,35.7095,5.081492075185682,1.5979607393391684,1.8843754340696698e-4,5.101157863248789e-4
PRAD,ENSG00000176153,GPX2,19.09,5.044945365740269,-2.5928725491035327,6.369187065796835e-13,1.8692140756087835e-11
PRAD,ENSG00000130700,GATA5,8.0285,5.033152582573368,-1.7813182273559078,6.078601918699121e-8,3.6852181799660885e-7
PRAD,ENSG00000143125,PROK1,12.8526,4.995319726505981,-1.1027378962287373,0.0010650556103313576,0.0024544871177772337
PRAD,ENSG00000094755,GABRP,6.95923,4.987101994056642,-1.0026353387169826,0.0015898563859619412,0.0035247575689194206
PRAD,ENSG00000169347,GP2,18.3431,4.959142480729039,-0.1357139108341542,0.7280582569424405,0.781775156143961
PRAD,ENSG00000175707,KDF1,14.7693,4.943297807376083,0.35377712945542716,1.1781235811158176e-4,3.336376119944296e-4
PRAD,ENSG00000104313,EYA1,12.1664,4.940213702582211,-0.8661534433312438,9.431333693378304e-5,2.730889002328211e-4
PRAD,ENSG00000115648,MLPH,139.756,4.9387407856340815,0.8261664089146601,7.378005499782472e-10,7.416667498507684e-9
PRAD,ENSG00000133477,FAM83F,8.29633,4.919479961223035,-0.43112104896890235,0.009448122546626829,0.01764507362611722
PRAD,ENSG00000148346,LCN2,23.2788,4.908701981697182,-0.30970879913376265,0.4535724548988366,0.5274150846543774
PRAD,ENSG00000236699,ARHGEF38,3.56204,4.890704904162536,1.7757309025236538,1.044196212740637e-14,7.170488568078106e-13
PRAD,ENSG00000248771,SMIM31,2.75635,4.836100864284727,1.341996683747989,3.386367821874917e-5,1.0768424189022039e-4
PRAD,ENSG00000144339,TMEFF2,8.22093,4.81455083090831,2.1415643337341166,3.1836057045771096e-8,2.066534876563429e-7
PRAD,ENSG00000145103,ILDR1,3.70207,4.802062058460695,0.08957134834678068,0.5248423916887406,0.5955563871128364
PRAD,ENSG00000166145,SPINT1,95.9627,4.793867484791952,0.4563830680479643,1.2636218895543695e-5,4.435023678838478e-5
PRAD,ENSG00000065618,COL17A1,13.7057,4.7748079662750795,-1.9242492511311018,8.607971184635228e-12,1.6222358610111218e-10
PRAD,ENSG00000171345,KRT19,274.593,4.767424864964359,-1.0384331780356195,4.7117383345893e-5,1.4530049548682852e-4
PRAD,ENSG00000206075,SERPINB5,4.86358,4.746354821495091,-1.9187674492842144,8.836354407810805e-8,5.157730976981346e-7
PRAD,ENSG00000137203,TFAP2A,11.1788,4.728929554222397,-0.21682685824843764,0.08249498966585396,0.12143378058483988
PRAD,ENSG00000166105,GLB1L3,7.66583,4.725946138192634,0.7337176167388361,0.006658633164146428,0.012866009993398519
PRAD,ENSG00000186973,FAM183A,9.16075,4.723595353916825,-0.29424214790075537,0.11615476433743863,0.16408471011916623
PRAD,ENSG00000069011,PITX1,20.9056,4.718701619623217,-1.2442780521127046,3.2705580556525765e-4,8.393069816561245e-4
PRAD,ENSG00000099812,MISP,8.41736,4.7177884847858,-0.35629547180547166,0.24767693908057153,0.3165137457215867
PRAD,ENSG00000148735,PLEKHS1,3.84868,4.707662180907051,1.1389441153662043,1.9042077365526202e-7,1.0165934239883184e-6
PRAD,ENSG00000174950,CD164L2,6.16571,4.690535178423138,-0.05464312286812849,0.7520651344194655,0.8023529990635778
PRAD,ENSG00000131037,EPS8L1,26.6103,4.6716614672782955,0.4551067203445136,4.259956558586921e-4,0.00106689978143739
PRAD,ENSG00000169435,RASSF6,5.47354,4.662071559192299,0.006376678613859466,0.9540996604447959,0.9640090476956531
PRAD,ENSG00000163993,S100P,23.9177,4.653285324510943,-1.033333492000238,0.01848568999459167,0.03203098902089179
PRAD,ENSG00000164855,TMEM184A,19.4855,4.649341486828212,1.0899165978432215,8.41643461294969e-11,1.121461892973442e-9
PRAD,ENSG00000241484,ARHGAP8,25.6066,4.634905960148864,0.7399103253473255,9.780106203669839e-5,2.822930929364208e-4
PRAD,ENSG00000186847,KRT14,41.584,4.63018521184235,-1.6639047992200888,3.2303348985106473e-6,1.2946600652756861e-5
PRAD,ENSG00000140254,DUOXA1,14.3364,4.6164071310650625,-2.103600939072342,4.777172672144843e-14,2.3290656463985984e-12
PRAD,ENSG00000198643,FAM3D,5.28408,4.610709925082674,-0.7492020212543881,0.01632444951728709,0.028659508539289297
PRAD,ENSG00000145113,MUC4,4.93593,4.602233085101485,-1.314395857711713,0.0015128708383375566,0.00336875390716048
PRAD,ENSG00000115884,SDC1,76.1038,4.58805932096387,-1.0800743255060068,1.1323516729867767e-7,6.408323647851101e-7
PRAD,ENSG00000137868,STRA6,6.00384,4.582076142520261,0.13210400393060254,0.4754716927353635,0.5486593453843049
PRAD,ENSG00000105668,UPK1A,7.08617,4.581292062345579,-1.879486629554384,8.252789015374114e-7,3.782243305999046e-6
PRAD,ENSG00000134762,DSC3,5.72307,4.5774330863320785,-1.172947254769485,1.7270795292793856e-5,5.887592821016828e-5
PRAD,ENSG00000154342,WNT3A,2.56351,4.576957255022064,-1.1367152128455313,7.385710396220703e-5,2.18647411321197e-4
PRAD,ENSG00000159556,ISL2,3.53321,4.5659839381503105,-1.3930233951158,1.1093982665627738e-4,3.164782212229645e-4
PRAD,ENSG00000105523,FAM83E,4.51006,4.562332735139433,0.5408924845055043,0.03640094913383821,0.05854072739548005
PRAD,ENSG00000115112,TFCP2L1,17.1868,4.54747639391189,-0.8190420093891376,0.0011757341948019566,0.002687154952727161
PRAD,ENSG00000163141,BNIPL,14.2232,4.5409352844178335,-1.6659440874251301,1.8747499139846066e-11,3.1490103870950074e-10
PRAD,ENSG00000188039,NWD1,5.91555,4.516791226838248,1.1733475467087544,8.925859725325499e-11,1.1796169208066963e-9
PRAD,ENSG00000101443,WFDC2,144.358,4.516734826412025,-1.946017562653006,2.464431813335309e-12,5.6104979387767644e-11
PRAD,ENSG00000085552,IGSF9,11.8555,4.505076574809471,0.09336371448150378,0.3723827992406764,0.4474380842556083
PRAD,ENSG00000205277,MUC12,3.07796,4.497730785544986,-0.01968996628439976,0.9578186580523724,0.9670227003149234
PRAD,ENSG00000115221,ITGB6,4.59864,4.486976641136185,-1.4428231719112925,7.173109164627702e-11,9.825850252693735e-10
PRAD,ENSG00000087510,TFAP2C,14.0257,4.428875353096394,0.18862408528759075,0.02574804021067435,0.04311791273086549
PRAD,ENSG00000170373,CST1,2.03444,4.4157857032826655,0.2213716781866031,0.6578966685607095,0.7188450516432013
PRAD,ENSG00000243955,GSTA1,6.39796,4.414617789296423,-1.2605531790468851,0.0024801632350220644,0.005284493009279926
PRAD,ENSG00000167608,TMC4,59.8498,4.413878671050384,0.4811265665102249,5.734266017616636e-5,1.7382304072154986e-4
PRAD,ENSG00000196542,SPTSSB,11.1041,4.408833572190436,-0.6192535142234182,0.038622863176451284,0.06173605841524196
PRAD,ENSG00000124143,ARHGAP40,3.57946,4.4014951703063065,-1.504540569717451,1.488464409075861e-7,8.179158637006033e-7
PRAD,ENSG00000198807,PAX9,4.95598,4.396367572571922,0.31698938287796324,0.22988189534901418,0.29680542346966726
PRAD,ENSG00000132746,ALDH3B2,3.45133,4.378392648362314,1.5256664094363623,3.327072165491841e-7,1.6701330007998104e-6
PRAD,ENSG00000049283,EPN3,21.9481,4.3502639545312585,0.42923087601058535,3.438545736102018e-5,1.0917824350666622e-4
PRAD,ENSG00000134398,ERN2,2.6453,4.342560003995502,-1.7858936559518452,2.5238363708933134e-5,8.277411216104447e-5
PRAD,ENSG00000250423,KIAA1210,2.14426,4.333920439664911,-1.4114598772671176,1.751182431880302e-7,9.447393181283898e-7
PRAD,ENSG00000180535,BHLHA15,7.01916,4.323951956963936,1.3779963652066407,1.9200199419539506e-10,2.3137658271718155e-9
PRAD,ENSG00000111319,SCNN1A,47.1513,4.318631313407344,-0.9054493804146628,3.0312865779235407e-5,9.766394489712872e-5
PRAD,ENSG00000183273,CCDC60,2.31865,4.3134489355553836,-1.1052443126189686,3.4667823818219827e-6,1.3809952263360252e-5
PRAD,ENSG00000187889,FYB2,3.83522,4.291648889462861,0.7851320352929061,3.249378899058844e-5,1.0381511145799527e-4
PRAD,ENSG00000181634,TNFSF15,4.16443,4.286637829411626,0.044356504946310875,0.7962797762659055,0.8390445762047675
PRAD,ENSG00000103241,FOXF1,49.3455,4.282884868135433,-1.0621774553823713,8.519619930327314e-7,3.8926456533152395e-6
PRAD,ENSG00000163497,FEV,2.89792,4.278829508612745,2.279201563067412,1.2722060868050775e-10,1.6065424580549937e-9
PRAD,ENSG00000163898,LIPH,8.09378,4.27139297496747,0.5977142104288103,3.31780212124596e-4,8.499997070682926e-4
PRAD,ENSG00000183421,RIPK4,19.0423,4.268526670585638,-0.49828719619527506,6.146566894210987e-5,1.8511940683396227e-4
PRAD,ENSG00000196549,MME,24.7458,4.248952451162644,-0.8878843133119035,7.581362484450189e-4,0.001800284437628566
PRAD,ENSG00000135480,KRT7,36.7034,4.239014551431675,-1.7159036705817206,4.162060404184891e-8,2.625485713559139e-7
STAD,ENSG00000182333,LIPF,28812.8,15.152930284421304,-6.411826125699566,3.322726806154262e-4,0.0015413740936185882
STAD,ENSG00000096088,PGC,36440.1,15.05519904267759,-3.147325366519786,0.026516230179065115,0.05570491429072043
STAD,ENSG00000229859,PGA3,1723.46,13.478456468876287,-6.597255665886407,5.492815695442348e-5,3.556140022723939e-4
STAD,ENSG00000134812,CBLIF,1431.12,13.299134975244389,-6.0900648674867455,2.3374921929382268e-6,2.8844416886184265e-5
STAD,ENSG00000256713,PGA5,2599.67,13.00394329563284,-5.965677771323273,3.0516655682253915e-5,2.2020375497319285e-4
STAD,ENSG00000160182,TFF1,988.513,12.838990774591634,-1.3576970621932787,0.2068440407091878,0.29920681606115646
STAD,ENSG00000105675,ATP4A,1206.25,12.798650702073209,-6.88955669345217,4.87895914487306e-7,8.852128728152765e-6
STAD,ENSG00000169605,GKN1,1514.92,12.782621973802085,-6.550589366936375,2.246617967156907e-5,1.722511845587995e-4
STAD,ENSG00000186009,ATP4B,1162.26,12.708595654160296,-7.289877126317096,6.162172024715316e-7,1.0457840430754947e-5
STAD,ENSG00000160181,TFF2,1030.66,12.529794053944995,-2.6943360679824426,0.021841694617864723,0.04746726259470145
STAD,ENSG00000167653,PSCA,1261.38,11.111619772728295,-3.435470602122141,8.007161034489169e-4,0.003133137529698046
STAD,ENSG00000109511,ANXA10,250.076,11.06902447336428,-1.6256913588038746,0.08612640057184641,0.1467199900356936
STAD,ENSG00000189377,CXCL17,311.265,10.628102593031109,-3.3389844043567423,3.7616927608946003e-4,0.001702154330600429
STAD,ENSG00000183607,GKN2,157.779,10.624603571055337,-5.906165547913733,2.8176100320356e-5,2.0622347390679784e-4
STAD,ENSG00000196188,CTSE,207.306,10.581777812964585,0.20020615784508225,0.8380211314733177,0.8804200541848846
STAD,ENSG00000106541,AGR2,255.501,10.303626160663422,2.024504561923571,0.01355199970838956,0.03208813838738433
STAD,ENSG00000184956,MUC6,332.9,10.251998654202122,-1.2479073337190236,0.3227226609903069,0.42676773068359963
STAD,ENSG00000215182,MUC5AC,132.812,10.193290091833054,-1.3547525120786306,0.28527821824201477,0.3863616064239948
STAD,ENSG00000169340,PDILT,94.0133,9.87825480739566,-2.9406429330990993,0.001250634970711711,0.004521669190068656
STAD,ENSG00000066405,CLDN18,391.23,9.619567722341728,0.6286415416983792,0.4703074632530124,0.5728753501950926
STAD,ENSG00000184012,TMPRSS2,113.642,9.315792601716662,0.08750578514103624,0.8761648518454987,0.9087254825853825
STAD,ENSG00000157005,SST,202.994,9.083137623313524,-4.037702841297615,4.492408546860105e-5,3.010948909020789e-4
STAD,ENSG00000164266,SPINK1,255.956,9.03659730331758,0.5687728373775487,0.4932960797631024,0.5937728984957551
STAD,ENSG00000107159,CA9,480.982,8.965892247472642,-0.861857049531014,0.13087657142246426,0.2057985986483898
STAD,ENSG00000159197,KCNE2,306.832,8.67426144167561,-4.125116108646264,1.0099458572720827e-6,1.5189364031729924e-5
STAD,ENSG00000101842,VSIG1,82.6886,8.65312880922459,-2.2716653034132914,0.025810157147512277,0.05446685842851017
STAD,ENSG00000198074,AKR1B10,190.616,8.585683801586354,-2.8525323932155633,7.635339089552275e-4,0.0030188913731644842
STAD,ENSG00000100604,CHGA,225.074,8.531484296903631,-3.3118158535003035,0.0017951324711427182,0.0060578123772264585
STAD,ENSG00000052344,PRSS8,174.176,8.39667303671904,0.4260662137918749,0.455161657527675,0.5581470096335341
STAD,ENSG00000167183,PRR15L,116.931,8.372620667334495,1.3369818058003085,0.00950486731125733,0.02391265837554506
STAD,ENSG00000168631,MUCL3,42.136,8.231644781792983,-3.0153734357062905,0.0028577921839365713,0.008878672004726713
STAD,ENSG00000131668,BARX1,47.0268,8.130139150546833,-2.2020975483156646,1.4695330208289785e-4,7.869089152805333e-4
STAD,ENSG00000167757,KLK11,70.8822,8.084706676208675,-1.8140666797767655,0.003340092985745075,0.010081425876313558
STAD,ENSG00000125798,FOXA2,26.8349,8.073332898732245,1.087592218481463,0.09798092837045917,0.16303883725204346
STAD,ENSG00000134240,HMGCS2,59.5602,7.825630775097326,0.29375056936966293,0.7339474768660061,0.8003839469963447
STAD,ENSG00000180251,SLC9A4,22.3586,7.811124187147738,-3.460655249204776,1.4828657932623658e-4,7.923070447041218e-4
STAD,ENSG00000146755,TRIM50,50.4457,7.810695849430501,-3.9350231031176026,5.773588115827403e-7,1.002910261397038e-5
STAD,ENSG00000179674,ARL14,22.2743,7.80569873685213,-0.4060938769847745,0.5386543391997813,0.6352036757178169
STAD,ENSG00000130957,FBP2,43.0109,7.788083363976049,-1.4294214071880609,0.062128582894703105,0.11201739563517922
STAD,ENSG00000243955,GSTA1,66.1732,7.764984602994021,-2.2410464736936784,0.011400670357335402,0.027817280471308634
STAD,ENSG00000136574,GATA4,28.7233,7.723507752881126,0.6404975083076151,0.24729992677699325,0.3444136420683333
STAD,ENSG00000188959,C9orf152,39.6908,7.717371390729245,0.4393410741523441,0.44726946739622386,0.5510886599463054
STAD,ENSG00000134398,ERN2,28.0876,7.702584933246039,1.238148981707455,0.07859257173711826,0.136096300284587
STAD,ENSG00000176153,GPX2,120.122,7.692219674982538,1.3141404146606803,0.02987767021139934,0.06148154695959832
STAD,ENSG00000163993,S100P,177.969,7.5435517979048425,0.32114194791642625,0.633782095333763,0.7177016002106359
STAD,ENSG00000162896,PIGR,65.9856,7.536987766692403,-0.5126553092474178,0.5889611592366171,0.6794013519775126
STAD,ENSG00000170608,FOXA3,29.8909,7.533331933686325,0.7038682134180266,0.2514886713079918,0.34927123848512537
STAD,ENSG00000110148,CCKBR,37.126,7.493434781041218,-4.1473824578209655,4.016327570819336e-7,7.6467041700059e-6
STAD,ENSG00000157017,GHRL,143.515,7.4875633901855485,-2.726158234406991,5.676523202535077e-5,3.6610123474660423e-4
STAD,ENSG00000100665,SERPINA4,17.5918,7.466937028021561,0.4707179511032028,0.5734750230667878,0.6654228122451329
STAD,ENSG00000129514,FOXA1,28.7767,7.4655381892553185,0.7069150583876511,0.15779276339438766,0.240203228769621
STAD,ENSG00000131910,NR0B2,25.6966,7.4542668447972025,-0.4592654577092891,0.5303243614791353,0.6279968202095629
STAD,ENSG00000182795,C1orf116,44.4444,7.414271277928481,-0.08972976208007244,0.8673165487724104,0.9021466541763707
STAD,ENSG00000179913,B3GNT3,42.0583,7.3305191149705085,0.8350681047987312,0.0636445239518504,0.11430888043379274
STAD,ENSG00000174502,SLC26A9,52.6151,7.274248196374163,-1.6643520343461493,0.04127026589439946,0.08020689449015256
STAD,ENSG00000152766,ANKRD22,57.2961,7.232953789165652,0.2660854831547848,0.5556387356254981,0.6498504557467557
STAD,ENSG00000198203,SULT1C2,45.4449,7.172977645184376,-0.03418033287183924,0.9633209820728659,0.9746102470653227
STAD,ENSG00000019102,VSIG2,369.5,7.1654586307525046,-2.068780960328668,0.012739743527600527,0.030527704468478214
STAD,ENSG00000095932,SMIM24,64.055,7.150335673818592,0.006097131213656096,0.9941241468789259,0.9963505778491288
STAD,ENSG00000115386,REG1A,300.83,7.143125118569345,-0.5777575277849957,0.5332886806217583,0.6305718085022333
STAD,ENSG00000263429,TMEM238L,34.3479,7.062697259312243,-1.6475487379706228,0.0068136989847831465,0.01820972472130711
STAD,ENSG00000163394,CCKAR,12.8414,7.015849886224452,-4.069941924276326,1.4491772104375772e-7,3.511600971043142e-6
STAD,ENSG00000158516,CPA2,102.281,7.014490545512467,-4.415431360747953,2.855904159779542e-6,3.361474311092099e-5
STAD,ENSG00000198758,EPS8L3,16.9825,7.004581935419981,1.8450030365216041,0.005806558283077864,0.01596767118526855
STAD,ENSG00000253313,C1orf210,28.606,6.992177039994362,-0.02258071866700744,0.956653576637667,0.9698297253803189
STAD,ENSG00000204385,SLC44A4,83.8703,6.920884142986191,1.6152681334835306,0.05103781239086371,0.09549122441184808
STAD,ENSG00000167741,GGT6,17.9393,6.838676172808263,-1.4656848059737135,0.01644933450801103,0.03762306263240735
STAD,ENSG00000139144,PIK3C2G,16.8875,6.747401123898635,-2.380050664728031,7.696852792643444e-4,0.0030382824129088284
STAD,ENSG00000203697,CAPN8,32.9702,6.7240759604572515,0.17862900086967035,0.8119334111825052,0.8610217369647415
STAD,ENSG00000129354,AP1M2,44.7635,6.723989006627495,0.696665687534082,0.11710972579223831,0.18795155289264448
STAD,ENSG00000108602,ALDH3A1,57.4525,6.718440697343586,-2.9794620325412726,1.630454748880675e-5,1.3246614202836398e-4
STAD,ENSG00000132698,RAB25,60.7668,6.717719802247766,0.6649302904051655,0.19845292340673637,0.2895904508193861
STAD,ENSG00000196620,UGT2B15,10.0012,6.658382881881659,-1.6413374423218645,0.05754988309022316,0.1052856529619901
STAD,ENSG00000233041,PHGR1,29.1926,6.640488879457961,-1.5358580996435924,0.11043682031176448,0.17951509234961985
STAD,ENSG00000109205,ODAM,9.87521,6.640275308429816,-0.28964107118215404,0.6628357269787895,0.741829317674215
STAD,ENSG00000104413,ESRP1,26.7232,6.587969867221634,1.130430209249456,0.018281406384677325,0.04100180824416533
STAD,ENSG00000124664,SPDEF,43.001,6.579823071198794,0.17972890802885388,0.7966205889500798,0.8490884301996476
STAD,ENSG00000183844,FAM3B,32.2894,6.568707433432663,-1.6685087134717551,0.009244002753481992,0.023344753239474044
STAD,ENSG00000134827,TCN1,17.6642,6.551092873062917,-1.044847645043752,0.23393071674485297,0.3299435747591906
STAD,ENSG00000153303,FRMD1,15.0725,6.4595790858191995,-2.5643114040434205,0.001487099993749794,0.005200817968571848
STAD,ENSG00000162069,BICDL2,29.6235,6.410473235873606,0.08636738958392982,0.8577808022851673,0.8950415313569556
STAD,ENSG00000275410,HNF1B,11.2098,6.349082732663857,2.1960282393037067,0.00102666565740495,0.0038496450984226655
STAD,ENSG00000142273,CBLC,15.2736,6.337904873868059,0.9071768954323126,0.03758190414396755,0.07428973172892099
STAD,ENSG00000163435,ELF3,39.0304,6.330591703360636,1.3440180550472165,0.01368529920985172,0.03233393395901611
STAD,ENSG00000145321,GC,9.78026,6.315689117227355,0.8425528399016355,0.38263963997531103,0.4876792807543517
STAD,ENSG00000180535,BHLHA15,28.0515,6.307384821954555,-0.3303646276906877,0.4887424668081405,0.5896965341789867
STAD,ENSG00000105523,FAM83E,14.5611,6.231468653296285,0.758059406290211,0.15812238478476542,0.24062008720213043
STAD,ENSG00000016082,ISL1,10.1207,6.21800491208005,-1.1831776711555044,0.002013866278867995,0.006653617562606207
STAD,ENSG00000142484,TM4SF5,7.06972,6.163844873159146,0.3176249281926702,0.6763371134505554,0.7528430918708992
STAD,ENSG00000185615,PDIA2,137.37,6.145452090397542,-1.3104086855348884,0.048904744993821164,0.09216873641809287
STAD,ENSG00000173467,AGR3,7.97467,6.143862231999632,1.0312444040297892,0.17075304634036878,0.25635169109623485
STAD,ENSG00000162949,CAPN13,21.6171,6.140968645847726,-1.5426153756218581,0.04076847383782113,0.07937942588489981
STAD,ENSG00000267795,SMIM22,36.916,6.138076974129532,0.5149967348291129,0.36031411586929685,0.4655295741681558
STAD,ENSG00000103534,TMC5,13.7033,6.1303750174197,1.8036855580935443,0.0048838124682322945,0.013800546366417237
STAD,ENSG00000116299,ELAPOR1,72.9405,6.109846341762884,1.0072092432814506,0.11419265959704054,0.18440658068707824
STAD,ENSG00000138109,CYP2C9,8.73948,6.0964571750698635,-1.286253916398237,0.04023085136198174,0.07856283806799676
STAD,ENSG00000103067,ESRP2,35.8075,6.086233834739649,0.4788009586151972,0.22849372515267818,0.32369083307370805
STAD,ENSG00000108242,CYP2C18,9.5784,6.084833971034209,-1.860148090953738,0.0034922383428264065,0.010467821910956061
STAD,ENSG00000159166,LAD1,35.2705,6.07736057783249,1.2285591753318155,0.024024305248500778,0.051305508910121256
STAD,ENSG00000163898,LIPH,28.5333,6.07648586348779,-0.06788508051473531,0.8981291323433203,0.9258480561115983
STAD,ENSG00000162482,AKR7A3,204.439,6.0754438344364905,-0.520267049424965,0.45061772242867926,0.5540000794693922
STAD,ENSG00000196611,MMP1,10.1462,6.034772753668859,2.3934803111607663,8.61867891106602e-4,0.0033226158783729903
STAD,ENSG00000171560,FGA,12.4298,5.974022720693676,-1.696319343587157,0.11031602087244752,0.1793719194491346
STAD,ENSG00000159212,CLIC6,171.118,5.959136707676926,-1.1423310173948638,0.06749011585285877,0.12001648369325173
STAD,ENSG00000105289,TJP3,28.0229,5.952257973179948,0.6733744074992516,0.16756172751617635,0.2524940599900161
STAD,ENSG00000169435,RASSF6,13.4495,5.943645331039133,0.5151950134079324,0.23422269711084137,0.33024918352922644
STAD,ENSG00000163501,IHH,12.4208,5.902193659103611,0.5720435789787994,0.33874655649078533,0.4434632492264624
STAD,ENSG00000172461,FUT9,7.57281,5.888460895310468,-2.1492887341949602,0.035610860044725835,0.07105322466430829
STAD,ENSG00000089356,FXYD3,78.28,5.8462633276983915,0.7404905594968927,0.020514172620389848,0.04504654288202569
STAD,ENSG00000039068,CDH1,61.0324,5.826227643303485,1.2421607825253909,0.018426497065205105,0.04125127387910338
STAD,ENSG00000130700,GATA5,13.8681,5.814227322231394,-2.2520695411706684,0.0025015415449203466,0.007940620005358043
STAD,ENSG00000083307,GRHL2,9.9671,5.8028457135358815,0.901367658144729,0.022442129721043678,0.04851730459657357
STAD,ENSG00000114771,AADAC,9.69617,5.758874944607882,-2.5802157434283433,0.0010055434341177197,0.003784681844032502
STAD,ENSG00000157315,TMED6,50.3562,5.7343157408395955,-0.7722524300265438,0.021177671202317467,0.04629949891569466
STAD,ENSG00000166959,MS4A8,6.63663,5.724784102803564,-1.3142942865484597,0.11426086996824919,0.18446719504393835
STAD,ENSG00000132465,JCHAIN,128.817,5.716022044580001,-1.7054087964252276,0.04753960316527819,0.09008263155162625
STAD,ENSG00000135373,EHF,15.4297,5.682707130272025,1.0712466346643925,0.040582178391169656,0.07912911326352198
STAD,ENSG00000185499,MUC1,362.544,5.676214581652421,0.6901375349611524,0.2142467789407919,0.3077832395580244
STAD,ENSG00000198643,FAM3D,10.9901,5.653210547818216,-1.3581906450174603,0.055339254828210345,0.1019216512576009
STAD,ENSG00000044012,GUCA2B,4.88818,5.640441621085799,-2.578935661058592,0.0033425654536478147,0.01008750003682759
STAD,ENSG00000263639,MSMB,11.4528,5.624037377883071,-1.5304523047569087,0.06027507568554516,0.10935891607087823
STAD,ENSG00000167105,TMEM92,14.0394,5.590032268739101,-0.47180885734323535,0.3870669929384756,0.4920921278498894
STAD,ENSG00000139219,COL2A1,7.00041,5.581133814420842,-1.8562339213975638,0.01177042114642845,0.028566883774087774
STAD,ENSG00000172156,CCL11,12.702,5.546044245004388,-0.6998221350433746,0.01513360393522676,0.03508295455033855
STAD,ENSG00000125850,OVOL2,8.4952,5.541381511944693,0.39893292673232694,0.3618985754032915,0.4670263630792948
STAD,ENSG00000124939,SCGB2A1,4.5,5.523561956057013,-2.6247898358441955,0.006943466993753809,0.018484441451867614
STAD,ENSG00000101076,HNF4A,5.38633,5.513345363455269,2.3508209479718065,5.838213202152789e-4,0.002428306887268709
STAD,ENSG00000053918,KCNQ1,97.9419,5.5046793275288115,0.3278642404650474,0.48328285848896324,0.5843631938762606
STAD,ENSG00000157111,TMEM171,21.0746,5.475694646615663,0.1694634833038375,0.7223434372762716,0.7911466406570142
STAD,ENSG00000114248,LRRC31,5.22262,5.467035323206245,-0.03372436259659058,0.9645794969264407,0.9755684335871497
STAD,ENSG00000160862,AZGP1,191.491,5.444674305372778,0.36208831788378165,0.5608693766111401,0.6545018195055655
STAD,ENSG00000125285,SOX21,6.03238,5.4415432048807055,-4.182352680582125,8.799516606373265e-6,8.105352040722127e-5
STAD,ENSG00000174514,MFSD4A,122.045,5.409651990172969,-2.152758307203665,0.00101824615107338,0.0038200344911440676
STAD,ENSG00000135773,CAPN9,16.4637,5.3950794740006165,-2.26934891878088,0.008688028610156124,0.02218082330463424
STAD,ENSG00000049283,EPN3,44.6237,5.370649165510018,-0.49380529029727105,0.3413536247949637,0.4459193544920746
STAD,ENSG00000105641,SLC5A5,6.17542,5.367220497030246,-3.6664593600117845,1.4477025934794236e-4,7.7790330498883e-4
STAD,ENSG00000150201,FXYD4,5.30342,5.344733765424165,0.15058359397170334,0.8062161681511246,0.8566095617413442
STAD,ENSG00000137857,DUOX1,58.949,5.2661943043763735,-0.9856993620339661,0.01911952137548756,0.04252057451538451
STAD,ENSG00000105398,SULT2A1,4.73771,5.225986531781844,-3.293545408639663,2.5672521984845305e-4,0.0012432576459445403
STAD,ENSG00000127324,TSPAN8,143.308,5.192346181004691,1.6733985120972215,0.013975164839283906,0.03289464999461701
STAD,ENSG00000115616,SLC9A2,14.0723,5.190499807925939,-0.5510151228861563,0.3747063479109254,0.4800234151423013
STAD,ENSG00000069011,PITX1,29.0122,5.189551491941809,-0.5583839012406635,0.08810953278477594,0.1495059842841884
STAD,ENSG00000140254,DUOXA1,21.2357,5.1799655528416775,-1.7292954859541154,8.268978015161914e-4,0.003216072187237858
STAD,ENSG00000135100,HNF1A,4.10975,5.162861932793189,1.9234528512598696,1.1062517608742636e-4,6.26495057139743e-4
STAD,ENSG00000113924,HGD,13.9648,5.153639748710964,0.4775304308126607,0.491966006885328,0.5927465616994906
STAD,ENSG00000104321,TRPA1,4.95652,5.150096428702779,-0.41124798918703825,0.4370850428505525,0.5411552605514603
STAD,ENSG00000228278,ORM2,8.72112,5.104614656343581,-0.606607192852109,0.44823647917438647,0.5519389889564211
STAD,ENSG00000130545,CRB3,20.4227,5.094027444685068,0.26578612179420025,0.44571607547189984,0.5497279116609111
STAD,ENSG00000178597,PSAPL1,4.14122,5.053749441560471,-3.814397811507067,6.158350598567157e-5,3.9115757553349385e-4
STAD,ENSG00000005001,PRSS22,10.7604,5.0536119111044275,1.4599417094319966,0.0029422332160395324,0.009099758809776426
STAD,ENSG00000259120,SMIM6,13.5138,5.035385405448838,-0.5115608260050415,0.4112996015446849,0.5161369842435534
STAD,ENSG00000244067,GSTA2,3.04584,4.97537339085502,-2.836097428385744,0.003319754456893711,0.010035232386375145
STAD,ENSG00000153822,KCNJ16,13.8828,4.961145908949423,-3.685053952837862,8.741982820573487e-6,8.064543512391057e-5
STAD,ENSG00000175707,KDF1,14.7157,4.93808786712145,0.6642888236316408,0.08172029327954103,0.14042493464726713
STAD,ENSG00000172016,REG3A,5.5936,4.935950714050885,-3.9962267782077965,1.8862022103872754e-4,9.626753522464103e-4
STAD,ENSG00000283526,PRRT1B,3.68859,4.89100853727225,0.157393227058347,0.7550937506143156,0.816597030687704
STAD,ENSG00000171916,LGALS9C,4.00181,4.889099351576945,-2.75335448056377,1.4806852497354695e-4,7.913347832366408e-4
STAD,ENSG00000115112,TFCP2L1,21.703,4.882332218229154,-0.26936749309070657,0.6090533692302698,0.6974422831730824
STAD,ENSG00000124701,APOBEC2,13.6726,4.867457246632154,-2.8822517627188002,4.249860790731165e-9,2.8411874213156404e-7
STAD,ENSG00000272398,CD24,248.266,4.8534499478293345,1.3213260780826863,0.01405993445862997,0.03302871032104699
STAD,ENSG00000165105,RASEF,8.97835,4.850889978845161,0.6294070474894179,0.18347472275112087,0.2716136730129685
STAD,ENSG00000188833,ENTPD8,6.6136,4.849421738340389,-0.2969980027239549,0.6412270843884058,0.7231607074585178
STAD,ENSG00000150556,LYPD6B,13.4036,4.842556398181932,-0.6768321573474865,0.26156254262445106,0.3602502000294556
STAD,ENSG00000066230,SLC9A3,43.9879,4.81521282337817,-0.696986157824516,0.26978470012342315,0.3692091933037772
STAD,ENSG00000178882,RFLNA,52.6007,4.803999882568137,0.04653394794721539,0.9402949461778592,0.9576326032134177
STAD,ENSG00000100290,BIK,11.7164,4.783568226895572,1.4722436048043293,0.0021424430447054537,0.0069972432356719075
STAD,ENSG00000187867,PALM3,37.8061,4.782174897253551,0.3477133822952471,0.5382012755347263,0.6348401059669434
STAD,ENSG00000162366,PDZK1IP1,25.5534,4.767898811787269,1.0429377439259837,0.07798359852897753,0.1352653336927242
STAD,ENSG00000119919,NKX2-3,2.62252,4.766870742101293,-0.7539164903853258,0.023342041211822075,0.05007281155281104
STAD,ENSG00000070526,ST6GALNAC1,53.8118,4.76533930249292,-0.3391528008480918,0.5108492498787334,0.6095941636559026
STAD,ENSG00000124920,MYRF,124.374,4.751033537332172,1.41184336706994,0.004911764728194294,0.013863376974094059
STAD,ENSG00000111863,ADTRP,9.5161,4.726776673475936,-1.4217351053659648,0.027347852913698394,0.05719444145842426
STAD,ENSG00000179023,KLHDC7A,3.2543,4.724230698297972,-0.6584342777054089,0.2916215406415986,0.3932523918079438
STAD,ENSG00000130768,SMPDL3B,9.40378,4.719208204192848,0.6625753447065919,0.19051914808947634,0.2801759693720097
STAD,ENSG00000170298,LGALS9B,3.05318,4.693357080162622,-2.5101965424092447,3.0896757283356937e-4,0.0014498268643472092
STAD,ENSG00000125999,BPIFB1,2.93598,4.679368907195142,-1.8748774259592955,0.0945969329165534,0.15849033809552132
STAD,ENSG00000214814,FER1L6,2.7929,4.644369320709318,-1.3889788276590407,0.1475552500562317,0.22688980221207225
STAD,ENSG00000184363,PKP3,17.2279,4.643420189246226,1.003933715384174,0.04485379140767295,0.0858324407005369
STAD,ENSG00000105707,HPN,56.7533,4.6069116746456515,-0.13888459392607772,0.8196850125227025,0.8668042512826881
STAD,ENSG00000123843,C4BPB,6.91178,4.605211777831795,1.807511008159521,0.003251485399346573,0.009877884710012696
STAD,ENSG00000167080,B4GALNT2,2.42765,4.604682522722503,-2.881202956766339,4.337092324133544e-4,0.0019112492058601359
STAD,ENSG00000130701,RBBP8NL,2.79291,4.601459916561514,0.40419761209309396,0.3640961344168039,0.46914443738933337
STAD,ENSG00000006611,USH1C,5.55445,4.591868382316232,1.4946284877368168,0.011694177229043659,0.028424161879958533
STAD,ENSG00000184454,NCMAP,5.98185,4.587534760172315,0.4014659318208206,0.5203894457695948,0.6181527500994406
STAD,ENSG00000124839,RAB17,45.7183,4.552684654297515,0.2088526231790554,0.5963221017009972,0.6864121284041714
STAD,ENSG00000189334,S100A14,36.347,4.547977372389571,0.21188457159767352,0.7445025362784305,0.808470837196723
STAD,ENSG00000165841,CYP2C19,2.2179,4.534746421104,-0.7629608144973036,0.1896598026169612,0.2792493219488837
STAD,ENSG00000119888,EPCAM,65.7655,4.528182695280374,2.6230176750627794,2.528587097508895e-5,1.895619072621369e-4
STAD,ENSG00000109956,B3GAT1,18.8724,4.518638221858251,-1.3802335080409887,0.006196362431503109,0.016855704676591015
STAD,ENSG00000168907,PLA2G4F,4.00646,4.512092555173383,-0.5346348398492324,0.3229419392303865,0.42698045483532804
STAD,ENSG00000117472,TSPAN1,64.9591,4.503410103971757,0.9648172316710389,0.21761302287517223,0.3115984305607142
STAD,ENSG00000167600,CYP2S1,29.8738,4.499583291468205,0.6035759613288465,0.25826367819411206,0.35680480944055504
STAD,ENSG00000170561,IRX2,17.2063,4.498320551857201,0.18792676538765427,0.7785044408081492,0.8351374873069368
STAD,ENSG00000171345,KRT19,227.444,4.495750263336056,1.5595154517125622,0.005815591752927655,0.01598449435424889
STAD,ENSG00000139865,TTC6,2.40292,4.491510608447376,0.4161271715058876,0.3604134111970785,0.4656304295486677
STAD,ENSG00000164690,SHH,3.76888,4.474117649048854,0.10987381222282615,0.8770883725263183,0.9093519542674755
STAD,ENSG00000171431,KRT20,2.9384,4.461675513309974,-2.4040574466106595,0.027515341200722358,0.057495368958399073
STAD,ENSG00000111319,SCNN1A,51.3148,4.440460997402009,-0.017576993964746344,0.9764920978357765,0.9843478472552248
STAD,ENSG00000110195,FOLR1,10.0383,4.4367195821929375,-1.0157498941705614,0.1897704674310828,0.2793747438622883
STAD,ENSG00000042980,ADAM28,26.7073,4.421749028038444,-0.24216596718493716,0.672775346740802,0.7497772821372386
THCA,ENSG00000042832,TG,7302.16,13.368150768632736,-2.0544111047963196,2.7125540070941816e-13,2.667220912729046e-12
THCA,ENSG00000009765,IYD,383.348,11.574910349055267,-2.46357222172771,6.799308075895683e-14,7.523961978742941e-13
THCA,ENSG00000136352,NKX2-1,352.63,11.418634757365684,0.579338837734178,6.650556112368985e-8,2.4347683666058095e-7
THCA,ENSG00000115705,TPO,1180,11.338117706534309,-5.224487731631335,1.3027750257811586e-19,6.825780390552669e-18
THCA,ENSG00000178919,FOXE1,164.487,10.323541225882552,-0.46233557437123146,7.504379829029942e-5,1.675646155519813e-4
THCA,ENSG00000147606,SLC26A7,357.058,10.052432790599592,-3.5367764562286212,6.832280416456324e-18,2.0958166166377563e-16
THCA,ENSG00000165409,TSHR,198.939,9.920740292641305,-0.543897986469542,1.1316350993575665e-8,4.675485462311174e-8
THCA,ENSG00000125618,PAX8,1192.66,9.891481349042055,-0.6543963731410924,1.686570356353624e-11,1.1588578830159203e-10
THCA,ENSG00000165215,CLDN3,239.173,9.263746708263309,0.35671303644780233,0.004035712603423186,0.006783626196402692
THCA,ENSG00000169550,MUC15,62.5231,8.919721731609169,-0.16323606667805368,0.3213506287044175,0.37258194360205277
THCA,ENSG00000211452,DIO1,124.365,8.88291407638519,-3.6908917476210363,2.102393302821486e-11,1.4174369875691257e-10
THCA,ENSG00000178602,OTOS,45.583,8.835513585287368,-1.9818182395195405,1.4152788442896421e-9,6.844063470229767e-9
THCA,ENSG00000177494,ZBED2,75.6889,8.751530649449977,-0.25849381761555384,0.052882366114836626,0.07256540316809354
THCA,ENSG00000166589,CDH16,53.5018,8.67032242002645,-4.927351432832452,2.274331759272049e-19,1.0716730876184748e-17
THCA,ENSG00000167183,PRR15L,109.898,8.283207228317506,-1.470796246364523,8.0857005912322e-11,4.869056949988652e-10
THCA,ENSG00000166415,WDR72,37.3728,8.2437732128048,-2.450750418162458,4.480717611952236e-21,4.003642035509521e-19
THCA,ENSG00000153822,KCNJ16,132.076,8.201880961974389,0.10627617671391706,0.3568578180037849,0.40909207324519836
THCA,ENSG00000101670,LIPG,95.4019,8.190975434683201,-1.3382005070746972,1.1701355274267044e-11,8.269674580770151e-11
THCA,ENSG00000160180,TFF3,1102.43,8.17083696956615,-5.7881475644394715,2.411732270604879e-22,3.532941681306494e-20
THCA,ENSG00000091137,SLC26A4,136.511,8.01728045574515,-3.640377044906829,1.2946028416066957e-15,2.1444598147045064e-14
THCA,ENSG00000140279,DUOX2,124.816,7.864866242359088,-0.34101970156537836,0.08355230893348531,0.11009089032452259
THCA,ENSG00000081479,LRP2,27.3617,7.803704760282699,-2.2605833874713968,2.2296536927393743e-14,2.76097542377514e-13
THCA,ENSG00000135480,KRT7,419.791,7.751118459302659,-0.23955185517647215,0.21854537761100953,0.2639015399246049
THCA,ENSG00000256870,SLC5A8,26.679,7.733876815910724,-3.746410276038818,1.8091775922202648e-12,1.505946280281066e-11
THCA,ENSG00000140254,DUOXA1,121.508,7.690862343040406,0.132053592901111,0.10809314304654262,0.13921517597872302
THCA,ENSG00000163395,IGFN1,71.6327,7.558166076365984,-1.4019099058029894,0.0023120572366376454,0.004049438026332254
THCA,ENSG00000052344,PRSS8,93.0931,7.493594177923296,0.12720043615286247,0.2661247338813739,0.3150310603815901
THCA,ENSG00000129354,AP1M2,75.4076,7.475068692853872,0.5805717817176298,2.235474384905272e-7,7.486579378623658e-7
THCA,ENSG00000156284,CLDN8,16.6837,7.390916985601616,-1.0265874634325356,5.956145755210546e-7,1.8628851516732595e-6
THCA,ENSG00000253313,C1orf210,33.289,7.210197611252055,-0.15685074284912456,0.0730327503639705,0.097349875972624
THCA,ENSG00000122145,TBX22,14.1944,7.1593062546411685,-4.222285675465861,4.2840755257932277e-16,8.082618750768877e-15
THCA,ENSG00000140274,DUOXA2,25.5401,7.070029434154489,-0.3525989472817508,0.06558815239358187,0.08830656956629937
THCA,ENSG00000157765,SLC34A2,24.0875,7.064178875147079,4.801567402181753,9.73175179537756e-19,3.810246239302916e-17
THCA,ENSG00000166426,CRABP1,273.438,7.059122255971215,-3.306158731696553,7.594463063037524e-14,8.326841527466907e-13
THCA,ENSG00000113924,HGD,52.2556,7.049894568198205,-2.8544738337599247,2.462468169127315e-15,3.8176234380120665e-14
THCA,ENSG00000039068,CDH1,130.134,6.917324671100482,-0.12913226045159998,0.12051481582811154,0.15380584626578284
THCA,ENSG00000115112,TFCP2L1,87.165,6.8832086986766505,-3.688245357844903,1.7765397199945836e-20,1.2880810212243558e-18
THCA,ENSG00000205358,MT1H,77.4225,6.8135056729633945,-2.9273171378228393,1.0496509816717965e-7,3.715795534986103e-7
THCA,ENSG00000132698,RAB25,64.6791,6.807592706799695,0.6342212350315701,2.5453873525428212e-8,9.944189268805716e-8
THCA,ENSG00000168878,SFTPB,37.5643,6.774410503377584,4.335858708430426,1.8914431123566385e-14,2.377719555253231e-13
THCA,ENSG00000198203,SULT1C2,34.4308,6.773571889905941,-0.6231110704732304,4.7112482994581075e-7,1.498110172482736e-6
THCA,ENSG00000103067,ESRP2,57.5828,6.770089820103457,0.169000812861136,0.06002927836170193,0.0814331913973094
THCA,ENSG00000184012,TMPRSS2,19.3142,6.765211688759192,0.26106230724042956,0.17018320176939775,0.21041080937602408
THCA,ENSG00000160182,TFF1,14.1812,6.7257740111936535,-4.439701231986649,5.806394035745922e-17,1.3923707034048184e-15
THCA,ENSG00000272398,CD24,897.169,6.706522826083526,-0.8106863645079933,1.1583868723318885e-10,6.76191458628216e-10
THCA,ENSG00000176769,TCERG1L,24.454,6.693825813815975,1.4005235616809133,6.933950577297833e-9,2.9761947724044556e-8
THCA,ENSG00000100253,MIOX,13.0255,6.665358463764941,-2.051431176467899,7.652107442516587e-14,8.385775148455582e-13
THCA,ENSG00000137857,DUOX1,149.006,6.602548084193344,-0.06573175369159029,0.5533824489003367,0.6022407466831683
THCA,ENSG00000189143,CLDN4,88.7052,6.600109086310694,0.6199796735326052,2.130863593806904e-6,6.081750930711591e-6
THCA,ENSG00000127249,ATP13A4,60.9455,6.586724431976599,0.5896362674341817,4.368318129620792e-5,1.0105474563465809e-4
THCA,ENSG00000153292,ADGRF1,10.4178,6.564873194804773,0.5110505799055194,0.0070712139678738625,0.011389044247135062
THCA,ENSG00000146197,SCUBE3,64.1243,6.550837764952521,-1.825211772882781,6.088959600660999e-15,8.57551707263793e-14
THCA,ENSG00000119888,EPCAM,260.149,6.5104804231314235,0.16266932050647515,0.01774325664985804,0.02668365728738341
THCA,ENSG00000083307,GRHL2,16.1205,6.4910158548664985,-0.23228065207733084,0.013151674184930604,0.020229153707021115
THCA,ENSG00000169583,CLIC3,212.72,6.4895649841934695,-0.29260193889895586,0.03749519427793856,0.05303609521683715
THCA,ENSG00000104413,ESRP1,24.4377,6.459488533358175,0.23187494491272287,0.017683440601763478,0.02660670835092054
THCA,ENSG00000205038,PKHD1L1,70.7478,6.445869664060551,-4.405739151586045,6.90184921066648e-16,1.2202333407429556e-14
THCA,ENSG00000189334,S100A14,130.031,6.384070081896637,0.6099224262547566,6.817752008916625e-5,1.5326596905732397e-4
THCA,ENSG00000196188,CTSE,10.9264,6.348353931454997,0.3501248844579873,0.1822879322318402,0.22397514165699228
THCA,ENSG00000109182,CWH43,10.0504,6.344277430894782,-3.5801702972896203,4.3172371294467145e-17,1.0649184919301896e-15
THCA,ENSG00000275395,FCGBP,184.106,6.312186763655184,-1.9152343585791614,9.60071067416642e-18,2.8359630131344265e-16
THCA,ENSG00000185133,INPP5J,357.192,6.3117980269641745,-0.8959934710940021,3.9411824133130276e-7,1.2661408636175255e-6
THCA,ENSG00000158014,SLC30A2,13.6966,6.28546940593354,1.521728534414218,6.497920035314147e-8,2.382533799428824e-7
THCA,ENSG00000064218,DMRT3,9.01655,6.239491887946881,-0.2838883868541808,0.2603511683693291,0.30904592137506937
THCA,ENSG00000198829,SUCNR1,15.9986,6.207840459388994,-1.9354536400894535,3.9783790407926056e-15,5.86783659345397e-14
THCA,ENSG00000157111,TMEM171,34.0144,6.163740772688077,-2.615494131927359,1.762883651726536e-20,1.282497856631055e-18
THCA,ENSG00000110195,FOLR1,32.6551,6.128623375198418,-0.9860981240944421,8.00381156167923e-8,2.886519480308165e-7
THCA,ENSG00000130701,RBBP8NL,8.11242,6.1067458873376745,-0.4241507346221087,0.012786457296898665,0.01970963288700185
THCA,ENSG00000109205,ODAM,6.53034,6.051010947689327,-4.54457192577439,1.362497990081548e-15,2.2448379279583825e-14
THCA,ENSG00000128165,ADM2,17.2955,6.0383129760913805,-1.6144318827557533,2.4858623443109965e-12,2.0056410536677782e-11
THCA,ENSG00000131746,TNS4,16.7156,6.01948776190021,-0.43056469277362297,0.12119015006409728,0.1545669682231859
THCA,ENSG00000165061,ZMAT4,13.8682,6.0084867851854815,-4.144671088840878,2.0230074922452363e-12,1.6618724836873127e-11
THCA,ENSG00000127377,CRYGN,18.0397,6.002039062028872,0.5341126709010026,0.0043148222323945535,0.007216728695330821
THCA,ENSG00000165105,RASEF,20.0376,6.00027971692082,-0.41446721571651046,8.19689092799282e-5,1.8172742638051828e-4
THCA,ENSG00000186510,CLCNKA,44.8618,5.995499683333994,-2.3976283919109878,4.812825775885857e-10,2.526557539198587e-9
THCA,ENSG00000188883,KLRG2,8.7222,5.931981094588046,-0.5081450866653875,0.009298741404478443,0.01466201196485603
THCA,ENSG00000131037,EPS8L1,61.5898,5.87929725642822,0.7100152020497249,1.577750194149387e-8,6.362410614384438e-8
THCA,ENSG00000165905,LARGE2,35.1823,5.871051979222422,-0.2369256319312594,0.001314238425863215,0.0023959372047526644
THCA,ENSG00000125798,FOXA2,5.72303,5.863698146382014,-3.056531908744394,6.016975121446327e-14,6.727390564134227e-13
THCA,ENSG00000100558,PLEK2,37.5623,5.812562136611457,0.06064415465530416,0.3381562060668394,0.39005065838787933
THCA,ENSG00000136883,KIF12,80.0835,5.811146584553285,-1.1105898459394972,2.974403796386355e-11,1.9468331717745828e-10
THCA,ENSG00000157551,KCNJ15,19.7345,5.7995918607684285,0.19082374955833023,0.10500421816908742,0.13556932873992017
THCA,ENSG00000157734,SNX22,129.823,5.7935964125272434,1.314305607872068,3.405581735877487e-10,1.8356895394339377e-9
THCA,ENSG00000111319,SCNN1A,128.563,5.763802619425404,0.14521860942832437,0.5380841372292212,0.5878496175279818
THCA,ENSG00000182348,ZNF804B,5.2243,5.73451995770716,-5.592942361630149,1.2671296748543591e-17,3.618882018344001e-16
THCA,ENSG00000125850,OVOL2,9.66802,5.725916456310043,0.2892908255624256,0.007037992958316354,0.011338930148465088
THCA,ENSG00000260220,CCDC187,7.02168,5.719506271531496,0.18712974280481628,0.037489121386233185,0.05303403823889334
THCA,ENSG00000133475,GGT2,6.60107,5.717791391543732,1.7863766002904196,3.428927558267198e-14,4.086249365784496e-13
THCA,ENSG00000197705,KLHL14,18.2369,5.7129152088463995,-0.24348427467317005,0.0011652020267113746,0.002138173024559245
THCA,ENSG00000050767,COL23A1,123.488,5.707850564750192,-2.6601474562269307,2.885700503922872e-16,5.753766171432882e-15
THCA,ENSG00000184925,LCN12,151.562,5.681960551778445,1.1592964918793152,7.758786054658988e-10,3.920011972447718e-9
THCA,ENSG00000010282,HHATL,38.1147,5.609463624326966,0.06364091184023354,0.837203802846035,0.8598028753570449
THCA,ENSG00000164694,FNDC1,31.5274,5.59647749227633,-0.8455584950071289,1.920775254193655e-6,5.52155577677295e-6
THCA,ENSG00000175707,KDF1,23.1982,5.591179573682528,0.27026677983431324,1.4746735225840046e-4,3.1326447307215106e-4
THCA,ENSG00000162069,BICDL2,16.5116,5.571060267677734,1.5359287727979256,1.4609549055602902e-17,4.0608914168836893e-16
THCA,ENSG00000125144,MT1G,568.509,5.567401019180343,-3.8582098420995727,1.1108617209827478e-12,9.653469047474775e-12
THCA,ENSG00000184908,CLCNKB,22.7818,5.555425671829934,-2.623264059158777,5.195095344507785e-22,6.94852069246153e-20
THCA,ENSG00000088836,SLC4A11,102.97,5.553976322739125,-0.17265239371885882,0.3700242487016816,0.4223301092670807
THCA,ENSG00000145103,ILDR1,6.24338,5.540528734102713,0.13991782443343376,0.042589604933975976,0.059557409744024854
THCA,ENSG00000186838,SELENOV,6.21276,5.516260103901795,-2.1861297662051618,1.7709693955084115e-7,6.044706762225097e-7
THCA,ENSG00000164761,TNFRSF11B,59.1761,5.515457629077725,-2.5640198158793246,1.738528282103811e-17,4.744926239141123e-16
THCA,ENSG00000175229,GAL3ST3,37.3403,5.5126369127253865,-0.2341412813509013,0.07933213900991987,0.10503155742020377
THCA,ENSG00000005001,PRSS22,14.2968,5.460282848144072,1.6867419828008066,1.852611271326005e-16,3.832289252327973e-15
THCA,ENSG00000180730,SHISA2,19.2635,5.458781179744833,-0.48405556123158777,0.003768431861393297,0.006369155615983302
THCA,ENSG00000161509,GRIN2C,39.1164,5.424115469315831,-2.8969469427303363,8.070069131744598e-13,7.204803225041413e-12
THCA,ENSG00000101230,ISM1,92.3223,5.396145340405864,-1.5476823666562811,7.087702991399728e-10,3.607340964708148e-9
THCA,ENSG00000101115,SALL4,11.8983,5.389591956909633,-0.9937273318427681,9.863554948500483e-7,2.9756485326563377e-6
THCA,ENSG00000181885,CLDN7,90.2514,5.36346445092464,0.7598507004414631,2.2827783406608586e-8,8.976871582869051e-8
THCA,ENSG00000185156,MFSD6L,7.74142,5.355424815482813,-0.0623394979653445,0.5759178208040102,0.6239278740853025
THCA,ENSG00000167751,KLK2,6.25749,5.35286509019642,-3.3040791421442477,3.9463276134754204e-14,4.633599718025065e-13
THCA,ENSG00000105289,TJP3,18.2371,5.335278097826741,0.21177003201212521,0.03891044808461379,0.054811119843924463
THCA,ENSG00000130768,SMPDL3B,14.3112,5.319825330712514,0.7689414665189724,6.121530203272884e-12,4.5597036111130505e-11
THCA,ENSG00000053918,KCNQ1,84.1487,5.285935309341736,-0.8596907118830058,3.0798740902508746e-13,2.9979959902228706e-12
THCA,ENSG00000104941,RSPH6A,4.46884,5.246938897372102,-0.7903693049630491,2.766326713872883e-4,5.622470925581751e-4
THCA,ENSG00000117472,TSPAN1,108.635,5.244403728790486,-0.8021402048365902,8.478538509709446e-4,0.001593583383678827
THCA,ENSG00000198729,PPP1R14C,89.2558,5.232062334539365,-0.43597503285286127,0.0010860907492543511,0.0020061655682315316
THCA,ENSG00000160181,TFF2,6.29927,5.198208649892431,-5.0675230630348915,2.6980308745512638e-17,7.02532005472635e-16
THCA,ENSG00000188626,GOLGA8M,16.9263,5.180303948389609,-1.9948697625795124,1.0119022259707863e-9,5.0127220000126325e-9
THCA,ENSG00000168743,NPNT,277.363,5.156919299616925,0.023417349559923323,0.8088183062380845,0.8357530425398709
THCA,ENSG00000133477,FAM83F,9.77636,5.153700516048946,-0.4132407210649571,8.304352314464994e-4,0.0015628904277197096
THCA,ENSG00000054690,PLEKHH1,270.04,5.152170677637153,-1.2846811839803787,2.656285479396834e-12,2.1287732643856642e-11
THCA,ENSG00000175315,CST6,30.0178,5.1505342160669185,3.0930980379327733,1.300328610598313e-15,2.1522887241063852e-14
THCA,ENSG00000163331,DAPL1,21.5195,5.14858206302718,1.3413088366762767,1.5216386300429182e-8,6.151110617485301e-8
THCA,ENSG00000211448,DIO2,85.1058,5.137732596512614,-1.9947450219676044,8.707218477580476e-20,4.844993351323462e-18
THCA,ENSG00000241484,ARHGAP8,36.1173,5.129446148106312,-0.5824261846692924,1.096223581241691e-5,2.7853780057178257e-5
THCA,ENSG00000153446,C16orf89,238.464,5.112760456955454,-1.3517372162082735,2.213294886017801e-10,1.233465115825759e-9
THCA,ENSG00000076864,RAP1GAP,337.501,5.080980744305155,-2.01745359167834,1.6713892328087607e-17,4.584929393541892e-16
THCA,ENSG00000184363,PKP3,23.3134,5.077657819061642,0.5235275308911644,2.685141717676554e-6,7.531827764549552e-6
THCA,ENSG00000205517,RGL3,248.068,5.076993352113376,0.895941560744939,7.8067034213558335e-14,8.546494736933224e-13
THCA,ENSG00000130545,CRB3,20.1512,5.074814296436551,0.511570141164038,1.1291489002529964e-7,3.9763029301795625e-7
THCA,ENSG00000167749,KLK4,6.16638,5.070628416275533,-2.171377132285334,1.0186810788539226e-6,3.066724220891985e-6
THCA,ENSG00000019102,VSIG2,85.7281,5.059015840514302,0.005598879284996567,0.9604437009431808,0.9666835548544266
THCA,ENSG00000137077,CCL21,766.644,5.0506396205552635,-5.603549535090567,3.377140531907795e-16,6.593231569728237e-15
THCA,ENSG00000185974,GRK1,4.20758,5.031828608301261,-0.7975731825707244,8.531614853944461e-8,3.061486323360107e-7
THCA,ENSG00000197444,OGDHL,47.0654,5.03123570704808,-2.188040453190166,2.3284669886859856e-16,4.699269740802626e-15
THCA,ENSG00000124839,RAB17,63.5747,5.027480980423526,-0.41840451614995483,3.294775795175047e-4,6.610425973474281e-4
THCA,ENSG00000166828,SCNN1G,10.2099,5.023467405531227,-0.5241528846419101,4.135575644376544e-4,8.175478373818461e-4
THCA,ENSG00000154319,FAM167A,38.805,5.018975510068345,-2.855353614436147,9.077317554018793e-17,2.0750632293868437e-15
THCA,ENSG00000168907,PLA2G4F,5.55783,4.974446138896901,-2.0070089771205812,2.9940420122139627e-12,2.3747219407372182e-11
THCA,ENSG00000058404,CAMK2B,26.8371,4.955929387269888,0.1560197257491968,0.11036443010318846,0.14190277273955457
THCA,ENSG00000167608,TMC4,85.6591,4.930413495906309,0.2917101002410595,0.002098257430335605,0.003702685856334255
THCA,ENSG00000137747,TMPRSS13,9.42422,4.9123632029892175,-0.5096197740861826,0.00535125555505058,0.00880791386703808
THCA,ENSG00000182795,C1orf116,7.67414,4.895782200137679,1.4123969103709466,4.106822441153674e-9,1.8309795951926133e-8
THCA,ENSG00000149435,GGTLC1,2.87043,4.892599885833869,-0.6291383736685954,2.719529810523409e-4,5.535194228715603e-4
THCA,ENSG00000105641,SLC5A5,4.41284,4.8915441079240445,-5.871808751078223,3.9246098081231174e-19,1.7212331488416134e-17
THCA,ENSG00000152804,HHEX,151.429,4.885957228394077,-0.2643044113522405,0.011995352787395998,0.018573950307311814
THCA,ENSG00000181541,MAB21L2,7.5258,4.8804719764933235,-1.3381765412638522,2.6288569068821036e-6,7.383566536167891e-6
THCA,ENSG00000140263,SORD,104.483,4.880317786495692,-1.2980194346948084,4.404311841913102e-15,6.443101304603038e-14
THCA,ENSG00000101443,WFDC2,182.769,4.856895254463731,0.2213348524217334,0.10745537519854792,0.13844467266798693
THCA,ENSG00000112232,KHDRBS2,6.40081,4.855019446098291,-2.710984573714626,8.741981583949678e-18,2.614580992066283e-16
THCA,ENSG00000134115,CNTN6,4.90923,4.828447651185173,0.16038676739431026,0.4611221284152568,0.5133608039297456
THCA,ENSG00000140505,CYP1A2,2.9889,4.825337188037766,-0.663882716955907,5.219779699950301e-4,0.0010160240084853094
THCA,ENSG00000147234,FRMPD3,9.05533,4.8229192166941335,-1.5908811172519228,4.1141406406358575e-12,3.1811096788313306e-11
THCA,ENSG00000186146,DEFB131A,2.70344,4.80912628806282,-1.108506675169475,4.0396170329301195e-7,1.296603267060921e-6
THCA,ENSG00000115221,ITGB6,5.76807,4.80761948642101,1.0590387597101638,7.526155993648758e-8,2.7293405720315317e-7
THCA,ENSG00000169031,COL4A3,42.587,4.786578111594592,-0.3774025727036219,0.008798572886797897,0.013945861073480488
THCA,ENSG00000221955,SLC12A8,39.629,4.782954298745337,-0.23478693359159303,0.029806120014439847,0.042978772491693296
THCA,ENSG00000250305,TRMT9B,59.6988,4.776343939299146,-1.5958312235449497,3.090534450717769e-19,1.4250871276607373e-17
THCA,ENSG00000105717,PBX4,57.602,4.751207080190226,-2.2346801559001146,7.141817661776913e-22,8.993678451970996e-20
THCA,ENSG00000100346,CACNA1I,10.8729,4.740930277971626,-0.8256959356761371,2.9967064992321095e-5,7.099909533993205e-5
THCA,ENSG00000136327,NKX2-8,2.56461,4.73585248631851,0.5595492591327953,4.30687131779024e-4,8.489945711945718e-4
THCA,ENSG00000124939,SCGB2A1,2.5586700000000002,4.732632812696368,-0.8737624195604843,6.578420558769805e-4,0.0012587498517198238
THCA,ENSG00000158428,CATIP,8.18875,4.7314556975527475,-0.40057851778500253,2.3277364409672296e-5,5.6081311836863197e-5
THCA,ENSG00000196711,ALKAL1,3.53321,4.730226404972895,0.20518173550209298,0.17500671633412038,0.21591581468654453
THCA,ENSG00000124780,KCNK17,11.2119,4.7180739374785565,-0.2532658950842245,0.3765566655957213,0.4288313097963014
THCA,ENSG00000126460,PRRG2,27.1793,4.705839748721401,0.03886568934524269,0.6266998263213903,0.6720124519472572
THCA,ENSG00000153404,PLEKHG4B,5.68848,4.699813525101966,-2.377383008865003,6.836947864726081e-12,5.045470710041516e-11
THCA,ENSG00000131398,KCNC3,63.4938,4.6992902180104075,0.10270233658761609,0.4421511303958955,0.4944322813493905
THCA,ENSG00000135824,RGS8,3.40667,4.666596967758351,-4.851574585262755,9.443965290238997e-20,5.187917055102208e-18
THCA,ENSG00000149418,ST14,67.6996,4.642885138811817,0.8710723523698647,3.439921367552777e-11,2.2231472607707535e-10
THCA,ENSG00000111249,CUX2,3.97331,4.6351523425908105,-4.436641073073105,1.0810408791096355e-11,7.677814739692246e-11
THCA,ENSG00000070985,TRPM5,3.61419,4.62513314392106,-1.537286041683874,1.4513291798562964e-10,8.327450721829332e-10
THCA,ENSG00000125851,PCSK2,32.4878,4.614334917325117,3.3807006790396863,5.054196747286827e-13,4.6973272661232e-12
THCA,ENSG00000167880,EVPL,25.0027,4.596137247714888,1.2892657625717752,3.1811018851495266e-15,4.8037761567187875e-14
THCA,ENSG00000173467,AGR3,2.66134,4.595827467753977,-3.6457603010900304,6.322683537236057e-16,1.1261593655156431e-14
THCA,ENSG00000168143,FAM83B,3.43914,4.591543754199106,-0.9618725470854432,2.1309004723794443e-6,6.081750930711591e-6
THCA,ENSG00000157502,PWWP3B,19.7043,4.58068918705118,-2.3672435669402767,2.6210362421075442e-11,1.7361240983557016e-10
THCA,ENSG00000166450,PRTG,12.2206,4.575453846004355,-1.7641429302422083,6.208279133568021e-19,2.5709439011971877e-17
THCA,ENSG00000185038,MROH2A,2.4173,4.573982618480027,-2.5663186701419316,1.817640175162037e-7,6.189288983545115e-7
THCA,ENSG00000181085,MAPK15,43.9671,4.570910995562981,0.30166113171897696,0.07768625250732832,0.10300448011161924
THCA,ENSG00000152939,MARVELD2,18.0975,4.569264549503768,-0.39145201517286915,3.948978860449525e-6,1.0776493572540879e-5
THCA,ENSG00000111344,RASAL1,26.8027,4.566526069628953,0.32786882380542154,0.0014200267044595883,0.0025752783437622347
THCA,ENSG00000035664,DAPK2,41.9729,4.562148043082396,1.5216015254171817,4.876975505367161e-12,3.7162346260642764e-11
THCA,ENSG00000188676,IDO2,2.77753,4.553254382143406,-2.190667869315911,3.1052953179071125e-14,3.7567095154950427e-13
THCA,ENSG00000144057,ST6GAL2,20.8126,4.53505641163235,0.12151289205014967,0.45481390372633945,0.5069863651953098
THCA,ENSG00000134020,PEBP4,76.3698,4.526306485074532,-0.5702707738264303,0.019891186749697896,0.029611947146076355
THCA,ENSG00000103449,SALL1,45.2957,4.526119686683108,-0.2753767316031004,0.037166180873923725,0.05261910183688846
THCA,ENSG00000119411,BSPRY,63.1427,4.512930663600562,-0.22017665290308863,0.034959290737319515,0.049769494032621875
THCA,ENSG00000010379,SLC6A13,7.30054,4.511807056510393,-0.2664309178242237,0.052772566130168466,0.072428581201214
THCA,ENSG00000145721,LIX1,3.42,4.5078871836516035,-1.5197200833316986,3.377833731663844e-6,9.314671734876323e-6
THCA,ENSG00000198417,MT1F,272.633,4.503968469682578,-2.7099464545143204,3.951646741010509e-15,5.836403355344328e-14
THCA,ENSG00000163623,NKX6-1,4.12013,4.50238803238642,-1.3787261774160544,1.3498275432884825e-5,3.378695200638084e-5
THCA,ENSG00000142273,CBLC,4.1436,4.480810416680439,-1.3825977800042502,4.922373081393074e-7,1.5592583397281326e-6
THCA,ENSG00000143365,RORC,25.315,4.479277670069852,-0.7495019731282004,6.861620475112041e-12,5.0584777579959843e-11
THCA,ENSG00000146038,DCDC2,6.8954,4.478829551269514,0.44715438876370817,3.719435252831119e-5,8.687019385516846e-5
THCA,ENSG00000130054,FAM155B,15.8943,4.477153943482736,-1.0034971980880718,7.181901425496935e-5,1.6086443238678074e-4
THCA,ENSG00000143469,SYT14,2.80372,4.466303308183202,0.07653564269501281,0.548451914363443,0.5975692282957494
THCA,ENSG00000187266,EPOR,191.852,4.454915691022509,1.10978484880527,7.296835089547053e-14,8.03734254825096e-13
THCA,ENSG00000074706,IPCEF1,26.6901,4.448622155018217,-3.6473063778701014,7.434447688125764e-21,6.069297874957903e-19
THCA,ENSG00000179178,TMEM125,81.9225,4.440714667374131,-0.036110501801134384,0.6744577474079666,0.7158094200435265
